[{"date":"2010-01","domestic":"4521","transborder":"29","international":"16"},{"date":"2010-02","domestic":"4524","transborder":"19","international":"26"},{"date":"2010-03","domestic":"4900","transborder":"58","international":"38"},{"date":"2010-04","domestic":"4146","transborder":"55","international":"45"},{"date":"2010-05","domestic":"4226","transborder":"53","international":"42"},{"date":"2010-06","domestic":"5674","transborder":"64","international":"74"},{"date":"2010-07","domestic":"4990","transborder":"110","international":"72"},{"date":"2010-08","domestic":"3817","transborder":"98","international":"2"},{"date":"2010-09","domestic":"3318","transborder":"71","international":"1"},{"date":"2010-10","domestic":"4491","transborder":"60","international":"0"},{"date":"2010-11","domestic":"3244","transborder":"55","international":"0"},{"date":"2010-12","domestic":"2987","transborder":"22","international":"0"},{"date":"2011-01","domestic":"2772","transborder":"33","international":"0"},{"date":"2011-02","domestic":"3026","transborder":"49","international":"0"},{"date":"2011-03","domestic":"3166","transborder":"46","international":"0"},{"date":"2011-04","domestic":"4813","transborder":"47","international":"0"},{"date":"2011-05","domestic":"4866","transborder":"51","international":"0"},{"date":"2011-06","domestic":"4418","transborder":"67","international":"0"},{"date":"2011-07","domestic":"5527","transborder":"138","international":"1"},{"date":"2011-08","domestic":"5667","transborder":"109","international":"0"},{"date":"2011-09","domestic":"5309","transborder":"96","international":"0"},{"date":"2011-10","domestic":"4699","transborder":"74","international":"0"},{"date":"2011-11","domestic":"3676","transborder":"56","international":"0"},{"date":"2011-12","domestic":"3094","transborder":"48","international":"0"},{"date":"2012-01","domestic":"3197","transborder":"48","international":"0"},{"date":"2012-02","domestic":"4466","transborder":"58","international":"0"},{"date":"2012-03","domestic":"3965","transborder":"68","international":"0"},{"date":"2012-04","domestic":"4178","transborder":"70","international":"0"},{"date":"2012-05","domestic":"5207","transborder":"68","international":"0"},{"date":"2012-06","domestic":"4328","transborder":"90","international":"0"},{"date":"2012-07","domestic":"5217","transborder":"140","international":"0"},{"date":"2012-08","domestic":"5802","transborder":"121","international":"0"},{"date":"2012-09","domestic":"5665","transborder":"128","international":"0"},{"date":"2012-10","domestic":"2987","transborder":"69","international":"0"},{"date":"2012-11","domestic":"4092","transborder":"51","international":"0"},{"date":"2012-12","domestic":"3723","transborder":"53","international":"0"},{"date":"2013-01","domestic":"3764","transborder":"66","international":"0"},{"date":"2013-02","domestic":"3888","transborder":"102","international":"0"},{"date":"2013-03","domestic":"4416","transborder":"80","international":"0"},{"date":"2013-04","domestic":"3581","transborder":"73","international":"0"},{"date":"2013-05","domestic":"5209","transborder":"73","international":"0"},{"date":"2013-06","domestic":"4989","transborder":"95","international":"0"},{"date":"2013-07","domestic":"5480","transborder":"149","international":"0"},{"date":"2013-08","domestic":"5812","transborder":"128","international":"0"},{"date":"2013-09","domestic":"5440","transborder":"102","international":"0"},{"date":"2013-10","domestic":"5743","transborder":"103","international":"0"},{"date":"2013-11","domestic":"3850","transborder":"62","international":"0"},{"date":"2013-12","domestic":"2069","transborder":"46","international":"0"},{"date":"2014-01","domestic":"4418","transborder":"65","international":"0"},{"date":"2014-02","domestic":"3771","transborder":"80","international":"0"},{"date":"2014-03","domestic":"3584","transborder":"50","international":"0"},{"date":"2014-04","domestic":"5123","transborder":"71","international":"0"},{"date":"2014-05","domestic":"5173","transborder":"75","international":"0"},{"date":"2014-06","domestic":"5173","transborder":"89","international":"0"},{"date":"2014-07","domestic":"6165","transborder":"144","international":"0"},{"date":"2014-08","domestic":"5368","transborder":"117","international":"0"},{"date":"2014-09","domestic":"4828","transborder":"94","international":"0"},{"date":"2014-10","domestic":"5778","transborder":"102","international":"0"},{"date":"2014-11","domestic":"3841","transborder":"67","international":"2"},{"date":"2014-12","domestic":"4562","transborder":"52","international":"0"},{"date":"2015-01","domestic":"4072","transborder":"44","international":"0"},{"date":"2015-02","domestic":"3749","transborder":"45","international":"0"},{"date":"2015-03","domestic":"4632","transborder":"61","international":"0"},{"date":"2015-04","domestic":"5345","transborder":"71","international":"0"},{"date":"2015-05","domestic":"5898","transborder":"69","international":"0"},{"date":"2015-06","domestic":"5274","transborder":"81","international":"0"},{"date":"2015-07","domestic":"5512","transborder":"148","international":"0"},{"date":"2015-08","domestic":"4870","transborder":"111","international":"0"},{"date":"2015-09","domestic":"4768","transborder":"93","international":"0"},{"date":"2015-10","domestic":"5497","transborder":"85","international":"0"},{"date":"2015-11","domestic":"4676","transborder":"51","international":"0"},{"date":"2015-12","domestic":"3746","transborder":"46","international":"0"},{"date":"2016-01","domestic":"4515","transborder":"56","international":"0"},{"date":"2016-02","domestic":"5004","transborder":"45","international":"0"},{"date":"2016-03","domestic":"4999","transborder":"81","international":"0"},{"date":"2016-04","domestic":"5684","transborder":"76","international":"0"},{"date":"2016-05","domestic":"5359","transborder":"68","international":"0"},{"date":"2016-06","domestic":"5660","transborder":"93","international":"0"},{"date":"2016-07","domestic":"5139","transborder":"111","international":"0"},{"date":"2016-08","domestic":"5542","transborder":"109","international":"0"},{"date":"2016-09","domestic":"5305","transborder":"95","international":"0"},{"date":"2016-10","domestic":"4360","transborder":"58","international":"0"},{"date":"2016-11","domestic":"4981","transborder":"46","international":"0"},{"date":"2016-12","domestic":"2600","transborder":"51","international":"0"},{"date":"2017-01","domestic":"4090","transborder":"36","international":"1"},{"date":"2017-02","domestic":"3363","transborder":"45","international":"0"},{"date":"2017-03","domestic":"5207","transborder":"63","international":"0"},{"date":"2017-04","domestic":"3958","transborder":"61","international":"0"},{"date":"2017-05","domestic":"6429","transborder":"71","international":"1"},{"date":"2017-06","domestic":"5569","transborder":"71","international":"0"},{"date":"2017-07","domestic":"5570","transborder":"113","international":"0"},{"date":"2017-08","domestic":"5879","transborder":"141","international":"1"},{"date":"2017-09","domestic":"4934","transborder":"71","international":"0"},{"date":"2017-10","domestic":"4211","transborder":"73","international":"0"},{"date":"2017-11","domestic":"3252","transborder":"42","international":"0"},{"date":"2017-12","domestic":"3559","transborder":"52","international":"0"},{"date":"2018-01","domestic":"4628","transborder":"38","international":"0"},{"date":"2018-02","domestic":"3321","transborder":"43","international":"0"},{"date":"2018-03","domestic":"4658","transborder":"64","international":"0"},{"date":"2018-04","domestic":"5090","transborder":"47","international":"0"},{"date":"2018-05","domestic":"5643","transborder":"72","international":"0"},{"date":"2018-06","domestic":"4906","transborder":"72","international":"0"},{"date":"2018-07","domestic":"5360","transborder":"134","international":"0"},{"date":"2018-08","domestic":"4272","transborder":"106","international":"0"},{"date":"2018-09","domestic":"3555","transborder":"79","international":"0"},{"date":"2018-10","domestic":"5377","transborder":"65","international":"0"},{"date":"2018-11","domestic":"5182","transborder":"53","international":"1"},{"date":"2018-12","domestic":"3879","transborder":"53","international":"0"},{"date":"2019-01","domestic":"4455","transborder":"42","international":"0"},{"date":"2019-02","domestic":"3176","transborder":"51","international":"1"}]