[{"date":"2010-01","domestic":"2518","transborder":"5","international":"2"},{"date":"2010-02","domestic":"3023","transborder":"1","international":"3"},{"date":"2010-03","domestic":"3340","transborder":"5","international":"1"},{"date":"2010-04","domestic":"3821","transborder":"10","international":"1"},{"date":"2010-05","domestic":"3885","transborder":"2","international":"1"},{"date":"2010-06","domestic":"3881","transborder":"3","international":"4"},{"date":"2010-07","domestic":"4941","transborder":"9","international":"7"},{"date":"2010-08","domestic":"3574","transborder":"11","international":"0"},{"date":"2010-09","domestic":"3850","transborder":"9","international":"0"},{"date":"2010-10","domestic":"4058","transborder":"8","international":"1"},{"date":"2010-11","domestic":"2828","transborder":"7","international":"0"},{"date":"2010-12","domestic":"2709","transborder":"7","international":"0"},{"date":"2011-01","domestic":"2124","transborder":"2","international":"0"},{"date":"2011-02","domestic":"2447","transborder":"4","international":"0"},{"date":"2011-03","domestic":"3032","transborder":"4","international":"0"},{"date":"2011-04","domestic":"3423","transborder":"4","international":"1"},{"date":"2011-05","domestic":"3313","transborder":"5","international":"1"},{"date":"2011-06","domestic":"3532","transborder":"10","international":"1"},{"date":"2011-07","domestic":"4037","transborder":"20","international":"4"},{"date":"2011-08","domestic":"3992","transborder":"5","international":"0"},{"date":"2011-09","domestic":"3726","transborder":"12","international":"0"},{"date":"2011-10","domestic":"3404","transborder":"6","international":"3"},{"date":"2011-11","domestic":"2745","transborder":"4","international":"0"},{"date":"2011-12","domestic":"2366","transborder":"5","international":"0"},{"date":"2012-01","domestic":"2315","transborder":"13","international":"0"},{"date":"2012-02","domestic":"2443","transborder":"7","international":"0"},{"date":"2012-03","domestic":"2606","transborder":"6","international":"1"},{"date":"2012-04","domestic":"2871","transborder":"8","international":"0"},{"date":"2012-05","domestic":"2945","transborder":"8","international":"0"},{"date":"2012-06","domestic":"3097","transborder":"10","international":"0"},{"date":"2012-07","domestic":"4246","transborder":"17","international":"0"},{"date":"2012-08","domestic":"3598","transborder":"5","international":"0"},{"date":"2012-09","domestic":"3090","transborder":"5","international":"0"},{"date":"2012-10","domestic":"2355","transborder":"2","international":"0"},{"date":"2012-11","domestic":"2275","transborder":"4","international":"0"},{"date":"2012-12","domestic":"1943","transborder":"2","international":"0"},{"date":"2013-01","domestic":"1883","transborder":"6","international":"0"},{"date":"2013-02","domestic":"2376","transborder":"4","international":"0"},{"date":"2013-03","domestic":"3361","transborder":"7","international":"0"},{"date":"2013-04","domestic":"3037","transborder":"5","international":"0"},{"date":"2013-05","domestic":"3121","transborder":"8","international":"0"},{"date":"2013-06","domestic":"3733","transborder":"4","international":"0"},{"date":"2013-07","domestic":"4879","transborder":"16","international":"0"},{"date":"2013-08","domestic":"3893","transborder":"6","international":"0"},{"date":"2013-09","domestic":"3055","transborder":"10","international":"0"},{"date":"2013-10","domestic":"3186","transborder":"8","international":"0"},{"date":"2013-11","domestic":"2362","transborder":"5","international":"0"},{"date":"2013-12","domestic":"1882","transborder":"2","international":"0"},{"date":"2014-01","domestic":"1510","transborder":"5","international":"0"},{"date":"2014-02","domestic":"1956","transborder":"4","international":"0"},{"date":"2014-03","domestic":"2712","transborder":"11","international":"0"},{"date":"2014-04","domestic":"3033","transborder":"10","international":"0"},{"date":"2014-05","domestic":"3611","transborder":"9","international":"0"},{"date":"2014-06","domestic":"3023","transborder":"9","international":"0"},{"date":"2014-07","domestic":"4843","transborder":"16","international":"0"},{"date":"2014-08","domestic":"3477","transborder":"5","international":"0"},{"date":"2014-09","domestic":"3039","transborder":"6","international":"0"},{"date":"2014-10","domestic":"3096","transborder":"7","international":"0"},{"date":"2014-11","domestic":"2532","transborder":"11","international":"0"},{"date":"2014-12","domestic":"1816","transborder":"5","international":"0"},{"date":"2015-01","domestic":"1822","transborder":"5","international":"0"},{"date":"2015-02","domestic":"2195","transborder":"5","international":"0"},{"date":"2015-03","domestic":"3330","transborder":"18","international":"0"},{"date":"2015-04","domestic":"2991","transborder":"13","international":"0"},{"date":"2015-05","domestic":"3443","transborder":"14","international":"0"},{"date":"2015-06","domestic":"3530","transborder":"11","international":"0"},{"date":"2015-07","domestic":"4029","transborder":"23","international":"0"},{"date":"2015-08","domestic":"3649","transborder":"16","international":"0"},{"date":"2015-09","domestic":"3583","transborder":"2","international":"0"},{"date":"2015-10","domestic":"3446","transborder":"7","international":"0"},{"date":"2015-11","domestic":"2392","transborder":"3","international":"0"},{"date":"2015-12","domestic":"1771","transborder":"6","international":"0"},{"date":"2016-01","domestic":"2239","transborder":"3","international":"0"},{"date":"2016-02","domestic":"2606","transborder":"3","international":"0"},{"date":"2016-03","domestic":"3266","transborder":"9","international":"0"},{"date":"2016-04","domestic":"3223","transborder":"10","international":"0"},{"date":"2016-05","domestic":"3278","transborder":"7","international":"0"},{"date":"2016-06","domestic":"3670","transborder":"6","international":"0"},{"date":"2016-07","domestic":"3978","transborder":"13","international":"0"},{"date":"2016-08","domestic":"4467","transborder":"8","international":"0"},{"date":"2016-09","domestic":"3498","transborder":"9","international":"0"},{"date":"2016-10","domestic":"2813","transborder":"5","international":"0"},{"date":"2016-11","domestic":"2784","transborder":"5","international":"0"},{"date":"2016-12","domestic":"2491","transborder":"5","international":"0"},{"date":"2017-01","domestic":"2290","transborder":"4","international":"0"},{"date":"2017-02","domestic":"2830","transborder":"8","international":"0"},{"date":"2017-03","domestic":"2837","transborder":"2","international":"0"},{"date":"2017-04","domestic":"3238","transborder":"10","international":"0"},{"date":"2017-05","domestic":"3618","transborder":"2","international":"0"},{"date":"2017-06","domestic":"3814","transborder":"5","international":"0"},{"date":"2017-07","domestic":"4392","transborder":"20","international":"0"},{"date":"2017-08","domestic":"3938","transborder":"11","international":"0"},{"date":"2017-09","domestic":"3442","transborder":"9","international":"0"},{"date":"2017-10","domestic":"3405","transborder":"15","international":"0"},{"date":"2017-11","domestic":"3045","transborder":"4","international":"0"},{"date":"2017-12","domestic":"2455","transborder":"4","international":"0"},{"date":"2018-01","domestic":"2421","transborder":"1","international":"0"},{"date":"2018-02","domestic":"2895","transborder":"5","international":"0"},{"date":"2018-03","domestic":"3167","transborder":"9","international":"0"},{"date":"2018-04","domestic":"3628","transborder":"6","international":"0"},{"date":"2018-05","domestic":"3656","transborder":"4","international":"0"},{"date":"2018-06","domestic":"4140","transborder":"8","international":"1"},{"date":"2018-07","domestic":"4509","transborder":"20","international":"0"},{"date":"2018-08","domestic":"4607","transborder":"11","international":"0"},{"date":"2018-09","domestic":"3741","transborder":"11","international":"0"},{"date":"2018-10","domestic":"3725","transborder":"4","international":"0"},{"date":"2018-11","domestic":"3332","transborder":"3","international":"0"},{"date":"2018-12","domestic":"2860","transborder":"5","international":"0"},{"date":"2019-01","domestic":"2789","transborder":"4","international":"0"},{"date":"2019-02","domestic":"3044","transborder":"3","international":"0"}]