[{"date":"2010-01","domestic":36095,"transborder":4847,"international":1197},{"date":"2010-02","domestic":35286,"transborder":4606,"international":1190},{"date":"2010-03","domestic":41584,"transborder":5172,"international":1392},{"date":"2010-04","domestic":37242,"transborder":5069,"international":1244},{"date":"2010-05","domestic":41317,"transborder":4835,"international":1363},{"date":"2010-06","domestic":45463,"transborder":4649,"international":1372},{"date":"2010-07","domestic":42695,"transborder":4935,"international":1386},{"date":"2010-08","domestic":40875,"transborder":4847,"international":780},{"date":"2010-09","domestic":40728,"transborder":4640,"international":694},{"date":"2010-10","domestic":40568,"transborder":4830,"international":655},{"date":"2010-11","domestic":34800,"transborder":4590,"international":868},{"date":"2010-12","domestic":32943,"transborder":4758,"international":920},{"date":"2011-01","domestic":32427,"transborder":4682,"international":1058},{"date":"2011-02","domestic":32472,"transborder":4414,"international":930},{"date":"2011-03","domestic":35723,"transborder":5021,"international":1040},{"date":"2011-04","domestic":38314,"transborder":4757,"international":997},{"date":"2011-05","domestic":43553,"transborder":4860,"international":783},{"date":"2011-06","domestic":44688,"transborder":4830,"international":649},{"date":"2011-07","domestic":43710,"transborder":5174,"international":711},{"date":"2011-08","domestic":44755,"transborder":4984,"international":669},{"date":"2011-09","domestic":43774,"transborder":4795,"international":645},{"date":"2011-10","domestic":42448,"transborder":5043,"international":640},{"date":"2011-11","domestic":36241,"transborder":4620,"international":821},{"date":"2011-12","domestic":34420,"transborder":4910,"international":972},{"date":"2012-01","domestic":35384,"transborder":4891,"international":1071},{"date":"2012-02","domestic":37172,"transborder":4664,"international":969},{"date":"2012-03","domestic":38409,"transborder":5137,"international":1030},{"date":"2012-04","domestic":37608,"transborder":4900,"international":947},{"date":"2012-05","domestic":44946,"transborder":4985,"international":685},{"date":"2012-06","domestic":44402,"transborder":4818,"international":650},{"date":"2012-07","domestic":46913,"transborder":5094,"international":686},{"date":"2012-08","domestic":48011,"transborder":4919,"international":699},{"date":"2012-09","domestic":46376,"transborder":4773,"international":636},{"date":"2012-10","domestic":40290,"transborder":5011,"international":595},{"date":"2012-11","domestic":37599,"transborder":4613,"international":849},{"date":"2012-12","domestic":35682,"transborder":4748,"international":1016},{"date":"2013-01","domestic":38074,"transborder":4772,"international":1054},{"date":"2013-02","domestic":36162,"transborder":4680,"international":961},{"date":"2013-03","domestic":38876,"transborder":5146,"international":1104},{"date":"2013-04","domestic":38578,"transborder":5119,"international":969},{"date":"2013-05","domestic":46408,"transborder":5092,"international":733},{"date":"2013-06","domestic":45059,"transborder":5047,"international":671},{"date":"2013-07","domestic":47469,"transborder":5199,"international":694},{"date":"2013-08","domestic":47485,"transborder":5251,"international":715},{"date":"2013-09","domestic":46094,"transborder":5211,"international":634},{"date":"2013-10","domestic":45203,"transborder":5484,"international":639},{"date":"2013-11","domestic":37402,"transborder":4955,"international":923},{"date":"2013-12","domestic":32937,"transborder":4989,"international":1080},{"date":"2014-01","domestic":37531,"transborder":5110,"international":1124},{"date":"2014-02","domestic":34361,"transborder":4821,"international":1009},{"date":"2014-03","domestic":36934,"transborder":5398,"international":1171},{"date":"2014-04","domestic":39422,"transborder":5306,"international":1043},{"date":"2014-05","domestic":43945,"transborder":5255,"international":801},{"date":"2014-06","domestic":44079,"transborder":4902,"international":721},{"date":"2014-07","domestic":46867,"transborder":5172,"international":763},{"date":"2014-08","domestic":45330,"transborder":5069,"international":812},{"date":"2014-09","domestic":43453,"transborder":5053,"international":656},{"date":"2014-10","domestic":43047,"transborder":5514,"international":701},{"date":"2014-11","domestic":35014,"transborder":4996,"international":1026},{"date":"2014-12","domestic":36919,"transborder":5156,"international":1172},{"date":"2015-01","domestic":35650,"transborder":4948,"international":1318},{"date":"2015-02","domestic":32563,"transborder":4505,"international":1138},{"date":"2015-03","domestic":37866,"transborder":5007,"international":1275},{"date":"2015-04","domestic":37959,"transborder":4881,"international":1245},{"date":"2015-05","domestic":43563,"transborder":4796,"international":858},{"date":"2015-06","domestic":44514,"transborder":4883,"international":789},{"date":"2015-07","domestic":45066,"transborder":5177,"international":852},{"date":"2015-08","domestic":43066,"transborder":5058,"international":847},{"date":"2015-09","domestic":41457,"transborder":4868,"international":766},{"date":"2015-10","domestic":41000,"transborder":5096,"international":810},{"date":"2015-11","domestic":34504,"transborder":4557,"international":1078},{"date":"2015-12","domestic":33559,"transborder":4820,"international":1276},{"date":"2016-01","domestic":33212,"transborder":4627,"international":1443},{"date":"2016-02","domestic":32795,"transborder":4347,"international":1283},{"date":"2016-03","domestic":34780,"transborder":4693,"international":1319},{"date":"2016-04","domestic":35074,"transborder":4367,"international":1252},{"date":"2016-05","domestic":35941,"transborder":4403,"international":828},{"date":"2016-06","domestic":38128,"transborder":4479,"international":779},{"date":"2016-07","domestic":39668,"transborder":4632,"international":823},{"date":"2016-08","domestic":40400,"transborder":4600,"international":782},{"date":"2016-09","domestic":36872,"transborder":4460,"international":748},{"date":"2016-10","domestic":33881,"transborder":4634,"international":792},{"date":"2016-11","domestic":32816,"transborder":4321,"international":1125},{"date":"2016-12","domestic":30111,"transborder":4343,"international":1281},{"date":"2017-01","domestic":31693,"transborder":4286,"international":1357},{"date":"2017-02","domestic":28678,"transborder":4056,"international":1219},{"date":"2017-03","domestic":34749,"transborder":4731,"international":1331},{"date":"2017-04","domestic":31861,"transborder":4455,"international":1333},{"date":"2017-05","domestic":41258,"transborder":4430,"international":764},{"date":"2017-06","domestic":39905,"transborder":4411,"international":773},{"date":"2017-07","domestic":40458,"transborder":4687,"international":823},{"date":"2017-08","domestic":42177,"transborder":4571,"international":841},{"date":"2017-09","domestic":37782,"transborder":4465,"international":753},{"date":"2017-10","domestic":36214,"transborder":4618,"international":741},{"date":"2017-11","domestic":31772,"transborder":4372,"international":1268},{"date":"2017-12","domestic":31515,"transborder":4478,"international":1481},{"date":"2018-01","domestic":33347,"transborder":4423,"international":1476},{"date":"2018-02","domestic":29133,"transborder":4090,"international":1327},{"date":"2018-03","domestic":33463,"transborder":4776,"international":1501},{"date":"2018-04","domestic":34038,"transborder":4486,"international":1326},{"date":"2018-05","domestic":41436,"transborder":4359,"international":862},{"date":"2018-06","domestic":40319,"transborder":4621,"international":790},{"date":"2018-07","domestic":42563,"transborder":4730,"international":804},{"date":"2018-08","domestic":41455,"transborder":4713,"international":803},{"date":"2018-09","domestic":37780,"transborder":4590,"international":748},{"date":"2018-10","domestic":39628,"transborder":4657,"international":749},{"date":"2018-11","domestic":34678,"transborder":4614,"international":1118},{"date":"2018-12","domestic":32731,"transborder":4837,"international":1394},{"date":"2019-01","domestic":33646,"transborder":4750,"international":1521},{"date":"2019-02","domestic":28847,"transborder":4469,"international":1381}]