[{"date":"2010-01","domestic":44611,"transborder":5262,"international":1670},{"date":"2010-02","domestic":37752,"transborder":5638,"international":2286},{"date":"2010-03","domestic":48356,"transborder":5649,"international":1821},{"date":"2010-04","domestic":51009,"transborder":5364,"international":1537},{"date":"2010-05","domestic":56268,"transborder":5706,"international":1587},{"date":"2010-06","domestic":58362,"transborder":6214,"international":1682},{"date":"2010-07","domestic":65517,"transborder":6981,"international":1867},{"date":"2010-08","domestic":61947,"transborder":6820,"international":1593},{"date":"2010-09","domestic":52321,"transborder":5810,"international":1457},{"date":"2010-10","domestic":53286,"transborder":5811,"international":1383},{"date":"2010-11","domestic":38250,"transborder":5134,"international":1483},{"date":"2010-12","domestic":38077,"transborder":5423,"international":1651},{"date":"2011-01","domestic":36748,"transborder":5402,"international":1799},{"date":"2011-02","domestic":38188,"transborder":4999,"international":1574},{"date":"2011-03","domestic":44265,"transborder":5656,"international":1749},{"date":"2011-04","domestic":48136,"transborder":5475,"international":1601},{"date":"2011-05","domestic":54292,"transborder":5935,"international":1511},{"date":"2011-06","domestic":56800,"transborder":6233,"international":1508},{"date":"2011-07","domestic":60578,"transborder":6866,"international":1699},{"date":"2011-08","domestic":65709,"transborder":6806,"international":1684},{"date":"2011-09","domestic":56659,"transborder":6039,"international":1569},{"date":"2011-10","domestic":49110,"transborder":5629,"international":1465},{"date":"2011-11","domestic":41846,"transborder":5128,"international":1444},{"date":"2011-12","domestic":38932,"transborder":5459,"international":1690},{"date":"2012-01","domestic":35567,"transborder":5357,"international":1816},{"date":"2012-02","domestic":40313,"transborder":5196,"international":1572},{"date":"2012-03","domestic":43985,"transborder":5666,"international":1739},{"date":"2012-04","domestic":48567,"transborder":5390,"international":1553},{"date":"2012-05","domestic":56487,"transborder":5930,"international":1504},{"date":"2012-06","domestic":52821,"transborder":6055,"international":1589},{"date":"2012-07","domestic":62980,"transborder":6625,"international":1773},{"date":"2012-08","domestic":64750,"transborder":6746,"international":1775},{"date":"2012-09","domestic":59113,"transborder":6021,"international":1606},{"date":"2012-10","domestic":45001,"transborder":5382,"international":1488},{"date":"2012-11","domestic":41425,"transborder":4843,"international":1509},{"date":"2012-12","domestic":33158,"transborder":5142,"international":1700},{"date":"2013-01","domestic":36645,"transborder":5319,"international":1735},{"date":"2013-02","domestic":36254,"transborder":4873,"international":1552},{"date":"2013-03","domestic":47615,"transborder":5520,"international":1773},{"date":"2013-04","domestic":47144,"transborder":5280,"international":1591},{"date":"2013-05","domestic":53992,"transborder":5809,"international":1552},{"date":"2013-06","domestic":55975,"transborder":6248,"international":1683},{"date":"2013-07","domestic":67643,"transborder":6921,"international":1888},{"date":"2013-08","domestic":61884,"transborder":6840,"international":1912},{"date":"2013-09","domestic":50020,"transborder":5639,"international":1712},{"date":"2013-10","domestic":46808,"transborder":5346,"international":1541},{"date":"2013-11","domestic":42551,"transborder":5022,"international":1642},{"date":"2013-12","domestic":34702,"transborder":5427,"international":1806},{"date":"2014-01","domestic":37197,"transborder":5338,"international":1859},{"date":"2014-02","domestic":36835,"transborder":5004,"international":1630},{"date":"2014-03","domestic":44803,"transborder":5773,"international":1842},{"date":"2014-04","domestic":50137,"transborder":5469,"international":1809},{"date":"2014-05","domestic":57818,"transborder":5898,"international":1763},{"date":"2014-06","domestic":57510,"transborder":6602,"international":1799},{"date":"2014-07","domestic":66517,"transborder":7241,"international":2059},{"date":"2014-08","domestic":63752,"transborder":7222,"international":2023},{"date":"2014-09","domestic":56045,"transborder":6059,"international":1773},{"date":"2014-10","domestic":46781,"transborder":5929,"international":1622},{"date":"2014-11","domestic":42446,"transborder":5348,"international":1688},{"date":"2014-12","domestic":40366,"transborder":5858,"international":1867},{"date":"2015-01","domestic":37424,"transborder":5833,"international":1941},{"date":"2015-02","domestic":40669,"transborder":5430,"international":1693},{"date":"2015-03","domestic":48634,"transborder":6385,"international":1945},{"date":"2015-04","domestic":52029,"transborder":5768,"international":1835},{"date":"2015-05","domestic":61282,"transborder":6436,"international":1838},{"date":"2015-06","domestic":62740,"transborder":6671,"international":1902},{"date":"2015-07","domestic":65557,"transborder":7290,"international":2138},{"date":"2015-08","domestic":62773,"transborder":7160,"international":2127},{"date":"2015-09","domestic":57657,"transborder":5964,"international":1814},{"date":"2015-10","domestic":50840,"transborder":5407,"international":1709},{"date":"2015-11","domestic":44971,"transborder":5103,"international":1729},{"date":"2015-12","domestic":37104,"transborder":5477,"international":2015},{"date":"2016-01","domestic":38439,"transborder":5524,"international":2062},{"date":"2016-02","domestic":43768,"transborder":5719,"international":1935},{"date":"2016-03","domestic":50125,"transborder":5999,"international":2025},{"date":"2016-04","domestic":55661,"transborder":5843,"international":1919},{"date":"2016-05","domestic":60376,"transborder":6518,"international":1925},{"date":"2016-06","domestic":60052,"transborder":6705,"international":2156},{"date":"2016-07","domestic":67425,"transborder":7490,"international":2410},{"date":"2016-08","domestic":68419,"transborder":7503,"international":2391},{"date":"2016-09","domestic":60361,"transborder":6442,"international":2181},{"date":"2016-10","domestic":48780,"transborder":5819,"international":2032},{"date":"2016-11","domestic":43758,"transborder":5375,"international":1947},{"date":"2016-12","domestic":37654,"transborder":5899,"international":2264},{"date":"2017-01","domestic":45114,"transborder":5958,"international":2444},{"date":"2017-02","domestic":37594,"transborder":5453,"international":2083},{"date":"2017-03","domestic":47096,"transborder":6387,"international":2342},{"date":"2017-04","domestic":53155,"transborder":6234,"international":2297},{"date":"2017-05","domestic":62859,"transborder":6767,"international":2256},{"date":"2017-06","domestic":66876,"transborder":7208,"international":2506},{"date":"2017-07","domestic":74675,"transborder":7912,"international":2804},{"date":"2017-08","domestic":69732,"transborder":8283,"international":2796},{"date":"2017-09","domestic":61761,"transborder":6757,"international":2616},{"date":"2017-10","domestic":56675,"transborder":6437,"international":2396},{"date":"2017-11","domestic":42250,"transborder":5888,"international":2423},{"date":"2017-12","domestic":40042,"transborder":6114,"international":2831},{"date":"2018-01","domestic":38198,"transborder":6243,"international":2821},{"date":"2018-02","domestic":39748,"transborder":5686,"international":2535},{"date":"2018-03","domestic":53458,"transborder":6642,"international":2879},{"date":"2018-04","domestic":52204,"transborder":6363,"international":2666},{"date":"2018-05","domestic":69247,"transborder":6809,"international":2695},{"date":"2018-06","domestic":65154,"transborder":7753,"international":2942},{"date":"2018-07","domestic":75356,"transborder":8424,"international":3163},{"date":"2018-08","domestic":64468,"transborder":8391,"international":3150},{"date":"2018-09","domestic":61226,"transborder":7236,"international":2918},{"date":"2018-10","domestic":59316,"transborder":6717,"international":2652},{"date":"2018-11","domestic":48215,"transborder":6241,"international":2459},{"date":"2018-12","domestic":42534,"transborder":6757,"international":2846},{"date":"2019-01","domestic":46726,"transborder":6783,"international":2916},{"date":"2019-02","domestic":38048,"transborder":6044,"international":2578}]