[{"date":"2010-01","domestic":"2943","transborder":"2","international":"6"},{"date":"2010-02","domestic":"3416","transborder":"2","international":"63"},{"date":"2010-03","domestic":"4186","transborder":"6","international":"11"},{"date":"2010-04","domestic":"4035","transborder":"0","international":"5"},{"date":"2010-05","domestic":"4328","transborder":"4","international":"2"},{"date":"2010-06","domestic":"4762","transborder":"7","international":"3"},{"date":"2010-07","domestic":"5010","transborder":"15","international":"9"},{"date":"2010-08","domestic":"4751","transborder":"15","international":"2"},{"date":"2010-09","domestic":"4078","transborder":"6","international":"1"},{"date":"2010-10","domestic":"3846","transborder":"4","international":"1"},{"date":"2010-11","domestic":"2723","transborder":"0","international":"0"},{"date":"2010-12","domestic":"2539","transborder":"4","international":"0"},{"date":"2011-01","domestic":"2197","transborder":"1","international":"0"},{"date":"2011-02","domestic":"2980","transborder":"5","international":"0"},{"date":"2011-03","domestic":"3580","transborder":"3","international":"0"},{"date":"2011-04","domestic":"4088","transborder":"1","international":"1"},{"date":"2011-05","domestic":"4834","transborder":"0","international":"0"},{"date":"2011-06","domestic":"5896","transborder":"4","international":"0"},{"date":"2011-07","domestic":"5881","transborder":"9","international":"1"},{"date":"2011-08","domestic":"6656","transborder":"10","international":"1"},{"date":"2011-09","domestic":"5672","transborder":"7","international":"0"},{"date":"2011-10","domestic":"4564","transborder":"2","international":"0"},{"date":"2011-11","domestic":"3506","transborder":"6","international":"0"},{"date":"2011-12","domestic":"3026","transborder":"0","international":"1"},{"date":"2012-01","domestic":"2864","transborder":"4","international":"0"},{"date":"2012-02","domestic":"3406","transborder":"1","international":"0"},{"date":"2012-03","domestic":"4161","transborder":"0","international":"0"},{"date":"2012-04","domestic":"4690","transborder":"4","international":"0"},{"date":"2012-05","domestic":"5475","transborder":"0","international":"0"},{"date":"2012-06","domestic":"5394","transborder":"4","international":"0"},{"date":"2012-07","domestic":"5930","transborder":"9","international":"0"},{"date":"2012-08","domestic":"6491","transborder":"9","international":"0"},{"date":"2012-09","domestic":"5857","transborder":"2","international":"0"},{"date":"2012-10","domestic":"3953","transborder":"2","international":"1"},{"date":"2012-11","domestic":"3309","transborder":"2","international":"0"},{"date":"2012-12","domestic":"2541","transborder":"0","international":"0"},{"date":"2013-01","domestic":"2313","transborder":"0","international":"0"},{"date":"2013-02","domestic":"2979","transborder":"0","international":"0"},{"date":"2013-03","domestic":"4016","transborder":"1","international":"2"},{"date":"2013-04","domestic":"4466","transborder":"2","international":"0"},{"date":"2013-05","domestic":"5352","transborder":"2","international":"0"},{"date":"2013-06","domestic":"5753","transborder":"13","international":"0"},{"date":"2013-07","domestic":"6612","transborder":"6","international":"1"},{"date":"2013-08","domestic":"6180","transborder":"17","international":"2"},{"date":"2013-09","domestic":"5145","transborder":"15","international":"0"},{"date":"2013-10","domestic":"3673","transborder":"4","international":"0"},{"date":"2013-11","domestic":"3284","transborder":"6","international":"0"},{"date":"2013-12","domestic":"2393","transborder":"0","international":"0"},{"date":"2014-01","domestic":"2037","transborder":"2","international":"0"},{"date":"2014-02","domestic":"2685","transborder":"0","international":"0"},{"date":"2014-03","domestic":"3550","transborder":"17","international":"0"},{"date":"2014-04","domestic":"4344","transborder":"2","international":"0"},{"date":"2014-05","domestic":"5047","transborder":"4","international":"0"},{"date":"2014-06","domestic":"5362","transborder":"7","international":"0"},{"date":"2014-07","domestic":"5923","transborder":"8","international":"0"},{"date":"2014-08","domestic":"5762","transborder":"7","international":"0"},{"date":"2014-09","domestic":"5284","transborder":"2","international":"3"},{"date":"2014-10","domestic":"3798","transborder":"4","international":"0"},{"date":"2014-11","domestic":"3139","transborder":"3","international":"0"},{"date":"2014-12","domestic":"2760","transborder":"0","international":"0"},{"date":"2015-01","domestic":"1977","transborder":"2","international":"0"},{"date":"2015-02","domestic":"2971","transborder":"6","international":"1"},{"date":"2015-03","domestic":"3819","transborder":"9","international":"0"},{"date":"2015-04","domestic":"4515","transborder":"1","international":"0"},{"date":"2015-05","domestic":"5551","transborder":"8","international":"0"},{"date":"2015-06","domestic":"6446","transborder":"2","international":"0"},{"date":"2015-07","domestic":"6223","transborder":"6","international":"0"},{"date":"2015-08","domestic":"6142","transborder":"14","international":"0"},{"date":"2015-09","domestic":"5605","transborder":"11","international":"0"},{"date":"2015-10","domestic":"4116","transborder":"9","international":"1"},{"date":"2015-11","domestic":"3471","transborder":"1","international":"0"},{"date":"2015-12","domestic":"2711","transborder":"0","international":"0"},{"date":"2016-01","domestic":"2856","transborder":"1","international":"0"},{"date":"2016-02","domestic":"3341","transborder":"2","international":"1"},{"date":"2016-03","domestic":"4213","transborder":"0","international":"0"},{"date":"2016-04","domestic":"5077","transborder":"2","international":"0"},{"date":"2016-05","domestic":"5665","transborder":"2","international":"1"},{"date":"2016-06","domestic":"5997","transborder":"16","international":"0"},{"date":"2016-07","domestic":"6735","transborder":"11","international":"1"},{"date":"2016-08","domestic":"6961","transborder":"11","international":"0"},{"date":"2016-09","domestic":"6178","transborder":"13","international":"0"},{"date":"2016-10","domestic":"4219","transborder":"5","international":"0"},{"date":"2016-11","domestic":"3258","transborder":"3","international":"0"},{"date":"2016-12","domestic":"2487","transborder":"1","international":"0"},{"date":"2017-01","domestic":"3238","transborder":"0","international":"0"},{"date":"2017-02","domestic":"2926","transborder":"1","international":"0"},{"date":"2017-03","domestic":"4174","transborder":"5","international":"0"},{"date":"2017-04","domestic":"4643","transborder":"9","international":"0"},{"date":"2017-05","domestic":"5572","transborder":"14","international":"4"},{"date":"2017-06","domestic":"6257","transborder":"10","international":"0"},{"date":"2017-07","domestic":"7409","transborder":"7","international":"0"},{"date":"2017-08","domestic":"6814","transborder":"3","international":"4"},{"date":"2017-09","domestic":"6326","transborder":"11","international":"0"},{"date":"2017-10","domestic":"4963","transborder":"8","international":"0"},{"date":"2017-11","domestic":"3474","transborder":"6","international":"0"},{"date":"2017-12","domestic":"2324","transborder":"0","international":"0"},{"date":"2018-01","domestic":"2668","transborder":"0","international":"0"},{"date":"2018-02","domestic":"2983","transborder":"4","international":"0"},{"date":"2018-03","domestic":"4511","transborder":"4","international":"0"},{"date":"2018-04","domestic":"4795","transborder":"28","international":"0"},{"date":"2018-05","domestic":"6542","transborder":"107","international":"1"},{"date":"2018-06","domestic":"6776","transborder":"96","international":"2"},{"date":"2018-07","domestic":"7519","transborder":"106","international":"3"},{"date":"2018-08","domestic":"6508","transborder":"115","international":"0"},{"date":"2018-09","domestic":"5981","transborder":"136","international":"0"},{"date":"2018-10","domestic":"4956","transborder":"150","international":"0"},{"date":"2018-11","domestic":"3467","transborder":"83","international":"0"},{"date":"2018-12","domestic":"2941","transborder":"55","international":"0"},{"date":"2019-01","domestic":"3235","transborder":"66","international":"0"},{"date":"2019-02","domestic":"3084","transborder":"67","international":"0"}]