[{"date":"2010-01","domestic":"1194","transborder":"2","international":"3"},{"date":"2010-02","domestic":"1232","transborder":"0","international":"9"},{"date":"2010-03","domestic":"2072","transborder":"2","international":"12"},{"date":"2010-04","domestic":"2015","transborder":"2","international":"9"},{"date":"2010-05","domestic":"2673","transborder":"1","international":"16"},{"date":"2010-06","domestic":"2849","transborder":"0","international":"13"},{"date":"2010-07","domestic":"1314","transborder":"2","international":"12"},{"date":"2010-08","domestic":"1226","transborder":"0","international":"2"},{"date":"2010-09","domestic":"2573","transborder":"3","international":"3"},{"date":"2010-10","domestic":"2482","transborder":"2","international":"0"},{"date":"2010-11","domestic":"730","transborder":"2","international":"0"},{"date":"2010-12","domestic":"610","transborder":"0","international":"0"},{"date":"2011-01","domestic":"320","transborder":"4","international":"0"},{"date":"2011-02","domestic":"549","transborder":"3","international":"0"},{"date":"2011-03","domestic":"506","transborder":"0","international":"1"},{"date":"2011-04","domestic":"1730","transborder":"1","international":"0"},{"date":"2011-05","domestic":"1931","transborder":"3","international":"1"},{"date":"2011-06","domestic":"1499","transborder":"1","international":"0"},{"date":"2011-07","domestic":"1005","transborder":"3","international":"0"},{"date":"2011-08","domestic":"1334","transborder":"1","international":"1"},{"date":"2011-09","domestic":"1976","transborder":"3","international":"0"},{"date":"2011-10","domestic":"2201","transborder":"4","international":"0"},{"date":"2011-11","domestic":"625","transborder":"0","international":"0"},{"date":"2011-12","domestic":"565","transborder":"3","international":"0"},{"date":"2012-01","domestic":"456","transborder":"3","international":"0"},{"date":"2012-02","domestic":"655","transborder":"2","international":"0"},{"date":"2012-03","domestic":"844","transborder":"1","international":"1"},{"date":"2012-04","domestic":"1295","transborder":"1","international":"0"},{"date":"2012-05","domestic":"1955","transborder":"1","international":"0"},{"date":"2012-06","domestic":"1497","transborder":"1","international":"0"},{"date":"2012-07","domestic":"1059","transborder":"2","international":"0"},{"date":"2012-08","domestic":"1270","transborder":"5","international":"0"},{"date":"2012-09","domestic":"2201","transborder":"2","international":"0"},{"date":"2012-10","domestic":"1224","transborder":"2","international":"0"},{"date":"2012-11","domestic":"719","transborder":"0","international":"0"},{"date":"2012-12","domestic":"569","transborder":"2","international":"0"},{"date":"2013-01","domestic":"585","transborder":"2","international":"0"},{"date":"2013-02","domestic":"646","transborder":"1","international":"0"},{"date":"2013-03","domestic":"903","transborder":"1","international":"8"},{"date":"2013-04","domestic":"921","transborder":"3","international":"0"},{"date":"2013-05","domestic":"1764","transborder":"2","international":"0"},{"date":"2013-06","domestic":"1069","transborder":"2","international":"0"},{"date":"2013-07","domestic":"1145","transborder":"3","international":"0"},{"date":"2013-08","domestic":"1403","transborder":"3","international":"0"},{"date":"2013-09","domestic":"1892","transborder":"1","international":"0"},{"date":"2013-10","domestic":"1639","transborder":"2","international":"0"},{"date":"2013-11","domestic":"811","transborder":"3","international":"0"},{"date":"2013-12","domestic":"452","transborder":"3","international":"1"},{"date":"2014-01","domestic":"944","transborder":"0","international":"0"},{"date":"2014-02","domestic":"1107","transborder":"4","international":"0"},{"date":"2014-03","domestic":"1403","transborder":"6","international":"1"},{"date":"2014-04","domestic":"1621","transborder":"6","international":"2"},{"date":"2014-05","domestic":"2780","transborder":"3","international":"1"},{"date":"2014-06","domestic":"1933","transborder":"4","international":"0"},{"date":"2014-07","domestic":"2084","transborder":"5","international":"0"},{"date":"2014-08","domestic":"1902","transborder":"2","international":"0"},{"date":"2014-09","domestic":"2268","transborder":"4","international":"0"},{"date":"2014-10","domestic":"1996","transborder":"6","international":"1"},{"date":"2014-11","domestic":"950","transborder":"2","international":"0"},{"date":"2014-12","domestic":"1094","transborder":"2","international":"0"},{"date":"2015-01","domestic":"916","transborder":"0","international":"1"},{"date":"2015-02","domestic":"1040","transborder":"5","international":"0"},{"date":"2015-03","domestic":"1801","transborder":"5","international":"1"},{"date":"2015-04","domestic":"1849","transborder":"12","international":"0"},{"date":"2015-05","domestic":"2886","transborder":"4","international":"0"},{"date":"2015-06","domestic":"1985","transborder":"2","international":"1"},{"date":"2015-07","domestic":"1899","transborder":"7","international":"0"},{"date":"2015-08","domestic":"2206","transborder":"7","international":"0"},{"date":"2015-09","domestic":"2274","transborder":"8","international":"0"},{"date":"2015-10","domestic":"2722","transborder":"8","international":"0"},{"date":"2015-11","domestic":"1322","transborder":"13","international":"0"},{"date":"2015-12","domestic":"1118","transborder":"4","international":"0"},{"date":"2016-01","domestic":"1090","transborder":"4","international":"1"},{"date":"2016-02","domestic":"1324","transborder":"3","international":"0"},{"date":"2016-03","domestic":"1423","transborder":"13","international":"0"},{"date":"2016-04","domestic":"1918","transborder":"6","international":"0"},{"date":"2016-05","domestic":"2384","transborder":"7","international":"1"},{"date":"2016-06","domestic":"1714","transborder":"5","international":"1"},{"date":"2016-07","domestic":"1799","transborder":"7","international":"1"},{"date":"2016-08","domestic":"2459","transborder":"5","international":"0"},{"date":"2016-09","domestic":"2039","transborder":"6","international":"1"},{"date":"2016-10","domestic":"1390","transborder":"6","international":"1"},{"date":"2016-11","domestic":"1273","transborder":"8","international":"0"},{"date":"2016-12","domestic":"959","transborder":"5","international":"2"},{"date":"2017-01","domestic":"1068","transborder":"5","international":"0"},{"date":"2017-02","domestic":"1294","transborder":"5","international":"1"},{"date":"2017-03","domestic":"1407","transborder":"4","international":"1"},{"date":"2017-04","domestic":"1193","transborder":"6","international":"0"},{"date":"2017-05","domestic":"3050","transborder":"7","international":"2"},{"date":"2017-06","domestic":"2120","transborder":"4","international":"0"},{"date":"2017-07","domestic":"2199","transborder":"5","international":"0"},{"date":"2017-08","domestic":"2557","transborder":"12","international":"0"},{"date":"2017-09","domestic":"2768","transborder":"5","international":"1"},{"date":"2017-10","domestic":"2234","transborder":"5","international":"1"},{"date":"2017-11","domestic":"1371","transborder":"5","international":"1"},{"date":"2017-12","domestic":"1470","transborder":"3","international":"1"},{"date":"2018-01","domestic":"1572","transborder":"1","international":"0"},{"date":"2018-02","domestic":"1469","transborder":"2","international":"1"},{"date":"2018-03","domestic":"1551","transborder":"8","international":"0"},{"date":"2018-04","domestic":"2053","transborder":"4","international":"0"},{"date":"2018-05","domestic":"2946","transborder":"5","international":"1"},{"date":"2018-06","domestic":"2441","transborder":"11","international":"0"},{"date":"2018-07","domestic":"2380","transborder":"7","international":"0"},{"date":"2018-08","domestic":"2237","transborder":"13","international":"0"},{"date":"2018-09","domestic":"2762","transborder":"3","international":"0"},{"date":"2018-10","domestic":"3318","transborder":"5","international":"0"},{"date":"2018-11","domestic":"1954","transborder":"7","international":"0"},{"date":"2018-12","domestic":"1713","transborder":"4","international":"1"},{"date":"2019-01","domestic":"1623","transborder":"4","international":"1"},{"date":"2019-02","domestic":"1468","transborder":"3","international":"0"}]