[{"date":"2010-01","domestic":10769,"transborder":1072,"international":271},{"date":"2010-02","domestic":11288,"transborder":1065,"international":250},{"date":"2010-03","domestic":12513,"transborder":1175,"international":249},{"date":"2010-04","domestic":13021,"transborder":1241,"international":94},{"date":"2010-05","domestic":13368,"transborder":1148,"international":21},{"date":"2010-06","domestic":14046,"transborder":1247,"international":25},{"date":"2010-07","domestic":14960,"transborder":1237,"international":24},{"date":"2010-08","domestic":12961,"transborder":1216,"international":18},{"date":"2010-09","domestic":12860,"transborder":1158,"international":8},{"date":"2010-10","domestic":13158,"transborder":1263,"international":9},{"date":"2010-11","domestic":11059,"transborder":1167,"international":80},{"date":"2010-12","domestic":11256,"transborder":1167,"international":175},{"date":"2011-01","domestic":10155,"transborder":1183,"international":273},{"date":"2011-02","domestic":10202,"transborder":1106,"international":235},{"date":"2011-03","domestic":11876,"transborder":1306,"international":267},{"date":"2011-04","domestic":12143,"transborder":1191,"international":125},{"date":"2011-05","domestic":12941,"transborder":1166,"international":13},{"date":"2011-06","domestic":13730,"transborder":1215,"international":25},{"date":"2011-07","domestic":14104,"transborder":1213,"international":23},{"date":"2011-08","domestic":13951,"transborder":1178,"international":15},{"date":"2011-09","domestic":13196,"transborder":1183,"international":14},{"date":"2011-10","domestic":12758,"transborder":1176,"international":15},{"date":"2011-11","domestic":11362,"transborder":1134,"international":96},{"date":"2011-12","domestic":10712,"transborder":1097,"international":175},{"date":"2012-01","domestic":10451,"transborder":1132,"international":257},{"date":"2012-02","domestic":10245,"transborder":1146,"international":248},{"date":"2012-03","domestic":10860,"transborder":1224,"international":277},{"date":"2012-04","domestic":11363,"transborder":1204,"international":100},{"date":"2012-05","domestic":12418,"transborder":1174,"international":13},{"date":"2012-06","domestic":12479,"transborder":1147,"international":11},{"date":"2012-07","domestic":13677,"transborder":1168,"international":5},{"date":"2012-08","domestic":13181,"transborder":1106,"international":6},{"date":"2012-09","domestic":12014,"transborder":1042,"international":9},{"date":"2012-10","domestic":11398,"transborder":1163,"international":14},{"date":"2012-11","domestic":10467,"transborder":1034,"international":61},{"date":"2012-12","domestic":9647,"transborder":994,"international":166},{"date":"2013-01","domestic":9678,"transborder":988,"international":287},{"date":"2013-02","domestic":9545,"transborder":986,"international":266},{"date":"2013-03","domestic":11177,"transborder":1116,"international":297},{"date":"2013-04","domestic":10983,"transborder":1112,"international":109},{"date":"2013-05","domestic":12262,"transborder":1093,"international":12},{"date":"2013-06","domestic":12974,"transborder":1108,"international":7},{"date":"2013-07","domestic":14330,"transborder":1146,"international":1},{"date":"2013-08","domestic":13074,"transborder":1119,"international":5},{"date":"2013-09","domestic":11599,"transborder":1010,"international":9},{"date":"2013-10","domestic":12111,"transborder":1131,"international":6},{"date":"2013-11","domestic":10203,"transborder":1103,"international":56},{"date":"2013-12","domestic":9500,"transborder":1047,"international":181},{"date":"2014-01","domestic":9020,"transborder":1036,"international":308},{"date":"2014-02","domestic":9008,"transborder":1035,"international":290},{"date":"2014-03","domestic":10581,"transborder":1229,"international":326},{"date":"2014-04","domestic":10997,"transborder":1184,"international":138},{"date":"2014-05","domestic":12381,"transborder":1050,"international":14},{"date":"2014-06","domestic":12153,"transborder":1088,"international":14},{"date":"2014-07","domestic":14653,"transborder":1110,"international":6},{"date":"2014-08","domestic":12512,"transborder":1091,"international":5},{"date":"2014-09","domestic":11878,"transborder":1015,"international":5},{"date":"2014-10","domestic":12013,"transborder":1110,"international":21},{"date":"2014-11","domestic":10191,"transborder":958,"international":66},{"date":"2014-12","domestic":9400,"transborder":987,"international":205},{"date":"2015-01","domestic":9406,"transborder":1035,"international":320},{"date":"2015-02","domestic":9315,"transborder":991,"international":322},{"date":"2015-03","domestic":11087,"transborder":1094,"international":336},{"date":"2015-04","domestic":10919,"transborder":1002,"international":171},{"date":"2015-05","domestic":11858,"transborder":912,"international":16},{"date":"2015-06","domestic":12703,"transborder":956,"international":9},{"date":"2015-07","domestic":13069,"transborder":962,"international":7},{"date":"2015-08","domestic":12396,"transborder":960,"international":5},{"date":"2015-09","domestic":11959,"transborder":876,"international":8},{"date":"2015-10","domestic":11705,"transborder":935,"international":18},{"date":"2015-11","domestic":9733,"transborder":896,"international":59},{"date":"2015-12","domestic":9240,"transborder":919,"international":199},{"date":"2016-01","domestic":9323,"transborder":911,"international":322},{"date":"2016-02","domestic":9362,"transborder":895,"international":312},{"date":"2016-03","domestic":10766,"transborder":969,"international":305},{"date":"2016-04","domestic":10579,"transborder":946,"international":135},{"date":"2016-05","domestic":11268,"transborder":811,"international":20},{"date":"2016-06","domestic":12770,"transborder":984,"international":15},{"date":"2016-07","domestic":12832,"transborder":876,"international":11},{"date":"2016-08","domestic":13447,"transborder":923,"international":22},{"date":"2016-09","domestic":11838,"transborder":880,"international":20},{"date":"2016-10","domestic":11042,"transborder":964,"international":17},{"date":"2016-11","domestic":10447,"transborder":880,"international":58},{"date":"2016-12","domestic":9789,"transborder":840,"international":178},{"date":"2017-01","domestic":9443,"transborder":820,"international":316},{"date":"2017-02","domestic":9663,"transborder":817,"international":279},{"date":"2017-03","domestic":10570,"transborder":985,"international":281},{"date":"2017-04","domestic":10830,"transborder":903,"international":123},{"date":"2017-05","domestic":12287,"transborder":761,"international":11},{"date":"2017-06","domestic":13137,"transborder":940,"international":10},{"date":"2017-07","domestic":14007,"transborder":968,"international":15},{"date":"2017-08","domestic":13716,"transborder":1000,"international":20},{"date":"2017-09","domestic":12313,"transborder":893,"international":9},{"date":"2017-10","domestic":12024,"transborder":938,"international":19},{"date":"2017-11","domestic":10969,"transborder":921,"international":72},{"date":"2017-12","domestic":9917,"transborder":856,"international":182},{"date":"2018-01","domestic":10026,"transborder":854,"international":309},{"date":"2018-02","domestic":9833,"transborder":822,"international":286},{"date":"2018-03","domestic":10833,"transborder":895,"international":285},{"date":"2018-04","domestic":11133,"transborder":865,"international":85},{"date":"2018-05","domestic":12550,"transborder":796,"international":8},{"date":"2018-06","domestic":13352,"transborder":922,"international":7},{"date":"2018-07","domestic":13599,"transborder":907,"international":19},{"date":"2018-08","domestic":13929,"transborder":924,"international":13},{"date":"2018-09","domestic":11933,"transborder":876,"international":7},{"date":"2018-10","domestic":12056,"transborder":932,"international":9},{"date":"2018-11","domestic":10855,"transborder":876,"international":92},{"date":"2018-12","domestic":10136,"transborder":846,"international":213},{"date":"2019-01","domestic":10108,"transborder":895,"international":306},{"date":"2019-02","domestic":9731,"transborder":871,"international":299}]