[{"date":"2010-01","domestic":9840,"transborder":85,"international":11},{"date":"2010-02","domestic":6742,"transborder":82,"international":18},{"date":"2010-03","domestic":11829,"transborder":102,"international":60},{"date":"2010-04","domestic":9868,"transborder":97,"international":99},{"date":"2010-05","domestic":11846,"transborder":101,"international":29},{"date":"2010-06","domestic":9730,"transborder":111,"international":3},{"date":"2010-07","domestic":12011,"transborder":159,"international":4},{"date":"2010-08","domestic":12426,"transborder":146,"international":1},{"date":"2010-09","domestic":8768,"transborder":125,"international":1},{"date":"2010-10","domestic":9044,"transborder":105,"international":3},{"date":"2010-11","domestic":7644,"transborder":86,"international":9},{"date":"2010-12","domestic":5711,"transborder":104,"international":3},{"date":"2011-01","domestic":6660,"transborder":75,"international":14},{"date":"2011-02","domestic":5560,"transborder":80,"international":11},{"date":"2011-03","domestic":7294,"transborder":153,"international":46},{"date":"2011-04","domestic":5985,"transborder":105,"international":64},{"date":"2011-05","domestic":5680,"transborder":109,"international":25},{"date":"2011-06","domestic":7102,"transborder":119,"international":1},{"date":"2011-07","domestic":8404,"transborder":155,"international":2},{"date":"2011-08","domestic":7337,"transborder":164,"international":3},{"date":"2011-09","domestic":6932,"transborder":149,"international":1},{"date":"2011-10","domestic":6617,"transborder":126,"international":3},{"date":"2011-11","domestic":6480,"transborder":81,"international":3},{"date":"2011-12","domestic":5332,"transborder":121,"international":3},{"date":"2012-01","domestic":6155,"transborder":85,"international":10},{"date":"2012-02","domestic":5925,"transborder":70,"international":15},{"date":"2012-03","domestic":6817,"transborder":160,"international":51},{"date":"2012-04","domestic":6072,"transborder":100,"international":50},{"date":"2012-05","domestic":6170,"transborder":103,"international":24},{"date":"2012-06","domestic":6189,"transborder":151,"international":7},{"date":"2012-07","domestic":7819,"transborder":144,"international":4},{"date":"2012-08","domestic":6934,"transborder":148,"international":4},{"date":"2012-09","domestic":5765,"transborder":123,"international":2},{"date":"2012-10","domestic":5870,"transborder":118,"international":5},{"date":"2012-11","domestic":6282,"transborder":87,"international":11},{"date":"2012-12","domestic":4673,"transborder":88,"international":0},{"date":"2013-01","domestic":6378,"transborder":78,"international":14},{"date":"2013-02","domestic":5534,"transborder":68,"international":32},{"date":"2013-03","domestic":5497,"transborder":103,"international":86},{"date":"2013-04","domestic":6758,"transborder":99,"international":84},{"date":"2013-05","domestic":6317,"transborder":105,"international":30},{"date":"2013-06","domestic":6544,"transborder":111,"international":9},{"date":"2013-07","domestic":8268,"transborder":146,"international":11},{"date":"2013-08","domestic":7120,"transborder":163,"international":8},{"date":"2013-09","domestic":6667,"transborder":147,"international":13},{"date":"2013-10","domestic":8217,"transborder":127,"international":13},{"date":"2013-11","domestic":7110,"transborder":81,"international":32},{"date":"2013-12","domestic":4899,"transborder":87,"international":27},{"date":"2014-01","domestic":5860,"transborder":69,"international":30},{"date":"2014-02","domestic":6845,"transborder":71,"international":60},{"date":"2014-03","domestic":6961,"transborder":93,"international":89},{"date":"2014-04","domestic":7006,"transborder":101,"international":85},{"date":"2014-05","domestic":7739,"transborder":107,"international":37},{"date":"2014-06","domestic":8594,"transborder":136,"international":10},{"date":"2014-07","domestic":9081,"transborder":151,"international":7},{"date":"2014-08","domestic":9020,"transborder":155,"international":7},{"date":"2014-09","domestic":9972,"transborder":112,"international":5},{"date":"2014-10","domestic":8718,"transborder":45,"international":6},{"date":"2014-11","domestic":8439,"transborder":17,"international":17},{"date":"2014-12","domestic":7049,"transborder":24,"international":23},{"date":"2015-01","domestic":8469,"transborder":18,"international":21},{"date":"2015-02","domestic":8584,"transborder":48,"international":59},{"date":"2015-03","domestic":9870,"transborder":54,"international":78},{"date":"2015-04","domestic":8381,"transborder":56,"international":89},{"date":"2015-05","domestic":10126,"transborder":64,"international":41},{"date":"2015-06","domestic":9530,"transborder":60,"international":13},{"date":"2015-07","domestic":9710,"transborder":91,"international":19},{"date":"2015-08","domestic":9877,"transborder":85,"international":13},{"date":"2015-09","domestic":10060,"transborder":69,"international":14},{"date":"2015-10","domestic":9647,"transborder":51,"international":15},{"date":"2015-11","domestic":7668,"transborder":25,"international":21},{"date":"2015-12","domestic":5843,"transborder":17,"international":17},{"date":"2016-01","domestic":9326,"transborder":27,"international":25},{"date":"2016-02","domestic":7852,"transborder":39,"international":53},{"date":"2016-03","domestic":9045,"transborder":56,"international":109},{"date":"2016-04","domestic":11204,"transborder":72,"international":123},{"date":"2016-05","domestic":8782,"transborder":39,"international":51},{"date":"2016-06","domestic":9505,"transborder":66,"international":9},{"date":"2016-07","domestic":10109,"transborder":91,"international":5},{"date":"2016-08","domestic":11006,"transborder":78,"international":4},{"date":"2016-09","domestic":10547,"transborder":74,"international":17},{"date":"2016-10","domestic":9885,"transborder":54,"international":15},{"date":"2016-11","domestic":8392,"transborder":24,"international":16},{"date":"2016-12","domestic":7841,"transborder":32,"international":19},{"date":"2017-01","domestic":9222,"transborder":31,"international":20},{"date":"2017-02","domestic":8429,"transborder":31,"international":58},{"date":"2017-03","domestic":9083,"transborder":59,"international":116},{"date":"2017-04","domestic":9709,"transborder":71,"international":121},{"date":"2017-05","domestic":10392,"transborder":49,"international":48},{"date":"2017-06","domestic":10908,"transborder":75,"international":6},{"date":"2017-07","domestic":13031,"transborder":77,"international":2},{"date":"2017-08","domestic":11839,"transborder":83,"international":14},{"date":"2017-09","domestic":10521,"transborder":77,"international":6},{"date":"2017-10","domestic":11872,"transborder":48,"international":7},{"date":"2017-11","domestic":10285,"transborder":26,"international":4},{"date":"2017-12","domestic":7939,"transborder":19,"international":3},{"date":"2018-01","domestic":7768,"transborder":39,"international":5},{"date":"2018-02","domestic":7954,"transborder":29,"international":62},{"date":"2018-03","domestic":7424,"transborder":68,"international":124},{"date":"2018-04","domestic":9834,"transborder":51,"international":124},{"date":"2018-05","domestic":11022,"transborder":63,"international":55},{"date":"2018-06","domestic":11175,"transborder":77,"international":6},{"date":"2018-07","domestic":12192,"transborder":105,"international":5},{"date":"2018-08","domestic":11148,"transborder":88,"international":2},{"date":"2018-09","domestic":10564,"transborder":95,"international":10},{"date":"2018-10","domestic":9040,"transborder":63,"international":2},{"date":"2018-11","domestic":7656,"transborder":41,"international":3},{"date":"2018-12","domestic":9400,"transborder":34,"international":6},{"date":"2019-01","domestic":8028,"transborder":25,"international":6},{"date":"2019-02","domestic":7971,"transborder":25,"international":71}]