[{"date":"2010-01","domestic":3891,"transborder":371,"international":548},{"date":"2010-02","domestic":3343,"transborder":241,"international":345},{"date":"2010-03","domestic":4328,"transborder":387,"international":472},{"date":"2010-04","domestic":3849,"transborder":366,"international":474},{"date":"2010-05","domestic":4355,"transborder":436,"international":538},{"date":"2010-06","domestic":5348,"transborder":476,"international":572},{"date":"2010-07","domestic":6673,"transborder":497,"international":659},{"date":"2010-08","domestic":5425,"transborder":411,"international":501},{"date":"2010-09","domestic":4633,"transborder":447,"international":538},{"date":"2010-10","domestic":4769,"transborder":414,"international":496},{"date":"2010-11","domestic":4374,"transborder":406,"international":478},{"date":"2010-12","domestic":3986,"transborder":271,"international":342},{"date":"2011-01","domestic":3805,"transborder":291,"international":306},{"date":"2011-02","domestic":3622,"transborder":305,"international":325},{"date":"2011-03","domestic":4237,"transborder":363,"international":410},{"date":"2011-04","domestic":4411,"transborder":380,"international":442},{"date":"2011-05","domestic":4634,"transborder":500,"international":581},{"date":"2011-06","domestic":4603,"transborder":365,"international":476},{"date":"2011-07","domestic":5584,"transborder":421,"international":491},{"date":"2011-08","domestic":5324,"transborder":347,"international":413},{"date":"2011-09","domestic":4801,"transborder":523,"international":591},{"date":"2011-10","domestic":4323,"transborder":383,"international":406},{"date":"2011-11","domestic":4522,"transborder":433,"international":458},{"date":"2011-12","domestic":3960,"transborder":304,"international":342},{"date":"2012-01","domestic":3813,"transborder":278,"international":301},{"date":"2012-02","domestic":3703,"transborder":241,"international":268},{"date":"2012-03","domestic":3848,"transborder":316,"international":374},{"date":"2012-04","domestic":4184,"transborder":334,"international":388},{"date":"2012-05","domestic":4889,"transborder":405,"international":452},{"date":"2012-06","domestic":4823,"transborder":335,"international":430},{"date":"2012-07","domestic":5349,"transborder":404,"international":491},{"date":"2012-08","domestic":5121,"transborder":315,"international":400},{"date":"2012-09","domestic":4844,"transborder":383,"international":482},{"date":"2012-10","domestic":4411,"transborder":327,"international":405},{"date":"2012-11","domestic":4193,"transborder":293,"international":334},{"date":"2012-12","domestic":3860,"transborder":282,"international":276},{"date":"2013-01","domestic":3866,"transborder":250,"international":274},{"date":"2013-02","domestic":3600,"transborder":216,"international":224},{"date":"2013-03","domestic":4212,"transborder":230,"international":284},{"date":"2013-04","domestic":4637,"transborder":312,"international":411},{"date":"2013-05","domestic":4959,"transborder":356,"international":425},{"date":"2013-06","domestic":4773,"transborder":370,"international":460},{"date":"2013-07","domestic":5794,"transborder":401,"international":442},{"date":"2013-08","domestic":5459,"transborder":341,"international":406},{"date":"2013-09","domestic":4748,"transborder":389,"international":473},{"date":"2013-10","domestic":5083,"transborder":280,"international":341},{"date":"2013-11","domestic":4351,"transborder":307,"international":313},{"date":"2013-12","domestic":3911,"transborder":245,"international":260},{"date":"2014-01","domestic":3987,"transborder":229,"international":250},{"date":"2014-02","domestic":3859,"transborder":201,"international":235},{"date":"2014-03","domestic":4196,"transborder":301,"international":357},{"date":"2014-04","domestic":4243,"transborder":275,"international":379},{"date":"2014-05","domestic":4671,"transborder":315,"international":400},{"date":"2014-06","domestic":5141,"transborder":413,"international":507},{"date":"2014-07","domestic":5858,"transborder":416,"international":513},{"date":"2014-08","domestic":5369,"transborder":330,"international":460},{"date":"2014-09","domestic":5471,"transborder":457,"international":600},{"date":"2014-10","domestic":5271,"transborder":375,"international":474},{"date":"2014-11","domestic":4330,"transborder":305,"international":334},{"date":"2014-12","domestic":4091,"transborder":282,"international":340},{"date":"2015-01","domestic":3866,"transborder":268,"international":342},{"date":"2015-02","domestic":3610,"transborder":210,"international":249},{"date":"2015-03","domestic":4508,"transborder":286,"international":394},{"date":"2015-04","domestic":4464,"transborder":272,"international":444},{"date":"2015-05","domestic":5383,"transborder":337,"international":518},{"date":"2015-06","domestic":5498,"transborder":388,"international":522},{"date":"2015-07","domestic":5714,"transborder":365,"international":473},{"date":"2015-08","domestic":6144,"transborder":372,"international":483},{"date":"2015-09","domestic":5676,"transborder":379,"international":496},{"date":"2015-10","domestic":5313,"transborder":379,"international":497},{"date":"2015-11","domestic":4307,"transborder":262,"international":296},{"date":"2015-12","domestic":4081,"transborder":264,"international":325},{"date":"2016-01","domestic":4072,"transborder":270,"international":318},{"date":"2016-02","domestic":3799,"transborder":208,"international":266},{"date":"2016-03","domestic":4577,"transborder":241,"international":372},{"date":"2016-04","domestic":4420,"transborder":263,"international":409},{"date":"2016-05","domestic":5689,"transborder":370,"international":586},{"date":"2016-06","domestic":5625,"transborder":349,"international":588},{"date":"2016-07","domestic":6764,"transborder":392,"international":600},{"date":"2016-08","domestic":6634,"transborder":320,"international":518},{"date":"2016-09","domestic":5768,"transborder":350,"international":550},{"date":"2016-10","domestic":5530,"transborder":312,"international":487},{"date":"2016-11","domestic":4621,"transborder":161,"international":261},{"date":"2016-12","domestic":4315,"transborder":156,"international":245},{"date":"2017-01","domestic":4384,"transborder":179,"international":275},{"date":"2017-02","domestic":3712,"transborder":153,"international":215},{"date":"2017-03","domestic":4381,"transborder":186,"international":308},{"date":"2017-04","domestic":4502,"transborder":169,"international":295},{"date":"2017-05","domestic":5405,"transborder":242,"international":494},{"date":"2017-06","domestic":5760,"transborder":306,"international":548},{"date":"2017-07","domestic":6878,"transborder":365,"international":584},{"date":"2017-08","domestic":6300,"transborder":263,"international":501},{"date":"2017-09","domestic":5459,"transborder":281,"international":549},{"date":"2017-10","domestic":5541,"transborder":285,"international":498},{"date":"2017-11","domestic":4646,"transborder":200,"international":287},{"date":"2017-12","domestic":3881,"transborder":162,"international":258},{"date":"2018-01","domestic":3995,"transborder":174,"international":265},{"date":"2018-02","domestic":3900,"transborder":149,"international":237},{"date":"2018-03","domestic":4220,"transborder":155,"international":274},{"date":"2018-04","domestic":4635,"transborder":169,"international":296},{"date":"2018-05","domestic":5363,"transborder":253,"international":421},{"date":"2018-06","domestic":5766,"transborder":331,"international":493},{"date":"2018-07","domestic":6578,"transborder":305,"international":485},{"date":"2018-08","domestic":6395,"transborder":237,"international":413},{"date":"2018-09","domestic":5602,"transborder":343,"international":515},{"date":"2018-10","domestic":4926,"transborder":279,"international":455},{"date":"2018-11","domestic":3817,"transborder":145,"international":230},{"date":"2018-12","domestic":4247,"transborder":159,"international":254},{"date":"2019-01","domestic":3975,"transborder":147,"international":250},{"date":"2019-02","domestic":3782,"transborder":140,"international":215}]