[{"date":"2010-01","domestic":5196,"transborder":674,"international":211},{"date":"2010-02","domestic":4610,"transborder":645,"international":324},{"date":"2010-03","domestic":5622,"transborder":873,"international":486},{"date":"2010-04","domestic":5376,"transborder":884,"international":480},{"date":"2010-05","domestic":5906,"transborder":894,"international":362},{"date":"2010-06","domestic":6276,"transborder":1082,"international":206},{"date":"2010-07","domestic":6520,"transborder":1141,"international":212},{"date":"2010-08","domestic":6511,"transborder":1181,"international":203},{"date":"2010-09","domestic":5990,"transborder":1020,"international":190},{"date":"2010-10","domestic":5725,"transborder":1045,"international":162},{"date":"2010-11","domestic":5289,"transborder":913,"international":137},{"date":"2010-12","domestic":5535,"transborder":881,"international":167},{"date":"2011-01","domestic":5069,"transborder":812,"international":226},{"date":"2011-02","domestic":4746,"transborder":845,"international":322},{"date":"2011-03","domestic":5513,"transborder":1144,"international":488},{"date":"2011-04","domestic":5189,"transborder":1043,"international":498},{"date":"2011-05","domestic":5951,"transborder":1007,"international":300},{"date":"2011-06","domestic":6085,"transborder":996,"international":195},{"date":"2011-07","domestic":6305,"transborder":1202,"international":234},{"date":"2011-08","domestic":6371,"transborder":1133,"international":204},{"date":"2011-09","domestic":5850,"transborder":998,"international":188},{"date":"2011-10","domestic":5823,"transborder":975,"international":161},{"date":"2011-11","domestic":5449,"transborder":807,"international":168},{"date":"2011-12","domestic":5804,"transborder":854,"international":184},{"date":"2012-01","domestic":5328,"transborder":730,"international":175},{"date":"2012-02","domestic":5048,"transborder":827,"international":350},{"date":"2012-03","domestic":5344,"transborder":975,"international":544},{"date":"2012-04","domestic":5298,"transborder":824,"international":535},{"date":"2012-05","domestic":5905,"transborder":768,"international":296},{"date":"2012-06","domestic":5766,"transborder":840,"international":178},{"date":"2012-07","domestic":6362,"transborder":1027,"international":198},{"date":"2012-08","domestic":6395,"transborder":1109,"international":200},{"date":"2012-09","domestic":5642,"transborder":850,"international":186},{"date":"2012-10","domestic":5831,"transborder":803,"international":150},{"date":"2012-11","domestic":5426,"transborder":708,"international":112},{"date":"2012-12","domestic":5312,"transborder":725,"international":109},{"date":"2013-01","domestic":5184,"transborder":702,"international":150},{"date":"2013-02","domestic":4473,"transborder":679,"international":293},{"date":"2013-03","domestic":5278,"transborder":960,"international":513},{"date":"2013-04","domestic":5521,"transborder":942,"international":535},{"date":"2013-05","domestic":6065,"transborder":835,"international":252},{"date":"2013-06","domestic":5844,"transborder":817,"international":181},{"date":"2013-07","domestic":6271,"transborder":924,"international":205},{"date":"2013-08","domestic":6419,"transborder":978,"international":209},{"date":"2013-09","domestic":5820,"transborder":798,"international":172},{"date":"2013-10","domestic":6035,"transborder":756,"international":149},{"date":"2013-11","domestic":5290,"transborder":613,"international":119},{"date":"2013-12","domestic":5337,"transborder":661,"international":111},{"date":"2014-01","domestic":4894,"transborder":583,"international":165},{"date":"2014-02","domestic":4657,"transborder":592,"international":290},{"date":"2014-03","domestic":4903,"transborder":766,"international":493},{"date":"2014-04","domestic":5282,"transborder":786,"international":489},{"date":"2014-05","domestic":5832,"transborder":720,"international":303},{"date":"2014-06","domestic":5876,"transborder":831,"international":206},{"date":"2014-07","domestic":6198,"transborder":873,"international":205},{"date":"2014-08","domestic":6296,"transborder":984,"international":229},{"date":"2014-09","domestic":5830,"transborder":821,"international":196},{"date":"2014-10","domestic":5778,"transborder":744,"international":157},{"date":"2014-11","domestic":5079,"transborder":675,"international":121},{"date":"2014-12","domestic":5628,"transborder":654,"international":118},{"date":"2015-01","domestic":4875,"transborder":599,"international":165},{"date":"2015-02","domestic":4366,"transborder":605,"international":277},{"date":"2015-03","domestic":4878,"transborder":703,"international":449},{"date":"2015-04","domestic":5017,"transborder":710,"international":441},{"date":"2015-05","domestic":5768,"transborder":621,"international":293},{"date":"2015-06","domestic":5800,"transborder":657,"international":285},{"date":"2015-07","domestic":6396,"transborder":754,"international":324},{"date":"2015-08","domestic":6627,"transborder":798,"international":300},{"date":"2015-09","domestic":6305,"transborder":720,"international":260},{"date":"2015-10","domestic":6049,"transborder":724,"international":180},{"date":"2015-11","domestic":5286,"transborder":574,"international":152},{"date":"2015-12","domestic":5623,"transborder":580,"international":134},{"date":"2016-01","domestic":5085,"transborder":490,"international":159},{"date":"2016-02","domestic":4623,"transborder":542,"international":285},{"date":"2016-03","domestic":5385,"transborder":643,"international":447},{"date":"2016-04","domestic":5359,"transborder":697,"international":468},{"date":"2016-05","domestic":6136,"transborder":591,"international":306},{"date":"2016-06","domestic":6071,"transborder":669,"international":259},{"date":"2016-07","domestic":6489,"transborder":804,"international":274},{"date":"2016-08","domestic":6689,"transborder":855,"international":276},{"date":"2016-09","domestic":6339,"transborder":763,"international":258},{"date":"2016-10","domestic":6097,"transborder":658,"international":185},{"date":"2016-11","domestic":5355,"transborder":631,"international":140},{"date":"2016-12","domestic":5567,"transborder":603,"international":134},{"date":"2017-01","domestic":5180,"transborder":557,"international":193},{"date":"2017-02","domestic":4286,"transborder":533,"international":250},{"date":"2017-03","domestic":5277,"transborder":657,"international":428},{"date":"2017-04","domestic":5460,"transborder":623,"international":435},{"date":"2017-05","domestic":6198,"transborder":523,"international":320},{"date":"2017-06","domestic":6218,"transborder":520,"international":234},{"date":"2017-07","domestic":6656,"transborder":595,"international":283},{"date":"2017-08","domestic":6729,"transborder":665,"international":286},{"date":"2017-09","domestic":6080,"transborder":586,"international":216},{"date":"2017-10","domestic":6034,"transborder":483,"international":183},{"date":"2017-11","domestic":5512,"transborder":470,"international":106},{"date":"2017-12","domestic":5604,"transborder":473,"international":119},{"date":"2018-01","domestic":4917,"transborder":460,"international":141},{"date":"2018-02","domestic":4492,"transborder":463,"international":214},{"date":"2018-03","domestic":5054,"transborder":568,"international":355},{"date":"2018-04","domestic":5374,"transborder":605,"international":406},{"date":"2018-05","domestic":6374,"transborder":564,"international":359},{"date":"2018-06","domestic":6379,"transborder":561,"international":357},{"date":"2018-07","domestic":6627,"transborder":620,"international":413},{"date":"2018-08","domestic":6716,"transborder":621,"international":399},{"date":"2018-09","domestic":6188,"transborder":538,"international":395},{"date":"2018-10","domestic":6069,"transborder":540,"international":322},{"date":"2018-11","domestic":4755,"transborder":484,"international":131},{"date":"2018-12","domestic":5130,"transborder":530,"international":143},{"date":"2019-01","domestic":4636,"transborder":503,"international":174},{"date":"2019-02","domestic":4122,"transborder":486,"international":293}]