[{"date":"2010-01","domestic":1684,"transborder":9,"international":21},{"date":"2010-02","domestic":1881,"transborder":29,"international":54},{"date":"2010-03","domestic":2355,"transborder":23,"international":55},{"date":"2010-04","domestic":2519,"transborder":14,"international":57},{"date":"2010-05","domestic":2664,"transborder":54,"international":90},{"date":"2010-06","domestic":3071,"transborder":50,"international":92},{"date":"2010-07","domestic":3339,"transborder":60,"international":74},{"date":"2010-08","domestic":3585,"transborder":54,"international":61},{"date":"2010-09","domestic":2875,"transborder":39,"international":64},{"date":"2010-10","domestic":2467,"transborder":32,"international":61},{"date":"2010-11","domestic":2040,"transborder":30,"international":53},{"date":"2010-12","domestic":1991,"transborder":20,"international":34},{"date":"2011-01","domestic":1814,"transborder":21,"international":34},{"date":"2011-02","domestic":1958,"transborder":22,"international":43},{"date":"2011-03","domestic":2893,"transborder":24,"international":47},{"date":"2011-04","domestic":2769,"transborder":20,"international":51},{"date":"2011-05","domestic":2845,"transborder":17,"international":75},{"date":"2011-06","domestic":3600,"transborder":18,"international":70},{"date":"2011-07","domestic":4361,"transborder":23,"international":91},{"date":"2011-08","domestic":4445,"transborder":18,"international":69},{"date":"2011-09","domestic":3463,"transborder":25,"international":93},{"date":"2011-10","domestic":3188,"transborder":18,"international":58},{"date":"2011-11","domestic":2203,"transborder":12,"international":46},{"date":"2011-12","domestic":1946,"transborder":10,"international":42},{"date":"2012-01","domestic":1970,"transborder":8,"international":39},{"date":"2012-02","domestic":1918,"transborder":9,"international":39},{"date":"2012-03","domestic":2306,"transborder":11,"international":55},{"date":"2012-04","domestic":2465,"transborder":21,"international":46},{"date":"2012-05","domestic":2936,"transborder":13,"international":69},{"date":"2012-06","domestic":3191,"transborder":14,"international":63},{"date":"2012-07","domestic":3315,"transborder":13,"international":98},{"date":"2012-08","domestic":3768,"transborder":18,"international":97},{"date":"2012-09","domestic":2909,"transborder":21,"international":87},{"date":"2012-10","domestic":2669,"transborder":16,"international":68},{"date":"2012-11","domestic":2260,"transborder":11,"international":52},{"date":"2012-12","domestic":1856,"transborder":5,"international":29},{"date":"2013-01","domestic":1952,"transborder":13,"international":26},{"date":"2013-02","domestic":2052,"transborder":10,"international":35},{"date":"2013-03","domestic":2162,"transborder":7,"international":47},{"date":"2013-04","domestic":2303,"transborder":9,"international":37},{"date":"2013-05","domestic":2620,"transborder":10,"international":53},{"date":"2013-06","domestic":3030,"transborder":31,"international":89},{"date":"2013-07","domestic":3324,"transborder":30,"international":98},{"date":"2013-08","domestic":3030,"transborder":23,"international":102},{"date":"2013-09","domestic":2513,"transborder":14,"international":93},{"date":"2013-10","domestic":2425,"transborder":16,"international":58},{"date":"2013-11","domestic":2226,"transborder":8,"international":46},{"date":"2013-12","domestic":1936,"transborder":9,"international":29},{"date":"2014-01","domestic":1815,"transborder":5,"international":31},{"date":"2014-02","domestic":1922,"transborder":17,"international":42},{"date":"2014-03","domestic":2398,"transborder":12,"international":43},{"date":"2014-04","domestic":2411,"transborder":19,"international":56},{"date":"2014-05","domestic":2302,"transborder":14,"international":42},{"date":"2014-06","domestic":2498,"transborder":21,"international":65},{"date":"2014-07","domestic":2928,"transborder":26,"international":112},{"date":"2014-08","domestic":3597,"transborder":23,"international":79},{"date":"2014-09","domestic":2733,"transborder":19,"international":69},{"date":"2014-10","domestic":2326,"transborder":11,"international":62},{"date":"2014-11","domestic":2161,"transborder":10,"international":53},{"date":"2014-12","domestic":1839,"transborder":10,"international":33},{"date":"2015-01","domestic":1964,"transborder":14,"international":41},{"date":"2015-02","domestic":2018,"transborder":9,"international":39},{"date":"2015-03","domestic":2529,"transborder":4,"international":42},{"date":"2015-04","domestic":2572,"transborder":11,"international":41},{"date":"2015-05","domestic":2449,"transborder":14,"international":59},{"date":"2015-06","domestic":2398,"transborder":13,"international":54},{"date":"2015-07","domestic":2701,"transborder":11,"international":50},{"date":"2015-08","domestic":2977,"transborder":15,"international":53},{"date":"2015-09","domestic":2609,"transborder":12,"international":64},{"date":"2015-10","domestic":2414,"transborder":17,"international":68},{"date":"2015-11","domestic":2034,"transborder":10,"international":38},{"date":"2015-12","domestic":1884,"transborder":9,"international":33},{"date":"2016-01","domestic":1796,"transborder":4,"international":32},{"date":"2016-02","domestic":1727,"transborder":3,"international":35},{"date":"2016-03","domestic":2134,"transborder":5,"international":116},{"date":"2016-04","domestic":2007,"transborder":15,"international":41},{"date":"2016-05","domestic":2230,"transborder":9,"international":63},{"date":"2016-06","domestic":2369,"transborder":13,"international":85},{"date":"2016-07","domestic":2608,"transborder":11,"international":79},{"date":"2016-08","domestic":2926,"transborder":17,"international":89},{"date":"2016-09","domestic":2489,"transborder":21,"international":41},{"date":"2016-10","domestic":2292,"transborder":13,"international":55},{"date":"2016-11","domestic":1997,"transborder":9,"international":40},{"date":"2016-12","domestic":1805,"transborder":17,"international":30},{"date":"2017-01","domestic":1789,"transborder":8,"international":33},{"date":"2017-02","domestic":1847,"transborder":5,"international":35},{"date":"2017-03","domestic":2212,"transborder":7,"international":34},{"date":"2017-04","domestic":2056,"transborder":7,"international":39},{"date":"2017-05","domestic":2335,"transborder":10,"international":46},{"date":"2017-06","domestic":2800,"transborder":12,"international":58},{"date":"2017-07","domestic":2989,"transborder":19,"international":70},{"date":"2017-08","domestic":3510,"transborder":19,"international":68},{"date":"2017-09","domestic":2722,"transborder":20,"international":70},{"date":"2017-10","domestic":2357,"transborder":8,"international":53},{"date":"2017-11","domestic":2006,"transborder":7,"international":37},{"date":"2017-12","domestic":2020,"transborder":4,"international":34},{"date":"2018-01","domestic":2050,"transborder":3,"international":26},{"date":"2018-02","domestic":2005,"transborder":17,"international":36},{"date":"2018-03","domestic":2433,"transborder":10,"international":36},{"date":"2018-04","domestic":2596,"transborder":13,"international":36},{"date":"2018-05","domestic":2517,"transborder":12,"international":66},{"date":"2018-06","domestic":2550,"transborder":22,"international":92},{"date":"2018-07","domestic":3037,"transborder":21,"international":110},{"date":"2018-08","domestic":3220,"transborder":19,"international":90},{"date":"2018-09","domestic":2772,"transborder":10,"international":71},{"date":"2018-10","domestic":2468,"transborder":11,"international":70},{"date":"2018-11","domestic":2499,"transborder":8,"international":35},{"date":"2018-12","domestic":2065,"transborder":9,"international":24}]