[{"date":"2010-01","domestic":43833,"transborder":18752,"international":5891},{"date":"2010-02","domestic":43956,"transborder":17170,"international":5303},{"date":"2010-03","domestic":62578,"transborder":20357,"international":5871},{"date":"2010-04","domestic":60303,"transborder":19922,"international":4823},{"date":"2010-05","domestic":66872,"transborder":19984,"international":4713},{"date":"2010-06","domestic":62756,"transborder":20825,"international":4818},{"date":"2010-07","domestic":66886,"transborder":20855,"international":5441},{"date":"2010-08","domestic":61383,"transborder":21340,"international":5367},{"date":"2010-09","domestic":54082,"transborder":20605,"international":4586},{"date":"2010-10","domestic":57224,"transborder":21033,"international":4468},{"date":"2010-11","domestic":51533,"transborder":19911,"international":4447},{"date":"2010-12","domestic":38748,"transborder":19223,"international":5443},{"date":"2011-01","domestic":41223,"transborder":19334,"international":6212},{"date":"2011-02","domestic":39461,"transborder":18197,"international":5617},{"date":"2011-03","domestic":50788,"transborder":21397,"international":6152},{"date":"2011-04","domestic":48039,"transborder":19898,"international":5478},{"date":"2011-05","domestic":57940,"transborder":19749,"international":4845},{"date":"2011-06","domestic":65733,"transborder":19880,"international":4937},{"date":"2011-07","domestic":70064,"transborder":20375,"international":5597},{"date":"2011-08","domestic":65919,"transborder":20421,"international":5529},{"date":"2011-09","domestic":58407,"transborder":20025,"international":4872},{"date":"2011-10","domestic":60061,"transborder":20102,"international":4635},{"date":"2011-11","domestic":52763,"transborder":19127,"international":4614},{"date":"2011-12","domestic":44744,"transborder":18916,"international":5736},{"date":"2012-01","domestic":43547,"transborder":19346,"international":6575},{"date":"2012-02","domestic":47116,"transborder":19079,"international":6150},{"date":"2012-03","domestic":52397,"transborder":21352,"international":6750},{"date":"2012-04","domestic":53104,"transborder":20737,"international":5931},{"date":"2012-05","domestic":63660,"transborder":21036,"international":4997},{"date":"2012-06","domestic":62854,"transborder":21158,"international":5069},{"date":"2012-07","domestic":68191,"transborder":21750,"international":5644},{"date":"2012-08","domestic":64486,"transborder":22521,"international":5673},{"date":"2012-09","domestic":58513,"transborder":21269,"international":5017},{"date":"2012-10","domestic":51847,"transborder":21053,"international":4549},{"date":"2012-11","domestic":51337,"transborder":20499,"international":4701},{"date":"2012-12","domestic":39153,"transborder":19760,"international":5785},{"date":"2013-01","domestic":42206,"transborder":20675,"international":6297},{"date":"2013-02","domestic":39429,"transborder":18506,"international":5721},{"date":"2013-03","domestic":50590,"transborder":21741,"international":6625},{"date":"2013-04","domestic":50215,"transborder":20792,"international":5744},{"date":"2013-05","domestic":59473,"transborder":20892,"international":5092},{"date":"2013-06","domestic":58417,"transborder":19777,"international":5279},{"date":"2013-07","domestic":65996,"transborder":20736,"international":5650},{"date":"2013-08","domestic":64101,"transborder":21371,"international":5770},{"date":"2013-09","domestic":60444,"transborder":19741,"international":5159},{"date":"2013-10","domestic":56697,"transborder":20557,"international":4803},{"date":"2013-11","domestic":48404,"transborder":19312,"international":4903},{"date":"2013-12","domestic":39109,"transborder":18734,"international":5902},{"date":"2014-01","domestic":38642,"transborder":18334,"international":6653},{"date":"2014-02","domestic":40661,"transborder":17497,"international":6011},{"date":"2014-03","domestic":48532,"transborder":20422,"international":6744},{"date":"2014-04","domestic":49218,"transborder":19979,"international":6045},{"date":"2014-05","domestic":57618,"transborder":19648,"international":5420},{"date":"2014-06","domestic":59598,"transborder":19726,"international":5555},{"date":"2014-07","domestic":65423,"transborder":20297,"international":6126},{"date":"2014-08","domestic":61815,"transborder":20283,"international":6276},{"date":"2014-09","domestic":59528,"transborder":19763,"international":5463},{"date":"2014-10","domestic":52369,"transborder":20171,"international":5218},{"date":"2014-11","domestic":42968,"transborder":19072,"international":5199},{"date":"2014-12","domestic":40647,"transborder":19130,"international":6280},{"date":"2015-01","domestic":42570,"transborder":18484,"international":7085},{"date":"2015-02","domestic":38661,"transborder":17174,"international":6377},{"date":"2015-03","domestic":49796,"transborder":20150,"international":7327},{"date":"2015-04","domestic":50329,"transborder":19651,"international":6718},{"date":"2015-05","domestic":56532,"transborder":19856,"international":6040},{"date":"2015-06","domestic":59536,"transborder":19622,"international":5925},{"date":"2015-07","domestic":68121,"transborder":20391,"international":6743},{"date":"2015-08","domestic":60636,"transborder":20298,"international":6752},{"date":"2015-09","domestic":57797,"transborder":19518,"international":5763},{"date":"2015-10","domestic":53425,"transborder":20030,"international":5420},{"date":"2015-11","domestic":48890,"transborder":18720,"international":5291},{"date":"2015-12","domestic":39724,"transborder":18767,"international":6506},{"date":"2016-01","domestic":41727,"transborder":18114,"international":7397},{"date":"2016-02","domestic":41055,"transborder":17952,"international":6830},{"date":"2016-03","domestic":48587,"transborder":20043,"international":7401},{"date":"2016-04","domestic":54804,"transborder":19086,"international":6597},{"date":"2016-05","domestic":61814,"transborder":20094,"international":6127},{"date":"2016-06","domestic":63163,"transborder":20204,"international":6462},{"date":"2016-07","domestic":65714,"transborder":20519,"international":7293},{"date":"2016-08","domestic":64669,"transborder":20855,"international":7229},{"date":"2016-09","domestic":58994,"transborder":20384,"international":6430},{"date":"2016-10","domestic":55514,"transborder":20332,"international":5970},{"date":"2016-11","domestic":50477,"transborder":18846,"international":5688},{"date":"2016-12","domestic":40502,"transborder":18887,"international":7039},{"date":"2017-01","domestic":40065,"transborder":18493,"international":7752},{"date":"2017-02","domestic":42490,"transborder":17106,"international":7019},{"date":"2017-03","domestic":48024,"transborder":19725,"international":7990},{"date":"2017-04","domestic":49830,"transborder":19200,"international":7331},{"date":"2017-05","domestic":57234,"transborder":19976,"international":6393},{"date":"2017-06","domestic":60493,"transborder":20053,"international":6665},{"date":"2017-07","domestic":68846,"transborder":20725,"international":7451},{"date":"2017-08","domestic":66575,"transborder":20727,"international":7400},{"date":"2017-09","domestic":56684,"transborder":19983,"international":6677},{"date":"2017-10","domestic":53837,"transborder":20413,"international":6109},{"date":"2017-11","domestic":48390,"transborder":18982,"international":5923},{"date":"2017-12","domestic":42181,"transborder":18875,"international":7504},{"date":"2018-01","domestic":42096,"transborder":18416,"international":8130},{"date":"2018-02","domestic":41770,"transborder":17505,"international":7343},{"date":"2018-03","domestic":52975,"transborder":20418,"international":8434},{"date":"2018-04","domestic":50006,"transborder":19208,"international":7483},{"date":"2018-05","domestic":63366,"transborder":20779,"international":6697},{"date":"2018-06","domestic":62657,"transborder":20679,"international":6947},{"date":"2018-07","domestic":66257,"transborder":20893,"international":7715},{"date":"2018-08","domestic":64647,"transborder":21037,"international":7710},{"date":"2018-09","domestic":59107,"transborder":20257,"international":6993},{"date":"2018-10","domestic":54474,"transborder":21012,"international":6395},{"date":"2018-11","domestic":46572,"transborder":18693,"international":6389},{"date":"2018-12","domestic":45288,"transborder":18992,"international":7794},{"date":"2019-01","domestic":41638,"transborder":17799,"international":8443},{"date":"2019-02","domestic":39075,"transborder":16238,"international":7749}]