[{"date":"2010-01","domestic":19869,"transborder":6417,"international":2881},{"date":"2010-02","domestic":19377,"transborder":5815,"international":2529},{"date":"2010-03","domestic":29701,"transborder":6769,"international":2852},{"date":"2010-04","domestic":30641,"transborder":6864,"international":2496},{"date":"2010-05","domestic":33991,"transborder":6847,"international":2018},{"date":"2010-06","domestic":28562,"transborder":7146,"international":2235},{"date":"2010-07","domestic":34886,"transborder":7029,"international":2728},{"date":"2010-08","domestic":35429,"transborder":7325,"international":2609},{"date":"2010-09","domestic":27696,"transborder":6918,"international":2143},{"date":"2010-10","domestic":28676,"transborder":7149,"international":1989},{"date":"2010-11","domestic":26567,"transborder":6446,"international":1683},{"date":"2010-12","domestic":16824,"transborder":6394,"international":2328},{"date":"2011-01","domestic":17871,"transborder":6392,"international":3124},{"date":"2011-02","domestic":19624,"transborder":5963,"international":2776},{"date":"2011-03","domestic":25166,"transborder":7023,"international":2887},{"date":"2011-04","domestic":25178,"transborder":6894,"international":2468},{"date":"2011-05","domestic":29541,"transborder":6801,"international":1973},{"date":"2011-06","domestic":31232,"transborder":7223,"international":2342},{"date":"2011-07","domestic":38096,"transborder":7261,"international":2617},{"date":"2011-08","domestic":32660,"transborder":7110,"international":2553},{"date":"2011-09","domestic":31288,"transborder":6864,"international":2295},{"date":"2011-10","domestic":30588,"transborder":6831,"international":1970},{"date":"2011-11","domestic":26183,"transborder":6450,"international":1763},{"date":"2011-12","domestic":20155,"transborder":6654,"international":2395},{"date":"2012-01","domestic":19069,"transborder":6539,"international":2923},{"date":"2012-02","domestic":22672,"transborder":6476,"international":2770},{"date":"2012-03","domestic":26575,"transborder":7150,"international":3046},{"date":"2012-04","domestic":25567,"transborder":6894,"international":2552},{"date":"2012-05","domestic":32504,"transborder":6908,"international":1971},{"date":"2012-06","domestic":30124,"transborder":7097,"international":2280},{"date":"2012-07","domestic":36036,"transborder":7281,"international":2460},{"date":"2012-08","domestic":31386,"transborder":7775,"international":2441},{"date":"2012-09","domestic":29041,"transborder":7221,"international":2134},{"date":"2012-10","domestic":28383,"transborder":7149,"international":1855},{"date":"2012-11","domestic":27627,"transborder":6336,"international":1785},{"date":"2012-12","domestic":18210,"transborder":6271,"international":2405},{"date":"2013-01","domestic":18146,"transborder":6697,"international":2782},{"date":"2013-02","domestic":19345,"transborder":6178,"international":2580},{"date":"2013-03","domestic":24414,"transborder":7169,"international":2963},{"date":"2013-04","domestic":26853,"transborder":6719,"international":2480},{"date":"2013-05","domestic":29801,"transborder":6807,"international":1998},{"date":"2013-06","domestic":28620,"transborder":6888,"international":2280},{"date":"2013-07","domestic":38406,"transborder":7270,"international":2464},{"date":"2013-08","domestic":30469,"transborder":7424,"international":2535},{"date":"2013-09","domestic":29997,"transborder":7029,"international":2135},{"date":"2013-10","domestic":28674,"transborder":7335,"international":1769},{"date":"2013-11","domestic":23514,"transborder":6311,"international":1875},{"date":"2013-12","domestic":17047,"transborder":6554,"international":2431},{"date":"2014-01","domestic":17294,"transborder":6147,"international":2861},{"date":"2014-02","domestic":19004,"transborder":5886,"international":2667},{"date":"2014-03","domestic":21871,"transborder":6965,"international":2957},{"date":"2014-04","domestic":24487,"transborder":6600,"international":2482},{"date":"2014-05","domestic":29889,"transborder":6607,"international":2060},{"date":"2014-06","domestic":31271,"transborder":6975,"international":2397},{"date":"2014-07","domestic":35995,"transborder":6939,"international":2679},{"date":"2014-08","domestic":30208,"transborder":7148,"international":2716},{"date":"2014-09","domestic":27916,"transborder":6668,"international":2196},{"date":"2014-10","domestic":25990,"transborder":6914,"international":1974},{"date":"2014-11","domestic":21776,"transborder":6030,"international":1957},{"date":"2014-12","domestic":17534,"transborder":6165,"international":2618},{"date":"2015-01","domestic":16625,"transborder":5700,"international":3197},{"date":"2015-02","domestic":16987,"transborder":5431,"international":2869},{"date":"2015-03","domestic":22470,"transborder":6287,"international":3163},{"date":"2015-04","domestic":24800,"transborder":6276,"international":2663},{"date":"2015-05","domestic":28851,"transborder":6322,"international":2238},{"date":"2015-06","domestic":29896,"transborder":6786,"international":2542},{"date":"2015-07","domestic":34664,"transborder":7029,"international":2979},{"date":"2015-08","domestic":32277,"transborder":6956,"international":2973},{"date":"2015-09","domestic":30884,"transborder":6697,"international":2459},{"date":"2015-10","domestic":28479,"transborder":6788,"international":2135},{"date":"2015-11","domestic":23789,"transborder":5998,"international":1983},{"date":"2015-12","domestic":18040,"transborder":6030,"international":2731},{"date":"2016-01","domestic":17928,"transborder":5855,"international":3476},{"date":"2016-02","domestic":18293,"transborder":5745,"international":3214},{"date":"2016-03","domestic":23502,"transborder":6389,"international":3259},{"date":"2016-04","domestic":27364,"transborder":5966,"international":2684},{"date":"2016-05","domestic":28778,"transborder":6167,"international":2416},{"date":"2016-06","domestic":29467,"transborder":6980,"international":2773},{"date":"2016-07","domestic":34238,"transborder":6764,"international":3389},{"date":"2016-08","domestic":32169,"transborder":6830,"international":3354},{"date":"2016-09","domestic":29673,"transborder":6665,"international":2759},{"date":"2016-10","domestic":27227,"transborder":6849,"international":2357},{"date":"2016-11","domestic":23920,"transborder":5816,"international":2089},{"date":"2016-12","domestic":17109,"transborder":5734,"international":2853},{"date":"2017-01","domestic":17562,"transborder":5603,"international":3456},{"date":"2017-02","domestic":19060,"transborder":5406,"international":3147},{"date":"2017-03","domestic":22482,"transborder":6227,"international":3558},{"date":"2017-04","domestic":24118,"transborder":6093,"international":3179},{"date":"2017-05","domestic":28312,"transborder":6071,"international":2586},{"date":"2017-06","domestic":30830,"transborder":6603,"international":3148},{"date":"2017-07","domestic":38598,"transborder":6970,"international":3735},{"date":"2017-08","domestic":36538,"transborder":6998,"international":3713},{"date":"2017-09","domestic":31122,"transborder":6568,"international":3021},{"date":"2017-10","domestic":28883,"transborder":6651,"international":2613},{"date":"2017-11","domestic":25406,"transborder":5960,"international":2293},{"date":"2017-12","domestic":19220,"transborder":6081,"international":3141},{"date":"2018-01","domestic":17249,"transborder":5627,"international":3658},{"date":"2018-02","domestic":19212,"transborder":5650,"international":3312},{"date":"2018-03","domestic":24729,"transborder":6503,"international":3782},{"date":"2018-04","domestic":24659,"transborder":6275,"international":3236},{"date":"2018-05","domestic":32711,"transborder":6534,"international":2821},{"date":"2018-06","domestic":31317,"transborder":7276,"international":3464},{"date":"2018-07","domestic":36928,"transborder":7166,"international":4040},{"date":"2018-08","domestic":35701,"transborder":7288,"international":4014},{"date":"2018-09","domestic":30868,"transborder":6976,"international":3384},{"date":"2018-10","domestic":27671,"transborder":7137,"international":2932},{"date":"2018-11","domestic":23017,"transborder":5863,"international":2623},{"date":"2018-12","domestic":20116,"transborder":6158,"international":3449},{"date":"2019-01","domestic":16167,"transborder":5844,"international":3947},{"date":"2019-02","domestic":19032,"transborder":5582,"international":3520}]