[{"date":"2010-01","domestic":7002,"transborder":668,"international":298},{"date":"2010-02","domestic":6466,"transborder":637,"international":275},{"date":"2010-03","domestic":8247,"transborder":696,"international":156},{"date":"2010-04","domestic":7880,"transborder":855,"international":77},{"date":"2010-05","domestic":8306,"transborder":933,"international":3},{"date":"2010-06","domestic":9012,"transborder":928,"international":0},{"date":"2010-07","domestic":9185,"transborder":967,"international":2},{"date":"2010-08","domestic":8888,"transborder":919,"international":0},{"date":"2010-09","domestic":8811,"transborder":795,"international":1},{"date":"2010-10","domestic":9076,"transborder":828,"international":4},{"date":"2010-11","domestic":7142,"transborder":736,"international":81},{"date":"2010-12","domestic":6385,"transborder":750,"international":146},{"date":"2011-01","domestic":6529,"transborder":687,"international":236},{"date":"2011-02","domestic":6695,"transborder":648,"international":211},{"date":"2011-03","domestic":7823,"transborder":742,"international":133},{"date":"2011-04","domestic":8540,"transborder":721,"international":78},{"date":"2011-05","domestic":9094,"transborder":782,"international":4},{"date":"2011-06","domestic":8928,"transborder":668,"international":1},{"date":"2011-07","domestic":8642,"transborder":700,"international":1},{"date":"2011-08","domestic":9440,"transborder":706,"international":1},{"date":"2011-09","domestic":9308,"transborder":749,"international":1},{"date":"2011-10","domestic":8515,"transborder":805,"international":5},{"date":"2011-11","domestic":7425,"transborder":700,"international":91},{"date":"2011-12","domestic":7066,"transborder":725,"international":182},{"date":"2012-01","domestic":7266,"transborder":688,"international":259},{"date":"2012-02","domestic":7732,"transborder":681,"international":242},{"date":"2012-03","domestic":8105,"transborder":749,"international":202},{"date":"2012-04","domestic":7453,"transborder":723,"international":109},{"date":"2012-05","domestic":8646,"transborder":735,"international":18},{"date":"2012-06","domestic":8488,"transborder":678,"international":3},{"date":"2012-07","domestic":8974,"transborder":736,"international":2},{"date":"2012-08","domestic":9150,"transborder":723,"international":4},{"date":"2012-09","domestic":8844,"transborder":753,"international":2},{"date":"2012-10","domestic":8054,"transborder":818,"international":3},{"date":"2012-11","domestic":7144,"transborder":715,"international":39},{"date":"2012-12","domestic":6328,"transborder":725,"international":175},{"date":"2013-01","domestic":7476,"transborder":691,"international":272},{"date":"2013-02","domestic":7126,"transborder":685,"international":259},{"date":"2013-03","domestic":7951,"transborder":792,"international":207},{"date":"2013-04","domestic":8054,"transborder":775,"international":91},{"date":"2013-05","domestic":9021,"transborder":769,"international":2},{"date":"2013-06","domestic":8637,"transborder":655,"international":3},{"date":"2013-07","domestic":9145,"transborder":739,"international":0},{"date":"2013-08","domestic":9404,"transborder":727,"international":0},{"date":"2013-09","domestic":8947,"transborder":809,"international":0},{"date":"2013-10","domestic":8744,"transborder":897,"international":2},{"date":"2013-11","domestic":7232,"transborder":822,"international":65},{"date":"2013-12","domestic":6256,"transborder":769,"international":178},{"date":"2014-01","domestic":7292,"transborder":779,"international":290},{"date":"2014-02","domestic":7014,"transborder":748,"international":270},{"date":"2014-03","domestic":8284,"transborder":853,"international":224},{"date":"2014-04","domestic":7872,"transborder":823,"international":95},{"date":"2014-05","domestic":9363,"transborder":794,"international":1},{"date":"2014-06","domestic":8276,"transborder":744,"international":0},{"date":"2014-07","domestic":9994,"transborder":823,"international":2},{"date":"2014-08","domestic":8716,"transborder":816,"international":2},{"date":"2014-09","domestic":9292,"transborder":779,"international":1},{"date":"2014-10","domestic":9128,"transborder":768,"international":8},{"date":"2014-11","domestic":6782,"transborder":681,"international":74},{"date":"2014-12","domestic":6986,"transborder":661,"international":202},{"date":"2015-01","domestic":7256,"transborder":673,"international":312},{"date":"2015-02","domestic":6757,"transborder":638,"international":270},{"date":"2015-03","domestic":8284,"transborder":451,"international":228},{"date":"2015-04","domestic":8206,"transborder":495,"international":116},{"date":"2015-05","domestic":9245,"transborder":411,"international":7},{"date":"2015-06","domestic":9541,"transborder":433,"international":1},{"date":"2015-07","domestic":10013,"transborder":473,"international":0},{"date":"2015-08","domestic":9432,"transborder":437,"international":3},{"date":"2015-09","domestic":9171,"transborder":438,"international":4},{"date":"2015-10","domestic":8233,"transborder":496,"international":8},{"date":"2015-11","domestic":7239,"transborder":445,"international":88},{"date":"2015-12","domestic":6440,"transborder":456,"international":220},{"date":"2016-01","domestic":6797,"transborder":457,"international":320},{"date":"2016-02","domestic":6722,"transborder":455,"international":304},{"date":"2016-03","domestic":7536,"transborder":482,"international":227},{"date":"2016-04","domestic":8018,"transborder":462,"international":116},{"date":"2016-05","domestic":8198,"transborder":377,"international":1},{"date":"2016-06","domestic":9159,"transborder":395,"international":2},{"date":"2016-07","domestic":9075,"transborder":429,"international":1},{"date":"2016-08","domestic":8735,"transborder":254,"international":3},{"date":"2016-09","domestic":8299,"transborder":292,"international":1},{"date":"2016-10","domestic":6402,"transborder":352,"international":18},{"date":"2016-11","domestic":7638,"transborder":348,"international":90},{"date":"2016-12","domestic":6390,"transborder":360,"international":193},{"date":"2017-01","domestic":6914,"transborder":323,"international":300},{"date":"2017-02","domestic":6399,"transborder":340,"international":283},{"date":"2017-03","domestic":7211,"transborder":356,"international":239},{"date":"2017-04","domestic":7623,"transborder":366,"international":111},{"date":"2017-05","domestic":8427,"transborder":263,"international":13},{"date":"2017-06","domestic":8656,"transborder":317,"international":2},{"date":"2017-07","domestic":9181,"transborder":343,"international":1},{"date":"2017-08","domestic":8943,"transborder":259,"international":0},{"date":"2017-09","domestic":8170,"transborder":326,"international":0},{"date":"2017-10","domestic":7794,"transborder":360,"international":2},{"date":"2017-11","domestic":6847,"transborder":383,"international":89},{"date":"2017-12","domestic":6666,"transborder":360,"international":203},{"date":"2018-01","domestic":6629,"transborder":326,"international":275},{"date":"2018-02","domestic":6846,"transborder":327,"international":260},{"date":"2018-03","domestic":7004,"transborder":335,"international":195},{"date":"2018-04","domestic":7631,"transborder":364,"international":68},{"date":"2018-05","domestic":8704,"transborder":302,"international":1},{"date":"2018-06","domestic":9156,"transborder":318,"international":5},{"date":"2018-07","domestic":9577,"transborder":302,"international":2},{"date":"2018-08","domestic":8968,"transborder":286,"international":3},{"date":"2018-09","domestic":7749,"transborder":310,"international":1},{"date":"2018-10","domestic":8134,"transborder":345,"international":10},{"date":"2018-11","domestic":5819,"transborder":320,"international":99},{"date":"2018-12","domestic":6862,"transborder":354,"international":177},{"date":"2019-01","domestic":6686,"transborder":314,"international":233},{"date":"2019-02","domestic":5724,"transborder":286,"international":203}]