[{"date":"2010-01","domestic":"1636","transborder":"9","international":"0"},{"date":"2010-02","domestic":"1149","transborder":"25","international":"0"},{"date":"2010-03","domestic":"1504","transborder":"25","international":"0"},{"date":"2010-04","domestic":"1839","transborder":"43","international":"0"},{"date":"2010-05","domestic":"2116","transborder":"51","international":"0"},{"date":"2010-06","domestic":"2294","transborder":"93","international":"1"},{"date":"2010-07","domestic":"2680","transborder":"145","international":"1"},{"date":"2010-08","domestic":"2482","transborder":"144","international":"4"},{"date":"2010-09","domestic":"2099","transborder":"54","international":"0"},{"date":"2010-10","domestic":"2134","transborder":"30","international":"0"},{"date":"2010-11","domestic":"1366","transborder":"13","international":"0"},{"date":"2010-12","domestic":"1547","transborder":"26","international":"0"},{"date":"2011-01","domestic":"1289","transborder":"19","international":"0"},{"date":"2011-02","domestic":"1280","transborder":"17","international":"4"},{"date":"2011-03","domestic":"1483","transborder":"28","international":"0"},{"date":"2011-04","domestic":"1930","transborder":"22","international":"0"},{"date":"2011-05","domestic":"2255","transborder":"47","international":"2"},{"date":"2011-06","domestic":"2503","transborder":"69","international":"5"},{"date":"2011-07","domestic":"2679","transborder":"128","international":"0"},{"date":"2011-08","domestic":"2833","transborder":"123","international":"3"},{"date":"2011-09","domestic":"2180","transborder":"80","international":"1"},{"date":"2011-10","domestic":"2176","transborder":"24","international":"0"},{"date":"2011-11","domestic":"1579","transborder":"17","international":"1"},{"date":"2011-12","domestic":"1468","transborder":"35","international":"0"},{"date":"2012-01","domestic":"1018","transborder":"20","international":"0"},{"date":"2012-02","domestic":"1171","transborder":"9","international":"0"},{"date":"2012-03","domestic":"1371","transborder":"38","international":"1"},{"date":"2012-04","domestic":"1540","transborder":"22","international":"0"},{"date":"2012-05","domestic":"2107","transborder":"42","international":"1"},{"date":"2012-06","domestic":"1773","transborder":"45","international":"2"},{"date":"2012-07","domestic":"2212","transborder":"102","international":"1"},{"date":"2012-08","domestic":"2378","transborder":"112","international":"1"},{"date":"2012-09","domestic":"2389","transborder":"53","international":"2"},{"date":"2012-10","domestic":"1716","transborder":"18","international":"1"},{"date":"2012-11","domestic":"1207","transborder":"20","international":"0"},{"date":"2012-12","domestic":"1002","transborder":"15","international":"0"},{"date":"2013-01","domestic":"1001","transborder":"25","international":"0"},{"date":"2013-02","domestic":"1020","transborder":"20","international":"0"},{"date":"2013-03","domestic":"1610","transborder":"23","international":"2"},{"date":"2013-04","domestic":"1850","transborder":"43","international":"0"},{"date":"2013-05","domestic":"2109","transborder":"41","international":"0"},{"date":"2013-06","domestic":"2093","transborder":"58","international":"2"},{"date":"2013-07","domestic":"2797","transborder":"125","international":"5"},{"date":"2013-08","domestic":"2270","transborder":"108","international":"3"},{"date":"2013-09","domestic":"1814","transborder":"36","international":"0"},{"date":"2013-10","domestic":"1800","transborder":"18","international":"0"},{"date":"2013-11","domestic":"1497","transborder":"22","international":"0"},{"date":"2013-12","domestic":"1179","transborder":"25","international":"0"},{"date":"2014-01","domestic":"1340","transborder":"21","international":"0"},{"date":"2014-02","domestic":"1179","transborder":"19","international":"0"},{"date":"2014-03","domestic":"1478","transborder":"121","international":"0"},{"date":"2014-04","domestic":"1879","transborder":"127","international":"0"},{"date":"2014-05","domestic":"2190","transborder":"143","international":"0"},{"date":"2014-06","domestic":"2285","transborder":"162","international":"0"},{"date":"2014-07","domestic":"2750","transborder":"203","international":"0"},{"date":"2014-08","domestic":"2399","transborder":"147","international":"0"},{"date":"2014-09","domestic":"2351","transborder":"161","international":"1"},{"date":"2014-10","domestic":"1597","transborder":"99","international":"0"},{"date":"2014-11","domestic":"1524","transborder":"82","international":"0"},{"date":"2014-12","domestic":"1416","transborder":"68","international":"0"},{"date":"2015-01","domestic":"1084","transborder":"36","international":"0"},{"date":"2015-02","domestic":"1331","transborder":"50","international":"0"},{"date":"2015-03","domestic":"1512","transborder":"66","international":"1"},{"date":"2015-04","domestic":"1847","transborder":"63","international":"0"},{"date":"2015-05","domestic":"2433","transborder":"62","international":"1"},{"date":"2015-06","domestic":"2385","transborder":"78","international":"0"},{"date":"2015-07","domestic":"2298","transborder":"118","international":"0"},{"date":"2015-08","domestic":"2348","transborder":"120","international":"0"},{"date":"2015-09","domestic":"2064","transborder":"63","international":"0"},{"date":"2015-10","domestic":"2004","transborder":"29","international":"0"},{"date":"2015-11","domestic":"1784","transborder":"20","international":"0"},{"date":"2015-12","domestic":"1342","transborder":"31","international":"0"},{"date":"2016-01","domestic":"1424","transborder":"16","international":"1"},{"date":"2016-02","domestic":"1576","transborder":"28","international":"0"},{"date":"2016-03","domestic":"1827","transborder":"40","international":"0"},{"date":"2016-04","domestic":"2397","transborder":"48","international":"0"},{"date":"2016-05","domestic":"2499","transborder":"53","international":"0"},{"date":"2016-06","domestic":"2242","transborder":"67","international":"0"},{"date":"2016-07","domestic":"2502","transborder":"115","international":"1"},{"date":"2016-08","domestic":"2686","transborder":"140","international":"0"},{"date":"2016-09","domestic":"2320","transborder":"81","international":"0"},{"date":"2016-10","domestic":"1839","transborder":"33","international":"0"},{"date":"2016-11","domestic":"1645","transborder":"28","international":"0"},{"date":"2016-12","domestic":"1401","transborder":"22","international":"0"},{"date":"2017-01","domestic":"1535","transborder":"31","international":"1"},{"date":"2017-02","domestic":"1257","transborder":"19","international":"0"},{"date":"2017-03","domestic":"1573","transborder":"34","international":"0"},{"date":"2017-04","domestic":"2037","transborder":"34","international":"0"},{"date":"2017-05","domestic":"2507","transborder":"81","international":"0"},{"date":"2017-06","domestic":"2637","transborder":"89","international":"0"},{"date":"2017-07","domestic":"2859","transborder":"97","international":"0"},{"date":"2017-08","domestic":"2577","transborder":"132","international":"0"},{"date":"2017-09","domestic":"2237","transborder":"71","international":"1"},{"date":"2017-10","domestic":"2329","transborder":"42","international":"0"},{"date":"2017-11","domestic":"1738","transborder":"22","international":"0"},{"date":"2017-12","domestic":"1516","transborder":"21","international":"0"},{"date":"2018-01","domestic":"1363","transborder":"37","international":"1"},{"date":"2018-02","domestic":"1625","transborder":"25","international":"0"},{"date":"2018-03","domestic":"2077","transborder":"50","international":"2"},{"date":"2018-04","domestic":"1946","transborder":"40","international":"0"},{"date":"2018-05","domestic":"2513","transborder":"55","international":"0"},{"date":"2018-06","domestic":"2104","transborder":"78","international":"0"},{"date":"2018-07","domestic":"2817","transborder":"107","international":"0"},{"date":"2018-08","domestic":"2538","transborder":"135","international":"0"},{"date":"2018-09","domestic":"2053","transborder":"77","international":"0"},{"date":"2018-10","domestic":"2075","transborder":"30","international":"1"},{"date":"2018-11","domestic":"1890","transborder":"24","international":"0"},{"date":"2018-12","domestic":"1591","transborder":"32","international":"0"},{"date":"2019-01","domestic":"1653","transborder":"33","international":"0"},{"date":"2019-02","domestic":"1314","transborder":"15","international":"0"}]