[{"date":"2010-01","domestic":"438","transborder":"6","international":"0"},{"date":"2010-02","domestic":"697","transborder":"8","international":"0"},{"date":"2010-03","domestic":"792","transborder":"12","international":"0"},{"date":"2010-04","domestic":"1126","transborder":"10","international":"0"},{"date":"2010-05","domestic":"505","transborder":"17","international":"0"},{"date":"2010-06","domestic":"488","transborder":"6","international":"0"},{"date":"2010-07","domestic":"724","transborder":"18","international":"0"},{"date":"2010-08","domestic":"654","transborder":"28","international":"0"},{"date":"2010-09","domestic":"967","transborder":"18","international":"0"},{"date":"2010-10","domestic":"723","transborder":"6","international":"0"},{"date":"2010-11","domestic":"429","transborder":"4","international":"0"},{"date":"2010-12","domestic":"265","transborder":"8","international":"0"},{"date":"2011-01","domestic":"306","transborder":"7","international":"0"},{"date":"2011-02","domestic":"556","transborder":"14","international":"0"},{"date":"2011-03","domestic":"572","transborder":"7","international":"0"},{"date":"2011-04","domestic":"959","transborder":"8","international":"0"},{"date":"2011-05","domestic":"513","transborder":"11","international":"0"},{"date":"2011-06","domestic":"457","transborder":"8","international":"0"},{"date":"2011-07","domestic":"623","transborder":"22","international":"0"},{"date":"2011-08","domestic":"707","transborder":"18","international":"0"},{"date":"2011-09","domestic":"1045","transborder":"8","international":"0"},{"date":"2011-10","domestic":"764","transborder":"5","international":"0"},{"date":"2011-11","domestic":"383","transborder":"0","international":"0"},{"date":"2011-12","domestic":"325","transborder":"10","international":"0"},{"date":"2012-01","domestic":"353","transborder":"3","international":"0"},{"date":"2012-02","domestic":"360","transborder":"28","international":"0"},{"date":"2012-03","domestic":"584","transborder":"14","international":"0"},{"date":"2012-04","domestic":"788","transborder":"4","international":"0"},{"date":"2012-05","domestic":"532","transborder":"11","international":"0"},{"date":"2012-06","domestic":"418","transborder":"8","international":"0"},{"date":"2012-07","domestic":"539","transborder":"19","international":"0"},{"date":"2012-08","domestic":"956","transborder":"20","international":"0"},{"date":"2012-09","domestic":"1174","transborder":"11","international":"0"},{"date":"2012-10","domestic":"619","transborder":"4","international":"0"},{"date":"2012-11","domestic":"308","transborder":"0","international":"0"},{"date":"2012-12","domestic":"245","transborder":"9","international":"0"},{"date":"2013-01","domestic":"365","transborder":"5","international":"0"},{"date":"2013-02","domestic":"414","transborder":"19","international":"0"},{"date":"2013-03","domestic":"572","transborder":"22","international":"0"},{"date":"2013-04","domestic":"898","transborder":"8","international":"0"},{"date":"2013-05","domestic":"491","transborder":"14","international":"0"},{"date":"2013-06","domestic":"463","transborder":"6","international":"0"},{"date":"2013-07","domestic":"886","transborder":"9","international":"0"},{"date":"2013-08","domestic":"849","transborder":"16","international":"0"},{"date":"2013-09","domestic":"694","transborder":"9","international":"0"},{"date":"2013-10","domestic":"537","transborder":"5","international":"0"},{"date":"2013-11","domestic":"303","transborder":"0","international":"0"},{"date":"2013-12","domestic":"277","transborder":"9","international":"0"},{"date":"2014-01","domestic":"220","transborder":"7","international":"0"},{"date":"2014-02","domestic":"273","transborder":"14","international":"0"},{"date":"2014-03","domestic":"370","transborder":"21","international":"0"},{"date":"2014-04","domestic":"532","transborder":"3","international":"0"},{"date":"2014-05","domestic":"389","transborder":"5","international":"0"},{"date":"2014-06","domestic":"484","transborder":"2","international":"0"},{"date":"2014-07","domestic":"1115","transborder":"16","international":"0"},{"date":"2014-08","domestic":"1095","transborder":"18","international":"0"},{"date":"2014-09","domestic":"552","transborder":"8","international":"0"},{"date":"2014-10","domestic":"397","transborder":"3","international":"0"},{"date":"2014-11","domestic":"254","transborder":"0","international":"0"},{"date":"2014-12","domestic":"190","transborder":"2","international":"0"},{"date":"2015-01","domestic":"174","transborder":"4","international":"0"},{"date":"2015-02","domestic":"268","transborder":"17","international":"0"},{"date":"2015-03","domestic":"362","transborder":"13","international":"0"},{"date":"2015-04","domestic":"465","transborder":"4","international":"0"},{"date":"2015-05","domestic":"502","transborder":"2","international":"0"},{"date":"2015-06","domestic":"576","transborder":"10","international":"0"},{"date":"2015-07","domestic":"1237","transborder":"9","international":"0"},{"date":"2015-08","domestic":"1655","transborder":"11","international":"0"},{"date":"2015-09","domestic":"592","transborder":"8","international":"0"},{"date":"2015-10","domestic":"482","transborder":"5","international":"0"},{"date":"2015-11","domestic":"303","transborder":"0","international":"0"},{"date":"2015-12","domestic":"231","transborder":"6","international":"0"},{"date":"2016-01","domestic":"148","transborder":"4","international":"0"},{"date":"2016-02","domestic":"289","transborder":"28","international":"0"},{"date":"2016-03","domestic":"351","transborder":"20","international":"0"},{"date":"2016-04","domestic":"414","transborder":"2","international":"0"},{"date":"2016-05","domestic":"500","transborder":"2","international":"0"},{"date":"2016-06","domestic":"620","transborder":"0","international":"0"},{"date":"2016-07","domestic":"724","transborder":"8","international":"0"},{"date":"2016-08","domestic":"809","transborder":"11","international":"0"},{"date":"2016-09","domestic":"512","transborder":"7","international":"0"},{"date":"2016-10","domestic":"305","transborder":"1","international":"0"},{"date":"2016-11","domestic":"243","transborder":"0","international":"0"},{"date":"2016-12","domestic":"226","transborder":"8","international":"0"},{"date":"2017-01","domestic":"242","transborder":"2","international":"0"},{"date":"2017-02","domestic":"218","transborder":"19","international":"0"},{"date":"2017-03","domestic":"239","transborder":"26","international":"0"},{"date":"2017-04","domestic":"354","transborder":"1","international":"0"},{"date":"2017-05","domestic":"545","transborder":"3","international":"0"},{"date":"2017-06","domestic":"589","transborder":"11","international":"0"},{"date":"2017-07","domestic":"1177","transborder":"11","international":"0"},{"date":"2017-08","domestic":"1060","transborder":"15","international":"0"},{"date":"2017-09","domestic":"589","transborder":"5","international":"0"},{"date":"2017-10","domestic":"373","transborder":"6","international":"0"},{"date":"2017-11","domestic":"192","transborder":"0","international":"0"},{"date":"2017-12","domestic":"196","transborder":"9","international":"0"},{"date":"2018-01","domestic":"173","transborder":"9","international":"0"},{"date":"2018-02","domestic":"268","transborder":"17","international":"0"},{"date":"2018-03","domestic":"278","transborder":"17","international":"0"},{"date":"2018-04","domestic":"364","transborder":"5","international":"0"},{"date":"2018-05","domestic":"475","transborder":"10","international":"0"},{"date":"2018-06","domestic":"457","transborder":"10","international":"0"},{"date":"2018-07","domestic":"1011","transborder":"23","international":"0"},{"date":"2018-08","domestic":"1531","transborder":"7","international":"0"},{"date":"2018-09","domestic":"1147","transborder":"5","international":"0"},{"date":"2018-10","domestic":"372","transborder":"3","international":"0"},{"date":"2018-11","domestic":"243","transborder":"1","international":"0"},{"date":"2018-12","domestic":"201","transborder":"10","international":"0"},{"date":"2019-01","domestic":"188","transborder":"8","international":"0"},{"date":"2019-02","domestic":"205","transborder":"19","international":"0"}]