[{"date":"2010-01","domestic":"507","transborder":"15","international":"0"},{"date":"2010-02","domestic":"523","transborder":"9","international":"0"},{"date":"2010-03","domestic":"1307","transborder":"30","international":"0"},{"date":"2010-04","domestic":"1130","transborder":"54","international":"0"},{"date":"2010-05","domestic":"2250","transborder":"45","international":"0"},{"date":"2010-06","domestic":"1459","transborder":"73","international":"0"},{"date":"2010-07","domestic":"1628","transborder":"106","international":"0"},{"date":"2010-08","domestic":"1840","transborder":"84","international":"1"},{"date":"2010-09","domestic":"1327","transborder":"53","international":"0"},{"date":"2010-10","domestic":"943","transborder":"36","international":"0"},{"date":"2010-11","domestic":"807","transborder":"19","international":"0"},{"date":"2010-12","domestic":"481","transborder":"18","international":"0"},{"date":"2011-01","domestic":"563","transborder":"26","international":"0"},{"date":"2011-02","domestic":"432","transborder":"21","international":"0"},{"date":"2011-03","domestic":"993","transborder":"35","international":"0"},{"date":"2011-04","domestic":"917","transborder":"42","international":"0"},{"date":"2011-05","domestic":"1276","transborder":"62","international":"0"},{"date":"2011-06","domestic":"1672","transborder":"65","international":"0"},{"date":"2011-07","domestic":"1946","transborder":"104","international":"0"},{"date":"2011-08","domestic":"2003","transborder":"76","international":"0"},{"date":"2011-09","domestic":"1360","transborder":"47","international":"0"},{"date":"2011-10","domestic":"2383","transborder":"37","international":"0"},{"date":"2011-11","domestic":"1371","transborder":"30","international":"1"},{"date":"2011-12","domestic":"867","transborder":"19","international":"0"},{"date":"2012-01","domestic":"658","transborder":"38","international":"1"},{"date":"2012-02","domestic":"830","transborder":"40","international":"0"},{"date":"2012-03","domestic":"1161","transborder":"60","international":"0"},{"date":"2012-04","domestic":"1767","transborder":"54","international":"0"},{"date":"2012-05","domestic":"2931","transborder":"69","international":"0"},{"date":"2012-06","domestic":"1929","transborder":"63","international":"1"},{"date":"2012-07","domestic":"2115","transborder":"91","international":"0"},{"date":"2012-08","domestic":"2304","transborder":"67","international":"0"},{"date":"2012-09","domestic":"2596","transborder":"74","international":"0"},{"date":"2012-10","domestic":"1177","transborder":"36","international":"1"},{"date":"2012-11","domestic":"1064","transborder":"25","international":"0"},{"date":"2012-12","domestic":"803","transborder":"18","international":"0"},{"date":"2013-01","domestic":"661","transborder":"25","international":"0"},{"date":"2013-02","domestic":"569","transborder":"18","international":"1"},{"date":"2013-03","domestic":"1291","transborder":"24","international":"0"},{"date":"2013-04","domestic":"1151","transborder":"34","international":"0"},{"date":"2013-05","domestic":"2578","transborder":"36","international":"0"},{"date":"2013-06","domestic":"1597","transborder":"46","international":"0"},{"date":"2013-07","domestic":"2031","transborder":"63","international":"0"},{"date":"2013-08","domestic":"2348","transborder":"72","international":"0"},{"date":"2013-09","domestic":"3002","transborder":"54","international":"2"},{"date":"2013-10","domestic":"1385","transborder":"64","international":"0"},{"date":"2013-11","domestic":"973","transborder":"30","international":"0"},{"date":"2013-12","domestic":"517","transborder":"18","international":"0"},{"date":"2014-01","domestic":"304","transborder":"12","international":"0"},{"date":"2014-02","domestic":"514","transborder":"16","international":"0"},{"date":"2014-03","domestic":"740","transborder":"25","international":"2"},{"date":"2014-04","domestic":"1050","transborder":"45","international":"0"},{"date":"2014-05","domestic":"2561","transborder":"37","international":"0"},{"date":"2014-06","domestic":"2179","transborder":"43","international":"0"},{"date":"2014-07","domestic":"1792","transborder":"129","international":"0"},{"date":"2014-08","domestic":"2271","transborder":"72","international":"0"},{"date":"2014-09","domestic":"2665","transborder":"82","international":"1"},{"date":"2014-10","domestic":"1346","transborder":"44","international":"2"},{"date":"2014-11","domestic":"778","transborder":"21","international":"0"},{"date":"2014-12","domestic":"755","transborder":"24","international":"0"},{"date":"2015-01","domestic":"559","transborder":"28","international":"0"},{"date":"2015-02","domestic":"405","transborder":"17","international":"0"},{"date":"2015-03","domestic":"937","transborder":"26","international":"0"},{"date":"2015-04","domestic":"1074","transborder":"46","international":"0"},{"date":"2015-05","domestic":"2135","transborder":"51","international":"3"},{"date":"2015-06","domestic":"1758","transborder":"42","international":"1"},{"date":"2015-07","domestic":"2339","transborder":"94","international":"0"},{"date":"2015-08","domestic":"2341","transborder":"95","international":"1"},{"date":"2015-09","domestic":"2572","transborder":"54","international":"2"},{"date":"2015-10","domestic":"1568","transborder":"52","international":"0"},{"date":"2015-11","domestic":"1112","transborder":"34","international":"2"},{"date":"2015-12","domestic":"555","transborder":"32","international":"1"},{"date":"2016-01","domestic":"493","transborder":"21","international":"1"},{"date":"2016-02","domestic":"555","transborder":"21","international":"0"},{"date":"2016-03","domestic":"882","transborder":"35","international":"0"},{"date":"2016-04","domestic":"1272","transborder":"46","international":"0"},{"date":"2016-05","domestic":"2811","transborder":"66","international":"0"},{"date":"2016-06","domestic":"2485","transborder":"58","international":"2"},{"date":"2016-07","domestic":"2501","transborder":"85","international":"2"},{"date":"2016-08","domestic":"2752","transborder":"80","international":"0"},{"date":"2016-09","domestic":"3187","transborder":"79","international":"0"},{"date":"2016-10","domestic":"1342","transborder":"76","international":"0"},{"date":"2016-11","domestic":"948","transborder":"48","international":"0"},{"date":"2016-12","domestic":"540","transborder":"21","international":"1"},{"date":"2017-01","domestic":"561","transborder":"30","international":"0"},{"date":"2017-02","domestic":"631","transborder":"31","international":"1"},{"date":"2017-03","domestic":"782","transborder":"17","international":"0"},{"date":"2017-04","domestic":"2079","transborder":"45","international":"1"},{"date":"2017-05","domestic":"2080","transborder":"44","international":"0"},{"date":"2017-06","domestic":"2007","transborder":"50","international":"2"},{"date":"2017-07","domestic":"2522","transborder":"66","international":"0"},{"date":"2017-08","domestic":"2458","transborder":"92","international":"0"},{"date":"2017-09","domestic":"3475","transborder":"56","international":"0"},{"date":"2017-10","domestic":"2557","transborder":"35","international":"1"},{"date":"2017-11","domestic":"1342","transborder":"21","international":"2"},{"date":"2017-12","domestic":"778","transborder":"24","international":"0"},{"date":"2018-01","domestic":"747","transborder":"37","international":"0"},{"date":"2018-02","domestic":"768","transborder":"27","international":"0"},{"date":"2018-03","domestic":"1318","transborder":"32","international":"0"},{"date":"2018-04","domestic":"1198","transborder":"37","international":"0"},{"date":"2018-05","domestic":"2805","transborder":"49","international":"0"},{"date":"2018-06","domestic":"2409","transborder":"61","international":"0"},{"date":"2018-07","domestic":"2653","transborder":"66","international":"1"},{"date":"2018-08","domestic":"2145","transborder":"85","international":"0"},{"date":"2018-09","domestic":"3209","transborder":"47","international":"0"},{"date":"2018-10","domestic":"1477","transborder":"47","international":"0"},{"date":"2018-11","domestic":"1030","transborder":"19","international":"0"},{"date":"2018-12","domestic":"982","transborder":"27","international":"0"},{"date":"2019-01","domestic":"752","transborder":"26","international":"1"},{"date":"2019-02","domestic":"961","transborder":"21","international":"1"}]