[{"date":"2010-01","domestic":"1143","transborder":"1","international":"0"},{"date":"2010-02","domestic":"1097","transborder":"1","international":"4"},{"date":"2010-03","domestic":"1370","transborder":"1","international":"2"},{"date":"2010-04","domestic":"1275","transborder":"0","international":"1"},{"date":"2010-05","domestic":"1288","transborder":"1","international":"0"},{"date":"2010-06","domestic":"1489","transborder":"6","international":"0"},{"date":"2010-07","domestic":"1496","transborder":"1","international":"0"},{"date":"2010-08","domestic":"1615","transborder":"10","international":"0"},{"date":"2010-09","domestic":"1303","transborder":"1","international":"2"},{"date":"2010-10","domestic":"1241","transborder":"3","international":"1"},{"date":"2010-11","domestic":"1144","transborder":"1","international":"1"},{"date":"2010-12","domestic":"1077","transborder":"3","international":"2"},{"date":"2011-01","domestic":"1078","transborder":"3","international":"0"},{"date":"2011-02","domestic":"1045","transborder":"2","international":"0"},{"date":"2011-03","domestic":"1209","transborder":"0","international":"7"},{"date":"2011-04","domestic":"1240","transborder":"0","international":"8"},{"date":"2011-05","domestic":"1393","transborder":"0","international":"4"},{"date":"2011-06","domestic":"1545","transborder":"1","international":"1"},{"date":"2011-07","domestic":"1605","transborder":"3","international":"0"},{"date":"2011-08","domestic":"1576","transborder":"8","international":"3"},{"date":"2011-09","domestic":"1372","transborder":"0","international":"1"},{"date":"2011-10","domestic":"1331","transborder":"3","international":"0"},{"date":"2011-11","domestic":"1230","transborder":"0","international":"0"},{"date":"2011-12","domestic":"1124","transborder":"0","international":"0"},{"date":"2012-01","domestic":"1209","transborder":"1","international":"1"},{"date":"2012-02","domestic":"1286","transborder":"0","international":"0"},{"date":"2012-03","domestic":"1392","transborder":"0","international":"8"},{"date":"2012-04","domestic":"1312","transborder":"0","international":"8"},{"date":"2012-05","domestic":"1471","transborder":"1","international":"4"},{"date":"2012-06","domestic":"1630","transborder":"1","international":"0"},{"date":"2012-07","domestic":"1738","transborder":"4","international":"1"},{"date":"2012-08","domestic":"1776","transborder":"6","international":"0"},{"date":"2012-09","domestic":"1396","transborder":"5","international":"0"},{"date":"2012-10","domestic":"1406","transborder":"7","international":"0"},{"date":"2012-11","domestic":"1270","transborder":"0","international":"0"},{"date":"2012-12","domestic":"1218","transborder":"0","international":"0"},{"date":"2013-01","domestic":"1272","transborder":"0","international":"0"},{"date":"2013-02","domestic":"1176","transborder":"0","international":"0"},{"date":"2013-03","domestic":"1450","transborder":"2","international":"5"},{"date":"2013-04","domestic":"1368","transborder":"0","international":"9"},{"date":"2013-05","domestic":"1371","transborder":"3","international":"4"},{"date":"2013-06","domestic":"1430","transborder":"1","international":"0"},{"date":"2013-07","domestic":"1691","transborder":"3","international":"1"},{"date":"2013-08","domestic":"1735","transborder":"0","international":"1"},{"date":"2013-09","domestic":"1494","transborder":"9","international":"1"},{"date":"2013-10","domestic":"1439","transborder":"4","international":"0"},{"date":"2013-11","domestic":"1251","transborder":"1","international":"0"},{"date":"2013-12","domestic":"1214","transborder":"2","international":"0"},{"date":"2014-01","domestic":"1305","transborder":"0","international":"0"},{"date":"2014-02","domestic":"1180","transborder":"0","international":"1"},{"date":"2014-03","domestic":"1370","transborder":"0","international":"6"},{"date":"2014-04","domestic":"1417","transborder":"2","international":"11"},{"date":"2014-05","domestic":"1403","transborder":"0","international":"3"},{"date":"2014-06","domestic":"1537","transborder":"5","international":"0"},{"date":"2014-07","domestic":"1711","transborder":"8","international":"2"},{"date":"2014-08","domestic":"1723","transborder":"2","international":"1"},{"date":"2014-09","domestic":"1558","transborder":"3","international":"2"},{"date":"2014-10","domestic":"1578","transborder":"5","international":"1"},{"date":"2014-11","domestic":"1300","transborder":"2","international":"0"},{"date":"2014-12","domestic":"1316","transborder":"1","international":"0"},{"date":"2015-01","domestic":"1313","transborder":"2","international":"0"},{"date":"2015-02","domestic":"1155","transborder":"0","international":"2"},{"date":"2015-03","domestic":"1412","transborder":"1","international":"7"},{"date":"2015-04","domestic":"1410","transborder":"5","international":"9"},{"date":"2015-05","domestic":"1389","transborder":"2","international":"1"},{"date":"2015-06","domestic":"1550","transborder":"6","international":"0"},{"date":"2015-07","domestic":"1864","transborder":"1","international":"3"},{"date":"2015-08","domestic":"1889","transborder":"6","international":"2"},{"date":"2015-09","domestic":"1700","transborder":"10","international":"1"},{"date":"2015-10","domestic":"1551","transborder":"4","international":"0"},{"date":"2015-11","domestic":"1399","transborder":"0","international":"0"},{"date":"2015-12","domestic":"1331","transborder":"0","international":"0"},{"date":"2016-01","domestic":"1187","transborder":"0","international":"0"},{"date":"2016-02","domestic":"1185","transborder":"0","international":"0"},{"date":"2016-03","domestic":"1468","transborder":"4","international":"6"},{"date":"2016-04","domestic":"1382","transborder":"5","international":"10"},{"date":"2016-05","domestic":"1627","transborder":"3","international":"6"},{"date":"2016-06","domestic":"1804","transborder":"4","international":"4"},{"date":"2016-07","domestic":"1926","transborder":"12","international":"0"},{"date":"2016-08","domestic":"2157","transborder":"16","international":"1"},{"date":"2016-09","domestic":"1893","transborder":"7","international":"1"},{"date":"2016-10","domestic":"1762","transborder":"4","international":"0"},{"date":"2016-11","domestic":"1548","transborder":"2","international":"1"},{"date":"2016-12","domestic":"1366","transborder":"0","international":"0"},{"date":"2017-01","domestic":"1582","transborder":"0","international":"0"},{"date":"2017-02","domestic":"1199","transborder":"4","international":"2"},{"date":"2017-03","domestic":"1451","transborder":"0","international":"5"},{"date":"2017-04","domestic":"1397","transborder":"0","international":"10"},{"date":"2017-05","domestic":"1604","transborder":"0","international":"6"},{"date":"2017-06","domestic":"1556","transborder":"5","international":"0"},{"date":"2017-07","domestic":"1776","transborder":"3","international":"0"},{"date":"2017-08","domestic":"1826","transborder":"5","international":"3"},{"date":"2017-09","domestic":"1563","transborder":"4","international":"0"},{"date":"2017-10","domestic":"1631","transborder":"5","international":"0"},{"date":"2017-11","domestic":"1344","transborder":"0","international":"0"},{"date":"2017-12","domestic":"1109","transborder":"0","international":"0"},{"date":"2018-01","domestic":"1192","transborder":"0","international":"0"},{"date":"2018-02","domestic":"1138","transborder":"0","international":"0"},{"date":"2018-03","domestic":"1270","transborder":"1","international":"9"},{"date":"2018-04","domestic":"1282","transborder":"1","international":"9"},{"date":"2018-05","domestic":"1449","transborder":"0","international":"5"},{"date":"2018-06","domestic":"1401","transborder":"2","international":"2"},{"date":"2018-07","domestic":"1774","transborder":"5","international":"0"},{"date":"2018-08","domestic":"1771","transborder":"9","international":"0"},{"date":"2018-09","domestic":"1451","transborder":"6","international":"0"},{"date":"2018-10","domestic":"1469","transborder":"4","international":"1"},{"date":"2018-11","domestic":"1103","transborder":"1","international":"1"},{"date":"2018-12","domestic":"1003","transborder":"1","international":"1"},{"date":"2019-01","domestic":"1089","transborder":"0","international":"0"},{"date":"2019-02","domestic":"976","transborder":"2","international":"2"}]