[{"date":"2010-01","domestic":"4157","transborder":"33","international":"5"},{"date":"2010-02","domestic":"970","transborder":"26","international":"2"},{"date":"2010-03","domestic":"2973","transborder":"36","international":"6"},{"date":"2010-04","domestic":"4786","transborder":"50","international":"5"},{"date":"2010-05","domestic":"5600","transborder":"88","international":"7"},{"date":"2010-06","domestic":"6548","transborder":"137","international":"10"},{"date":"2010-07","domestic":"9163","transborder":"143","international":"6"},{"date":"2010-08","domestic":"7157","transborder":"124","international":"0"},{"date":"2010-09","domestic":"5493","transborder":"116","international":"0"},{"date":"2010-10","domestic":"5982","transborder":"133","international":"0"},{"date":"2010-11","domestic":"3332","transborder":"75","international":"0"},{"date":"2010-12","domestic":"3193","transborder":"46","international":"0"},{"date":"2011-01","domestic":"3165","transborder":"44","international":"0"},{"date":"2011-02","domestic":"3239","transborder":"80","international":"0"},{"date":"2011-03","domestic":"3619","transborder":"71","international":"1"},{"date":"2011-04","domestic":"4442","transborder":"84","international":"1"},{"date":"2011-05","domestic":"5229","transborder":"116","international":"0"},{"date":"2011-06","domestic":"6189","transborder":"136","international":"0"},{"date":"2011-07","domestic":"6939","transborder":"177","international":"0"},{"date":"2011-08","domestic":"8016","transborder":"139","international":"0"},{"date":"2011-09","domestic":"6296","transborder":"142","international":"0"},{"date":"2011-10","domestic":"4539","transborder":"52","international":"0"},{"date":"2011-11","domestic":"3635","transborder":"57","international":"0"},{"date":"2011-12","domestic":"3012","transborder":"48","international":"0"},{"date":"2012-01","domestic":"2368","transborder":"37","international":"0"},{"date":"2012-02","domestic":"3328","transborder":"58","international":"1"},{"date":"2012-03","domestic":"3500","transborder":"57","international":"0"},{"date":"2012-04","domestic":"4645","transborder":"84","international":"0"},{"date":"2012-05","domestic":"5781","transborder":"131","international":"0"},{"date":"2012-06","domestic":"5724","transborder":"115","international":"0"},{"date":"2012-07","domestic":"8488","transborder":"155","international":"1"},{"date":"2012-08","domestic":"8567","transborder":"126","international":"0"},{"date":"2012-09","domestic":"7340","transborder":"141","international":"0"},{"date":"2012-10","domestic":"3947","transborder":"59","international":"0"},{"date":"2012-11","domestic":"3696","transborder":"50","international":"0"},{"date":"2012-12","domestic":"1678","transborder":"27","international":"0"},{"date":"2013-01","domestic":"2423","transborder":"24","international":"0"},{"date":"2013-02","domestic":"2457","transborder":"20","international":"0"},{"date":"2013-03","domestic":"4860","transborder":"65","international":"1"},{"date":"2013-04","domestic":"4630","transborder":"83","international":"0"},{"date":"2013-05","domestic":"5950","transborder":"115","international":"2"},{"date":"2013-06","domestic":"6584","transborder":"134","international":"1"},{"date":"2013-07","domestic":"9304","transborder":"170","international":"0"},{"date":"2013-08","domestic":"7518","transborder":"177","international":"1"},{"date":"2013-09","domestic":"5111","transborder":"98","international":"0"},{"date":"2013-10","domestic":"4669","transborder":"55","international":"1"},{"date":"2013-11","domestic":"4628","transborder":"43","international":"0"},{"date":"2013-12","domestic":"2315","transborder":"37","international":"0"},{"date":"2014-01","domestic":"2630","transborder":"28","international":"0"},{"date":"2014-02","domestic":"3612","transborder":"40","international":"0"},{"date":"2014-03","domestic":"4349","transborder":"42","international":"0"},{"date":"2014-04","domestic":"5603","transborder":"94","international":"1"},{"date":"2014-05","domestic":"6838","transborder":"99","international":"1"},{"date":"2014-06","domestic":"7384","transborder":"136","international":"0"},{"date":"2014-07","domestic":"8756","transborder":"163","international":"0"},{"date":"2014-08","domestic":"7383","transborder":"165","international":"2"},{"date":"2014-09","domestic":"6245","transborder":"142","international":"2"},{"date":"2014-10","domestic":"4020","transborder":"89","international":"0"},{"date":"2014-11","domestic":"4497","transborder":"59","international":"0"},{"date":"2014-12","domestic":"3231","transborder":"47","international":"0"},{"date":"2015-01","domestic":"2667","transborder":"35","international":"0"},{"date":"2015-02","domestic":"3870","transborder":"71","international":"0"},{"date":"2015-03","domestic":"4973","transborder":"82","international":"0"},{"date":"2015-04","domestic":"5792","transborder":"91","international":"0"},{"date":"2015-05","domestic":"7014","transborder":"163","international":"1"},{"date":"2015-06","domestic":"8155","transborder":"150","international":"0"},{"date":"2015-07","domestic":"7706","transborder":"150","international":"1"},{"date":"2015-08","domestic":"6926","transborder":"114","international":"0"},{"date":"2015-09","domestic":"6084","transborder":"127","international":"1"},{"date":"2015-10","domestic":"4941","transborder":"68","international":"0"},{"date":"2015-11","domestic":"4707","transborder":"44","international":"0"},{"date":"2015-12","domestic":"2177","transborder":"25","international":"0"},{"date":"2016-01","domestic":"3067","transborder":"31","international":"0"},{"date":"2016-02","domestic":"4109","transborder":"50","international":"0"},{"date":"2016-03","domestic":"4962","transborder":"64","international":"0"},{"date":"2016-04","domestic":"6308","transborder":"102","international":"0"},{"date":"2016-05","domestic":"6372","transborder":"150","international":"0"},{"date":"2016-06","domestic":"7119","transborder":"110","international":"0"},{"date":"2016-07","domestic":"8195","transborder":"164","international":"0"},{"date":"2016-08","domestic":"8195","transborder":"172","international":"0"},{"date":"2016-09","domestic":"6932","transborder":"132","international":"0"},{"date":"2016-10","domestic":"4463","transborder":"61","international":"1"},{"date":"2016-11","domestic":"3468","transborder":"51","international":"2"},{"date":"2016-12","domestic":"2283","transborder":"30","international":"2"},{"date":"2017-01","domestic":"4223","transborder":"46","international":"1"},{"date":"2017-02","domestic":"2907","transborder":"57","international":"0"},{"date":"2017-03","domestic":"3426","transborder":"54","international":"0"},{"date":"2017-04","domestic":"5333","transborder":"71","international":"0"},{"date":"2017-05","domestic":"7420","transborder":"101","international":"0"},{"date":"2017-06","domestic":"8094","transborder":"139","international":"0"},{"date":"2017-07","domestic":"9863","transborder":"139","international":"0"},{"date":"2017-08","domestic":"7751","transborder":"135","international":"0"},{"date":"2017-09","domestic":"6293","transborder":"124","international":"0"},{"date":"2017-10","domestic":"5929","transborder":"78","international":"1"},{"date":"2017-11","domestic":"3388","transborder":"42","international":"0"},{"date":"2017-12","domestic":"3049","transborder":"36","international":"0"},{"date":"2018-01","domestic":"1939","transborder":"23","international":"0"},{"date":"2018-02","domestic":"3174","transborder":"34","international":"0"},{"date":"2018-03","domestic":"5246","transborder":"84","international":"0"},{"date":"2018-04","domestic":"4794","transborder":"56","international":"0"},{"date":"2018-05","domestic":"8646","transborder":"113","international":"1"},{"date":"2018-06","domestic":"7570","transborder":"131","international":"0"},{"date":"2018-07","domestic":"10275","transborder":"173","international":"0"},{"date":"2018-08","domestic":"6424","transborder":"114","international":"0"},{"date":"2018-09","domestic":"7152","transborder":"120","international":"0"},{"date":"2018-10","domestic":"6573","transborder":"103","international":"1"},{"date":"2018-11","domestic":"5158","transborder":"44","international":"0"},{"date":"2018-12","domestic":"3698","transborder":"60","international":"0"},{"date":"2019-01","domestic":"4933","transborder":"42","international":"0"},{"date":"2019-02","domestic":"3801","transborder":"45","international":"0"}]