[{"date":"2010-01","domestic":"8879","transborder":"1439","international":"305"},{"date":"2010-02","domestic":"8364","transborder":"1354","international":"272"},{"date":"2010-03","domestic":"9096","transborder":"1535","international":"322"},{"date":"2010-04","domestic":"8375","transborder":"1560","international":"275"},{"date":"2010-05","domestic":"9092","transborder":"1365","international":"145"},{"date":"2010-06","domestic":"9141","transborder":"1248","international":"128"},{"date":"2010-07","domestic":"9267","transborder":"1283","international":"140"},{"date":"2010-08","domestic":"9597","transborder":"1295","international":"113"},{"date":"2010-09","domestic":"9207","transborder":"1246","international":"101"},{"date":"2010-10","domestic":"9179","transborder":"1266","international":"102"},{"date":"2010-11","domestic":"8761","transborder":"1333","international":"193"},{"date":"2010-12","domestic":"9033","transborder":"1370","international":"224"},{"date":"2011-01","domestic":"9162","transborder":"1369","international":"264"},{"date":"2011-02","domestic":"8629","transborder":"1265","international":"240"},{"date":"2011-03","domestic":"9829","transborder":"1446","international":"276"},{"date":"2011-04","domestic":"8715","transborder":"1440","international":"266"},{"date":"2011-05","domestic":"9550","transborder":"1413","international":"159"},{"date":"2011-06","domestic":"9617","transborder":"1288","international":"102"},{"date":"2011-07","domestic":"9700","transborder":"1356","international":"112"},{"date":"2011-08","domestic":"10250","transborder":"1355","international":"106"},{"date":"2011-09","domestic":"9556","transborder":"1302","international":"100"},{"date":"2011-10","domestic":"9676","transborder":"1468","international":"102"},{"date":"2011-11","domestic":"9237","transborder":"1388","international":"202"},{"date":"2011-12","domestic":"9209","transborder":"1500","international":"256"},{"date":"2012-01","domestic":"9927","transborder":"1457","international":"285"},{"date":"2012-02","domestic":"9634","transborder":"1370","international":"264"},{"date":"2012-03","domestic":"9867","transborder":"1559","international":"292"},{"date":"2012-04","domestic":"9060","transborder":"1514","international":"253"},{"date":"2012-05","domestic":"10135","transborder":"1403","international":"138"},{"date":"2012-06","domestic":"9903","transborder":"1210","international":"103"},{"date":"2012-07","domestic":"10461","transborder":"1308","international":"102"},{"date":"2012-08","domestic":"10678","transborder":"1303","international":"100"},{"date":"2012-09","domestic":"9840","transborder":"1237","international":"82"},{"date":"2012-10","domestic":"10465","transborder":"1443","international":"90"},{"date":"2012-11","domestic":"9843","transborder":"1452","international":"215"},{"date":"2012-12","domestic":"9612","transborder":"1468","international":"270"},{"date":"2013-01","domestic":"10569","transborder":"1439","international":"299"},{"date":"2013-02","domestic":"9628","transborder":"1361","international":"280"},{"date":"2013-03","domestic":"10534","transborder":"1576","international":"319"},{"date":"2013-04","domestic":"10756","transborder":"1543","international":"279"},{"date":"2013-05","domestic":"11488","transborder":"1473","international":"161"},{"date":"2013-06","domestic":"11235","transborder":"1284","international":"103"},{"date":"2013-07","domestic":"11883","transborder":"1246","international":"100"},{"date":"2013-08","domestic":"11677","transborder":"1335","international":"98"},{"date":"2013-09","domestic":"11492","transborder":"1396","international":"82"},{"date":"2013-10","domestic":"11869","transborder":"1607","international":"93"},{"date":"2013-11","domestic":"11073","transborder":"1539","international":"237"},{"date":"2013-12","domestic":"11244","transborder":"1517","international":"306"},{"date":"2014-01","domestic":"12095","transborder":"1511","international":"309"},{"date":"2014-02","domestic":"11061","transborder":"1411","international":"255"},{"date":"2014-03","domestic":"11875","transborder":"1651","international":"324"},{"date":"2014-04","domestic":"11831","transborder":"1631","international":"287"},{"date":"2014-05","domestic":"12620","transborder":"1537","international":"186"},{"date":"2014-06","domestic":"12427","transborder":"1374","international":"137"},{"date":"2014-07","domestic":"13019","transborder":"1358","international":"152"},{"date":"2014-08","domestic":"12648","transborder":"1359","international":"163"},{"date":"2014-09","domestic":"12496","transborder":"1422","international":"115"},{"date":"2014-10","domestic":"12509","transborder":"1714","international":"129"},{"date":"2014-11","domestic":"10800","transborder":"1609","international":"245"},{"date":"2014-12","domestic":"11520","transborder":"1597","international":"322"},{"date":"2015-01","domestic":"11229","transborder":"1472","international":"389"},{"date":"2015-02","domestic":"10241","transborder":"1340","international":"316"},{"date":"2015-03","domestic":"11405","transborder":"1543","international":"356"},{"date":"2015-04","domestic":"11040","transborder":"1519","international":"360"},{"date":"2015-05","domestic":"11836","transborder":"1330","international":"205"},{"date":"2015-06","domestic":"12143","transborder":"1284","international":"136"},{"date":"2015-07","domestic":"12627","transborder":"1349","international":"166"},{"date":"2015-08","domestic":"12057","transborder":"1290","international":"162"},{"date":"2015-09","domestic":"11929","transborder":"1296","international":"153"},{"date":"2015-10","domestic":"11643","transborder":"1430","international":"163"},{"date":"2015-11","domestic":"10198","transborder":"1322","international":"315"},{"date":"2015-12","domestic":"10359","transborder":"1407","international":"362"},{"date":"2016-01","domestic":"9967","transborder":"1335","international":"397"},{"date":"2016-02","domestic":"9592","transborder":"1229","international":"344"},{"date":"2016-03","domestic":"10061","transborder":"1242","international":"342"},{"date":"2016-04","domestic":"9523","transborder":"1204","international":"298"},{"date":"2016-05","domestic":"11470","transborder":"1023","international":"172"},{"date":"2016-06","domestic":"10625","transborder":"1013","international":"140"},{"date":"2016-07","domestic":"10494","transborder":"883","international":"142"},{"date":"2016-08","domestic":"10804","transborder":"895","international":"140"},{"date":"2016-09","domestic":"10091","transborder":"916","international":"125"},{"date":"2016-10","domestic":"9749","transborder":"1081","international":"143"},{"date":"2016-11","domestic":"9242","transborder":"1135","international":"256"},{"date":"2016-12","domestic":"9534","transborder":"1099","international":"298"},{"date":"2017-01","domestic":"9437","transborder":"1115","international":"314"},{"date":"2017-02","domestic":"8838","transborder":"1043","international":"276"},{"date":"2017-03","domestic":"10084","transborder":"1232","international":"306"},{"date":"2017-04","domestic":"9279","transborder":"1168","international":"312"},{"date":"2017-05","domestic":"11189","transborder":"1001","international":"155"},{"date":"2017-06","domestic":"10900","transborder":"886","international":"106"},{"date":"2017-07","domestic":"10955","transborder":"888","international":"127"},{"date":"2017-08","domestic":"11221","transborder":"866","international":"128"},{"date":"2017-09","domestic":"10362","transborder":"897","international":"101"},{"date":"2017-10","domestic":"10599","transborder":"950","international":"101"},{"date":"2017-11","domestic":"9723","transborder":"1041","international":"254"},{"date":"2017-12","domestic":"9668","transborder":"1094","international":"322"},{"date":"2018-01","domestic":"10002","transborder":"1177","international":"334"},{"date":"2018-02","domestic":"8999","transborder":"1053","international":"295"},{"date":"2018-03","domestic":"9933","transborder":"1226","international":"320"},{"date":"2018-04","domestic":"9802","transborder":"1123","international":"299"},{"date":"2018-05","domestic":"11651","transborder":"981","international":"149"},{"date":"2018-06","domestic":"11012","transborder":"947","international":"88"},{"date":"2018-07","domestic":"11572","transborder":"945","international":"96"},{"date":"2018-08","domestic":"11784","transborder":"964","international":"97"},{"date":"2018-09","domestic":"10709","transborder":"979","international":"87"},{"date":"2018-10","domestic":"10965","transborder":"1013","international":"101"},{"date":"2018-11","domestic":"9691","transborder":"1174","international":"258"},{"date":"2018-12","domestic":"9484","transborder":"1281","international":"337"},{"date":"2019-01","domestic":"9802","transborder":"1292","international":"354"},{"date":"2019-02","domestic":"8624","transborder":"1188","international":"320"}]