[{"date":"2010-01","domestic":"585","transborder":"0","international":"0"},{"date":"2010-02","domestic":"571","transborder":"1","international":"0"},{"date":"2010-03","domestic":"824","transborder":"5","international":"0"},{"date":"2010-04","domestic":"924","transborder":"2","international":"0"},{"date":"2010-05","domestic":"1495","transborder":"3","international":"0"},{"date":"2010-06","domestic":"1693","transborder":"16","international":"0"},{"date":"2010-07","domestic":"1836","transborder":"11","international":"0"},{"date":"2010-08","domestic":"1831","transborder":"5","international":"0"},{"date":"2010-09","domestic":"1541","transborder":"0","international":"0"},{"date":"2010-10","domestic":"1080","transborder":"0","international":"1"},{"date":"2010-11","domestic":"987","transborder":"0","international":"0"},{"date":"2010-12","domestic":"836","transborder":"0","international":"0"},{"date":"2011-01","domestic":"582","transborder":"0","international":"0"},{"date":"2011-02","domestic":"479","transborder":"0","international":"0"},{"date":"2011-03","domestic":"932","transborder":"0","international":"0"},{"date":"2011-04","domestic":"641","transborder":"2","international":"0"},{"date":"2011-05","domestic":"1219","transborder":"0","international":"0"},{"date":"2011-06","domestic":"1453","transborder":"2","international":"0"},{"date":"2011-07","domestic":"1734","transborder":"1","international":"0"},{"date":"2011-08","domestic":"1606","transborder":"5","international":"0"},{"date":"2011-09","domestic":"1259","transborder":"0","international":"0"},{"date":"2011-10","domestic":"1048","transborder":"0","international":"0"},{"date":"2011-11","domestic":"1248","transborder":"0","international":"0"},{"date":"2011-12","domestic":"599","transborder":"1","international":"0"},{"date":"2012-01","domestic":"526","transborder":"0","international":"0"},{"date":"2012-02","domestic":"673","transborder":"0","international":"0"},{"date":"2012-03","domestic":"882","transborder":"7","international":"0"},{"date":"2012-04","domestic":"721","transborder":"3","international":"0"},{"date":"2012-05","domestic":"1222","transborder":"2","international":"0"},{"date":"2012-06","domestic":"1704","transborder":"9","international":"0"},{"date":"2012-07","domestic":"1865","transborder":"5","international":"0"},{"date":"2012-08","domestic":"2015","transborder":"3","international":"0"},{"date":"2012-09","domestic":"1387","transborder":"0","international":"0"},{"date":"2012-10","domestic":"1098","transborder":"3","international":"0"},{"date":"2012-11","domestic":"986","transborder":"3","international":"0"},{"date":"2012-12","domestic":"730","transborder":"0","international":"0"},{"date":"2013-01","domestic":"568","transborder":"1","international":"0"},{"date":"2013-02","domestic":"650","transborder":"2","international":"0"},{"date":"2013-03","domestic":"683","transborder":"1","international":"0"},{"date":"2013-04","domestic":"882","transborder":"2","international":"0"},{"date":"2013-05","domestic":"1008","transborder":"2","international":"0"},{"date":"2013-06","domestic":"1426","transborder":"1","international":"0"},{"date":"2013-07","domestic":"1733","transborder":"4","international":"0"},{"date":"2013-08","domestic":"1654","transborder":"0","international":"0"},{"date":"2013-09","domestic":"1083","transborder":"0","international":"0"},{"date":"2013-10","domestic":"1028","transborder":"0","international":"0"},{"date":"2013-11","domestic":"982","transborder":"0","international":"0"},{"date":"2013-12","domestic":"732","transborder":"0","international":"0"},{"date":"2014-01","domestic":"519","transborder":"1","international":"0"},{"date":"2014-02","domestic":"518","transborder":"0","international":"0"},{"date":"2014-03","domestic":"686","transborder":"0","international":"0"},{"date":"2014-04","domestic":"652","transborder":"0","international":"0"},{"date":"2014-05","domestic":"1192","transborder":"0","international":"0"},{"date":"2014-06","domestic":"1310","transborder":"1","international":"4"},{"date":"2014-07","domestic":"1403","transborder":"10","international":"0"},{"date":"2014-08","domestic":"1616","transborder":"0","international":"7"},{"date":"2014-09","domestic":"1231","transborder":"8","international":"0"},{"date":"2014-10","domestic":"928","transborder":"1","international":"0"},{"date":"2014-11","domestic":"937","transborder":"0","international":"0"},{"date":"2014-12","domestic":"546","transborder":"0","international":"0"},{"date":"2015-01","domestic":"449","transborder":"0","international":"0"},{"date":"2015-02","domestic":"511","transborder":"0","international":"0"},{"date":"2015-03","domestic":"694","transborder":"3","international":"0"},{"date":"2015-04","domestic":"689","transborder":"4","international":"0"},{"date":"2015-05","domestic":"1195","transborder":"6","international":"2"},{"date":"2015-06","domestic":"1333","transborder":"2","international":"0"},{"date":"2015-07","domestic":"1545","transborder":"1","international":"0"},{"date":"2015-08","domestic":"1914","transborder":"5","international":"0"},{"date":"2015-09","domestic":"1278","transborder":"1","international":"0"},{"date":"2015-10","domestic":"1045","transborder":"1","international":"0"},{"date":"2015-11","domestic":"883","transborder":"0","international":"0"},{"date":"2015-12","domestic":"628","transborder":"0","international":"0"},{"date":"2016-01","domestic":"458","transborder":"0","international":"0"},{"date":"2016-02","domestic":"481","transborder":"0","international":"0"},{"date":"2016-03","domestic":"562","transborder":"1","international":"0"},{"date":"2016-04","domestic":"658","transborder":"0","international":"0"},{"date":"2016-05","domestic":"1153","transborder":"0","international":"0"},{"date":"2016-06","domestic":"1317","transborder":"1","international":"0"},{"date":"2016-07","domestic":"1552","transborder":"2","international":"0"},{"date":"2016-08","domestic":"1515","transborder":"9","international":"0"},{"date":"2016-09","domestic":"1144","transborder":"2","international":"1"},{"date":"2016-10","domestic":"1024","transborder":"3","international":"0"},{"date":"2016-11","domestic":"733","transborder":"0","international":"0"},{"date":"2016-12","domestic":"516","transborder":"0","international":"0"},{"date":"2017-01","domestic":"473","transborder":"0","international":"0"},{"date":"2017-02","domestic":"410","transborder":"0","international":"0"},{"date":"2017-03","domestic":"648","transborder":"0","international":"0"},{"date":"2017-04","domestic":"548","transborder":"5","international":"0"},{"date":"2017-05","domestic":"1073","transborder":"2","international":"1"},{"date":"2017-06","domestic":"1537","transborder":"2","international":"0"},{"date":"2017-07","domestic":"1550","transborder":"12","international":"0"},{"date":"2017-08","domestic":"1439","transborder":"7","international":"0"},{"date":"2017-09","domestic":"1206","transborder":"0","international":"1"},{"date":"2017-10","domestic":"918","transborder":"1","international":"0"},{"date":"2017-11","domestic":"941","transborder":"0","international":"0"},{"date":"2017-12","domestic":"604","transborder":"0","international":"0"},{"date":"2018-01","domestic":"473","transborder":"0","international":"0"},{"date":"2018-02","domestic":"474","transborder":"2","international":"0"},{"date":"2018-03","domestic":"591","transborder":"2","international":"0"},{"date":"2018-04","domestic":"556","transborder":"0","international":"0"},{"date":"2018-05","domestic":"1130","transborder":"0","international":"2"},{"date":"2018-06","domestic":"1105","transborder":"1","international":"0"},{"date":"2018-07","domestic":"1273","transborder":"1","international":"0"},{"date":"2018-08","domestic":"1268","transborder":"3","international":"1"},{"date":"2018-09","domestic":"923","transborder":"0","international":"0"},{"date":"2018-10","domestic":"839","transborder":"0","international":"0"},{"date":"2018-11","domestic":"899","transborder":"0","international":"0"},{"date":"2018-12","domestic":"643","transborder":"0","international":"0"},{"date":"2019-01","domestic":"466","transborder":"0","international":"0"},{"date":"2019-02","domestic":"468","transborder":"4","international":"0"}]