[{"date":"2010-01","domestic":"911","transborder":"9","international":"21"},{"date":"2010-02","domestic":"1035","transborder":"29","international":"54"},{"date":"2010-03","domestic":"1238","transborder":"23","international":"54"},{"date":"2010-04","domestic":"1366","transborder":"14","international":"57"},{"date":"2010-05","domestic":"1464","transborder":"53","international":"90"},{"date":"2010-06","domestic":"1843","transborder":"50","international":"92"},{"date":"2010-07","domestic":"2147","transborder":"58","international":"74"},{"date":"2010-08","domestic":"2129","transborder":"53","international":"61"},{"date":"2010-09","domestic":"1581","transborder":"39","international":"62"},{"date":"2010-10","domestic":"1454","transborder":"32","international":"60"},{"date":"2010-11","domestic":"1137","transborder":"30","international":"53"},{"date":"2010-12","domestic":"1143","transborder":"20","international":"34"},{"date":"2011-01","domestic":"1025","transborder":"21","international":"34"},{"date":"2011-02","domestic":"1144","transborder":"22","international":"43"},{"date":"2011-03","domestic":"1534","transborder":"24","international":"47"},{"date":"2011-04","domestic":"1589","transborder":"20","international":"51"},{"date":"2011-05","domestic":"1606","transborder":"17","international":"75"},{"date":"2011-06","domestic":"1859","transborder":"18","international":"69"},{"date":"2011-07","domestic":"2189","transborder":"23","international":"91"},{"date":"2011-08","domestic":"2128","transborder":"18","international":"69"},{"date":"2011-09","domestic":"1703","transborder":"23","international":"92"},{"date":"2011-10","domestic":"1449","transborder":"18","international":"58"},{"date":"2011-11","domestic":"1234","transborder":"12","international":"45"},{"date":"2011-12","domestic":"1190","transborder":"10","international":"42"},{"date":"2012-01","domestic":"1120","transborder":"8","international":"39"},{"date":"2012-02","domestic":"1142","transborder":"9","international":"39"},{"date":"2012-03","domestic":"1396","transborder":"11","international":"55"},{"date":"2012-04","domestic":"1448","transborder":"21","international":"46"},{"date":"2012-05","domestic":"1497","transborder":"13","international":"69"},{"date":"2012-06","domestic":"1484","transborder":"14","international":"63"},{"date":"2012-07","domestic":"1757","transborder":"13","international":"98"},{"date":"2012-08","domestic":"2054","transborder":"18","international":"97"},{"date":"2012-09","domestic":"1575","transborder":"21","international":"87"},{"date":"2012-10","domestic":"1504","transborder":"16","international":"68"},{"date":"2012-11","domestic":"1383","transborder":"11","international":"52"},{"date":"2012-12","domestic":"1114","transborder":"5","international":"29"},{"date":"2013-01","domestic":"1172","transborder":"13","international":"26"},{"date":"2013-02","domestic":"1125","transborder":"9","international":"35"},{"date":"2013-03","domestic":"1278","transborder":"7","international":"47"},{"date":"2013-04","domestic":"1537","transborder":"9","international":"37"},{"date":"2013-05","domestic":"1479","transborder":"10","international":"53"},{"date":"2013-06","domestic":"1599","transborder":"22","international":"89"},{"date":"2013-07","domestic":"1915","transborder":"19","international":"98"},{"date":"2013-08","domestic":"1898","transborder":"23","international":"102"},{"date":"2013-09","domestic":"1541","transborder":"14","international":"93"},{"date":"2013-10","domestic":"1479","transborder":"16","international":"58"},{"date":"2013-11","domestic":"1301","transborder":"8","international":"46"},{"date":"2013-12","domestic":"1120","transborder":"9","international":"29"},{"date":"2014-01","domestic":"1115","transborder":"5","international":"31"},{"date":"2014-02","domestic":"1152","transborder":"17","international":"42"},{"date":"2014-03","domestic":"1421","transborder":"12","international":"43"},{"date":"2014-04","domestic":"1463","transborder":"19","international":"56"},{"date":"2014-05","domestic":"1358","transborder":"14","international":"42"},{"date":"2014-06","domestic":"1446","transborder":"21","international":"65"},{"date":"2014-07","domestic":"1703","transborder":"26","international":"109"},{"date":"2014-08","domestic":"2442","transborder":"22","international":"79"},{"date":"2014-09","domestic":"1666","transborder":"19","international":"69"},{"date":"2014-10","domestic":"1447","transborder":"11","international":"62"},{"date":"2014-11","domestic":"1354","transborder":"10","international":"53"},{"date":"2014-12","domestic":"1141","transborder":"10","international":"33"},{"date":"2015-01","domestic":"1225","transborder":"14","international":"41"},{"date":"2015-02","domestic":"1240","transborder":"9","international":"39"},{"date":"2015-03","domestic":"1612","transborder":"4","international":"42"},{"date":"2015-04","domestic":"1619","transborder":"10","international":"41"},{"date":"2015-05","domestic":"1422","transborder":"14","international":"59"},{"date":"2015-06","domestic":"1469","transborder":"13","international":"54"},{"date":"2015-07","domestic":"1555","transborder":"10","international":"50"},{"date":"2015-08","domestic":"1729","transborder":"15","international":"53"},{"date":"2015-09","domestic":"1499","transborder":"11","international":"64"},{"date":"2015-10","domestic":"1531","transborder":"16","international":"68"},{"date":"2015-11","domestic":"1272","transborder":"10","international":"38"},{"date":"2015-12","domestic":"1080","transborder":"9","international":"33"},{"date":"2016-01","domestic":"1003","transborder":"4","international":"32"},{"date":"2016-02","domestic":"1022","transborder":"3","international":"35"},{"date":"2016-03","domestic":"1223","transborder":"5","international":"115"},{"date":"2016-04","domestic":"1222","transborder":"8","international":"41"},{"date":"2016-05","domestic":"1308","transborder":"9","international":"63"},{"date":"2016-06","domestic":"1377","transborder":"13","international":"85"},{"date":"2016-07","domestic":"1428","transborder":"11","international":"79"},{"date":"2016-08","domestic":"1709","transborder":"16","international":"89"},{"date":"2016-09","domestic":"1423","transborder":"21","international":"41"},{"date":"2016-10","domestic":"1415","transborder":"13","international":"55"},{"date":"2016-11","domestic":"1263","transborder":"9","international":"40"},{"date":"2016-12","domestic":"1092","transborder":"17","international":"30"},{"date":"2017-01","domestic":"1065","transborder":"8","international":"33"},{"date":"2017-02","domestic":"1135","transborder":"5","international":"35"},{"date":"2017-03","domestic":"1407","transborder":"7","international":"34"},{"date":"2017-04","domestic":"1315","transborder":"7","international":"39"},{"date":"2017-05","domestic":"1474","transborder":"10","international":"46"},{"date":"2017-06","domestic":"1582","transborder":"11","international":"58"},{"date":"2017-07","domestic":"1770","transborder":"19","international":"70"},{"date":"2017-08","domestic":"1974","transborder":"18","international":"68"},{"date":"2017-09","domestic":"1600","transborder":"18","international":"70"},{"date":"2017-10","domestic":"1453","transborder":"8","international":"53"},{"date":"2017-11","domestic":"1304","transborder":"7","international":"37"},{"date":"2017-12","domestic":"1237","transborder":"4","international":"34"},{"date":"2018-01","domestic":"1209","transborder":"3","international":"26"},{"date":"2018-02","domestic":"1202","transborder":"17","international":"36"},{"date":"2018-03","domestic":"1542","transborder":"10","international":"36"},{"date":"2018-04","domestic":"1454","transborder":"13","international":"36"},{"date":"2018-05","domestic":"1598","transborder":"12","international":"66"},{"date":"2018-06","domestic":"1517","transborder":"22","international":"92"},{"date":"2018-07","domestic":"1796","transborder":"19","international":"109"},{"date":"2018-08","domestic":"1994","transborder":"17","international":"90"},{"date":"2018-09","domestic":"1588","transborder":"10","international":"71"},{"date":"2018-10","domestic":"1490","transborder":"11","international":"70"},{"date":"2018-11","domestic":"1538","transborder":"8","international":"35"},{"date":"2018-12","domestic":"1203","transborder":"9","international":"24"},{"date":"2019-01","domestic":"1245","transborder":"4","international":"32"},{"date":"2019-02","domestic":"1341","transborder":"4","international":"26"}]