[{"date":"2010-01","domestic":"4136","transborder":"3","international":"3"},{"date":"2010-02","domestic":"3036","transborder":"23","international":"4"},{"date":"2010-03","domestic":"5209","transborder":"15","international":"20"},{"date":"2010-04","domestic":"4204","transborder":"22","international":"36"},{"date":"2010-05","domestic":"5350","transborder":"19","international":"15"},{"date":"2010-06","domestic":"3991","transborder":"28","international":"1"},{"date":"2010-07","domestic":"4901","transborder":"53","international":"1"},{"date":"2010-08","domestic":"5605","transborder":"55","international":"0"},{"date":"2010-09","domestic":"3926","transborder":"42","international":"1"},{"date":"2010-10","domestic":"3737","transborder":"32","international":"0"},{"date":"2010-11","domestic":"3000","transborder":"9","international":"4"},{"date":"2010-12","domestic":"2234","transborder":"13","international":"3"},{"date":"2011-01","domestic":"2907","transborder":"6","international":"1"},{"date":"2011-02","domestic":"2371","transborder":"18","international":"1"},{"date":"2011-03","domestic":"3008","transborder":"17","international":"9"},{"date":"2011-04","domestic":"2458","transborder":"20","international":"20"},{"date":"2011-05","domestic":"2576","transborder":"19","international":"8"},{"date":"2011-06","domestic":"3036","transborder":"36","international":"0"},{"date":"2011-07","domestic":"3166","transborder":"62","international":"0"},{"date":"2011-08","domestic":"3061","transborder":"73","international":"2"},{"date":"2011-09","domestic":"2779","transborder":"61","international":"0"},{"date":"2011-10","domestic":"2638","transborder":"33","international":"0"},{"date":"2011-11","domestic":"2612","transborder":"10","international":"1"},{"date":"2011-12","domestic":"2678","transborder":"7","international":"2"},{"date":"2012-01","domestic":"3280","transborder":"10","international":"0"},{"date":"2012-02","domestic":"3167","transborder":"5","international":"4"},{"date":"2012-03","domestic":"3561","transborder":"25","international":"14"},{"date":"2012-04","domestic":"3054","transborder":"22","international":"8"},{"date":"2012-05","domestic":"3008","transborder":"25","international":"7"},{"date":"2012-06","domestic":"3336","transborder":"60","international":"2"},{"date":"2012-07","domestic":"4059","transborder":"63","international":"4"},{"date":"2012-08","domestic":"3752","transborder":"45","international":"0"},{"date":"2012-09","domestic":"2996","transborder":"40","international":"0"},{"date":"2012-10","domestic":"3017","transborder":"37","international":"3"},{"date":"2012-11","domestic":"3181","transborder":"18","international":"9"},{"date":"2012-12","domestic":"2468","transborder":"15","international":"0"},{"date":"2013-01","domestic":"3568","transborder":"7","international":"0"},{"date":"2013-02","domestic":"3057","transborder":"3","international":"0"},{"date":"2013-03","domestic":"2773","transborder":"20","international":"15"},{"date":"2013-04","domestic":"3703","transborder":"9","international":"16"},{"date":"2013-05","domestic":"3240","transborder":"23","international":"6"},{"date":"2013-06","domestic":"3395","transborder":"41","international":"0"},{"date":"2013-07","domestic":"4313","transborder":"59","international":"1"},{"date":"2013-08","domestic":"3994","transborder":"55","international":"0"},{"date":"2013-09","domestic":"3410","transborder":"65","international":"1"},{"date":"2013-10","domestic":"4047","transborder":"35","international":"0"},{"date":"2013-11","domestic":"3631","transborder":"10","international":"0"},{"date":"2013-12","domestic":"2590","transborder":"10","international":"1"},{"date":"2014-01","domestic":"3282","transborder":"5","international":"3"},{"date":"2014-02","domestic":"3893","transborder":"12","international":"4"},{"date":"2014-03","domestic":"3832","transborder":"8","international":"10"},{"date":"2014-04","domestic":"3815","transborder":"9","international":"8"},{"date":"2014-05","domestic":"4159","transborder":"20","international":"4"},{"date":"2014-06","domestic":"4986","transborder":"46","international":"1"},{"date":"2014-07","domestic":"4729","transborder":"51","international":"0"},{"date":"2014-08","domestic":"4928","transborder":"49","international":"0"},{"date":"2014-09","domestic":"5558","transborder":"52","international":"0"},{"date":"2014-10","domestic":"4759","transborder":"26","international":"0"},{"date":"2014-11","domestic":"4526","transborder":"9","international":"0"},{"date":"2014-12","domestic":"3742","transborder":"13","international":"0"},{"date":"2015-01","domestic":"4755","transborder":"11","international":"0"},{"date":"2015-02","domestic":"4967","transborder":"16","international":"0"},{"date":"2015-03","domestic":"5784","transborder":"9","international":"0"},{"date":"2015-04","domestic":"4834","transborder":"15","international":"0"},{"date":"2015-05","domestic":"5687","transborder":"30","international":"0"},{"date":"2015-06","domestic":"5546","transborder":"40","international":"0"},{"date":"2015-07","domestic":"5540","transborder":"62","international":"0"},{"date":"2015-08","domestic":"5718","transborder":"53","international":"0"},{"date":"2015-09","domestic":"5692","transborder":"47","international":"0"},{"date":"2015-10","domestic":"5157","transborder":"30","international":"0"},{"date":"2015-11","domestic":"4068","transborder":"9","international":"1"},{"date":"2015-12","domestic":"3082","transborder":"7","international":"1"},{"date":"2016-01","domestic":"4950","transborder":"14","international":"3"},{"date":"2016-02","domestic":"4028","transborder":"10","international":"10"},{"date":"2016-03","domestic":"4785","transborder":"9","international":"21"},{"date":"2016-04","domestic":"5964","transborder":"20","international":"22"},{"date":"2016-05","domestic":"4352","transborder":"19","international":"7"},{"date":"2016-06","domestic":"4741","transborder":"50","international":"0"},{"date":"2016-07","domestic":"4967","transborder":"59","international":"0"},{"date":"2016-08","domestic":"5541","transborder":"53","international":"0"},{"date":"2016-09","domestic":"5417","transborder":"54","international":"0"},{"date":"2016-10","domestic":"5324","transborder":"39","international":"0"},{"date":"2016-11","domestic":"4609","transborder":"12","international":"0"},{"date":"2016-12","domestic":"4212","transborder":"16","international":"0"},{"date":"2017-01","domestic":"4981","transborder":"17","international":"1"},{"date":"2017-02","domestic":"4340","transborder":"7","international":"6"},{"date":"2017-03","domestic":"4574","transborder":"15","international":"24"},{"date":"2017-04","domestic":"4496","transborder":"29","international":"31"},{"date":"2017-05","domestic":"5554","transborder":"18","international":"12"},{"date":"2017-06","domestic":"5551","transborder":"61","international":"2"},{"date":"2017-07","domestic":"6141","transborder":"54","international":"1"},{"date":"2017-08","domestic":"5395","transborder":"53","international":"1"},{"date":"2017-09","domestic":"5401","transborder":"53","international":"0"},{"date":"2017-10","domestic":"5147","transborder":"22","international":"1"},{"date":"2017-11","domestic":"4947","transborder":"14","international":"0"},{"date":"2017-12","domestic":"3608","transborder":"9","international":"0"},{"date":"2018-01","domestic":"3486","transborder":"22","international":"3"},{"date":"2018-02","domestic":"3706","transborder":"10","international":"19"},{"date":"2018-03","domestic":"3314","transborder":"20","international":"33"},{"date":"2018-04","domestic":"4316","transborder":"17","international":"33"},{"date":"2018-05","domestic":"4888","transborder":"24","international":"16"},{"date":"2018-06","domestic":"5038","transborder":"55","international":"1"},{"date":"2018-07","domestic":"5313","transborder":"75","international":"1"},{"date":"2018-08","domestic":"5259","transborder":"58","international":"0"},{"date":"2018-09","domestic":"4840","transborder":"60","international":"2"},{"date":"2018-10","domestic":"3979","transborder":"37","international":"0"},{"date":"2018-11","domestic":"3462","transborder":"23","international":"1"},{"date":"2018-12","domestic":"4105","transborder":"22","international":"1"},{"date":"2019-01","domestic":"3509","transborder":"7","international":"2"},{"date":"2019-02","domestic":"3465","transborder":"6","international":"19"}]