[{"date":"2010-01","domestic":"1371","transborder":"13","international":"0"},{"date":"2010-02","domestic":"1337","transborder":"18","international":"0"},{"date":"2010-03","domestic":"1910","transborder":"14","international":"0"},{"date":"2010-04","domestic":"1716","transborder":"21","international":"2"},{"date":"2010-05","domestic":"1820","transborder":"42","international":"0"},{"date":"2010-06","domestic":"1461","transborder":"34","international":"0"},{"date":"2010-07","domestic":"1915","transborder":"62","international":"1"},{"date":"2010-08","domestic":"1798","transborder":"34","international":"1"},{"date":"2010-09","domestic":"1725","transborder":"28","international":"0"},{"date":"2010-10","domestic":"1818","transborder":"35","international":"0"},{"date":"2010-11","domestic":"1650","transborder":"32","international":"1"},{"date":"2010-12","domestic":"1313","transborder":"10","international":"0"},{"date":"2011-01","domestic":"1176","transborder":"8","international":"0"},{"date":"2011-02","domestic":"1003","transborder":"18","international":"0"},{"date":"2011-03","domestic":"1466","transborder":"22","international":"0"},{"date":"2011-04","domestic":"1395","transborder":"27","international":"0"},{"date":"2011-05","domestic":"1513","transborder":"25","international":"1"},{"date":"2011-06","domestic":"1742","transborder":"30","international":"0"},{"date":"2011-07","domestic":"1816","transborder":"42","international":"0"},{"date":"2011-08","domestic":"1884","transborder":"47","international":"0"},{"date":"2011-09","domestic":"1599","transborder":"33","international":"0"},{"date":"2011-10","domestic":"1647","transborder":"46","international":"0"},{"date":"2011-11","domestic":"1531","transborder":"28","international":"0"},{"date":"2011-12","domestic":"1189","transborder":"26","international":"0"},{"date":"2012-01","domestic":"1071","transborder":"21","international":"1"},{"date":"2012-02","domestic":"1291","transborder":"18","international":"1"},{"date":"2012-03","domestic":"1493","transborder":"18","international":"0"},{"date":"2012-04","domestic":"1557","transborder":"28","international":"2"},{"date":"2012-05","domestic":"1739","transborder":"42","international":"0"},{"date":"2012-06","domestic":"1746","transborder":"41","international":"1"},{"date":"2012-07","domestic":"1764","transborder":"51","international":"1"},{"date":"2012-08","domestic":"1701","transborder":"38","international":"0"},{"date":"2012-09","domestic":"1480","transborder":"37","international":"0"},{"date":"2012-10","domestic":"1262","transborder":"36","international":"0"},{"date":"2012-11","domestic":"1456","transborder":"47","international":"0"},{"date":"2012-12","domestic":"976","transborder":"28","international":"1"},{"date":"2013-01","domestic":"1087","transborder":"16","international":"0"},{"date":"2013-02","domestic":"1127","transborder":"35","international":"0"},{"date":"2013-03","domestic":"1548","transborder":"28","international":"0"},{"date":"2013-04","domestic":"1411","transborder":"33","international":"1"},{"date":"2013-05","domestic":"1672","transborder":"37","international":"0"},{"date":"2013-06","domestic":"1406","transborder":"25","international":"1"},{"date":"2013-07","domestic":"1750","transborder":"39","international":"1"},{"date":"2013-08","domestic":"1759","transborder":"56","international":"0"},{"date":"2013-09","domestic":"1616","transborder":"43","international":"0"},{"date":"2013-10","domestic":"1483","transborder":"61","international":"1"},{"date":"2013-11","domestic":"1233","transborder":"42","international":"0"},{"date":"2013-12","domestic":"888","transborder":"20","international":"0"},{"date":"2014-01","domestic":"773","transborder":"12","international":"0"},{"date":"2014-02","domestic":"932","transborder":"22","international":"0"},{"date":"2014-03","domestic":"1139","transborder":"15","international":"0"},{"date":"2014-04","domestic":"1400","transborder":"30","international":"0"},{"date":"2014-05","domestic":"1495","transborder":"40","international":"0"},{"date":"2014-06","domestic":"1421","transborder":"32","international":"0"},{"date":"2014-07","domestic":"1401","transborder":"57","international":"1"},{"date":"2014-08","domestic":"1590","transborder":"62","international":"0"},{"date":"2014-09","domestic":"1729","transborder":"49","international":"0"},{"date":"2014-10","domestic":"1313","transborder":"46","international":"0"},{"date":"2014-11","domestic":"1169","transborder":"40","international":"0"},{"date":"2014-12","domestic":"1016","transborder":"33","international":"0"},{"date":"2015-01","domestic":"958","transborder":"16","international":"0"},{"date":"2015-02","domestic":"834","transborder":"26","international":"0"},{"date":"2015-03","domestic":"1231","transborder":"29","international":"1"},{"date":"2015-04","domestic":"1280","transborder":"36","international":"2"},{"date":"2015-05","domestic":"1442","transborder":"41","international":"2"},{"date":"2015-06","domestic":"1469","transborder":"36","international":"0"},{"date":"2015-07","domestic":"1761","transborder":"62","international":"0"},{"date":"2015-08","domestic":"1759","transborder":"57","international":"2"},{"date":"2015-09","domestic":"1775","transborder":"39","international":"0"},{"date":"2015-10","domestic":"1678","transborder":"40","international":"0"},{"date":"2015-11","domestic":"1477","transborder":"36","international":"2"},{"date":"2015-12","domestic":"1021","transborder":"28","international":"3"},{"date":"2016-01","domestic":"976","transborder":"15","international":"0"},{"date":"2016-02","domestic":"903","transborder":"12","international":"0"},{"date":"2016-03","domestic":"1285","transborder":"19","international":"1"},{"date":"2016-04","domestic":"1437","transborder":"24","international":"0"},{"date":"2016-05","domestic":"1625","transborder":"23","international":"0"},{"date":"2016-06","domestic":"1739","transborder":"32","international":"0"},{"date":"2016-07","domestic":"1568","transborder":"42","international":"1"},{"date":"2016-08","domestic":"1566","transborder":"41","international":"0"},{"date":"2016-09","domestic":"1516","transborder":"29","international":"0"},{"date":"2016-10","domestic":"1317","transborder":"36","international":"1"},{"date":"2016-11","domestic":"1438","transborder":"21","international":"1"},{"date":"2016-12","domestic":"864","transborder":"11","international":"3"},{"date":"2017-01","domestic":"890","transborder":"18","international":"2"},{"date":"2017-02","domestic":"875","transborder":"15","international":"3"},{"date":"2017-03","domestic":"1043","transborder":"18","international":"3"},{"date":"2017-04","domestic":"1399","transborder":"28","international":"1"},{"date":"2017-05","domestic":"1231","transborder":"24","international":"2"},{"date":"2017-06","domestic":"1455","transborder":"15","international":"0"},{"date":"2017-07","domestic":"1730","transborder":"31","international":"2"},{"date":"2017-08","domestic":"1871","transborder":"47","international":"1"},{"date":"2017-09","domestic":"2075","transborder":"46","international":"1"},{"date":"2017-10","domestic":"1538","transborder":"43","international":"0"},{"date":"2017-11","domestic":"1413","transborder":"44","international":"3"},{"date":"2017-12","domestic":"999","transborder":"22","international":"1"},{"date":"2018-01","domestic":"889","transborder":"7","international":"0"},{"date":"2018-02","domestic":"919","transborder":"11","international":"3"},{"date":"2018-03","domestic":"1315","transborder":"28","international":"2"},{"date":"2018-04","domestic":"1202","transborder":"29","international":"1"},{"date":"2018-05","domestic":"1944","transborder":"28","international":"1"},{"date":"2018-06","domestic":"1797","transborder":"37","international":"0"},{"date":"2018-07","domestic":"2117","transborder":"33","international":"0"},{"date":"2018-08","domestic":"1958","transborder":"46","international":"1"},{"date":"2018-09","domestic":"1823","transborder":"16","international":"0"},{"date":"2018-10","domestic":"1539","transborder":"23","international":"0"},{"date":"2018-11","domestic":"976","transborder":"8","international":"1"},{"date":"2018-12","domestic":"1085","transborder":"18","international":"1"},{"date":"2019-01","domestic":"929","transborder":"16","international":"1"},{"date":"2019-02","domestic":"823","transborder":"17","international":"1"}]