[{"date":"2010-01","domestic":"669","transborder":"0","international":"0"},{"date":"2010-02","domestic":"680","transborder":"0","international":"0"},{"date":"2010-03","domestic":"771","transborder":"1","international":"0"},{"date":"2010-04","domestic":"643","transborder":"0","international":"0"},{"date":"2010-05","domestic":"703","transborder":"0","international":"0"},{"date":"2010-06","domestic":"835","transborder":"0","international":"0"},{"date":"2010-07","domestic":"897","transborder":"0","international":"0"},{"date":"2010-08","domestic":"758","transborder":"0","international":"0"},{"date":"2010-09","domestic":"802","transborder":"0","international":"0"},{"date":"2010-10","domestic":"884","transborder":"0","international":"0"},{"date":"2010-11","domestic":"852","transborder":"0","international":"0"},{"date":"2010-12","domestic":"684","transborder":"0","international":"0"},{"date":"2011-01","domestic":"386","transborder":"0","international":"0"},{"date":"2011-02","domestic":"713","transborder":"0","international":"0"},{"date":"2011-03","domestic":"885","transborder":"0","international":"0"},{"date":"2011-04","domestic":"691","transborder":"1","international":"0"},{"date":"2011-05","domestic":"841","transborder":"3","international":"0"},{"date":"2011-06","domestic":"831","transborder":"0","international":"0"},{"date":"2011-07","domestic":"913","transborder":"1","international":"0"},{"date":"2011-08","domestic":"843","transborder":"1","international":"0"},{"date":"2011-09","domestic":"812","transborder":"1","international":"0"},{"date":"2011-10","domestic":"689","transborder":"0","international":"0"},{"date":"2011-11","domestic":"632","transborder":"0","international":"0"},{"date":"2011-12","domestic":"763","transborder":"0","international":"0"},{"date":"2012-01","domestic":"585","transborder":"0","international":"0"},{"date":"2012-02","domestic":"583","transborder":"0","international":"0"},{"date":"2012-03","domestic":"765","transborder":"0","international":"0"},{"date":"2012-04","domestic":"724","transborder":"0","international":"0"},{"date":"2012-05","domestic":"755","transborder":"1","international":"0"},{"date":"2012-06","domestic":"819","transborder":"1","international":"0"},{"date":"2012-07","domestic":"741","transborder":"1","international":"0"},{"date":"2012-08","domestic":"681","transborder":"0","international":"0"},{"date":"2012-09","domestic":"651","transborder":"1","international":"0"},{"date":"2012-10","domestic":"679","transborder":"0","international":"0"},{"date":"2012-11","domestic":"647","transborder":"0","international":"0"},{"date":"2012-12","domestic":"598","transborder":"1","international":"0"},{"date":"2013-01","domestic":"527","transborder":"0","international":"0"},{"date":"2013-02","domestic":"550","transborder":"0","international":"0"},{"date":"2013-03","domestic":"613","transborder":"8","international":"0"},{"date":"2013-04","domestic":"670","transborder":"0","international":"0"},{"date":"2013-05","domestic":"703","transborder":"0","international":"0"},{"date":"2013-06","domestic":"763","transborder":"0","international":"0"},{"date":"2013-07","domestic":"906","transborder":"5","international":"0"},{"date":"2013-08","domestic":"772","transborder":"1","international":"0"},{"date":"2013-09","domestic":"692","transborder":"1","international":"0"},{"date":"2013-10","domestic":"705","transborder":"0","international":"0"},{"date":"2013-11","domestic":"662","transborder":"0","international":"0"},{"date":"2013-12","domestic":"599","transborder":"1","international":"0"},{"date":"2014-01","domestic":"516","transborder":"0","international":"0"},{"date":"2014-02","domestic":"741","transborder":"0","international":"0"},{"date":"2014-03","domestic":"833","transborder":"0","international":"0"},{"date":"2014-04","domestic":"701","transborder":"0","international":"0"},{"date":"2014-05","domestic":"740","transborder":"1","international":"0"},{"date":"2014-06","domestic":"764","transborder":"0","international":"0"},{"date":"2014-07","domestic":"670","transborder":"1","international":"0"},{"date":"2014-08","domestic":"676","transborder":"0","international":"0"},{"date":"2014-09","domestic":"763","transborder":"1","international":"0"},{"date":"2014-10","domestic":"626","transborder":"0","international":"0"},{"date":"2014-11","domestic":"607","transborder":"2","international":"0"},{"date":"2014-12","domestic":"626","transborder":"0","international":"0"},{"date":"2015-01","domestic":"531","transborder":"0","international":"0"},{"date":"2015-02","domestic":"517","transborder":"0","international":"0"},{"date":"2015-03","domestic":"597","transborder":"0","international":"0"},{"date":"2015-04","domestic":"622","transborder":"0","international":"0"},{"date":"2015-05","domestic":"675","transborder":"0","international":"0"},{"date":"2015-06","domestic":"806","transborder":"1","international":"0"},{"date":"2015-07","domestic":"768","transborder":"1","international":"0"},{"date":"2015-08","domestic":"849","transborder":"0","international":"0"},{"date":"2015-09","domestic":"820","transborder":"0","international":"0"},{"date":"2015-10","domestic":"742","transborder":"1","international":"0"},{"date":"2015-11","domestic":"614","transborder":"1","international":"0"},{"date":"2015-12","domestic":"648","transborder":"0","international":"0"},{"date":"2016-01","domestic":"660","transborder":"1","international":"0"},{"date":"2016-02","domestic":"670","transborder":"0","international":"0"},{"date":"2016-03","domestic":"741","transborder":"0","international":"0"},{"date":"2016-04","domestic":"677","transborder":"0","international":"0"},{"date":"2016-05","domestic":"726","transborder":"0","international":"0"},{"date":"2016-06","domestic":"738","transborder":"2","international":"0"},{"date":"2016-07","domestic":"825","transborder":"2","international":"0"},{"date":"2016-08","domestic":"796","transborder":"1","international":"0"},{"date":"2016-09","domestic":"685","transborder":"1","international":"0"},{"date":"2016-10","domestic":"664","transborder":"0","international":"0"},{"date":"2016-11","domestic":"547","transborder":"0","international":"0"},{"date":"2016-12","domestic":"557","transborder":"0","international":"0"},{"date":"2017-01","domestic":"483","transborder":"0","international":"0"},{"date":"2017-02","domestic":"547","transborder":"0","international":"0"},{"date":"2017-03","domestic":"670","transborder":"0","international":"0"},{"date":"2017-04","domestic":"592","transborder":"0","international":"0"},{"date":"2017-05","domestic":"736","transborder":"1","international":"0"},{"date":"2017-06","domestic":"787","transborder":"3","international":"0"},{"date":"2017-07","domestic":"893","transborder":"2","international":"0"},{"date":"2017-08","domestic":"826","transborder":"2","international":"0"},{"date":"2017-09","domestic":"712","transborder":"1","international":"0"},{"date":"2017-10","domestic":"694","transborder":"1","international":"0"},{"date":"2017-11","domestic":"616","transborder":"1","international":"0"},{"date":"2017-12","domestic":"673","transborder":"0","international":"0"},{"date":"2018-01","domestic":"599","transborder":"0","international":"0"},{"date":"2018-02","domestic":"626","transborder":"0","international":"0"},{"date":"2018-03","domestic":"672","transborder":"0","international":"0"},{"date":"2018-04","domestic":"672","transborder":"1","international":"0"},{"date":"2018-05","domestic":"704","transborder":"0","international":"0"},{"date":"2018-06","domestic":"876","transborder":"2","international":"0"},{"date":"2018-07","domestic":"914","transborder":"1","international":"0"},{"date":"2018-08","domestic":"860","transborder":"0","international":"0"},{"date":"2018-09","domestic":"712","transborder":"0","international":"0"},{"date":"2018-10","domestic":"723","transborder":"1","international":"0"},{"date":"2018-11","domestic":"577","transborder":"1","international":"0"},{"date":"2018-12","domestic":"557","transborder":"0","international":"0"},{"date":"2019-01","domestic":"585","transborder":"1","international":"0"},{"date":"2019-02","domestic":"587","transborder":"0","international":"0"}]