[{"date":"2010-01","domestic":"336","transborder":"0","international":"0"},{"date":"2010-02","domestic":"309","transborder":"0","international":"0"},{"date":"2010-03","domestic":"390","transborder":"0","international":"0"},{"date":"2010-04","domestic":"322","transborder":"0","international":"0"},{"date":"2010-05","domestic":"325","transborder":"4","international":"6"},{"date":"2010-06","domestic":"349","transborder":"3","international":"0"},{"date":"2010-07","domestic":"397","transborder":"10","international":"0"},{"date":"2010-08","domestic":"438","transborder":"8","international":"0"},{"date":"2010-09","domestic":"400","transborder":"5","international":"0"},{"date":"2010-10","domestic":"453","transborder":"2","international":"1"},{"date":"2010-11","domestic":"337","transborder":"3","international":"0"},{"date":"2010-12","domestic":"312","transborder":"0","international":"0"},{"date":"2011-01","domestic":"337","transborder":"0","international":"0"},{"date":"2011-02","domestic":"305","transborder":"0","international":"0"},{"date":"2011-03","domestic":"409","transborder":"0","international":"0"},{"date":"2011-04","domestic":"378","transborder":"0","international":"0"},{"date":"2011-05","domestic":"393","transborder":"2","international":"0"},{"date":"2011-06","domestic":"394","transborder":"3","international":"4"},{"date":"2011-07","domestic":"513","transborder":"3","international":"2"},{"date":"2011-08","domestic":"528","transborder":"9","international":"0"},{"date":"2011-09","domestic":"458","transborder":"5","international":"0"},{"date":"2011-10","domestic":"351","transborder":"4","international":"0"},{"date":"2011-11","domestic":"362","transborder":"0","international":"2"},{"date":"2011-12","domestic":"374","transborder":"0","international":"0"},{"date":"2012-01","domestic":"469","transborder":"0","international":"0"},{"date":"2012-02","domestic":"547","transborder":"0","international":"0"},{"date":"2012-03","domestic":"629","transborder":"0","international":"2"},{"date":"2012-04","domestic":"438","transborder":"0","international":"2"},{"date":"2012-05","domestic":"443","transborder":"1","international":"4"},{"date":"2012-06","domestic":"502","transborder":"3","international":"4"},{"date":"2012-07","domestic":"549","transborder":"5","international":"1"},{"date":"2012-08","domestic":"578","transborder":"5","international":"0"},{"date":"2012-09","domestic":"418","transborder":"7","international":"4"},{"date":"2012-10","domestic":"419","transborder":"2","international":"0"},{"date":"2012-11","domestic":"401","transborder":"0","international":"0"},{"date":"2012-12","domestic":"355","transborder":"0","international":"0"},{"date":"2013-01","domestic":"406","transborder":"0","international":"0"},{"date":"2013-02","domestic":"322","transborder":"0","international":"0"},{"date":"2013-03","domestic":"444","transborder":"0","international":"0"},{"date":"2013-04","domestic":"423","transborder":"0","international":"0"},{"date":"2013-05","domestic":"392","transborder":"2","international":"0"},{"date":"2013-06","domestic":"416","transborder":"2","international":"0"},{"date":"2013-07","domestic":"515","transborder":"4","international":"3"},{"date":"2013-08","domestic":"579","transborder":"12","international":"0"},{"date":"2013-09","domestic":"390","transborder":"5","international":"5"},{"date":"2013-10","domestic":"392","transborder":"4","international":"0"},{"date":"2013-11","domestic":"343","transborder":"1","international":"0"},{"date":"2013-12","domestic":"305","transborder":"0","international":"0"},{"date":"2014-01","domestic":"330","transborder":"0","international":"0"},{"date":"2014-02","domestic":"334","transborder":"0","international":"4"},{"date":"2014-03","domestic":"416","transborder":"0","international":"0"},{"date":"2014-04","domestic":"398","transborder":"0","international":"0"},{"date":"2014-05","domestic":"446","transborder":"1","international":"0"},{"date":"2014-06","domestic":"457","transborder":"5","international":"0"},{"date":"2014-07","domestic":"512","transborder":"5","international":"0"},{"date":"2014-08","domestic":"489","transborder":"3","international":"4"},{"date":"2014-09","domestic":"382","transborder":"5","international":"0"},{"date":"2014-10","domestic":"357","transborder":"0","international":"0"},{"date":"2014-11","domestic":"287","transborder":"0","international":"0"},{"date":"2014-12","domestic":"257","transborder":"0","international":"0"},{"date":"2015-01","domestic":"259","transborder":"0","international":"0"},{"date":"2015-02","domestic":"293","transborder":"0","international":"0"},{"date":"2015-03","domestic":"411","transborder":"0","international":"0"},{"date":"2015-04","domestic":"305","transborder":"0","international":"0"},{"date":"2015-05","domestic":"373","transborder":"2","international":"0"},{"date":"2015-06","domestic":"393","transborder":"3","international":"0"},{"date":"2015-07","domestic":"361","transborder":"4","international":"0"},{"date":"2015-08","domestic":"385","transborder":"4","international":"5"},{"date":"2015-09","domestic":"271","transborder":"3","international":"0"},{"date":"2015-10","domestic":"283","transborder":"2","international":"0"},{"date":"2015-11","domestic":"292","transborder":"0","international":"0"},{"date":"2015-12","domestic":"248","transborder":"0","international":"0"},{"date":"2016-01","domestic":"312","transborder":"0","international":"0"},{"date":"2016-02","domestic":"239","transborder":"0","international":"0"},{"date":"2016-03","domestic":"301","transborder":"1","international":"0"},{"date":"2016-04","domestic":"297","transborder":"0","international":"2"},{"date":"2016-05","domestic":"437","transborder":"3","international":"3"},{"date":"2016-06","domestic":"318","transborder":"1","international":"0"},{"date":"2016-07","domestic":"411","transborder":"9","international":"0"},{"date":"2016-08","domestic":"477","transborder":"8","international":"0"},{"date":"2016-09","domestic":"324","transborder":"1","international":"2"},{"date":"2016-10","domestic":"314","transborder":"1","international":"1"},{"date":"2016-11","domestic":"266","transborder":"0","international":"0"},{"date":"2016-12","domestic":"254","transborder":"0","international":"0"},{"date":"2017-01","domestic":"262","transborder":"0","international":"0"},{"date":"2017-02","domestic":"232","transborder":"0","international":"4"},{"date":"2017-03","domestic":"324","transborder":"0","international":"8"},{"date":"2017-04","domestic":"315","transborder":"0","international":"1"},{"date":"2017-05","domestic":"300","transborder":"0","international":"0"},{"date":"2017-06","domestic":"413","transborder":"1","international":"0"},{"date":"2017-07","domestic":"478","transborder":"6","international":"0"},{"date":"2017-08","domestic":"477","transborder":"9","international":"4"},{"date":"2017-09","domestic":"375","transborder":"3","international":"0"},{"date":"2017-10","domestic":"349","transborder":"1","international":"0"},{"date":"2017-11","domestic":"348","transborder":"0","international":"0"},{"date":"2017-12","domestic":"299","transborder":"0","international":"0"},{"date":"2018-01","domestic":"299","transborder":"0","international":"0"},{"date":"2018-02","domestic":"271","transborder":"0","international":"8"},{"date":"2018-03","domestic":"356","transborder":"0","international":"0"},{"date":"2018-04","domestic":"297","transborder":"0","international":"0"},{"date":"2018-05","domestic":"338","transborder":"0","international":"0"},{"date":"2018-06","domestic":"396","transborder":"5","international":"5"},{"date":"2018-07","domestic":"479","transborder":"7","international":"15"},{"date":"2018-08","domestic":"510","transborder":"3","international":"15"},{"date":"2018-09","domestic":"414","transborder":"8","international":"2"},{"date":"2018-10","domestic":"340","transborder":"1","international":"4"},{"date":"2018-11","domestic":"306","transborder":"0","international":"1"},{"date":"2018-12","domestic":"314","transborder":"0","international":"0"},{"date":"2019-01","domestic":"317","transborder":"0","international":"0"},{"date":"2019-02","domestic":"318","transborder":"0","international":"8"}]