[{"date":"2010-01","domestic":"1871","transborder":"522","international":"44"},{"date":"2010-02","domestic":"1758","transborder":"502","international":"55"},{"date":"2010-03","domestic":"2386","transborder":"593","international":"47"},{"date":"2010-04","domestic":"2517","transborder":"540","international":"32"},{"date":"2010-05","domestic":"2627","transborder":"604","international":"28"},{"date":"2010-06","domestic":"2849","transborder":"743","international":"29"},{"date":"2010-07","domestic":"2923","transborder":"585","international":"22"},{"date":"2010-08","domestic":"2140","transborder":"522","international":"20"},{"date":"2010-09","domestic":"2027","transborder":"613","international":"29"},{"date":"2010-10","domestic":"2074","transborder":"658","international":"13"},{"date":"2010-11","domestic":"1599","transborder":"591","international":"37"},{"date":"2010-12","domestic":"1718","transborder":"567","international":"55"},{"date":"2011-01","domestic":"1427","transborder":"524","international":"61"},{"date":"2011-02","domestic":"1291","transborder":"671","international":"49"},{"date":"2011-03","domestic":"1611","transborder":"687","international":"63"},{"date":"2011-04","domestic":"1809","transborder":"480","international":"55"},{"date":"2011-05","domestic":"1928","transborder":"565","international":"31"},{"date":"2011-06","domestic":"2397","transborder":"626","international":"23"},{"date":"2011-07","domestic":"2062","transborder":"553","international":"36"},{"date":"2011-08","domestic":"2137","transborder":"673","international":"21"},{"date":"2011-09","domestic":"1789","transborder":"617","international":"18"},{"date":"2011-10","domestic":"1707","transborder":"530","international":"26"},{"date":"2011-11","domestic":"1451","transborder":"483","international":"43"},{"date":"2011-12","domestic":"1437","transborder":"553","international":"60"},{"date":"2012-01","domestic":"1138","transborder":"501","international":"76"},{"date":"2012-02","domestic":"1140","transborder":"574","international":"77"},{"date":"2012-03","domestic":"1326","transborder":"681","international":"77"},{"date":"2012-04","domestic":"1283","transborder":"594","international":"63"},{"date":"2012-05","domestic":"1810","transborder":"668","international":"24"},{"date":"2012-06","domestic":"2145","transborder":"702","international":"28"},{"date":"2012-07","domestic":"1900","transborder":"612","international":"45"},{"date":"2012-08","domestic":"1943","transborder":"663","international":"28"},{"date":"2012-09","domestic":"1698","transborder":"686","international":"39"},{"date":"2012-10","domestic":"1588","transborder":"584","international":"31"},{"date":"2012-11","domestic":"1372","transborder":"558","international":"70"},{"date":"2012-12","domestic":"1163","transborder":"521","international":"68"},{"date":"2013-01","domestic":"1118","transborder":"547","international":"82"},{"date":"2013-02","domestic":"1080","transborder":"544","international":"83"},{"date":"2013-03","domestic":"1173","transborder":"610","international":"99"},{"date":"2013-04","domestic":"1371","transborder":"588","international":"63"},{"date":"2013-05","domestic":"1717","transborder":"582","international":"20"},{"date":"2013-06","domestic":"1858","transborder":"556","international":"26"},{"date":"2013-07","domestic":"1853","transborder":"522","international":"33"},{"date":"2013-08","domestic":"1945","transborder":"534","international":"24"},{"date":"2013-09","domestic":"1758","transborder":"522","international":"28"},{"date":"2013-10","domestic":"1500","transborder":"554","international":"26"},{"date":"2013-11","domestic":"1320","transborder":"524","international":"50"},{"date":"2013-12","domestic":"1282","transborder":"589","international":"72"},{"date":"2014-01","domestic":"1114","transborder":"485","international":"99"},{"date":"2014-02","domestic":"1136","transborder":"507","international":"79"},{"date":"2014-03","domestic":"1230","transborder":"512","international":"90"},{"date":"2014-04","domestic":"1388","transborder":"512","international":"67"},{"date":"2014-05","domestic":"1751","transborder":"538","international":"26"},{"date":"2014-06","domestic":"1979","transborder":"590","international":"25"},{"date":"2014-07","domestic":"1903","transborder":"443","international":"10"},{"date":"2014-08","domestic":"1927","transborder":"548","international":"30"},{"date":"2014-09","domestic":"1847","transborder":"639","international":"29"},{"date":"2014-10","domestic":"1700","transborder":"594","international":"32"},{"date":"2014-11","domestic":"1299","transborder":"737","international":"49"},{"date":"2014-12","domestic":"1489","transborder":"646","international":"74"},{"date":"2015-01","domestic":"1236","transborder":"625","international":"137"},{"date":"2015-02","domestic":"1096","transborder":"595","international":"133"},{"date":"2015-03","domestic":"1245","transborder":"647","international":"133"},{"date":"2015-04","domestic":"1214","transborder":"621","international":"90"},{"date":"2015-05","domestic":"1601","transborder":"613","international":"31"},{"date":"2015-06","domestic":"1808","transborder":"694","international":"23"},{"date":"2015-07","domestic":"2003","transborder":"502","international":"26"},{"date":"2015-08","domestic":"1908","transborder":"503","international":"21"},{"date":"2015-09","domestic":"1623","transborder":"537","international":"24"},{"date":"2015-10","domestic":"1514","transborder":"590","international":"18"},{"date":"2015-11","domestic":"1258","transborder":"609","international":"50"},{"date":"2015-12","domestic":"1223","transborder":"575","international":"89"},{"date":"2016-01","domestic":"1002","transborder":"489","international":"130"},{"date":"2016-02","domestic":"998","transborder":"525","international":"122"},{"date":"2016-03","domestic":"1181","transborder":"642","international":"130"},{"date":"2016-04","domestic":"1310","transborder":"547","international":"101"},{"date":"2016-05","domestic":"1714","transborder":"474","international":"26"},{"date":"2016-06","domestic":"2111","transborder":"512","international":"37"},{"date":"2016-07","domestic":"1802","transborder":"466","international":"44"},{"date":"2016-08","domestic":"1986","transborder":"527","international":"47"},{"date":"2016-09","domestic":"1825","transborder":"612","international":"53"},{"date":"2016-10","domestic":"1697","transborder":"585","international":"56"},{"date":"2016-11","domestic":"1562","transborder":"584","international":"82"},{"date":"2016-12","domestic":"1342","transborder":"801","international":"98"},{"date":"2017-01","domestic":"1158","transborder":"506","international":"113"},{"date":"2017-02","domestic":"1315","transborder":"463","international":"113"},{"date":"2017-03","domestic":"1429","transborder":"613","international":"140"},{"date":"2017-04","domestic":"1377","transborder":"708","international":"108"},{"date":"2017-05","domestic":"2009","transborder":"698","international":"73"},{"date":"2017-06","domestic":"2220","transborder":"568","international":"61"},{"date":"2017-07","domestic":"2022","transborder":"510","international":"64"},{"date":"2017-08","domestic":"2100","transborder":"565","international":"60"},{"date":"2017-09","domestic":"2110","transborder":"533","international":"65"},{"date":"2017-10","domestic":"1736","transborder":"559","international":"58"},{"date":"2017-11","domestic":"1446","transborder":"663","international":"84"},{"date":"2017-12","domestic":"1407","transborder":"662","international":"122"},{"date":"2018-01","domestic":"1286","transborder":"612","international":"108"},{"date":"2018-02","domestic":"1183","transborder":"614","international":"131"},{"date":"2018-03","domestic":"1421","transborder":"629","international":"126"},{"date":"2018-04","domestic":"1234","transborder":"591","international":"78"},{"date":"2018-05","domestic":"1685","transborder":"563","international":"57"},{"date":"2018-06","domestic":"2091","transborder":"578","international":"60"},{"date":"2018-07","domestic":"2051","transborder":"570","international":"43"},{"date":"2018-08","domestic":"2201","transborder":"626","international":"44"},{"date":"2018-09","domestic":"1905","transborder":"581","international":"51"},{"date":"2018-10","domestic":"1698","transborder":"562","international":"37"},{"date":"2018-11","domestic":"1532","transborder":"849","international":"55"},{"date":"2018-12","domestic":"1564","transborder":"718","international":"111"},{"date":"2019-01","domestic":"1293","transborder":"658","international":"181"},{"date":"2019-02","domestic":"1095","transborder":"658","international":"193"}]