[{"date":"2010-01","domestic":"5203","transborder":"114","international":"13"},{"date":"2010-02","domestic":"4501","transborder":"118","international":"19"},{"date":"2010-03","domestic":"8597","transborder":"144","international":"63"},{"date":"2010-04","domestic":"8150","transborder":"160","international":"26"},{"date":"2010-05","domestic":"9793","transborder":"188","international":"49"},{"date":"2010-06","domestic":"6773","transborder":"224","international":"26"},{"date":"2010-07","domestic":"7752","transborder":"152","international":"42"},{"date":"2010-08","domestic":"8691","transborder":"205","international":"4"},{"date":"2010-09","domestic":"6187","transborder":"151","international":"12"},{"date":"2010-10","domestic":"7693","transborder":"169","international":"1"},{"date":"2010-11","domestic":"7445","transborder":"149","international":"3"},{"date":"2010-12","domestic":"2369","transborder":"114","international":"1"},{"date":"2011-01","domestic":"2786","transborder":"101","international":"1"},{"date":"2011-02","domestic":"4615","transborder":"120","international":"2"},{"date":"2011-03","domestic":"6454","transborder":"143","international":"0"},{"date":"2011-04","domestic":"6368","transborder":"132","international":"4"},{"date":"2011-05","domestic":"6919","transborder":"159","international":"1"},{"date":"2011-06","domestic":"7391","transborder":"189","international":"4"},{"date":"2011-07","domestic":"8661","transborder":"183","international":"0"},{"date":"2011-08","domestic":"7748","transborder":"185","international":"5"},{"date":"2011-09","domestic":"7153","transborder":"175","international":"3"},{"date":"2011-10","domestic":"7442","transborder":"160","international":"1"},{"date":"2011-11","domestic":"6095","transborder":"144","international":"3"},{"date":"2011-12","domestic":"3668","transborder":"148","international":"6"},{"date":"2012-01","domestic":"3036","transborder":"114","international":"3"},{"date":"2012-02","domestic":"4735","transborder":"142","international":"3"},{"date":"2012-03","domestic":"6377","transborder":"182","international":"4"},{"date":"2012-04","domestic":"5273","transborder":"135","international":"1"},{"date":"2012-05","domestic":"7422","transborder":"171","international":"2"},{"date":"2012-06","domestic":"6901","transborder":"236","international":"8"},{"date":"2012-07","domestic":"7487","transborder":"163","international":"0"},{"date":"2012-08","domestic":"6449","transborder":"222","international":"1"},{"date":"2012-09","domestic":"6467","transborder":"156","international":"3"},{"date":"2012-10","domestic":"6227","transborder":"138","international":"2"},{"date":"2012-11","domestic":"6542","transborder":"149","international":"2"},{"date":"2012-12","domestic":"2866","transborder":"114","international":"1"},{"date":"2013-01","domestic":"2603","transborder":"120","international":"0"},{"date":"2013-02","domestic":"3280","transborder":"122","international":"2"},{"date":"2013-03","domestic":"5994","transborder":"148","international":"3"},{"date":"2013-04","domestic":"6055","transborder":"156","international":"5"},{"date":"2013-05","domestic":"7369","transborder":"176","international":"1"},{"date":"2013-06","domestic":"6915","transborder":"164","international":"0"},{"date":"2013-07","domestic":"8191","transborder":"196","international":"2"},{"date":"2013-08","domestic":"7020","transborder":"175","international":"2"},{"date":"2013-09","domestic":"7895","transborder":"161","international":"1"},{"date":"2013-10","domestic":"6964","transborder":"172","international":"0"},{"date":"2013-11","domestic":"5490","transborder":"128","international":"7"},{"date":"2013-12","domestic":"2629","transborder":"97","international":"3"},{"date":"2014-01","domestic":"2748","transborder":"95","international":"1"},{"date":"2014-02","domestic":"3843","transborder":"113","international":"1"},{"date":"2014-03","domestic":"4883","transborder":"109","international":"4"},{"date":"2014-04","domestic":"5938","transborder":"144","international":"0"},{"date":"2014-05","domestic":"7721","transborder":"189","international":"1"},{"date":"2014-06","domestic":"8088","transborder":"206","international":"3"},{"date":"2014-07","domestic":"6760","transborder":"148","international":"0"},{"date":"2014-08","domestic":"6550","transborder":"211","international":"0"},{"date":"2014-09","domestic":"6800","transborder":"172","international":"1"},{"date":"2014-10","domestic":"5656","transborder":"192","international":"1"},{"date":"2014-11","domestic":"4739","transborder":"115","international":"2"},{"date":"2014-12","domestic":"2611","transborder":"104","international":"2"},{"date":"2015-01","domestic":"2854","transborder":"97","international":"0"},{"date":"2015-02","domestic":"3422","transborder":"111","international":"0"},{"date":"2015-03","domestic":"5573","transborder":"117","international":"5"},{"date":"2015-04","domestic":"6582","transborder":"142","international":"4"},{"date":"2015-05","domestic":"7919","transborder":"155","international":"5"},{"date":"2015-06","domestic":"7809","transborder":"231","international":"2"},{"date":"2015-07","domestic":"8009","transborder":"187","international":"0"},{"date":"2015-08","domestic":"7544","transborder":"158","international":"0"},{"date":"2015-09","domestic":"9299","transborder":"153","international":"0"},{"date":"2015-10","domestic":"7823","transborder":"165","international":"1"},{"date":"2015-11","domestic":"6347","transborder":"131","international":"1"},{"date":"2015-12","domestic":"3395","transborder":"119","international":"7"},{"date":"2016-01","domestic":"3253","transborder":"121","international":"4"},{"date":"2016-02","domestic":"3816","transborder":"121","international":"2"},{"date":"2016-03","domestic":"6366","transborder":"146","international":"2"},{"date":"2016-04","domestic":"8289","transborder":"146","international":"1"},{"date":"2016-05","domestic":"7603","transborder":"179","international":"5"},{"date":"2016-06","domestic":"7286","transborder":"186","international":"2"},{"date":"2016-07","domestic":"6860","transborder":"137","international":"1"},{"date":"2016-08","domestic":"7074","transborder":"177","international":"2"},{"date":"2016-09","domestic":"7101","transborder":"158","international":"1"},{"date":"2016-10","domestic":"5940","transborder":"180","international":"1"},{"date":"2016-11","domestic":"4915","transborder":"140","international":"2"},{"date":"2016-12","domestic":"2391","transborder":"110","international":"4"},{"date":"2017-01","domestic":"2665","transborder":"104","international":"1"},{"date":"2017-02","domestic":"3573","transborder":"133","international":"1"},{"date":"2017-03","domestic":"4120","transborder":"127","international":"4"},{"date":"2017-04","domestic":"4618","transborder":"128","international":"3"},{"date":"2017-05","domestic":"5690","transborder":"123","international":"3"},{"date":"2017-06","domestic":"6033","transborder":"151","international":"2"},{"date":"2017-07","domestic":"7829","transborder":"112","international":"0"},{"date":"2017-08","domestic":"7314","transborder":"131","international":"0"},{"date":"2017-09","domestic":"6927","transborder":"109","international":"4"},{"date":"2017-10","domestic":"6137","transborder":"99","international":"1"},{"date":"2017-11","domestic":"5435","transborder":"162","international":"1"},{"date":"2017-12","domestic":"2832","transborder":"126","international":"4"},{"date":"2018-01","domestic":"2133","transborder":"113","international":"4"},{"date":"2018-02","domestic":"3246","transborder":"134","international":"2"},{"date":"2018-03","domestic":"4846","transborder":"148","international":"5"},{"date":"2018-04","domestic":"4752","transborder":"174","international":"7"},{"date":"2018-05","domestic":"7994","transborder":"230","international":"6"},{"date":"2018-06","domestic":"6985","transborder":"296","international":"1"},{"date":"2018-07","domestic":"6969","transborder":"175","international":"8"},{"date":"2018-08","domestic":"7389","transborder":"192","international":"6"},{"date":"2018-09","domestic":"6858","transborder":"191","international":"3"},{"date":"2018-10","domestic":"5403","transborder":"190","international":"2"},{"date":"2018-11","domestic":"4407","transborder":"155","international":"5"},{"date":"2018-12","domestic":"3797","transborder":"129","international":"8"},{"date":"2019-01","domestic":"2213","transborder":"147","international":"6"},{"date":"2019-02","domestic":"4398","transborder":"154","international":"2"}]