[{"date":"2010-01","domestic":"580","transborder":"2","international":"0"},{"date":"2010-02","domestic":"618","transborder":"2","international":"0"},{"date":"2010-03","domestic":"1363","transborder":"1","international":"0"},{"date":"2010-04","domestic":"1772","transborder":"1","international":"0"},{"date":"2010-05","domestic":"2128","transborder":"5","international":"0"},{"date":"2010-06","domestic":"2584","transborder":"4","international":"0"},{"date":"2010-07","domestic":"6746","transborder":"4","international":"2"},{"date":"2010-08","domestic":"6073","transborder":"2","international":"0"},{"date":"2010-09","domestic":"2481","transborder":"0","international":"0"},{"date":"2010-10","domestic":"2213","transborder":"2","international":"0"},{"date":"2010-11","domestic":"1000","transborder":"0","international":"0"},{"date":"2010-12","domestic":"243","transborder":"0","international":"0"},{"date":"2011-01","domestic":"182","transborder":"0","international":"0"},{"date":"2011-02","domestic":"261","transborder":"1","international":"0"},{"date":"2011-03","domestic":"527","transborder":"1","international":"0"},{"date":"2011-04","domestic":"909","transborder":"1","international":"0"},{"date":"2011-05","domestic":"1067","transborder":"0","international":"0"},{"date":"2011-06","domestic":"2383","transborder":"1","international":"1"},{"date":"2011-07","domestic":"7514","transborder":"2","international":"0"},{"date":"2011-08","domestic":"3198","transborder":"1","international":"0"},{"date":"2011-09","domestic":"2076","transborder":"1","international":"0"},{"date":"2011-10","domestic":"2089","transborder":"0","international":"0"},{"date":"2011-11","domestic":"703","transborder":"0","international":"0"},{"date":"2011-12","domestic":"359","transborder":"0","international":"0"},{"date":"2012-01","domestic":"292","transborder":"0","international":"0"},{"date":"2012-02","domestic":"377","transborder":"0","international":"0"},{"date":"2012-03","domestic":"717","transborder":"2","international":"0"},{"date":"2012-04","domestic":"1187","transborder":"2","international":"0"},{"date":"2012-05","domestic":"2182","transborder":"2","international":"0"},{"date":"2012-06","domestic":"2066","transborder":"3","international":"0"},{"date":"2012-07","domestic":"6507","transborder":"2","international":"0"},{"date":"2012-08","domestic":"3320","transborder":"2","international":"0"},{"date":"2012-09","domestic":"1865","transborder":"0","international":"0"},{"date":"2012-10","domestic":"1875","transborder":"1","international":"0"},{"date":"2012-11","domestic":"1064","transborder":"0","international":"0"},{"date":"2012-12","domestic":"324","transborder":"0","international":"0"},{"date":"2013-01","domestic":"200","transborder":"0","international":"0"},{"date":"2013-02","domestic":"329","transborder":"0","international":"0"},{"date":"2013-03","domestic":"573","transborder":"0","international":"0"},{"date":"2013-04","domestic":"1393","transborder":"0","international":"0"},{"date":"2013-05","domestic":"1794","transborder":"0","international":"0"},{"date":"2013-06","domestic":"2025","transborder":"2","international":"0"},{"date":"2013-07","domestic":"8949","transborder":"2","international":"0"},{"date":"2013-08","domestic":"3533","transborder":"2","international":"0"},{"date":"2013-09","domestic":"2054","transborder":"1","international":"0"},{"date":"2013-10","domestic":"1751","transborder":"2","international":"0"},{"date":"2013-11","domestic":"556","transborder":"1","international":"0"},{"date":"2013-12","domestic":"202","transborder":"0","international":"0"},{"date":"2014-01","domestic":"203","transborder":"0","international":"0"},{"date":"2014-02","domestic":"263","transborder":"0","international":"0"},{"date":"2014-03","domestic":"395","transborder":"0","international":"0"},{"date":"2014-04","domestic":"692","transborder":"4","international":"0"},{"date":"2014-05","domestic":"2495","transborder":"1","international":"0"},{"date":"2014-06","domestic":"3301","transborder":"2","international":"0"},{"date":"2014-07","domestic":"9504","transborder":"4","international":"0"},{"date":"2014-08","domestic":"3302","transborder":"3","international":"0"},{"date":"2014-09","domestic":"1364","transborder":"1","international":"0"},{"date":"2014-10","domestic":"1420","transborder":"0","international":"0"},{"date":"2014-11","domestic":"933","transborder":"0","international":"0"},{"date":"2014-12","domestic":"513","transborder":"0","international":"0"},{"date":"2015-01","domestic":"100","transborder":"0","international":"0"},{"date":"2015-02","domestic":"70","transborder":"0","international":"0"},{"date":"2015-03","domestic":"273","transborder":"1","international":"0"},{"date":"2015-04","domestic":"1009","transborder":"0","international":"0"},{"date":"2015-05","domestic":"1375","transborder":"1","international":"0"},{"date":"2015-06","domestic":"2497","transborder":"1","international":"0"},{"date":"2015-07","domestic":"6692","transborder":"3","international":"0"},{"date":"2015-08","domestic":"4692","transborder":"0","international":"0"},{"date":"2015-09","domestic":"1628","transborder":"1","international":"0"},{"date":"2015-10","domestic":"1615","transborder":"0","international":"0"},{"date":"2015-11","domestic":"654","transborder":"2","international":"0"},{"date":"2015-12","domestic":"197","transborder":"0","international":"0"},{"date":"2016-01","domestic":"144","transborder":"0","international":"0"},{"date":"2016-02","domestic":"149","transborder":"2","international":"0"},{"date":"2016-03","domestic":"344","transborder":"0","international":"0"},{"date":"2016-04","domestic":"1345","transborder":"3","international":"0"},{"date":"2016-05","domestic":"1222","transborder":"0","international":"0"},{"date":"2016-06","domestic":"2239","transborder":"1","international":"0"},{"date":"2016-07","domestic":"6803","transborder":"1","international":"0"},{"date":"2016-08","domestic":"3714","transborder":"2","international":"0"},{"date":"2016-09","domestic":"1261","transborder":"1","international":"0"},{"date":"2016-10","domestic":"1065","transborder":"5","international":"0"},{"date":"2016-11","domestic":"893","transborder":"1","international":"0"},{"date":"2016-12","domestic":"138","transborder":"0","international":"0"},{"date":"2017-01","domestic":"158","transborder":"0","international":"0"},{"date":"2017-02","domestic":"203","transborder":"0","international":"0"},{"date":"2017-03","domestic":"347","transborder":"0","international":"0"},{"date":"2017-04","domestic":"1130","transborder":"2","international":"0"},{"date":"2017-05","domestic":"1049","transborder":"1","international":"0"},{"date":"2017-06","domestic":"2499","transborder":"1","international":"0"},{"date":"2017-07","domestic":"7325","transborder":"1","international":"0"},{"date":"2017-08","domestic":"5664","transborder":"2","international":"0"},{"date":"2017-09","domestic":"1658","transborder":"1","international":"0"},{"date":"2017-10","domestic":"1228","transborder":"1","international":"0"},{"date":"2017-11","domestic":"500","transborder":"0","international":"0"},{"date":"2017-12","domestic":"169","transborder":"1","international":"0"},{"date":"2018-01","domestic":"89","transborder":"0","international":"0"},{"date":"2018-02","domestic":"147","transborder":"1","international":"0"},{"date":"2018-03","domestic":"282","transborder":"2","international":"0"},{"date":"2018-04","domestic":"1036","transborder":"1","international":"0"},{"date":"2018-05","domestic":"1409","transborder":"2","international":"0"},{"date":"2018-06","domestic":"2456","transborder":"6","international":"0"},{"date":"2018-07","domestic":"7464","transborder":"0","international":"0"},{"date":"2018-08","domestic":"5055","transborder":"2","international":"0"},{"date":"2018-09","domestic":"2283","transborder":"0","international":"0"},{"date":"2018-10","domestic":"1466","transborder":"0","international":"0"},{"date":"2018-11","domestic":"465","transborder":"1","international":"0"},{"date":"2018-12","domestic":"270","transborder":"0","international":"0"},{"date":"2019-01","domestic":"75","transborder":"0","international":"0"},{"date":"2019-02","domestic":"191","transborder":"0","international":"0"}]