[{"date":"2010-01","domestic":"1432","transborder":"45","international":"0"},{"date":"2010-02","domestic":"1370","transborder":"37","international":"2"},{"date":"2010-03","domestic":"1687","transborder":"24","international":"1"},{"date":"2010-04","domestic":"1693","transborder":"13","international":"0"},{"date":"2010-05","domestic":"1989","transborder":"11","international":"0"},{"date":"2010-06","domestic":"2009","transborder":"25","international":"0"},{"date":"2010-07","domestic":"2552","transborder":"20","international":"0"},{"date":"2010-08","domestic":"2357","transborder":"33","international":"1"},{"date":"2010-09","domestic":"1686","transborder":"18","international":"0"},{"date":"2010-10","domestic":"1792","transborder":"4","international":"1"},{"date":"2010-11","domestic":"1537","transborder":"8","international":"1"},{"date":"2010-12","domestic":"1443","transborder":"11","international":"0"},{"date":"2011-01","domestic":"1260","transborder":"27","international":"0"},{"date":"2011-02","domestic":"1394","transborder":"34","international":"1"},{"date":"2011-03","domestic":"1578","transborder":"30","international":"0"},{"date":"2011-04","domestic":"1748","transborder":"12","international":"0"},{"date":"2011-05","domestic":"1895","transborder":"30","international":"0"},{"date":"2011-06","domestic":"2001","transborder":"16","international":"0"},{"date":"2011-07","domestic":"1986","transborder":"25","international":"0"},{"date":"2011-08","domestic":"2356","transborder":"30","international":"0"},{"date":"2011-09","domestic":"1982","transborder":"23","international":"0"},{"date":"2011-10","domestic":"1665","transborder":"5","international":"0"},{"date":"2011-11","domestic":"1334","transborder":"0","international":"0"},{"date":"2011-12","domestic":"1458","transborder":"13","international":"1"},{"date":"2012-01","domestic":"1369","transborder":"20","international":"0"},{"date":"2012-02","domestic":"1475","transborder":"27","international":"0"},{"date":"2012-03","domestic":"1659","transborder":"26","international":"1"},{"date":"2012-04","domestic":"1753","transborder":"7","international":"0"},{"date":"2012-05","domestic":"2184","transborder":"13","international":"0"},{"date":"2012-06","domestic":"2088","transborder":"5","international":"0"},{"date":"2012-07","domestic":"2573","transborder":"27","international":"0"},{"date":"2012-08","domestic":"2749","transborder":"24","international":"0"},{"date":"2012-09","domestic":"2400","transborder":"7","international":"0"},{"date":"2012-10","domestic":"1782","transborder":"7","international":"0"},{"date":"2012-11","domestic":"1589","transborder":"2","international":"0"},{"date":"2012-12","domestic":"1470","transborder":"15","international":"0"},{"date":"2013-01","domestic":"1585","transborder":"29","international":"0"},{"date":"2013-02","domestic":"1557","transborder":"34","international":"0"},{"date":"2013-03","domestic":"2000","transborder":"34","international":"0"},{"date":"2013-04","domestic":"1957","transborder":"15","international":"2"},{"date":"2013-05","domestic":"2538","transborder":"17","international":"0"},{"date":"2013-06","domestic":"2272","transborder":"18","international":"0"},{"date":"2013-07","domestic":"2659","transborder":"28","international":"0"},{"date":"2013-08","domestic":"2949","transborder":"19","international":"0"},{"date":"2013-09","domestic":"2064","transborder":"23","international":"0"},{"date":"2013-10","domestic":"2104","transborder":"5","international":"0"},{"date":"2013-11","domestic":"1605","transborder":"4","international":"0"},{"date":"2013-12","domestic":"1542","transborder":"15","international":"1"},{"date":"2014-01","domestic":"1611","transborder":"35","international":"0"},{"date":"2014-02","domestic":"1742","transborder":"36","international":"2"},{"date":"2014-03","domestic":"1995","transborder":"32","international":"4"},{"date":"2014-04","domestic":"2167","transborder":"17","international":"0"},{"date":"2014-05","domestic":"2538","transborder":"16","international":"0"},{"date":"2014-06","domestic":"2420","transborder":"14","international":"0"},{"date":"2014-07","domestic":"3363","transborder":"27","international":"1"},{"date":"2014-08","domestic":"2950","transborder":"40","international":"1"},{"date":"2014-09","domestic":"2407","transborder":"18","international":"0"},{"date":"2014-10","domestic":"1934","transborder":"13","international":"0"},{"date":"2014-11","domestic":"1947","transborder":"14","international":"0"},{"date":"2014-12","domestic":"2020","transborder":"15","international":"0"},{"date":"2015-01","domestic":"1772","transborder":"30","international":"0"},{"date":"2015-02","domestic":"1917","transborder":"35","international":"3"},{"date":"2015-03","domestic":"2393","transborder":"27","international":"0"},{"date":"2015-04","domestic":"2390","transborder":"14","international":"0"},{"date":"2015-05","domestic":"2872","transborder":"13","international":"0"},{"date":"2015-06","domestic":"2703","transborder":"18","international":"0"},{"date":"2015-07","domestic":"3156","transborder":"14","international":"0"},{"date":"2015-08","domestic":"2871","transborder":"30","international":"0"},{"date":"2015-09","domestic":"2527","transborder":"15","international":"1"},{"date":"2015-10","domestic":"2152","transborder":"9","international":"0"},{"date":"2015-11","domestic":"1881","transborder":"16","international":"0"},{"date":"2015-12","domestic":"1705","transborder":"30","international":"0"},{"date":"2016-01","domestic":"1886","transborder":"33","international":"1"},{"date":"2016-02","domestic":"2058","transborder":"38","international":"2"},{"date":"2016-03","domestic":"2382","transborder":"45","international":"2"},{"date":"2016-04","domestic":"2532","transborder":"25","international":"0"},{"date":"2016-05","domestic":"2567","transborder":"14","international":"0"},{"date":"2016-06","domestic":"2581","transborder":"31","international":"0"},{"date":"2016-07","domestic":"2712","transborder":"33","international":"0"},{"date":"2016-08","domestic":"2908","transborder":"30","international":"0"},{"date":"2016-09","domestic":"2413","transborder":"23","international":"0"},{"date":"2016-10","domestic":"2022","transborder":"12","international":"0"},{"date":"2016-11","domestic":"1903","transborder":"6","international":"2"},{"date":"2016-12","domestic":"1592","transborder":"31","international":"0"},{"date":"2017-01","domestic":"1639","transborder":"40","international":"0"},{"date":"2017-02","domestic":"1579","transborder":"41","international":"2"},{"date":"2017-03","domestic":"1810","transborder":"42","international":"4"},{"date":"2017-04","domestic":"2018","transborder":"14","international":"1"},{"date":"2017-05","domestic":"3050","transborder":"14","international":"0"},{"date":"2017-06","domestic":"2766","transborder":"16","international":"0"},{"date":"2017-07","domestic":"5005","transborder":"23","international":"0"},{"date":"2017-08","domestic":"3389","transborder":"9","international":"0"},{"date":"2017-09","domestic":"2974","transborder":"27","international":"1"},{"date":"2017-10","domestic":"2053","transborder":"15","international":"0"},{"date":"2017-11","domestic":"1494","transborder":"7","international":"2"},{"date":"2017-12","domestic":"1417","transborder":"37","international":"0"},{"date":"2018-01","domestic":"1638","transborder":"39","international":"2"},{"date":"2018-02","domestic":"1566","transborder":"37","international":"1"},{"date":"2018-03","domestic":"2148","transborder":"49","international":"5"},{"date":"2018-04","domestic":"2148","transborder":"14","international":"2"},{"date":"2018-05","domestic":"3302","transborder":"16","international":"0"},{"date":"2018-06","domestic":"2571","transborder":"60","international":"0"},{"date":"2018-07","domestic":"3246","transborder":"19","international":"0"},{"date":"2018-08","domestic":"2712","transborder":"20","international":"1"},{"date":"2018-09","domestic":"2494","transborder":"28","international":"1"},{"date":"2018-10","domestic":"2064","transborder":"11","international":"0"},{"date":"2018-11","domestic":"1670","transborder":"18","international":"0"},{"date":"2018-12","domestic":"1551","transborder":"34","international":"0"},{"date":"2019-01","domestic":"1671","transborder":"49","international":"1"},{"date":"2019-02","domestic":"1356","transborder":"39","international":"1"}]