[{"date":"2010-01","domestic":"2333","transborder":"134","international":"11"},{"date":"2010-02","domestic":"2383","transborder":"141","international":"15"},{"date":"2010-03","domestic":"5384","transborder":"184","international":"13"},{"date":"2010-04","domestic":"4665","transborder":"204","international":"1"},{"date":"2010-05","domestic":"4631","transborder":"172","international":"2"},{"date":"2010-06","domestic":"3674","transborder":"227","international":"3"},{"date":"2010-07","domestic":"4585","transborder":"176","international":"16"},{"date":"2010-08","domestic":"4339","transborder":"235","international":"2"},{"date":"2010-09","domestic":"3085","transborder":"193","international":"1"},{"date":"2010-10","domestic":"3835","transborder":"179","international":"2"},{"date":"2010-11","domestic":"3507","transborder":"154","international":"5"},{"date":"2010-12","domestic":"1507","transborder":"125","international":"6"},{"date":"2011-01","domestic":"2372","transborder":"170","international":"7"},{"date":"2011-02","domestic":"2002","transborder":"162","international":"18"},{"date":"2011-03","domestic":"3450","transborder":"169","international":"6"},{"date":"2011-04","domestic":"2785","transborder":"172","international":"1"},{"date":"2011-05","domestic":"3597","transborder":"164","international":"1"},{"date":"2011-06","domestic":"4641","transborder":"215","international":"3"},{"date":"2011-07","domestic":"4676","transborder":"195","international":"6"},{"date":"2011-08","domestic":"4354","transborder":"279","international":"6"},{"date":"2011-09","domestic":"3717","transborder":"214","international":"3"},{"date":"2011-10","domestic":"4021","transborder":"166","international":"7"},{"date":"2011-11","domestic":"3204","transborder":"144","international":"2"},{"date":"2011-12","domestic":"2317","transborder":"117","international":"8"},{"date":"2012-01","domestic":"2290","transborder":"182","international":"10"},{"date":"2012-02","domestic":"2740","transborder":"133","international":"10"},{"date":"2012-03","domestic":"3245","transborder":"202","international":"9"},{"date":"2012-04","domestic":"3605","transborder":"170","international":"1"},{"date":"2012-05","domestic":"4809","transborder":"164","international":"5"},{"date":"2012-06","domestic":"4391","transborder":"245","international":"0"},{"date":"2012-07","domestic":"4820","transborder":"282","international":"3"},{"date":"2012-08","domestic":"4085","transborder":"317","international":"3"},{"date":"2012-09","domestic":"3707","transborder":"263","international":"5"},{"date":"2012-10","domestic":"2806","transborder":"251","international":"4"},{"date":"2012-11","domestic":"3577","transborder":"265","international":"4"},{"date":"2012-12","domestic":"2006","transborder":"229","international":"3"},{"date":"2013-01","domestic":"2140","transborder":"234","international":"11"},{"date":"2013-02","domestic":"2055","transborder":"223","international":"13"},{"date":"2013-03","domestic":"3429","transborder":"260","international":"9"},{"date":"2013-04","domestic":"3334","transborder":"270","international":"2"},{"date":"2013-05","domestic":"4490","transborder":"303","international":"3"},{"date":"2013-06","domestic":"4441","transborder":"255","international":"4"},{"date":"2013-07","domestic":"5108","transborder":"281","international":"7"},{"date":"2013-08","domestic":"4546","transborder":"357","international":"5"},{"date":"2013-09","domestic":"4002","transborder":"253","international":"2"},{"date":"2013-10","domestic":"3717","transborder":"260","international":"2"},{"date":"2013-11","domestic":"2903","transborder":"222","international":"3"},{"date":"2013-12","domestic":"1622","transborder":"244","international":"6"},{"date":"2014-01","domestic":"1736","transborder":"205","international":"14"},{"date":"2014-02","domestic":"2252","transborder":"173","international":"12"},{"date":"2014-03","domestic":"3255","transborder":"233","international":"12"},{"date":"2014-04","domestic":"3080","transborder":"269","international":"2"},{"date":"2014-05","domestic":"3925","transborder":"225","international":"7"},{"date":"2014-06","domestic":"3926","transborder":"246","international":"3"},{"date":"2014-07","domestic":"4922","transborder":"256","international":"4"},{"date":"2014-08","domestic":"4248","transborder":"253","international":"4"},{"date":"2014-09","domestic":"3838","transborder":"286","international":"9"},{"date":"2014-10","domestic":"2686","transborder":"292","international":"5"},{"date":"2014-11","domestic":"1773","transborder":"224","international":"7"},{"date":"2014-12","domestic":"2012","transborder":"209","international":"12"},{"date":"2015-01","domestic":"2286","transborder":"173","international":"13"},{"date":"2015-02","domestic":"2172","transborder":"180","international":"11"},{"date":"2015-03","domestic":"3414","transborder":"188","international":"19"},{"date":"2015-04","domestic":"3333","transborder":"240","international":"5"},{"date":"2015-05","domestic":"4065","transborder":"256","international":"9"},{"date":"2015-06","domestic":"4257","transborder":"256","international":"9"},{"date":"2015-07","domestic":"5429","transborder":"286","international":"12"},{"date":"2015-08","domestic":"4028","transborder":"274","international":"8"},{"date":"2015-09","domestic":"3689","transborder":"255","international":"11"},{"date":"2015-10","domestic":"3052","transborder":"312","international":"6"},{"date":"2015-11","domestic":"3208","transborder":"222","international":"4"},{"date":"2015-12","domestic":"1159","transborder":"196","international":"7"},{"date":"2016-01","domestic":"2136","transborder":"189","international":"13"},{"date":"2016-02","domestic":"2458","transborder":"167","international":"9"},{"date":"2016-03","domestic":"2867","transborder":"217","international":"13"},{"date":"2016-04","domestic":"4233","transborder":"261","international":"4"},{"date":"2016-05","domestic":"5060","transborder":"238","international":"7"},{"date":"2016-06","domestic":"5354","transborder":"293","international":"7"},{"date":"2016-07","domestic":"5385","transborder":"312","international":"4"},{"date":"2016-08","domestic":"4950","transborder":"306","international":"7"},{"date":"2016-09","domestic":"3793","transborder":"318","international":"4"},{"date":"2016-10","domestic":"3414","transborder":"171","international":"7"},{"date":"2016-11","domestic":"3080","transborder":"149","international":"10"},{"date":"2016-12","domestic":"1334","transborder":"136","international":"10"},{"date":"2017-01","domestic":"1473","transborder":"127","international":"10"},{"date":"2017-02","domestic":"2535","transborder":"130","international":"12"},{"date":"2017-03","domestic":"2649","transborder":"146","international":"14"},{"date":"2017-04","domestic":"3683","transborder":"186","international":"3"},{"date":"2017-05","domestic":"4133","transborder":"159","international":"15"},{"date":"2017-06","domestic":"3937","transborder":"174","international":"6"},{"date":"2017-07","domestic":"5307","transborder":"210","international":"12"},{"date":"2017-08","domestic":"4818","transborder":"178","international":"5"},{"date":"2017-09","domestic":"4212","transborder":"185","international":"4"},{"date":"2017-10","domestic":"3404","transborder":"157","international":"3"},{"date":"2017-11","domestic":"2994","transborder":"121","international":"5"},{"date":"2017-12","domestic":"1885","transborder":"116","international":"5"},{"date":"2018-01","domestic":"2348","transborder":"130","international":"11"},{"date":"2018-02","domestic":"2665","transborder":"89","international":"18"},{"date":"2018-03","domestic":"3575","transborder":"123","international":"21"},{"date":"2018-04","domestic":"3516","transborder":"134","international":"2"},{"date":"2018-05","domestic":"5298","transborder":"142","international":"10"},{"date":"2018-06","domestic":"5152","transborder":"172","international":"8"},{"date":"2018-07","domestic":"5080","transborder":"145","international":"5"},{"date":"2018-08","domestic":"4571","transborder":"154","international":"10"},{"date":"2018-09","domestic":"4660","transborder":"139","international":"4"},{"date":"2018-10","domestic":"3728","transborder":"169","international":"1"},{"date":"2018-11","domestic":"2775","transborder":"153","international":"7"},{"date":"2018-12","domestic":"2411","transborder":"107","international":"12"},{"date":"2019-01","domestic":"2700","transborder":"91","international":"16"},{"date":"2019-02","domestic":"2933","transborder":"106","international":"9"}]