[{"date":"2010-01","domestic":"2975","transborder":"156","international":"1"},{"date":"2010-02","domestic":"3463","transborder":"155","international":"2"},{"date":"2010-03","domestic":"6737","transborder":"219","international":"6"},{"date":"2010-04","domestic":"6149","transborder":"171","international":"9"},{"date":"2010-05","domestic":"8292","transborder":"132","international":"10"},{"date":"2010-06","domestic":"6180","transborder":"70","international":"14"},{"date":"2010-07","domestic":"7071","transborder":"102","international":"17"},{"date":"2010-08","domestic":"6425","transborder":"234","international":"3"},{"date":"2010-09","domestic":"4651","transborder":"216","international":"3"},{"date":"2010-10","domestic":"5578","transborder":"282","international":"4"},{"date":"2010-11","domestic":"5140","transborder":"265","international":"3"},{"date":"2010-12","domestic":"2039","transborder":"157","international":"6"},{"date":"2011-01","domestic":"1886","transborder":"134","international":"4"},{"date":"2011-02","domestic":"2587","transborder":"127","international":"4"},{"date":"2011-03","domestic":"4490","transborder":"199","international":"2"},{"date":"2011-04","domestic":"4306","transborder":"200","international":"2"},{"date":"2011-05","domestic":"5192","transborder":"234","international":"5"},{"date":"2011-06","domestic":"7064","transborder":"241","international":"1"},{"date":"2011-07","domestic":"7597","transborder":"244","international":"1"},{"date":"2011-08","domestic":"7069","transborder":"220","international":"5"},{"date":"2011-09","domestic":"5178","transborder":"229","international":"7"},{"date":"2011-10","domestic":"5555","transborder":"218","international":"4"},{"date":"2011-11","domestic":"4962","transborder":"193","international":"2"},{"date":"2011-12","domestic":"2934","transborder":"125","international":"3"},{"date":"2012-01","domestic":"2195","transborder":"111","international":"3"},{"date":"2012-02","domestic":"3312","transborder":"138","international":"4"},{"date":"2012-03","domestic":"4836","transborder":"223","international":"2"},{"date":"2012-04","domestic":"5689","transborder":"211","international":"3"},{"date":"2012-05","domestic":"7325","transborder":"244","international":"6"},{"date":"2012-06","domestic":"7135","transborder":"194","international":"0"},{"date":"2012-07","domestic":"7691","transborder":"204","international":"3"},{"date":"2012-08","domestic":"6930","transborder":"164","international":"3"},{"date":"2012-09","domestic":"5371","transborder":"159","international":"0"},{"date":"2012-10","domestic":"3499","transborder":"182","international":"2"},{"date":"2012-11","domestic":"3870","transborder":"141","international":"2"},{"date":"2012-12","domestic":"1809","transborder":"122","international":"3"},{"date":"2013-01","domestic":"2368","transborder":"109","international":"2"},{"date":"2013-02","domestic":"2071","transborder":"84","international":"2"},{"date":"2013-03","domestic":"4434","transborder":"126","international":"3"},{"date":"2013-04","domestic":"4370","transborder":"140","international":"1"},{"date":"2013-05","domestic":"5525","transborder":"172","international":"6"},{"date":"2013-06","domestic":"5707","transborder":"166","international":"4"},{"date":"2013-07","domestic":"5985","transborder":"202","international":"3"},{"date":"2013-08","domestic":"6504","transborder":"188","international":"1"},{"date":"2013-09","domestic":"5927","transborder":"192","international":"10"},{"date":"2013-10","domestic":"5013","transborder":"162","international":"3"},{"date":"2013-11","domestic":"3852","transborder":"117","international":"0"},{"date":"2013-12","domestic":"1473","transborder":"105","international":"1"},{"date":"2014-01","domestic":"885","transborder":"70","international":"0"},{"date":"2014-02","domestic":"1607","transborder":"79","international":"1"},{"date":"2014-03","domestic":"2878","transborder":"145","international":"1"},{"date":"2014-04","domestic":"3628","transborder":"153","international":"4"},{"date":"2014-05","domestic":"4426","transborder":"161","international":"5"},{"date":"2014-06","domestic":"4775","transborder":"153","international":"4"},{"date":"2014-07","domestic":"4348","transborder":"156","international":"1"},{"date":"2014-08","domestic":"4100","transborder":"142","international":"2"},{"date":"2014-09","domestic":"4378","transborder":"159","international":"2"},{"date":"2014-10","domestic":"2742","transborder":"145","international":"1"},{"date":"2014-11","domestic":"1693","transborder":"79","international":"3"},{"date":"2014-12","domestic":"1680","transborder":"93","international":"0"},{"date":"2015-01","domestic":"1924","transborder":"54","international":"1"},{"date":"2015-02","domestic":"1448","transborder":"67","international":"1"},{"date":"2015-03","domestic":"3040","transborder":"115","international":"1"},{"date":"2015-04","domestic":"3314","transborder":"127","international":"4"},{"date":"2015-05","domestic":"3743","transborder":"143","international":"5"},{"date":"2015-06","domestic":"4019","transborder":"135","international":"2"},{"date":"2015-07","domestic":"4622","transborder":"181","international":"3"},{"date":"2015-08","domestic":"3778","transborder":"138","international":"1"},{"date":"2015-09","domestic":"3945","transborder":"149","international":"1"},{"date":"2015-10","domestic":"2931","transborder":"138","international":"5"},{"date":"2015-11","domestic":"2703","transborder":"112","international":"0"},{"date":"2015-12","domestic":"1325","transborder":"99","international":"2"},{"date":"2016-01","domestic":"1602","transborder":"65","international":"1"},{"date":"2016-02","domestic":"1496","transborder":"65","international":"1"},{"date":"2016-03","domestic":"2395","transborder":"115","international":"2"},{"date":"2016-04","domestic":"3177","transborder":"121","international":"2"},{"date":"2016-05","domestic":"3628","transborder":"146","international":"8"},{"date":"2016-06","domestic":"4118","transborder":"126","international":"5"},{"date":"2016-07","domestic":"3496","transborder":"149","international":"1"},{"date":"2016-08","domestic":"3855","transborder":"150","international":"1"},{"date":"2016-09","domestic":"3675","transborder":"137","international":"2"},{"date":"2016-10","domestic":"2917","transborder":"124","international":"3"},{"date":"2016-11","domestic":"2249","transborder":"109","international":"0"},{"date":"2016-12","domestic":"675","transborder":"63","international":"1"},{"date":"2017-01","domestic":"657","transborder":"74","international":"2"},{"date":"2017-02","domestic":"728","transborder":"81","international":"1"},{"date":"2017-03","domestic":"905","transborder":"84","international":"4"},{"date":"2017-04","domestic":"1258","transborder":"163","international":"3"},{"date":"2017-05","domestic":"1331","transborder":"157","international":"2"},{"date":"2017-06","domestic":"1635","transborder":"125","international":"1"},{"date":"2017-07","domestic":"1984","transborder":"159","international":"0"},{"date":"2017-08","domestic":"2101","transborder":"138","international":"1"},{"date":"2017-09","domestic":"2512","transborder":"169","international":"3"},{"date":"2017-10","domestic":"1992","transborder":"141","international":"0"},{"date":"2017-11","domestic":"1311","transborder":"106","international":"3"},{"date":"2017-12","domestic":"857","transborder":"78","international":"2"},{"date":"2018-01","domestic":"1020","transborder":"81","international":"0"},{"date":"2018-02","domestic":"1239","transborder":"68","international":"2"},{"date":"2018-03","domestic":"1903","transborder":"64","international":"3"},{"date":"2018-04","domestic":"1853","transborder":"95","international":"3"},{"date":"2018-05","domestic":"2901","transborder":"110","international":"4"},{"date":"2018-06","domestic":"2681","transborder":"134","international":"2"},{"date":"2018-07","domestic":"2820","transborder":"125","international":"1"},{"date":"2018-08","domestic":"2589","transborder":"118","international":"0"},{"date":"2018-09","domestic":"2432","transborder":"103","international":"1"},{"date":"2018-10","domestic":"1582","transborder":"66","international":"1"},{"date":"2018-11","domestic":"983","transborder":"55","international":"1"},{"date":"2018-12","domestic":"1069","transborder":"48","international":"0"}]