[{"date":"2010-01","domestic":"488","transborder":"3","international":"0"},{"date":"2010-02","domestic":"535","transborder":"0","international":"0"},{"date":"2010-03","domestic":"655","transborder":"2","international":"0"},{"date":"2010-04","domestic":"597","transborder":"3","international":"0"},{"date":"2010-05","domestic":"746","transborder":"0","international":"0"},{"date":"2010-06","domestic":"1054","transborder":"1","international":"0"},{"date":"2010-07","domestic":"762","transborder":"0","international":"0"},{"date":"2010-08","domestic":"679","transborder":"0","international":"0"},{"date":"2010-09","domestic":"682","transborder":"3","international":"0"},{"date":"2010-10","domestic":"692","transborder":"1","international":"1"},{"date":"2010-11","domestic":"634","transborder":"6","international":"0"},{"date":"2010-12","domestic":"500","transborder":"1","international":"0"},{"date":"2011-01","domestic":"536","transborder":"3","international":"0"},{"date":"2011-02","domestic":"616","transborder":"3","international":"0"},{"date":"2011-03","domestic":"638","transborder":"2","international":"0"},{"date":"2011-04","domestic":"851","transborder":"0","international":"0"},{"date":"2011-05","domestic":"940","transborder":"1","international":"0"},{"date":"2011-06","domestic":"881","transborder":"0","international":"0"},{"date":"2011-07","domestic":"790","transborder":"1","international":"0"},{"date":"2011-08","domestic":"1060","transborder":"1","international":"0"},{"date":"2011-09","domestic":"986","transborder":"7","international":"1"},{"date":"2011-10","domestic":"812","transborder":"5","international":"1"},{"date":"2011-11","domestic":"606","transborder":"4","international":"0"},{"date":"2011-12","domestic":"707","transborder":"0","international":"0"},{"date":"2012-01","domestic":"665","transborder":"0","international":"0"},{"date":"2012-02","domestic":"732","transborder":"1","international":"0"},{"date":"2012-03","domestic":"805","transborder":"2","international":"0"},{"date":"2012-04","domestic":"746","transborder":"2","international":"0"},{"date":"2012-05","domestic":"1014","transborder":"3","international":"0"},{"date":"2012-06","domestic":"1120","transborder":"3","international":"0"},{"date":"2012-07","domestic":"934","transborder":"0","international":"0"},{"date":"2012-08","domestic":"958","transborder":"2","international":"0"},{"date":"2012-09","domestic":"905","transborder":"4","international":"0"},{"date":"2012-10","domestic":"661","transborder":"4","international":"1"},{"date":"2012-11","domestic":"490","transborder":"2","international":"0"},{"date":"2012-12","domestic":"547","transborder":"4","international":"0"},{"date":"2013-01","domestic":"568","transborder":"0","international":"0"},{"date":"2013-02","domestic":"568","transborder":"1","international":"0"},{"date":"2013-03","domestic":"821","transborder":"2","international":"0"},{"date":"2013-04","domestic":"724","transborder":"2","international":"0"},{"date":"2013-05","domestic":"914","transborder":"3","international":"0"},{"date":"2013-06","domestic":"844","transborder":"3","international":"0"},{"date":"2013-07","domestic":"870","transborder":"2","international":"0"},{"date":"2013-08","domestic":"942","transborder":"1","international":"0"},{"date":"2013-09","domestic":"946","transborder":"6","international":"0"},{"date":"2013-10","domestic":"939","transborder":"2","international":"0"},{"date":"2013-11","domestic":"672","transborder":"6","international":"0"},{"date":"2013-12","domestic":"568","transborder":"2","international":"0"},{"date":"2014-01","domestic":"703","transborder":"2","international":"0"},{"date":"2014-02","domestic":"639","transborder":"2","international":"0"},{"date":"2014-03","domestic":"836","transborder":"2","international":"0"},{"date":"2014-04","domestic":"786","transborder":"7","international":"0"},{"date":"2014-05","domestic":"921","transborder":"1","international":"0"},{"date":"2014-06","domestic":"1084","transborder":"2","international":"0"},{"date":"2014-07","domestic":"1003","transborder":"4","international":"0"},{"date":"2014-08","domestic":"1016","transborder":"1","international":"0"},{"date":"2014-09","domestic":"1072","transborder":"3","international":"0"},{"date":"2014-10","domestic":"933","transborder":"6","international":"1"},{"date":"2014-11","domestic":"572","transborder":"11","international":"0"},{"date":"2014-12","domestic":"426","transborder":"0","international":"0"},{"date":"2015-01","domestic":"609","transborder":"1","international":"0"},{"date":"2015-02","domestic":"592","transborder":"2","international":"0"},{"date":"2015-03","domestic":"838","transborder":"1","international":"0"},{"date":"2015-04","domestic":"891","transborder":"5","international":"0"},{"date":"2015-05","domestic":"887","transborder":"1","international":"0"},{"date":"2015-06","domestic":"1078","transborder":"3","international":"0"},{"date":"2015-07","domestic":"875","transborder":"0","international":"0"},{"date":"2015-08","domestic":"814","transborder":"2","international":"0"},{"date":"2015-09","domestic":"731","transborder":"4","international":"0"},{"date":"2015-10","domestic":"778","transborder":"10","international":"0"},{"date":"2015-11","domestic":"610","transborder":"6","international":"1"},{"date":"2015-12","domestic":"484","transborder":"3","international":"0"},{"date":"2016-01","domestic":"473","transborder":"1","international":"0"},{"date":"2016-02","domestic":"502","transborder":"1","international":"0"},{"date":"2016-03","domestic":"445","transborder":"4","international":"0"},{"date":"2016-04","domestic":"598","transborder":"3","international":"0"},{"date":"2016-05","domestic":"606","transborder":"6","international":"1"},{"date":"2016-06","domestic":"718","transborder":"0","international":"0"},{"date":"2016-07","domestic":"674","transborder":"1","international":"0"},{"date":"2016-08","domestic":"793","transborder":"0","international":"0"},{"date":"2016-09","domestic":"846","transborder":"3","international":"0"},{"date":"2016-10","domestic":"508","transborder":"11","international":"0"},{"date":"2016-11","domestic":"622","transborder":"5","international":"0"},{"date":"2016-12","domestic":"464","transborder":"3","international":"0"},{"date":"2017-01","domestic":"462","transborder":"5","international":"0"},{"date":"2017-02","domestic":"467","transborder":"2","international":"0"},{"date":"2017-03","domestic":"470","transborder":"2","international":"0"},{"date":"2017-04","domestic":"415","transborder":"3","international":"0"},{"date":"2017-05","domestic":"559","transborder":"1","international":"0"},{"date":"2017-06","domestic":"699","transborder":"3","international":"0"},{"date":"2017-07","domestic":"587","transborder":"0","international":"0"},{"date":"2017-08","domestic":"661","transborder":"2","international":"0"},{"date":"2017-09","domestic":"641","transborder":"11","international":"0"},{"date":"2017-10","domestic":"580","transborder":"5","international":"0"},{"date":"2017-11","domestic":"373","transborder":"1","international":"1"},{"date":"2017-12","domestic":"334","transborder":"1","international":"0"},{"date":"2018-01","domestic":"328","transborder":"1","international":"0"},{"date":"2018-02","domestic":"324","transborder":"1","international":"0"},{"date":"2018-03","domestic":"317","transborder":"3","international":"0"},{"date":"2018-04","domestic":"443","transborder":"2","international":"0"},{"date":"2018-05","domestic":"535","transborder":"0","international":"0"},{"date":"2018-06","domestic":"838","transborder":"1","international":"0"},{"date":"2018-07","domestic":"611","transborder":"1","international":"0"},{"date":"2018-08","domestic":"457","transborder":"1","international":"0"},{"date":"2018-09","domestic":"515","transborder":"11","international":"0"},{"date":"2018-10","domestic":"599","transborder":"9","international":"0"},{"date":"2018-11","domestic":"306","transborder":"3","international":"0"},{"date":"2018-12","domestic":"342","transborder":"1","international":"0"},{"date":"2019-01","domestic":"444","transborder":"3","international":"0"},{"date":"2019-02","domestic":"347","transborder":"2","international":"1"}]