[{"date":"2010-01","domestic":"3403","transborder":"283","international":"56"},{"date":"2010-02","domestic":"3306","transborder":"275","international":"50"},{"date":"2010-03","domestic":"4113","transborder":"278","international":"51"},{"date":"2010-04","domestic":"3976","transborder":"259","international":"38"},{"date":"2010-05","domestic":"3949","transborder":"264","international":"3"},{"date":"2010-06","domestic":"3969","transborder":"236","international":"0"},{"date":"2010-07","domestic":"4605","transborder":"273","international":"4"},{"date":"2010-08","domestic":"4555","transborder":"250","international":"2"},{"date":"2010-09","domestic":"3821","transborder":"196","international":"1"},{"date":"2010-10","domestic":"3978","transborder":"187","international":"2"},{"date":"2010-11","domestic":"3255","transborder":"212","international":"24"},{"date":"2010-12","domestic":"2966","transborder":"235","international":"38"},{"date":"2011-01","domestic":"3182","transborder":"291","international":"60"},{"date":"2011-02","domestic":"3110","transborder":"271","international":"46"},{"date":"2011-03","domestic":"3634","transborder":"294","international":"50"},{"date":"2011-04","domestic":"3882","transborder":"254","international":"33"},{"date":"2011-05","domestic":"4083","transborder":"281","international":"3"},{"date":"2011-06","domestic":"4240","transborder":"216","international":"1"},{"date":"2011-07","domestic":"4581","transborder":"248","international":"1"},{"date":"2011-08","domestic":"4724","transborder":"237","international":"1"},{"date":"2011-09","domestic":"4318","transborder":"205","international":"3"},{"date":"2011-10","domestic":"3627","transborder":"197","international":"3"},{"date":"2011-11","domestic":"3201","transborder":"252","international":"31"},{"date":"2011-12","domestic":"2955","transborder":"283","international":"43"},{"date":"2012-01","domestic":"2949","transborder":"312","international":"56"},{"date":"2012-02","domestic":"2988","transborder":"315","international":"49"},{"date":"2012-03","domestic":"3605","transborder":"301","international":"56"},{"date":"2012-04","domestic":"3713","transborder":"212","international":"26"},{"date":"2012-05","domestic":"4241","transborder":"199","international":"1"},{"date":"2012-06","domestic":"3987","transborder":"208","international":"1"},{"date":"2012-07","domestic":"4422","transborder":"223","international":"3"},{"date":"2012-08","domestic":"4608","transborder":"241","international":"0"},{"date":"2012-09","domestic":"4361","transborder":"228","international":"0"},{"date":"2012-10","domestic":"3889","transborder":"197","international":"2"},{"date":"2012-11","domestic":"3456","transborder":"241","international":"36"},{"date":"2012-12","domestic":"2892","transborder":"311","international":"44"},{"date":"2013-01","domestic":"3130","transborder":"412","international":"60"},{"date":"2013-02","domestic":"3228","transborder":"395","international":"58"},{"date":"2013-03","domestic":"3710","transborder":"397","international":"63"},{"date":"2013-04","domestic":"3817","transborder":"289","international":"37"},{"date":"2013-05","domestic":"4337","transborder":"265","international":"1"},{"date":"2013-06","domestic":"4322","transborder":"245","international":"2"},{"date":"2013-07","domestic":"4941","transborder":"293","international":"2"},{"date":"2013-08","domestic":"4754","transborder":"306","international":"0"},{"date":"2013-09","domestic":"4147","transborder":"243","international":"0"},{"date":"2013-10","domestic":"3985","transborder":"251","international":"0"},{"date":"2013-11","domestic":"3410","transborder":"331","international":"30"},{"date":"2013-12","domestic":"3225","transborder":"355","international":"42"},{"date":"2014-01","domestic":"3391","transborder":"386","international":"67"},{"date":"2014-02","domestic":"3316","transborder":"384","international":"59"},{"date":"2014-03","domestic":"3855","transborder":"390","international":"65"},{"date":"2014-04","domestic":"4127","transborder":"268","international":"39"},{"date":"2014-05","domestic":"4551","transborder":"241","international":"0"},{"date":"2014-06","domestic":"4619","transborder":"276","international":"0"},{"date":"2014-07","domestic":"5127","transborder":"255","international":"6"},{"date":"2014-08","domestic":"5118","transborder":"279","international":"0"},{"date":"2014-09","domestic":"4604","transborder":"260","international":"0"},{"date":"2014-10","domestic":"4254","transborder":"267","international":"1"},{"date":"2014-11","domestic":"3659","transborder":"321","international":"30"},{"date":"2014-12","domestic":"3559","transborder":"330","international":"44"},{"date":"2015-01","domestic":"3468","transborder":"383","international":"69"},{"date":"2015-02","domestic":"3671","transborder":"358","international":"61"},{"date":"2015-03","domestic":"4430","transborder":"383","international":"64"},{"date":"2015-04","domestic":"4474","transborder":"233","international":"41"},{"date":"2015-05","domestic":"4553","transborder":"192","international":"6"},{"date":"2015-06","domestic":"4637","transborder":"206","international":"5"},{"date":"2015-07","domestic":"4740","transborder":"241","international":"6"},{"date":"2015-08","domestic":"4569","transborder":"241","international":"2"},{"date":"2015-09","domestic":"4325","transborder":"189","international":"0"},{"date":"2015-10","domestic":"4334","transborder":"194","international":"6"},{"date":"2015-11","domestic":"3504","transborder":"260","international":"27"},{"date":"2015-12","domestic":"3456","transborder":"302","international":"39"},{"date":"2016-01","domestic":"3380","transborder":"324","international":"72"},{"date":"2016-02","domestic":"4018","transborder":"357","international":"61"},{"date":"2016-03","domestic":"4443","transborder":"344","international":"62"},{"date":"2016-04","domestic":"4294","transborder":"230","international":"54"},{"date":"2016-05","domestic":"4383","transborder":"195","international":"3"},{"date":"2016-06","domestic":"4777","transborder":"198","international":"7"},{"date":"2016-07","domestic":"4928","transborder":"226","international":"5"},{"date":"2016-08","domestic":"5203","transborder":"242","international":"2"},{"date":"2016-09","domestic":"4428","transborder":"215","international":"0"},{"date":"2016-10","domestic":"4018","transborder":"186","international":"7"},{"date":"2016-11","domestic":"3923","transborder":"201","international":"39"},{"date":"2016-12","domestic":"3688","transborder":"278","international":"57"},{"date":"2017-01","domestic":"3906","transborder":"348","international":"69"},{"date":"2017-02","domestic":"3633","transborder":"291","international":"59"},{"date":"2017-03","domestic":"4413","transborder":"324","international":"66"},{"date":"2017-04","domestic":"4405","transborder":"218","international":"55"},{"date":"2017-05","domestic":"5145","transborder":"202","international":"1"},{"date":"2017-06","domestic":"6016","transborder":"206","international":"2"},{"date":"2017-07","domestic":"5644","transborder":"228","international":"1"},{"date":"2017-08","domestic":"5758","transborder":"232","international":"2"},{"date":"2017-09","domestic":"5098","transborder":"221","international":"4"},{"date":"2017-10","domestic":"4789","transborder":"200","international":"1"},{"date":"2017-11","domestic":"3824","transborder":"218","international":"52"},{"date":"2017-12","domestic":"3983","transborder":"273","international":"68"},{"date":"2018-01","domestic":"4313","transborder":"348","international":"79"},{"date":"2018-02","domestic":"4141","transborder":"317","international":"70"},{"date":"2018-03","domestic":"4853","transborder":"361","international":"84"},{"date":"2018-04","domestic":"4934","transborder":"247","international":"45"},{"date":"2018-05","domestic":"5700","transborder":"215","international":"3"},{"date":"2018-06","domestic":"5598","transborder":"211","international":"1"},{"date":"2018-07","domestic":"6061","transborder":"240","international":"1"},{"date":"2018-08","domestic":"5320","transborder":"233","international":"2"},{"date":"2018-09","domestic":"5284","transborder":"209","international":"2"},{"date":"2018-10","domestic":"5112","transborder":"199","international":"2"},{"date":"2018-11","domestic":"4402","transborder":"215","international":"46"},{"date":"2018-12","domestic":"4401","transborder":"255","international":"67"},{"date":"2019-01","domestic":"4601","transborder":"367","international":"86"},{"date":"2019-02","domestic":"4107","transborder":"333","international":"74"}]