[{"date":"2010-01","domestic":"2307","transborder":"4","international":"1"},{"date":"2010-02","domestic":"1621","transborder":"1","international":"2"},{"date":"2010-03","domestic":"2558","transborder":"1","international":"3"},{"date":"2010-04","domestic":"3164","transborder":"3","international":"3"},{"date":"2010-05","domestic":"3456","transborder":"4","international":"10"},{"date":"2010-06","domestic":"3688","transborder":"11","international":"6"},{"date":"2010-07","domestic":"4260","transborder":"35","international":"5"},{"date":"2010-08","domestic":"3334","transborder":"27","international":"1"},{"date":"2010-09","domestic":"3084","transborder":"4","international":"0"},{"date":"2010-10","domestic":"3645","transborder":"8","international":"0"},{"date":"2010-11","domestic":"2018","transborder":"3","international":"0"},{"date":"2010-12","domestic":"1867","transborder":"2","international":"0"},{"date":"2011-01","domestic":"1748","transborder":"2","international":"0"},{"date":"2011-02","domestic":"1985","transborder":"2","international":"0"},{"date":"2011-03","domestic":"2280","transborder":"3","international":"0"},{"date":"2011-04","domestic":"2451","transborder":"2","international":"0"},{"date":"2011-05","domestic":"3081","transborder":"8","international":"0"},{"date":"2011-06","domestic":"2960","transborder":"18","international":"0"},{"date":"2011-07","domestic":"2920","transborder":"24","international":"0"},{"date":"2011-08","domestic":"3395","transborder":"20","international":"0"},{"date":"2011-09","domestic":"3830","transborder":"30","international":"0"},{"date":"2011-10","domestic":"3507","transborder":"4","international":"0"},{"date":"2011-11","domestic":"2108","transborder":"2","international":"0"},{"date":"2011-12","domestic":"1684","transborder":"1","international":"0"},{"date":"2012-01","domestic":"1141","transborder":"1","international":"0"},{"date":"2012-02","domestic":"1878","transborder":"3","international":"0"},{"date":"2012-03","domestic":"1992","transborder":"1","international":"0"},{"date":"2012-04","domestic":"3244","transborder":"6","international":"0"},{"date":"2012-05","domestic":"3423","transborder":"16","international":"0"},{"date":"2012-06","domestic":"2434","transborder":"8","international":"0"},{"date":"2012-07","domestic":"2956","transborder":"32","international":"0"},{"date":"2012-08","domestic":"3419","transborder":"25","international":"0"},{"date":"2012-09","domestic":"3568","transborder":"24","international":"0"},{"date":"2012-10","domestic":"2224","transborder":"4","international":"0"},{"date":"2012-11","domestic":"1753","transborder":"0","international":"0"},{"date":"2012-12","domestic":"783","transborder":"1","international":"0"},{"date":"2013-01","domestic":"1106","transborder":"4","international":"0"},{"date":"2013-02","domestic":"1236","transborder":"2","international":"0"},{"date":"2013-03","domestic":"2464","transborder":"5","international":"0"},{"date":"2013-04","domestic":"1923","transborder":"4","international":"0"},{"date":"2013-05","domestic":"2503","transborder":"3","international":"0"},{"date":"2013-06","domestic":"2689","transborder":"15","international":"0"},{"date":"2013-07","domestic":"2777","transborder":"24","international":"1"},{"date":"2013-08","domestic":"2295","transborder":"23","international":"0"},{"date":"2013-09","domestic":"1946","transborder":"11","international":"0"},{"date":"2013-10","domestic":"2634","transborder":"7","international":"0"},{"date":"2013-11","domestic":"1715","transborder":"1","international":"0"},{"date":"2013-12","domestic":"767","transborder":"1","international":"0"},{"date":"2014-01","domestic":"1463","transborder":"3","international":"0"},{"date":"2014-02","domestic":"1228","transborder":"1","international":"0"},{"date":"2014-03","domestic":"2627","transborder":"1","international":"0"},{"date":"2014-04","domestic":"2907","transborder":"13","international":"0"},{"date":"2014-05","domestic":"3334","transborder":"14","international":"0"},{"date":"2014-06","domestic":"2548","transborder":"10","international":"0"},{"date":"2014-07","domestic":"2484","transborder":"19","international":"0"},{"date":"2014-08","domestic":"2382","transborder":"14","international":"0"},{"date":"2014-09","domestic":"2079","transborder":"12","international":"0"},{"date":"2014-10","domestic":"1444","transborder":"8","international":"0"},{"date":"2014-11","domestic":"1546","transborder":"5","international":"1"},{"date":"2014-12","domestic":"1464","transborder":"1","international":"0"},{"date":"2015-01","domestic":"1176","transborder":"6","international":"0"},{"date":"2015-02","domestic":"1519","transborder":"3","international":"0"},{"date":"2015-03","domestic":"1963","transborder":"5","international":"0"},{"date":"2015-04","domestic":"1979","transborder":"5","international":"0"},{"date":"2015-05","domestic":"2647","transborder":"4","international":"0"},{"date":"2015-06","domestic":"2678","transborder":"10","international":"0"},{"date":"2015-07","domestic":"2576","transborder":"13","international":"0"},{"date":"2015-08","domestic":"2586","transborder":"11","international":"0"},{"date":"2015-09","domestic":"2359","transborder":"19","international":"0"},{"date":"2015-10","domestic":"2055","transborder":"5","international":"0"},{"date":"2015-11","domestic":"1888","transborder":"2","international":"0"},{"date":"2015-12","domestic":"974","transborder":"0","international":"0"},{"date":"2016-01","domestic":"1294","transborder":"0","international":"0"},{"date":"2016-02","domestic":"1866","transborder":"5","international":"0"},{"date":"2016-03","domestic":"2179","transborder":"3","international":"0"},{"date":"2016-04","domestic":"2791","transborder":"3","international":"0"},{"date":"2016-05","domestic":"2868","transborder":"4","international":"0"},{"date":"2016-06","domestic":"2954","transborder":"7","international":"0"},{"date":"2016-07","domestic":"3398","transborder":"5","international":"0"},{"date":"2016-08","domestic":"3062","transborder":"9","international":"0"},{"date":"2016-09","domestic":"2758","transborder":"8","international":"0"},{"date":"2016-10","domestic":"1814","transborder":"3","international":"0"},{"date":"2016-11","domestic":"1450","transborder":"1","international":"0"},{"date":"2016-12","domestic":"877","transborder":"1","international":"0"},{"date":"2017-01","domestic":"1566","transborder":"2","international":"0"},{"date":"2017-02","domestic":"1185","transborder":"2","international":"0"},{"date":"2017-03","domestic":"1552","transborder":"4","international":"0"},{"date":"2017-04","domestic":"2432","transborder":"5","international":"0"},{"date":"2017-05","domestic":"3269","transborder":"4","international":"0"},{"date":"2017-06","domestic":"3815","transborder":"14","international":"0"},{"date":"2017-07","domestic":"4605","transborder":"17","international":"0"},{"date":"2017-08","domestic":"3367","transborder":"10","international":"0"},{"date":"2017-09","domestic":"3379","transborder":"7","international":"0"},{"date":"2017-10","domestic":"3189","transborder":"5","international":"0"},{"date":"2017-11","domestic":"1600","transborder":"1","international":"0"},{"date":"2017-12","domestic":"1773","transborder":"2","international":"0"},{"date":"2018-01","domestic":"1030","transborder":"2","international":"0"},{"date":"2018-02","domestic":"1227","transborder":"4","international":"0"},{"date":"2018-03","domestic":"2428","transborder":"6","international":"0"},{"date":"2018-04","domestic":"2275","transborder":"6","international":"0"},{"date":"2018-05","domestic":"3863","transborder":"11","international":"0"},{"date":"2018-06","domestic":"3073","transborder":"5","international":"0"},{"date":"2018-07","domestic":"3973","transborder":"7","international":"0"},{"date":"2018-08","domestic":"2767","transborder":"5","international":"0"},{"date":"2018-09","domestic":"3041","transborder":"8","international":"0"},{"date":"2018-10","domestic":"3181","transborder":"5","international":"0"},{"date":"2018-11","domestic":"2024","transborder":"1","international":"0"},{"date":"2018-12","domestic":"1666","transborder":"6","international":"0"},{"date":"2019-01","domestic":"1993","transborder":"2","international":"0"},{"date":"2019-02","domestic":"1018","transborder":"1","international":"0"}]