[{"date":"2010-01","domestic":"3011","transborder":"1","international":"107"},{"date":"2010-02","domestic":"2868","transborder":"5","international":"179"},{"date":"2010-03","domestic":"4139","transborder":"4","international":"207"},{"date":"2010-04","domestic":"3669","transborder":"5","international":"196"},{"date":"2010-05","domestic":"4431","transborder":"3","international":"446"},{"date":"2010-06","domestic":"5731","transborder":"6","international":"436"},{"date":"2010-07","domestic":"5175","transborder":"8","international":"348"},{"date":"2010-08","domestic":"5102","transborder":"6","international":"7"},{"date":"2010-09","domestic":"5063","transborder":"3","international":"9"},{"date":"2010-10","domestic":"4330","transborder":"3","international":"0"},{"date":"2010-11","domestic":"3448","transborder":"6","international":"0"},{"date":"2010-12","domestic":"2514","transborder":"4","international":"0"},{"date":"2011-01","domestic":"2776","transborder":"1","international":"0"},{"date":"2011-02","domestic":"2739","transborder":"3","international":"0"},{"date":"2011-03","domestic":"3356","transborder":"4","international":"0"},{"date":"2011-04","domestic":"3835","transborder":"6","international":"0"},{"date":"2011-05","domestic":"6042","transborder":"7","international":"0"},{"date":"2011-06","domestic":"7825","transborder":"5","international":"0"},{"date":"2011-07","domestic":"5974","transborder":"6","international":"0"},{"date":"2011-08","domestic":"5315","transborder":"6","international":"0"},{"date":"2011-09","domestic":"5752","transborder":"4","international":"0"},{"date":"2011-10","domestic":"5353","transborder":"6","international":"0"},{"date":"2011-11","domestic":"3538","transborder":"6","international":"0"},{"date":"2011-12","domestic":"2885","transborder":"5","international":"0"},{"date":"2012-01","domestic":"3046","transborder":"6","international":"0"},{"date":"2012-02","domestic":"3492","transborder":"3","international":"0"},{"date":"2012-03","domestic":"3931","transborder":"5","international":"0"},{"date":"2012-04","domestic":"4367","transborder":"5","international":"0"},{"date":"2012-05","domestic":"6020","transborder":"4","international":"0"},{"date":"2012-06","domestic":"7516","transborder":"4","international":"0"},{"date":"2012-07","domestic":"8405","transborder":"4","international":"0"},{"date":"2012-08","domestic":"8033","transborder":"9","international":"1"},{"date":"2012-09","domestic":"7577","transborder":"9","international":"0"},{"date":"2012-10","domestic":"5718","transborder":"13","international":"0"},{"date":"2012-11","domestic":"4565","transborder":"5","international":"0"},{"date":"2012-12","domestic":"3457","transborder":"3","international":"3"},{"date":"2013-01","domestic":"3755","transborder":"5","international":"10"},{"date":"2013-02","domestic":"3722","transborder":"5","international":"7"},{"date":"2013-03","domestic":"4124","transborder":"7","international":"7"},{"date":"2013-04","domestic":"4895","transborder":"6","international":"0"},{"date":"2013-05","domestic":"8078","transborder":"8","international":"0"},{"date":"2013-06","domestic":"8168","transborder":"60","international":"0"},{"date":"2013-07","domestic":"8037","transborder":"78","international":"0"},{"date":"2013-08","domestic":"7848","transborder":"69","international":"0"},{"date":"2013-09","domestic":"7357","transborder":"66","international":"0"},{"date":"2013-10","domestic":"5579","transborder":"69","international":"0"},{"date":"2013-11","domestic":"4706","transborder":"63","international":"0"},{"date":"2013-12","domestic":"3462","transborder":"58","international":"6"},{"date":"2014-01","domestic":"3829","transborder":"57","international":"10"},{"date":"2014-02","domestic":"3566","transborder":"64","international":"8"},{"date":"2014-03","domestic":"4238","transborder":"67","international":"8"},{"date":"2014-04","domestic":"4788","transborder":"52","international":"1"},{"date":"2014-05","domestic":"6346","transborder":"66","international":"0"},{"date":"2014-06","domestic":"7254","transborder":"7","international":"0"},{"date":"2014-07","domestic":"7273","transborder":"25","international":"0"},{"date":"2014-08","domestic":"7728","transborder":"13","international":"0"},{"date":"2014-09","domestic":"6739","transborder":"8","international":"0"},{"date":"2014-10","domestic":"5641","transborder":"5","international":"0"},{"date":"2014-11","domestic":"4132","transborder":"4","international":"0"},{"date":"2014-12","domestic":"3391","transborder":"1","international":"3"},{"date":"2015-01","domestic":"3584","transborder":"7","international":"8"},{"date":"2015-02","domestic":"3136","transborder":"5","international":"8"},{"date":"2015-03","domestic":"4042","transborder":"5","international":"8"},{"date":"2015-04","domestic":"4143","transborder":"0","international":"3"},{"date":"2015-05","domestic":"6044","transborder":"3","international":"0"},{"date":"2015-06","domestic":"7376","transborder":"6","international":"0"},{"date":"2015-07","domestic":"6564","transborder":"4","international":"0"},{"date":"2015-08","domestic":"5908","transborder":"3","international":"0"},{"date":"2015-09","domestic":"5240","transborder":"2","international":"0"},{"date":"2015-10","domestic":"4163","transborder":"7","international":"0"},{"date":"2015-11","domestic":"3186","transborder":"7","international":"0"},{"date":"2015-12","domestic":"2679","transborder":"3","international":"0"},{"date":"2016-01","domestic":"2576","transborder":"1","international":"0"},{"date":"2016-02","domestic":"2628","transborder":"1","international":"1"},{"date":"2016-03","domestic":"2890","transborder":"7","international":"0"},{"date":"2016-04","domestic":"3507","transborder":"5","international":"0"},{"date":"2016-05","domestic":"1064","transborder":"0","international":"0"},{"date":"2016-06","domestic":"4271","transborder":"2","international":"0"},{"date":"2016-07","domestic":"5505","transborder":"5","international":"0"},{"date":"2016-08","domestic":"4480","transborder":"6","international":"0"},{"date":"2016-09","domestic":"3865","transborder":"7","international":"0"},{"date":"2016-10","domestic":"3264","transborder":"4","international":"0"},{"date":"2016-11","domestic":"3047","transborder":"2","international":"0"},{"date":"2016-12","domestic":"2538","transborder":"3","international":"0"},{"date":"2017-01","domestic":"2519","transborder":"3","international":"0"},{"date":"2017-02","domestic":"2327","transborder":"4","international":"0"},{"date":"2017-03","domestic":"3062","transborder":"6","international":"0"},{"date":"2017-04","domestic":"3493","transborder":"3","international":"0"},{"date":"2017-05","domestic":"4720","transborder":"2","international":"0"},{"date":"2017-06","domestic":"5313","transborder":"4","international":"0"},{"date":"2017-07","domestic":"5027","transborder":"5","international":"0"},{"date":"2017-08","domestic":"5670","transborder":"4","international":"0"},{"date":"2017-09","domestic":"4290","transborder":"4","international":"0"},{"date":"2017-10","domestic":"3561","transborder":"4","international":"0"},{"date":"2017-11","domestic":"3037","transborder":"3","international":"0"},{"date":"2017-12","domestic":"2299","transborder":"3","international":"0"},{"date":"2018-01","domestic":"2290","transborder":"5","international":"0"},{"date":"2018-02","domestic":"2229","transborder":"3","international":"0"},{"date":"2018-03","domestic":"2758","transborder":"4","international":"0"},{"date":"2018-04","domestic":"3024","transborder":"2","international":"0"},{"date":"2018-05","domestic":"4957","transborder":"3","international":"0"},{"date":"2018-06","domestic":"5045","transborder":"4","international":"0"},{"date":"2018-07","domestic":"4468","transborder":"4","international":"0"},{"date":"2018-08","domestic":"4542","transborder":"8","international":"0"},{"date":"2018-09","domestic":"3833","transborder":"2","international":"0"},{"date":"2018-10","domestic":"3072","transborder":"6","international":"0"},{"date":"2018-11","domestic":"2580","transborder":"2","international":"0"},{"date":"2018-12","domestic":"2110","transborder":"0","international":"0"},{"date":"2019-01","domestic":"2158","transborder":"0","international":"0"},{"date":"2019-02","domestic":"1890","transborder":"0","international":"0"}]