[{"date":"2010-01","domestic":"1205","transborder":"151","international":"4"},{"date":"2010-02","domestic":"1125","transborder":"156","international":"2"},{"date":"2010-03","domestic":"1621","transborder":"190","international":"2"},{"date":"2010-04","domestic":"1637","transborder":"172","international":"4"},{"date":"2010-05","domestic":"1751","transborder":"159","international":"8"},{"date":"2010-06","domestic":"1512","transborder":"185","international":"19"},{"date":"2010-07","domestic":"1631","transborder":"186","international":"2"},{"date":"2010-08","domestic":"1523","transborder":"187","international":"0"},{"date":"2010-09","domestic":"1571","transborder":"185","international":"5"},{"date":"2010-10","domestic":"1936","transborder":"166","international":"2"},{"date":"2010-11","domestic":"1775","transborder":"207","international":"6"},{"date":"2010-12","domestic":"1264","transborder":"213","international":"11"},{"date":"2011-01","domestic":"1278","transborder":"196","international":"7"},{"date":"2011-02","domestic":"1238","transborder":"186","international":"4"},{"date":"2011-03","domestic":"1530","transborder":"230","international":"4"},{"date":"2011-04","domestic":"1545","transborder":"198","international":"10"},{"date":"2011-05","domestic":"1677","transborder":"203","international":"7"},{"date":"2011-06","domestic":"1833","transborder":"222","international":"17"},{"date":"2011-07","domestic":"1855","transborder":"217","international":"0"},{"date":"2011-08","domestic":"1862","transborder":"237","international":"0"},{"date":"2011-09","domestic":"1878","transborder":"213","international":"1"},{"date":"2011-10","domestic":"1809","transborder":"208","international":"9"},{"date":"2011-11","domestic":"1696","transborder":"214","international":"9"},{"date":"2011-12","domestic":"1556","transborder":"211","international":"13"},{"date":"2012-01","domestic":"890","transborder":"189","international":"1"},{"date":"2012-02","domestic":"760","transborder":"212","international":"7"},{"date":"2012-03","domestic":"797","transborder":"227","international":"5"},{"date":"2012-04","domestic":"794","transborder":"198","international":"9"},{"date":"2012-05","domestic":"861","transborder":"225","international":"18"},{"date":"2012-06","domestic":"881","transborder":"242","international":"24"},{"date":"2012-07","domestic":"793","transborder":"216","international":"5"},{"date":"2012-08","domestic":"740","transborder":"242","international":"5"},{"date":"2012-09","domestic":"990","transborder":"230","international":"2"},{"date":"2012-10","domestic":"1040","transborder":"236","international":"4"},{"date":"2012-11","domestic":"1090","transborder":"225","international":"19"},{"date":"2012-12","domestic":"862","transborder":"191","international":"11"},{"date":"2013-01","domestic":"765","transborder":"217","international":"6"},{"date":"2013-02","domestic":"734","transborder":"194","international":"3"},{"date":"2013-03","domestic":"678","transborder":"210","international":"4"},{"date":"2013-04","domestic":"916","transborder":"224","international":"5"},{"date":"2013-05","domestic":"924","transborder":"230","international":"12"},{"date":"2013-06","domestic":"728","transborder":"219","international":"24"},{"date":"2013-07","domestic":"809","transborder":"226","international":"1"},{"date":"2013-08","domestic":"754","transborder":"227","international":"2"},{"date":"2013-09","domestic":"834","transborder":"189","international":"3"},{"date":"2013-10","domestic":"757","transborder":"206","international":"4"},{"date":"2013-11","domestic":"794","transborder":"209","international":"5"},{"date":"2013-12","domestic":"626","transborder":"198","international":"5"},{"date":"2014-01","domestic":"635","transborder":"218","international":"3"},{"date":"2014-02","domestic":"627","transborder":"205","international":"1"},{"date":"2014-03","domestic":"719","transborder":"229","international":"8"},{"date":"2014-04","domestic":"752","transborder":"219","international":"4"},{"date":"2014-05","domestic":"771","transborder":"221","international":"14"},{"date":"2014-06","domestic":"776","transborder":"242","international":"11"},{"date":"2014-07","domestic":"981","transborder":"230","international":"7"},{"date":"2014-08","domestic":"1246","transborder":"237","international":"3"},{"date":"2014-09","domestic":"988","transborder":"222","international":"4"},{"date":"2014-10","domestic":"942","transborder":"242","international":"2"},{"date":"2014-11","domestic":"847","transborder":"203","international":"7"},{"date":"2014-12","domestic":"680","transborder":"227","international":"6"},{"date":"2015-01","domestic":"682","transborder":"225","international":"4"},{"date":"2015-02","domestic":"608","transborder":"221","international":"8"},{"date":"2015-03","domestic":"776","transborder":"251","international":"7"},{"date":"2015-04","domestic":"770","transborder":"243","international":"10"},{"date":"2015-05","domestic":"931","transborder":"243","international":"16"},{"date":"2015-06","domestic":"1045","transborder":"258","international":"15"},{"date":"2015-07","domestic":"1240","transborder":"250","international":"3"},{"date":"2015-08","domestic":"1022","transborder":"221","international":"2"},{"date":"2015-09","domestic":"1081","transborder":"236","international":"1"},{"date":"2015-10","domestic":"1029","transborder":"211","international":"3"},{"date":"2015-11","domestic":"820","transborder":"188","international":"5"},{"date":"2015-12","domestic":"636","transborder":"255","international":"6"},{"date":"2016-01","domestic":"679","transborder":"195","international":"4"},{"date":"2016-02","domestic":"664","transborder":"203","international":"6"},{"date":"2016-03","domestic":"751","transborder":"240","international":"13"},{"date":"2016-04","domestic":"795","transborder":"225","international":"8"},{"date":"2016-05","domestic":"935","transborder":"220","international":"4"},{"date":"2016-06","domestic":"977","transborder":"227","international":"26"},{"date":"2016-07","domestic":"803","transborder":"200","international":"3"},{"date":"2016-08","domestic":"980","transborder":"237","international":"1"},{"date":"2016-09","domestic":"1168","transborder":"202","international":"2"},{"date":"2016-10","domestic":"955","transborder":"208","international":"2"},{"date":"2016-11","domestic":"1060","transborder":"212","international":"8"},{"date":"2016-12","domestic":"854","transborder":"220","international":"19"},{"date":"2017-01","domestic":"774","transborder":"192","international":"5"},{"date":"2017-02","domestic":"945","transborder":"182","international":"8"},{"date":"2017-03","domestic":"1169","transborder":"217","international":"8"},{"date":"2017-04","domestic":"1061","transborder":"190","international":"3"},{"date":"2017-05","domestic":"1683","transborder":"218","international":"17"},{"date":"2017-06","domestic":"1597","transborder":"216","international":"27"},{"date":"2017-07","domestic":"1722","transborder":"198","international":"5"},{"date":"2017-08","domestic":"1930","transborder":"217","international":"6"},{"date":"2017-09","domestic":"1990","transborder":"206","international":"6"},{"date":"2017-10","domestic":"1936","transborder":"208","international":"8"},{"date":"2017-11","domestic":"1567","transborder":"219","international":"10"},{"date":"2017-12","domestic":"1090","transborder":"242","international":"10"},{"date":"2018-01","domestic":"993","transborder":"210","international":"8"},{"date":"2018-02","domestic":"1204","transborder":"211","international":"8"},{"date":"2018-03","domestic":"1746","transborder":"243","international":"7"},{"date":"2018-04","domestic":"1392","transborder":"199","international":"3"},{"date":"2018-05","domestic":"2125","transborder":"254","international":"11"},{"date":"2018-06","domestic":"1960","transborder":"270","international":"27"},{"date":"2018-07","domestic":"2238","transborder":"254","international":"11"},{"date":"2018-08","domestic":"2168","transborder":"269","international":"11"},{"date":"2018-09","domestic":"2229","transborder":"226","international":"6"},{"date":"2018-10","domestic":"1907","transborder":"243","international":"4"},{"date":"2018-11","domestic":"1565","transborder":"252","international":"5"},{"date":"2018-12","domestic":"1517","transborder":"260","international":"13"},{"date":"2019-01","domestic":"980","transborder":"228","international":"9"},{"date":"2019-02","domestic":"1497","transborder":"225","international":"14"}]