[{"date":"2010-01","domestic":"424","transborder":"0","international":"0"},{"date":"2010-02","domestic":"523","transborder":"0","international":"0"},{"date":"2010-03","domestic":"722","transborder":"0","international":"0"},{"date":"2010-04","domestic":"982","transborder":"0","international":"0"},{"date":"2010-05","domestic":"1084","transborder":"0","international":"0"},{"date":"2010-06","domestic":"1666","transborder":"0","international":"0"},{"date":"2010-07","domestic":"1538","transborder":"0","international":"0"},{"date":"2010-08","domestic":"897","transborder":"0","international":"0"},{"date":"2010-09","domestic":"1078","transborder":"2","international":"0"},{"date":"2010-10","domestic":"944","transborder":"0","international":"0"},{"date":"2010-11","domestic":"871","transborder":"0","international":"0"},{"date":"2010-12","domestic":"524","transborder":"0","international":"0"},{"date":"2011-01","domestic":"467","transborder":"0","international":"0"},{"date":"2011-02","domestic":"496","transborder":"0","international":"0"},{"date":"2011-03","domestic":"674","transborder":"0","international":"0"},{"date":"2011-04","domestic":"983","transborder":"0","international":"0"},{"date":"2011-05","domestic":"1417","transborder":"0","international":"0"},{"date":"2011-06","domestic":"1870","transborder":"0","international":"0"},{"date":"2011-07","domestic":"1512","transborder":"0","international":"0"},{"date":"2011-08","domestic":"1151","transborder":"0","international":"0"},{"date":"2011-09","domestic":"1094","transborder":"2","international":"0"},{"date":"2011-10","domestic":"895","transborder":"0","international":"0"},{"date":"2011-11","domestic":"732","transborder":"0","international":"0"},{"date":"2011-12","domestic":"547","transborder":"0","international":"0"},{"date":"2012-01","domestic":"488","transborder":"0","international":"0"},{"date":"2012-02","domestic":"442","transborder":"0","international":"0"},{"date":"2012-03","domestic":"582","transborder":"0","international":"0"},{"date":"2012-04","domestic":"703","transborder":"0","international":"0"},{"date":"2012-05","domestic":"1383","transborder":"0","international":"0"},{"date":"2012-06","domestic":"1276","transborder":"0","international":"0"},{"date":"2012-07","domestic":"3196","transborder":"0","international":"0"},{"date":"2012-08","domestic":"1831","transborder":"0","international":"0"},{"date":"2012-09","domestic":"942","transborder":"2","international":"0"},{"date":"2012-10","domestic":"724","transborder":"0","international":"0"},{"date":"2012-11","domestic":"555","transborder":"0","international":"0"},{"date":"2012-12","domestic":"345","transborder":"0","international":"0"},{"date":"2013-01","domestic":"387","transborder":"0","international":"0"},{"date":"2013-02","domestic":"406","transborder":"0","international":"0"},{"date":"2013-03","domestic":"469","transborder":"0","international":"0"},{"date":"2013-04","domestic":"582","transborder":"0","international":"0"},{"date":"2013-05","domestic":"1440","transborder":"0","international":"0"},{"date":"2013-06","domestic":"1473","transborder":"1","international":"0"},{"date":"2013-07","domestic":"1608","transborder":"0","international":"0"},{"date":"2013-08","domestic":"958","transborder":"0","international":"0"},{"date":"2013-09","domestic":"841","transborder":"2","international":"0"},{"date":"2013-10","domestic":"821","transborder":"1","international":"0"},{"date":"2013-11","domestic":"624","transborder":"0","international":"0"},{"date":"2013-12","domestic":"357","transborder":"0","international":"0"},{"date":"2014-01","domestic":"390","transborder":"0","international":"0"},{"date":"2014-02","domestic":"354","transborder":"0","international":"0"},{"date":"2014-03","domestic":"368","transborder":"0","international":"0"},{"date":"2014-04","domestic":"660","transborder":"0","international":"0"},{"date":"2014-05","domestic":"953","transborder":"1","international":"0"},{"date":"2014-06","domestic":"2081","transborder":"0","international":"0"},{"date":"2014-07","domestic":"1827","transborder":"0","international":"0"},{"date":"2014-08","domestic":"1546","transborder":"1","international":"0"},{"date":"2014-09","domestic":"1003","transborder":"2","international":"0"},{"date":"2014-10","domestic":"668","transborder":"4","international":"0"},{"date":"2014-11","domestic":"495","transborder":"0","international":"0"},{"date":"2014-12","domestic":"449","transborder":"0","international":"0"},{"date":"2015-01","domestic":"341","transborder":"0","international":"0"},{"date":"2015-02","domestic":"369","transborder":"1","international":"0"},{"date":"2015-03","domestic":"517","transborder":"0","international":"0"},{"date":"2015-04","domestic":"814","transborder":"0","international":"0"},{"date":"2015-05","domestic":"1835","transborder":"0","international":"0"},{"date":"2015-06","domestic":"2691","transborder":"1","international":"0"},{"date":"2015-07","domestic":"2410","transborder":"0","international":"0"},{"date":"2015-08","domestic":"1214","transborder":"0","international":"0"},{"date":"2015-09","domestic":"973","transborder":"1","international":"0"},{"date":"2015-10","domestic":"726","transborder":"0","international":"0"},{"date":"2015-11","domestic":"649","transborder":"0","international":"0"},{"date":"2015-12","domestic":"382","transborder":"0","international":"0"},{"date":"2016-01","domestic":"361","transborder":"0","international":"0"},{"date":"2016-02","domestic":"417","transborder":"0","international":"0"},{"date":"2016-03","domestic":"508","transborder":"0","international":"0"},{"date":"2016-04","domestic":"863","transborder":"0","international":"0"},{"date":"2016-05","domestic":"1515","transborder":"0","international":"0"},{"date":"2016-06","domestic":"1431","transborder":"0","international":"0"},{"date":"2016-07","domestic":"1561","transborder":"1","international":"0"},{"date":"2016-08","domestic":"1309","transborder":"0","international":"0"},{"date":"2016-09","domestic":"833","transborder":"1","international":"0"},{"date":"2016-10","domestic":"572","transborder":"0","international":"0"},{"date":"2016-11","domestic":"579","transborder":"0","international":"0"},{"date":"2016-12","domestic":"511","transborder":"0","international":"0"},{"date":"2017-01","domestic":"492","transborder":"0","international":"0"},{"date":"2017-02","domestic":"359","transborder":"0","international":"0"},{"date":"2017-03","domestic":"506","transborder":"0","international":"0"},{"date":"2017-04","domestic":"976","transborder":"0","international":"0"},{"date":"2017-05","domestic":"1278","transborder":"1","international":"0"},{"date":"2017-06","domestic":"1700","transborder":"0","international":"0"},{"date":"2017-07","domestic":"1518","transborder":"3","international":"1"},{"date":"2017-08","domestic":"1916","transborder":"1","international":"0"},{"date":"2017-09","domestic":"1199","transborder":"2","international":"0"},{"date":"2017-10","domestic":"715","transborder":"0","international":"0"},{"date":"2017-11","domestic":"543","transborder":"0","international":"0"},{"date":"2017-12","domestic":"521","transborder":"0","international":"0"},{"date":"2018-01","domestic":"318","transborder":"1","international":"0"},{"date":"2018-02","domestic":"403","transborder":"0","international":"0"},{"date":"2018-03","domestic":"370","transborder":"0","international":"1"},{"date":"2018-04","domestic":"719","transborder":"0","international":"0"},{"date":"2018-05","domestic":"2436","transborder":"0","international":"0"},{"date":"2018-06","domestic":"1392","transborder":"0","international":"0"},{"date":"2018-07","domestic":"1319","transborder":"0","international":"0"},{"date":"2018-08","domestic":"1330","transborder":"0","international":"0"},{"date":"2018-09","domestic":"416","transborder":"0","international":"0"},{"date":"2018-10","domestic":"617","transborder":"0","international":"0"},{"date":"2018-11","domestic":"495","transborder":"0","international":"0"},{"date":"2018-12","domestic":"344","transborder":"0","international":"0"},{"date":"2019-01","domestic":"387","transborder":"0","international":"0"},{"date":"2019-02","domestic":"362","transborder":"0","international":"0"}]