[{"date":"2010-01","domestic":"1214","transborder":"8","international":"4"},{"date":"2010-02","domestic":"1217","transborder":"9","international":"8"},{"date":"2010-03","domestic":"2652","transborder":"29","international":"6"},{"date":"2010-04","domestic":"2470","transborder":"27","international":"9"},{"date":"2010-05","domestic":"2385","transborder":"55","international":"9"},{"date":"2010-06","domestic":"2242","transborder":"42","international":"9"},{"date":"2010-07","domestic":"3370","transborder":"28","international":"24"},{"date":"2010-08","domestic":"2655","transborder":"33","international":"20"},{"date":"2010-09","domestic":"2215","transborder":"24","international":"12"},{"date":"2010-10","domestic":"2594","transborder":"46","international":"16"},{"date":"2010-11","domestic":"2337","transborder":"37","international":"7"},{"date":"2010-12","domestic":"1276","transborder":"33","international":"2"},{"date":"2011-01","domestic":"1072","transborder":"19","international":"3"},{"date":"2011-02","domestic":"932","transborder":"18","international":"1"},{"date":"2011-03","domestic":"1777","transborder":"33","international":"2"},{"date":"2011-04","domestic":"1521","transborder":"25","international":"0"},{"date":"2011-05","domestic":"2210","transborder":"23","international":"1"},{"date":"2011-06","domestic":"3339","transborder":"35","international":"4"},{"date":"2011-07","domestic":"5914","transborder":"52","international":"5"},{"date":"2011-08","domestic":"3598","transborder":"41","international":"6"},{"date":"2011-09","domestic":"3224","transborder":"41","international":"7"},{"date":"2011-10","domestic":"3236","transborder":"58","international":"9"},{"date":"2011-11","domestic":"2104","transborder":"29","international":"3"},{"date":"2011-12","domestic":"1767","transborder":"20","international":"3"},{"date":"2012-01","domestic":"1460","transborder":"33","international":"0"},{"date":"2012-02","domestic":"1832","transborder":"26","international":"3"},{"date":"2012-03","domestic":"2257","transborder":"40","international":"2"},{"date":"2012-04","domestic":"2765","transborder":"38","international":"1"},{"date":"2012-05","domestic":"3267","transborder":"59","international":"11"},{"date":"2012-06","domestic":"3503","transborder":"68","international":"4"},{"date":"2012-07","domestic":"5198","transborder":"88","international":"8"},{"date":"2012-08","domestic":"3850","transborder":"76","international":"5"},{"date":"2012-09","domestic":"3162","transborder":"51","international":"3"},{"date":"2012-10","domestic":"2253","transborder":"60","international":"0"},{"date":"2012-11","domestic":"2499","transborder":"47","international":"1"},{"date":"2012-12","domestic":"1388","transborder":"24","international":"0"},{"date":"2013-01","domestic":"1832","transborder":"19","international":"1"},{"date":"2013-02","domestic":"1205","transborder":"36","international":"2"},{"date":"2013-03","domestic":"2646","transborder":"34","international":"2"},{"date":"2013-04","domestic":"2508","transborder":"48","international":"5"},{"date":"2013-05","domestic":"2719","transborder":"57","international":"3"},{"date":"2013-06","domestic":"2631","transborder":"62","international":"10"},{"date":"2013-07","domestic":"4259","transborder":"66","international":"13"},{"date":"2013-08","domestic":"3454","transborder":"72","international":"17"},{"date":"2013-09","domestic":"3274","transborder":"68","international":"9"},{"date":"2013-10","domestic":"2735","transborder":"44","international":"6"},{"date":"2013-11","domestic":"2177","transborder":"34","international":"2"},{"date":"2013-12","domestic":"1030","transborder":"28","international":"0"},{"date":"2014-01","domestic":"721","transborder":"25","international":"1"},{"date":"2014-02","domestic":"1129","transborder":"30","international":"2"},{"date":"2014-03","domestic":"1899","transborder":"44","international":"3"},{"date":"2014-04","domestic":"2187","transborder":"47","international":"3"},{"date":"2014-05","domestic":"2700","transborder":"59","international":"5"},{"date":"2014-06","domestic":"3324","transborder":"73","international":"10"},{"date":"2014-07","domestic":"5511","transborder":"115","international":"11"},{"date":"2014-08","domestic":"3535","transborder":"66","international":"13"},{"date":"2014-09","domestic":"3105","transborder":"64","international":"7"},{"date":"2014-10","domestic":"2017","transborder":"70","international":"5"},{"date":"2014-11","domestic":"1466","transborder":"39","international":"0"},{"date":"2014-12","domestic":"1490","transborder":"44","international":"2"},{"date":"2015-01","domestic":"1499","transborder":"37","international":"0"},{"date":"2015-02","domestic":"1277","transborder":"36","international":"1"},{"date":"2015-03","domestic":"2232","transborder":"57","international":"4"},{"date":"2015-04","domestic":"2921","transborder":"57","international":"7"},{"date":"2015-05","domestic":"3278","transborder":"46","international":"12"},{"date":"2015-06","domestic":"3569","transborder":"73","international":"12"},{"date":"2015-07","domestic":"5695","transborder":"117","international":"18"},{"date":"2015-08","domestic":"3607","transborder":"81","international":"10"},{"date":"2015-09","domestic":"2886","transborder":"74","international":"6"},{"date":"2015-10","domestic":"2577","transborder":"57","international":"3"},{"date":"2015-11","domestic":"2751","transborder":"48","international":"2"},{"date":"2015-12","domestic":"1499","transborder":"38","international":"0"},{"date":"2016-01","domestic":"2007","transborder":"36","international":"0"},{"date":"2016-02","domestic":"1783","transborder":"49","international":"0"},{"date":"2016-03","domestic":"2616","transborder":"60","international":"1"},{"date":"2016-04","domestic":"4444","transborder":"63","international":"3"},{"date":"2016-05","domestic":"5124","transborder":"67","international":"0"},{"date":"2016-06","domestic":"4492","transborder":"49","international":"0"},{"date":"2016-07","domestic":"5518","transborder":"108","international":"0"},{"date":"2016-08","domestic":"4269","transborder":"51","international":"0"},{"date":"2016-09","domestic":"3462","transborder":"62","international":"1"},{"date":"2016-10","domestic":"3102","transborder":"47","international":"0"},{"date":"2016-11","domestic":"2592","transborder":"48","international":"3"},{"date":"2016-12","domestic":"1586","transborder":"35","international":"0"},{"date":"2017-01","domestic":"1685","transborder":"47","international":"1"},{"date":"2017-02","domestic":"2205","transborder":"33","international":"4"},{"date":"2017-03","domestic":"2549","transborder":"50","international":"1"},{"date":"2017-04","domestic":"3781","transborder":"46","international":"0"},{"date":"2017-05","domestic":"4293","transborder":"68","international":"0"},{"date":"2017-06","domestic":"4610","transborder":"67","international":"1"},{"date":"2017-07","domestic":"7563","transborder":"102","international":"0"},{"date":"2017-08","domestic":"6354","transborder":"60","international":"0"},{"date":"2017-09","domestic":"641","transborder":"4","international":"0"},{"date":"2017-10","domestic":"1871","transborder":"23","international":"1"},{"date":"2017-11","domestic":"2914","transborder":"43","international":"0"},{"date":"2017-12","domestic":"1506","transborder":"37","international":"0"},{"date":"2018-01","domestic":"1547","transborder":"18","international":"0"},{"date":"2018-02","domestic":"1973","transborder":"46","international":"1"},{"date":"2018-03","domestic":"3136","transborder":"40","international":"0"},{"date":"2018-04","domestic":"3397","transborder":"47","international":"0"},{"date":"2018-05","domestic":"5865","transborder":"60","international":"0"},{"date":"2018-06","domestic":"5409","transborder":"51","international":"0"},{"date":"2018-07","domestic":"5845","transborder":"110","international":"0"},{"date":"2018-08","domestic":"4552","transborder":"56","international":"0"},{"date":"2018-09","domestic":"4317","transborder":"39","international":"0"},{"date":"2018-10","domestic":"3364","transborder":"46","international":"2"},{"date":"2018-11","domestic":"2629","transborder":"39","international":"1"},{"date":"2018-12","domestic":"2949","transborder":"36","international":"0"},{"date":"2019-01","domestic":"1921","transborder":"53","international":"0"},{"date":"2019-02","domestic":"2322","transborder":"31","international":"1"}]