[{"date":"2010-01","domestic":"7246","transborder":"1908","international":"502"},{"date":"2010-02","domestic":"7123","transborder":"1703","international":"486"},{"date":"2010-03","domestic":"9882","transborder":"2014","international":"481"},{"date":"2010-04","domestic":"9063","transborder":"2018","international":"249"},{"date":"2010-05","domestic":"9988","transborder":"2015","international":"154"},{"date":"2010-06","domestic":"9322","transborder":"2009","international":"154"},{"date":"2010-07","domestic":"9519","transborder":"1995","international":"151"},{"date":"2010-08","domestic":"9509","transborder":"2022","international":"157"},{"date":"2010-09","domestic":"8916","transborder":"2038","international":"156"},{"date":"2010-10","domestic":"9811","transborder":"2071","international":"144"},{"date":"2010-11","domestic":"9148","transborder":"1908","international":"176"},{"date":"2010-12","domestic":"7160","transborder":"1908","international":"317"},{"date":"2011-01","domestic":"7334","transborder":"2053","international":"488"},{"date":"2011-02","domestic":"7356","transborder":"1874","international":"431"},{"date":"2011-03","domestic":"8723","transborder":"2170","international":"452"},{"date":"2011-04","domestic":"8129","transborder":"2113","international":"319"},{"date":"2011-05","domestic":"9382","transborder":"1920","international":"161"},{"date":"2011-06","domestic":"9826","transborder":"1903","international":"154"},{"date":"2011-07","domestic":"9626","transborder":"1963","international":"152"},{"date":"2011-08","domestic":"9695","transborder":"1956","international":"159"},{"date":"2011-09","domestic":"9368","transborder":"1962","international":"153"},{"date":"2011-10","domestic":"9872","transborder":"2056","international":"148"},{"date":"2011-11","domestic":"9216","transborder":"1893","international":"201"},{"date":"2011-12","domestic":"8010","transborder":"1956","international":"366"},{"date":"2012-01","domestic":"7891","transborder":"2014","international":"536"},{"date":"2012-02","domestic":"8144","transborder":"1967","international":"503"},{"date":"2012-03","domestic":"8570","transborder":"2280","international":"544"},{"date":"2012-04","domestic":"7625","transborder":"2251","international":"308"},{"date":"2012-05","domestic":"9632","transborder":"2077","international":"163"},{"date":"2012-06","domestic":"9072","transborder":"2096","international":"142"},{"date":"2012-07","domestic":"8954","transborder":"2107","international":"157"},{"date":"2012-08","domestic":"8644","transborder":"2226","international":"153"},{"date":"2012-09","domestic":"9289","transborder":"2138","international":"138"},{"date":"2012-10","domestic":"8819","transborder":"2077","international":"143"},{"date":"2012-11","domestic":"8879","transborder":"1888","international":"201"},{"date":"2012-12","domestic":"6872","transborder":"1831","international":"339"},{"date":"2013-01","domestic":"7243","transborder":"2039","international":"488"},{"date":"2013-02","domestic":"6887","transborder":"1788","international":"470"},{"date":"2013-03","domestic":"8195","transborder":"2087","international":"524"},{"date":"2013-04","domestic":"8112","transborder":"1940","international":"310"},{"date":"2013-05","domestic":"9030","transborder":"1895","international":"142"},{"date":"2013-06","domestic":"8593","transborder":"1693","international":"137"},{"date":"2013-07","domestic":"8989","transborder":"1756","international":"160"},{"date":"2013-08","domestic":"8621","transborder":"1801","international":"155"},{"date":"2013-09","domestic":"9785","transborder":"1586","international":"138"},{"date":"2013-10","domestic":"9567","transborder":"1732","international":"129"},{"date":"2013-11","domestic":"8379","transborder":"1692","international":"194"},{"date":"2013-12","domestic":"6747","transborder":"1658","international":"346"},{"date":"2014-01","domestic":"7054","transborder":"1530","international":"481"},{"date":"2014-02","domestic":"7414","transborder":"1519","international":"454"},{"date":"2014-03","domestic":"7996","transborder":"1801","international":"519"},{"date":"2014-04","domestic":"7545","transborder":"1788","international":"323"},{"date":"2014-05","domestic":"8989","transborder":"1560","international":"117"},{"date":"2014-06","domestic":"8576","transborder":"1621","international":"138"},{"date":"2014-07","domestic":"8240","transborder":"1661","international":"148"},{"date":"2014-08","domestic":"8639","transborder":"1676","international":"145"},{"date":"2014-09","domestic":"9299","transborder":"1583","international":"133"},{"date":"2014-10","domestic":"8727","transborder":"1715","international":"104"},{"date":"2014-11","domestic":"7442","transborder":"1604","international":"198"},{"date":"2014-12","domestic":"6188","transborder":"1659","international":"329"},{"date":"2015-01","domestic":"6600","transborder":"1559","international":"476"},{"date":"2015-02","domestic":"6026","transborder":"1555","international":"455"},{"date":"2015-03","domestic":"7569","transborder":"1797","international":"520"},{"date":"2015-04","domestic":"7708","transborder":"1658","international":"369"},{"date":"2015-05","domestic":"8247","transborder":"1517","international":"134"},{"date":"2015-06","domestic":"8554","transborder":"1371","international":"141"},{"date":"2015-07","domestic":"8640","transborder":"1318","international":"149"},{"date":"2015-08","domestic":"8399","transborder":"1385","international":"155"},{"date":"2015-09","domestic":"9065","transborder":"1361","international":"140"},{"date":"2015-10","domestic":"8976","transborder":"1459","international":"129"},{"date":"2015-11","domestic":"7967","transborder":"1428","international":"168"},{"date":"2015-12","domestic":"6868","transborder":"1433","international":"313"},{"date":"2016-01","domestic":"6965","transborder":"1388","international":"482"},{"date":"2016-02","domestic":"6222","transborder":"1404","international":"445"},{"date":"2016-03","domestic":"8031","transborder":"1532","international":"418"},{"date":"2016-04","domestic":"8398","transborder":"1447","international":"240"},{"date":"2016-05","domestic":"8964","transborder":"1372","international":"107"},{"date":"2016-06","domestic":"8868","transborder":"1281","international":"148"},{"date":"2016-07","domestic":"8949","transborder":"1217","international":"154"},{"date":"2016-08","domestic":"9151","transborder":"1293","international":"151"},{"date":"2016-09","domestic":"8965","transborder":"1353","international":"136"},{"date":"2016-10","domestic":"8253","transborder":"1365","international":"141"},{"date":"2016-11","domestic":"7638","transborder":"1291","international":"162"},{"date":"2016-12","domestic":"6883","transborder":"1399","international":"294"},{"date":"2017-01","domestic":"6490","transborder":"1381","international":"382"},{"date":"2017-02","domestic":"6567","transborder":"1220","international":"364"},{"date":"2017-03","domestic":"7274","transborder":"1334","international":"391"},{"date":"2017-04","domestic":"7480","transborder":"1407","international":"260"},{"date":"2017-05","domestic":"8661","transborder":"1303","international":"105"},{"date":"2017-06","domestic":"8892","transborder":"1211","international":"146"},{"date":"2017-07","domestic":"9171","transborder":"1258","international":"158"},{"date":"2017-08","domestic":"9338","transborder":"1234","international":"156"},{"date":"2017-09","domestic":"9245","transborder":"1222","international":"151"},{"date":"2017-10","domestic":"8910","transborder":"1297","international":"132"},{"date":"2017-11","domestic":"8123","transborder":"1297","international":"149"},{"date":"2017-12","domestic":"7204","transborder":"1359","international":"285"},{"date":"2018-01","domestic":"6651","transborder":"1349","international":"363"},{"date":"2018-02","domestic":"6985","transborder":"1328","international":"340"},{"date":"2018-03","domestic":"8470","transborder":"1472","international":"390"},{"date":"2018-04","domestic":"7656","transborder":"1336","international":"209"},{"date":"2018-05","domestic":"8961","transborder":"1336","international":"103"},{"date":"2018-06","domestic":"8289","transborder":"1396","international":"151"},{"date":"2018-07","domestic":"8403","transborder":"1423","international":"161"},{"date":"2018-08","domestic":"8552","transborder":"1408","international":"152"},{"date":"2018-09","domestic":"7844","transborder":"1373","international":"137"},{"date":"2018-10","domestic":"8019","transborder":"1487","international":"131"},{"date":"2018-11","domestic":"6870","transborder":"1328","international":"152"},{"date":"2018-12","domestic":"6516","transborder":"1459","international":"322"},{"date":"2019-01","domestic":"6443","transborder":"1499","international":"422"},{"date":"2019-02","domestic":"5820","transborder":"1354","international":"368"}]