[{"date":"2010-01","domestic":"1222","transborder":"0","international":"0"},{"date":"2010-02","domestic":"1274","transborder":"0","international":"0"},{"date":"2010-03","domestic":"1667","transborder":"0","international":"0"},{"date":"2010-04","domestic":"1487","transborder":"0","international":"0"},{"date":"2010-05","domestic":"1826","transborder":"3","international":"0"},{"date":"2010-06","domestic":"1862","transborder":"4","international":"0"},{"date":"2010-07","domestic":"1804","transborder":"2","international":"0"},{"date":"2010-08","domestic":"1659","transborder":"3","international":"0"},{"date":"2010-09","domestic":"1605","transborder":"2","international":"0"},{"date":"2010-10","domestic":"1517","transborder":"0","international":"0"},{"date":"2010-11","domestic":"1446","transborder":"0","international":"0"},{"date":"2010-12","domestic":"1383","transborder":"1","international":"0"},{"date":"2011-01","domestic":"1373","transborder":"1","international":"0"},{"date":"2011-02","domestic":"1302","transborder":"1","international":"0"},{"date":"2011-03","domestic":"1649","transborder":"0","international":"0"},{"date":"2011-04","domestic":"1612","transborder":"0","international":"0"},{"date":"2011-05","domestic":"2070","transborder":"1","international":"0"},{"date":"2011-06","domestic":"1949","transborder":"1","international":"0"},{"date":"2011-07","domestic":"1750","transborder":"0","international":"0"},{"date":"2011-08","domestic":"1916","transborder":"4","international":"0"},{"date":"2011-09","domestic":"1736","transborder":"3","international":"0"},{"date":"2011-10","domestic":"1690","transborder":"3","international":"0"},{"date":"2011-11","domestic":"1555","transborder":"2","international":"0"},{"date":"2011-12","domestic":"1427","transborder":"1","international":"0"},{"date":"2012-01","domestic":"1472","transborder":"0","international":"0"},{"date":"2012-02","domestic":"1435","transborder":"0","international":"0"},{"date":"2012-03","domestic":"1499","transborder":"0","international":"0"},{"date":"2012-04","domestic":"1620","transborder":"0","international":"0"},{"date":"2012-05","domestic":"1911","transborder":"0","international":"0"},{"date":"2012-06","domestic":"1499","transborder":"0","international":"0"},{"date":"2012-07","domestic":"1539","transborder":"0","international":"0"},{"date":"2012-08","domestic":"2126","transborder":"4","international":"0"},{"date":"2012-09","domestic":"1646","transborder":"4","international":"0"},{"date":"2012-10","domestic":"1621","transborder":"4","international":"0"},{"date":"2012-11","domestic":"1556","transborder":"0","international":"0"},{"date":"2012-12","domestic":"1432","transborder":"0","international":"0"},{"date":"2013-01","domestic":"1606","transborder":"1","international":"0"},{"date":"2013-02","domestic":"1457","transborder":"2","international":"0"},{"date":"2013-03","domestic":"1604","transborder":"0","international":"0"},{"date":"2013-04","domestic":"1643","transborder":"1","international":"0"},{"date":"2013-05","domestic":"2081","transborder":"0","international":"0"},{"date":"2013-06","domestic":"1777","transborder":"6","international":"0"},{"date":"2013-07","domestic":"2003","transborder":"1","international":"0"},{"date":"2013-08","domestic":"1993","transborder":"5","international":"0"},{"date":"2013-09","domestic":"1791","transborder":"6","international":"0"},{"date":"2013-10","domestic":"1798","transborder":"5","international":"0"},{"date":"2013-11","domestic":"1450","transborder":"0","international":"0"},{"date":"2013-12","domestic":"1334","transborder":"0","international":"0"},{"date":"2014-01","domestic":"1443","transborder":"1","international":"0"},{"date":"2014-02","domestic":"1344","transborder":"2","international":"0"},{"date":"2014-03","domestic":"1474","transborder":"0","international":"0"},{"date":"2014-04","domestic":"1569","transborder":"0","international":"0"},{"date":"2014-05","domestic":"1821","transborder":"0","international":"0"},{"date":"2014-06","domestic":"1628","transborder":"2","international":"0"},{"date":"2014-07","domestic":"1817","transborder":"4","international":"0"},{"date":"2014-08","domestic":"1630","transborder":"2","international":"0"},{"date":"2014-09","domestic":"1690","transborder":"2","international":"0"},{"date":"2014-10","domestic":"1665","transborder":"6","international":"1"},{"date":"2014-11","domestic":"1387","transborder":"2","international":"0"},{"date":"2014-12","domestic":"1367","transborder":"1","international":"0"},{"date":"2015-01","domestic":"1300","transborder":"0","international":"0"},{"date":"2015-02","domestic":"1345","transborder":"0","international":"0"},{"date":"2015-03","domestic":"1582","transborder":"2","international":"0"},{"date":"2015-04","domestic":"1700","transborder":"4","international":"0"},{"date":"2015-05","domestic":"1991","transborder":"0","international":"0"},{"date":"2015-06","domestic":"2038","transborder":"2","international":"0"},{"date":"2015-07","domestic":"2445","transborder":"2","international":"0"},{"date":"2015-08","domestic":"1591","transborder":"2","international":"0"},{"date":"2015-09","domestic":"1638","transborder":"3","international":"0"},{"date":"2015-10","domestic":"1496","transborder":"3","international":"0"},{"date":"2015-11","domestic":"1383","transborder":"1","international":"0"},{"date":"2015-12","domestic":"1327","transborder":"1","international":"0"},{"date":"2016-01","domestic":"1304","transborder":"1","international":"0"},{"date":"2016-02","domestic":"1339","transborder":"0","international":"0"},{"date":"2016-03","domestic":"1490","transborder":"0","international":"0"},{"date":"2016-04","domestic":"2152","transborder":"0","international":"0"},{"date":"2016-05","domestic":"1877","transborder":"0","international":"0"},{"date":"2016-06","domestic":"1874","transborder":"1","international":"0"},{"date":"2016-07","domestic":"1374","transborder":"1","international":"0"},{"date":"2016-08","domestic":"1453","transborder":"1","international":"0"},{"date":"2016-09","domestic":"1207","transborder":"2","international":"0"},{"date":"2016-10","domestic":"997","transborder":"5","international":"0"},{"date":"2016-11","domestic":"1021","transborder":"3","international":"0"},{"date":"2016-12","domestic":"989","transborder":"0","international":"0"},{"date":"2017-01","domestic":"1032","transborder":"1","international":"0"},{"date":"2017-02","domestic":"964","transborder":"0","international":"0"},{"date":"2017-03","domestic":"1082","transborder":"0","international":"0"},{"date":"2017-04","domestic":"1148","transborder":"0","international":"0"},{"date":"2017-05","domestic":"1311","transborder":"0","international":"0"},{"date":"2017-06","domestic":"1261","transborder":"2","international":"0"},{"date":"2017-07","domestic":"1090","transborder":"0","international":"0"},{"date":"2017-08","domestic":"1447","transborder":"0","international":"0"},{"date":"2017-09","domestic":"1117","transborder":"2","international":"0"},{"date":"2017-10","domestic":"1107","transborder":"3","international":"0"},{"date":"2017-11","domestic":"981","transborder":"1","international":"0"},{"date":"2017-12","domestic":"967","transborder":"0","international":"0"},{"date":"2018-01","domestic":"989","transborder":"1","international":"0"},{"date":"2018-02","domestic":"815","transborder":"1","international":"0"},{"date":"2018-03","domestic":"875","transborder":"0","international":"0"},{"date":"2018-04","domestic":"968","transborder":"1","international":"0"},{"date":"2018-05","domestic":"1467","transborder":"1","international":"0"},{"date":"2018-06","domestic":"1090","transborder":"4","international":"1"},{"date":"2018-07","domestic":"1124","transborder":"5","international":"0"},{"date":"2018-08","domestic":"1109","transborder":"7","international":"0"},{"date":"2018-09","domestic":"993","transborder":"3","international":"0"},{"date":"2018-10","domestic":"1073","transborder":"5","international":"0"},{"date":"2018-11","domestic":"761","transborder":"0","international":"0"},{"date":"2018-12","domestic":"840","transborder":"0","international":"0"},{"date":"2019-01","domestic":"864","transborder":"0","international":"0"},{"date":"2019-02","domestic":"740","transborder":"0","international":"0"}]