[{"date":"2010-01","domestic":"483","transborder":"1","international":"0"},{"date":"2010-02","domestic":"440","transborder":"0","international":"0"},{"date":"2010-03","domestic":"555","transborder":"0","international":"0"},{"date":"2010-04","domestic":"649","transborder":"0","international":"0"},{"date":"2010-05","domestic":"618","transborder":"0","international":"0"},{"date":"2010-06","domestic":"833","transborder":"0","international":"0"},{"date":"2010-07","domestic":"1007","transborder":"0","international":"0"},{"date":"2010-08","domestic":"703","transborder":"3","international":"0"},{"date":"2010-09","domestic":"590","transborder":"10","international":"0"},{"date":"2010-10","domestic":"600","transborder":"3","international":"0"},{"date":"2010-11","domestic":"507","transborder":"0","international":"0"},{"date":"2010-12","domestic":"443","transborder":"0","international":"0"},{"date":"2011-01","domestic":"572","transborder":"0","international":"0"},{"date":"2011-02","domestic":"547","transborder":"0","international":"0"},{"date":"2011-03","domestic":"600","transborder":"0","international":"0"},{"date":"2011-04","domestic":"514","transborder":"0","international":"0"},{"date":"2011-05","domestic":"983","transborder":"0","international":"0"},{"date":"2011-06","domestic":"816","transborder":"1","international":"0"},{"date":"2011-07","domestic":"756","transborder":"0","international":"0"},{"date":"2011-08","domestic":"811","transborder":"2","international":"0"},{"date":"2011-09","domestic":"749","transborder":"6","international":"0"},{"date":"2011-10","domestic":"597","transborder":"4","international":"0"},{"date":"2011-11","domestic":"551","transborder":"0","international":"0"},{"date":"2011-12","domestic":"478","transborder":"0","international":"0"},{"date":"2012-01","domestic":"521","transborder":"0","international":"0"},{"date":"2012-02","domestic":"619","transborder":"0","international":"0"},{"date":"2012-03","domestic":"651","transborder":"0","international":"0"},{"date":"2012-04","domestic":"584","transborder":"1","international":"0"},{"date":"2012-05","domestic":"1048","transborder":"1","international":"0"},{"date":"2012-06","domestic":"852","transborder":"0","international":"0"},{"date":"2012-07","domestic":"1097","transborder":"1","international":"0"},{"date":"2012-08","domestic":"1083","transborder":"1","international":"0"},{"date":"2012-09","domestic":"793","transborder":"7","international":"0"},{"date":"2012-10","domestic":"657","transborder":"1","international":"0"},{"date":"2012-11","domestic":"496","transborder":"0","international":"0"},{"date":"2012-12","domestic":"482","transborder":"0","international":"0"},{"date":"2013-01","domestic":"548","transborder":"0","international":"0"},{"date":"2013-02","domestic":"464","transborder":"0","international":"0"},{"date":"2013-03","domestic":"591","transborder":"0","international":"0"},{"date":"2013-04","domestic":"516","transborder":"2","international":"0"},{"date":"2013-05","domestic":"1212","transborder":"0","international":"0"},{"date":"2013-06","domestic":"861","transborder":"1","international":"0"},{"date":"2013-07","domestic":"920","transborder":"1","international":"0"},{"date":"2013-08","domestic":"876","transborder":"2","international":"0"},{"date":"2013-09","domestic":"767","transborder":"6","international":"0"},{"date":"2013-10","domestic":"849","transborder":"1","international":"0"},{"date":"2013-11","domestic":"549","transborder":"1","international":"0"},{"date":"2013-12","domestic":"379","transborder":"0","international":"0"},{"date":"2014-01","domestic":"587","transborder":"0","international":"0"},{"date":"2014-02","domestic":"538","transborder":"0","international":"0"},{"date":"2014-03","domestic":"590","transborder":"2","international":"0"},{"date":"2014-04","domestic":"663","transborder":"0","international":"0"},{"date":"2014-05","domestic":"917","transborder":"0","international":"0"},{"date":"2014-06","domestic":"922","transborder":"0","international":"0"},{"date":"2014-07","domestic":"1315","transborder":"3","international":"0"},{"date":"2014-08","domestic":"1084","transborder":"3","international":"0"},{"date":"2014-09","domestic":"999","transborder":"0","international":"0"},{"date":"2014-10","domestic":"849","transborder":"5","international":"0"},{"date":"2014-11","domestic":"638","transborder":"2","international":"1"},{"date":"2014-12","domestic":"609","transborder":"2","international":"0"},{"date":"2015-01","domestic":"551","transborder":"0","international":"0"},{"date":"2015-02","domestic":"575","transborder":"1","international":"0"},{"date":"2015-03","domestic":"708","transborder":"1","international":"0"},{"date":"2015-04","domestic":"959","transborder":"0","international":"0"},{"date":"2015-05","domestic":"1403","transborder":"2","international":"0"},{"date":"2015-06","domestic":"1128","transborder":"1","international":"0"},{"date":"2015-07","domestic":"1303","transborder":"2","international":"0"},{"date":"2015-08","domestic":"874","transborder":"1","international":"0"},{"date":"2015-09","domestic":"843","transborder":"1","international":"0"},{"date":"2015-10","domestic":"644","transborder":"1","international":"0"},{"date":"2015-11","domestic":"555","transborder":"4","international":"1"},{"date":"2015-12","domestic":"441","transborder":"0","international":"0"},{"date":"2016-01","domestic":"444","transborder":"0","international":"0"},{"date":"2016-02","domestic":"499","transborder":"0","international":"0"},{"date":"2016-03","domestic":"504","transborder":"0","international":"0"},{"date":"2016-04","domestic":"784","transborder":"0","international":"0"},{"date":"2016-05","domestic":"1086","transborder":"1","international":"0"},{"date":"2016-06","domestic":"883","transborder":"2","international":"0"},{"date":"2016-07","domestic":"990","transborder":"0","international":"0"},{"date":"2016-08","domestic":"703","transborder":"1","international":"0"},{"date":"2016-09","domestic":"683","transborder":"1","international":"0"},{"date":"2016-10","domestic":"470","transborder":"1","international":"0"},{"date":"2016-11","domestic":"443","transborder":"3","international":"0"},{"date":"2016-12","domestic":"380","transborder":"0","international":"0"},{"date":"2017-01","domestic":"428","transborder":"0","international":"0"},{"date":"2017-02","domestic":"427","transborder":"0","international":"0"},{"date":"2017-03","domestic":"478","transborder":"0","international":"0"},{"date":"2017-04","domestic":"568","transborder":"1","international":"0"},{"date":"2017-05","domestic":"784","transborder":"0","international":"0"},{"date":"2017-06","domestic":"811","transborder":"0","international":"0"},{"date":"2017-07","domestic":"766","transborder":"1","international":"0"},{"date":"2017-08","domestic":"913","transborder":"0","international":"0"},{"date":"2017-09","domestic":"727","transborder":"1","international":"0"},{"date":"2017-10","domestic":"528","transborder":"2","international":"0"},{"date":"2017-11","domestic":"434","transborder":"1","international":"0"},{"date":"2017-12","domestic":"350","transborder":"0","international":"0"},{"date":"2018-01","domestic":"336","transborder":"0","international":"0"},{"date":"2018-02","domestic":"327","transborder":"0","international":"0"},{"date":"2018-03","domestic":"433","transborder":"0","international":"0"},{"date":"2018-04","domestic":"681","transborder":"2","international":"0"},{"date":"2018-05","domestic":"1186","transborder":"0","international":"0"},{"date":"2018-06","domestic":"866","transborder":"0","international":"0"},{"date":"2018-07","domestic":"899","transborder":"0","international":"0"},{"date":"2018-08","domestic":"698","transborder":"1","international":"0"},{"date":"2018-09","domestic":"563","transborder":"0","international":"0"},{"date":"2018-10","domestic":"583","transborder":"0","international":"0"},{"date":"2018-11","domestic":"335","transborder":"7","international":"0"},{"date":"2018-12","domestic":"345","transborder":"2","international":"0"},{"date":"2019-01","domestic":"252","transborder":"0","international":"0"},{"date":"2019-02","domestic":"330","transborder":"0","international":"0"}]