[{"date":"2010-01","domestic":"3339","transborder":"4","international":"4"},{"date":"2010-02","domestic":"2189","transborder":"12","international":"3"},{"date":"2010-03","domestic":"3370","transborder":"13","international":"3"},{"date":"2010-04","domestic":"3903","transborder":"12","international":"1"},{"date":"2010-05","domestic":"4775","transborder":"18","international":"6"},{"date":"2010-06","domestic":"4851","transborder":"13","international":"3"},{"date":"2010-07","domestic":"4959","transborder":"46","international":"3"},{"date":"2010-08","domestic":"4541","transborder":"30","international":"0"},{"date":"2010-09","domestic":"4071","transborder":"18","international":"0"},{"date":"2010-10","domestic":"4933","transborder":"12","international":"0"},{"date":"2010-11","domestic":"1683","transborder":"6","international":"0"},{"date":"2010-12","domestic":"1471","transborder":"3","international":"0"},{"date":"2011-01","domestic":"1452","transborder":"5","international":"1"},{"date":"2011-02","domestic":"2021","transborder":"2","international":"0"},{"date":"2011-03","domestic":"2301","transborder":"0","international":"0"},{"date":"2011-04","domestic":"3709","transborder":"11","international":"1"},{"date":"2011-05","domestic":"3861","transborder":"16","international":"1"},{"date":"2011-06","domestic":"3654","transborder":"22","international":"0"},{"date":"2011-07","domestic":"4451","transborder":"41","international":"1"},{"date":"2011-08","domestic":"5018","transborder":"36","international":"2"},{"date":"2011-09","domestic":"4214","transborder":"33","international":"1"},{"date":"2011-10","domestic":"3148","transborder":"6","international":"0"},{"date":"2011-11","domestic":"2448","transborder":"8","international":"0"},{"date":"2011-12","domestic":"2094","transborder":"4","international":"0"},{"date":"2012-01","domestic":"1182","transborder":"7","international":"0"},{"date":"2012-02","domestic":"2227","transborder":"3","international":"1"},{"date":"2012-03","domestic":"2112","transborder":"5","international":"0"},{"date":"2012-04","domestic":"3101","transborder":"18","international":"0"},{"date":"2012-05","domestic":"3808","transborder":"21","international":"0"},{"date":"2012-06","domestic":"3162","transborder":"7","international":"0"},{"date":"2012-07","domestic":"4194","transborder":"26","international":"0"},{"date":"2012-08","domestic":"4211","transborder":"34","international":"0"},{"date":"2012-09","domestic":"3962","transborder":"22","international":"2"},{"date":"2012-10","domestic":"1643","transborder":"4","international":"0"},{"date":"2012-11","domestic":"1695","transborder":"8","international":"0"},{"date":"2012-12","domestic":"917","transborder":"1","international":"0"},{"date":"2013-01","domestic":"1301","transborder":"4","international":"0"},{"date":"2013-02","domestic":"1570","transborder":"8","international":"0"},{"date":"2013-03","domestic":"2727","transborder":"13","international":"0"},{"date":"2013-04","domestic":"2005","transborder":"14","international":"0"},{"date":"2013-05","domestic":"2869","transborder":"16","international":"2"},{"date":"2013-06","domestic":"3150","transborder":"20","international":"1"},{"date":"2013-07","domestic":"4201","transborder":"46","international":"1"},{"date":"2013-08","domestic":"3512","transborder":"36","international":"0"},{"date":"2013-09","domestic":"2335","transborder":"24","international":"0"},{"date":"2013-10","domestic":"2324","transborder":"14","international":"0"},{"date":"2013-11","domestic":"1819","transborder":"13","international":"0"},{"date":"2013-12","domestic":"763","transborder":"8","international":"0"},{"date":"2014-01","domestic":"1262","transborder":"5","international":"0"},{"date":"2014-02","domestic":"1307","transborder":"8","international":"0"},{"date":"2014-03","domestic":"1638","transborder":"2","international":"0"},{"date":"2014-04","domestic":"2382","transborder":"10","international":"0"},{"date":"2014-05","domestic":"3078","transborder":"10","international":"0"},{"date":"2014-06","domestic":"3282","transborder":"23","international":"0"},{"date":"2014-07","domestic":"3895","transborder":"36","international":"0"},{"date":"2014-08","domestic":"4072","transborder":"30","international":"0"},{"date":"2014-09","domestic":"4194","transborder":"37","international":"0"},{"date":"2014-10","domestic":"2201","transborder":"13","international":"0"},{"date":"2014-11","domestic":"2141","transborder":"15","international":"0"},{"date":"2014-12","domestic":"1661","transborder":"8","international":"0"},{"date":"2015-01","domestic":"1397","transborder":"6","international":"0"},{"date":"2015-02","domestic":"1957","transborder":"14","international":"0"},{"date":"2015-03","domestic":"2367","transborder":"14","international":"0"},{"date":"2015-04","domestic":"3509","transborder":"18","international":"1"},{"date":"2015-05","domestic":"5309","transborder":"26","international":"0"},{"date":"2015-06","domestic":"4037","transborder":"17","international":"0"},{"date":"2015-07","domestic":"4740","transborder":"49","international":"2"},{"date":"2015-08","domestic":"4933","transborder":"46","international":"0"},{"date":"2015-09","domestic":"5199","transborder":"21","international":"0"},{"date":"2015-10","domestic":"3932","transborder":"14","international":"0"},{"date":"2015-11","domestic":"3137","transborder":"12","international":"0"},{"date":"2015-12","domestic":"1363","transborder":"3","international":"0"},{"date":"2016-01","domestic":"1708","transborder":"3","international":"0"},{"date":"2016-02","domestic":"2716","transborder":"13","international":"0"},{"date":"2016-03","domestic":"3251","transborder":"11","international":"0"},{"date":"2016-04","domestic":"4444","transborder":"30","international":"0"},{"date":"2016-05","domestic":"5641","transborder":"20","international":"0"},{"date":"2016-06","domestic":"4921","transborder":"24","international":"0"},{"date":"2016-07","domestic":"5179","transborder":"41","international":"1"},{"date":"2016-08","domestic":"5239","transborder":"51","international":"0"},{"date":"2016-09","domestic":"4810","transborder":"36","international":"0"},{"date":"2016-10","domestic":"3722","transborder":"14","international":"0"},{"date":"2016-11","domestic":"2524","transborder":"7","international":"0"},{"date":"2016-12","domestic":"1487","transborder":"3","international":"0"},{"date":"2017-01","domestic":"3079","transborder":"12","international":"0"},{"date":"2017-02","domestic":"2168","transborder":"9","international":"0"},{"date":"2017-03","domestic":"2791","transborder":"9","international":"0"},{"date":"2017-04","domestic":"4321","transborder":"15","international":"0"},{"date":"2017-05","domestic":"5894","transborder":"25","international":"0"},{"date":"2017-06","domestic":"5275","transborder":"26","international":"0"},{"date":"2017-07","domestic":"5418","transborder":"44","international":"0"},{"date":"2017-08","domestic":"4628","transborder":"41","international":"0"},{"date":"2017-09","domestic":"5168","transborder":"43","international":"0"},{"date":"2017-10","domestic":"4817","transborder":"14","international":"0"},{"date":"2017-11","domestic":"2138","transborder":"4","international":"0"},{"date":"2017-12","domestic":"2035","transborder":"3","international":"0"},{"date":"2018-01","domestic":"1281","transborder":"2","international":"0"},{"date":"2018-02","domestic":"2144","transborder":"7","international":"0"},{"date":"2018-03","domestic":"3981","transborder":"13","international":"0"},{"date":"2018-04","domestic":"3943","transborder":"10","international":"0"},{"date":"2018-05","domestic":"7389","transborder":"21","international":"1"},{"date":"2018-06","domestic":"5055","transborder":"24","international":"0"},{"date":"2018-07","domestic":"5760","transborder":"41","international":"0"},{"date":"2018-08","domestic":"3756","transborder":"19","international":"0"},{"date":"2018-09","domestic":"4342","transborder":"11","international":"0"},{"date":"2018-10","domestic":"5265","transborder":"16","international":"0"},{"date":"2018-11","domestic":"3176","transborder":"8","international":"0"},{"date":"2018-12","domestic":"2232","transborder":"4","international":"0"},{"date":"2019-01","domestic":"2839","transborder":"7","international":"0"},{"date":"2019-02","domestic":"1872","transborder":"2","international":"0"}]