[{"date":"2010-01","domestic":"233","transborder":"0","international":"0"},{"date":"2010-02","domestic":"268","transborder":"0","international":"0"},{"date":"2010-03","domestic":"270","transborder":"3","international":"1"},{"date":"2010-04","domestic":"288","transborder":"6","international":"0"},{"date":"2010-05","domestic":"355","transborder":"19","international":"1"},{"date":"2010-06","domestic":"457","transborder":"18","international":"1"},{"date":"2010-07","domestic":"425","transborder":"25","international":"1"},{"date":"2010-08","domestic":"478","transborder":"21","international":"0"},{"date":"2010-09","domestic":"295","transborder":"26","international":"0"},{"date":"2010-10","domestic":"236","transborder":"3","international":"0"},{"date":"2010-11","domestic":"268","transborder":"3","international":"0"},{"date":"2010-12","domestic":"247","transborder":"3","international":"2"},{"date":"2011-01","domestic":"296","transborder":"0","international":"0"},{"date":"2011-02","domestic":"299","transborder":"2","international":"0"},{"date":"2011-03","domestic":"274","transborder":"1","international":"0"},{"date":"2011-04","domestic":"279","transborder":"1","international":"0"},{"date":"2011-05","domestic":"344","transborder":"13","international":"1"},{"date":"2011-06","domestic":"411","transborder":"30","international":"1"},{"date":"2011-07","domestic":"364","transborder":"25","international":"0"},{"date":"2011-08","domestic":"425","transborder":"31","international":"1"},{"date":"2011-09","domestic":"315","transborder":"8","international":"0"},{"date":"2011-10","domestic":"270","transborder":"2","international":"0"},{"date":"2011-11","domestic":"292","transborder":"0","international":"0"},{"date":"2011-12","domestic":"338","transborder":"2","international":"0"},{"date":"2012-01","domestic":"324","transborder":"3","international":"0"},{"date":"2012-02","domestic":"264","transborder":"2","international":"1"},{"date":"2012-03","domestic":"266","transborder":"5","international":"0"},{"date":"2012-04","domestic":"267","transborder":"5","international":"0"},{"date":"2012-05","domestic":"287","transborder":"5","international":"0"},{"date":"2012-06","domestic":"248","transborder":"10","international":"0"},{"date":"2012-07","domestic":"242","transborder":"25","international":"0"},{"date":"2012-08","domestic":"325","transborder":"36","international":"0"},{"date":"2012-09","domestic":"212","transborder":"11","international":"0"},{"date":"2012-10","domestic":"219","transborder":"5","international":"0"},{"date":"2012-11","domestic":"182","transborder":"6","international":"0"},{"date":"2012-12","domestic":"186","transborder":"1","international":"0"},{"date":"2013-01","domestic":"196","transborder":"1","international":"0"},{"date":"2013-02","domestic":"160","transborder":"2","international":"0"},{"date":"2013-03","domestic":"189","transborder":"7","international":"0"},{"date":"2013-04","domestic":"185","transborder":"8","international":"0"},{"date":"2013-05","domestic":"259","transborder":"10","international":"0"},{"date":"2013-06","domestic":"273","transborder":"15","international":"0"},{"date":"2013-07","domestic":"316","transborder":"20","international":"0"},{"date":"2013-08","domestic":"326","transborder":"21","international":"0"},{"date":"2013-09","domestic":"229","transborder":"9","international":"0"},{"date":"2013-10","domestic":"258","transborder":"6","international":"0"},{"date":"2013-11","domestic":"204","transborder":"1","international":"0"},{"date":"2013-12","domestic":"255","transborder":"3","international":"0"},{"date":"2014-01","domestic":"276","transborder":"2","international":"0"},{"date":"2014-02","domestic":"190","transborder":"3","international":"0"},{"date":"2014-03","domestic":"227","transborder":"1","international":"0"},{"date":"2014-04","domestic":"223","transborder":"2","international":"0"},{"date":"2014-05","domestic":"316","transborder":"3","international":"0"},{"date":"2014-06","domestic":"316","transborder":"7","international":"0"},{"date":"2014-07","domestic":"212","transborder":"16","international":"0"}]