[{"date":"2010-01","domestic":"4717","transborder":"436","international":"351"},{"date":"2010-02","domestic":"4971","transborder":"386","international":"326"},{"date":"2010-03","domestic":"7499","transborder":"440","international":"359"},{"date":"2010-04","domestic":"7893","transborder":"547","international":"310"},{"date":"2010-05","domestic":"8437","transborder":"560","international":"57"},{"date":"2010-06","domestic":"7065","transborder":"683","international":"67"},{"date":"2010-07","domestic":"7671","transborder":"722","international":"95"},{"date":"2010-08","domestic":"7524","transborder":"781","international":"85"},{"date":"2010-09","domestic":"6492","transborder":"725","international":"89"},{"date":"2010-10","domestic":"6988","transborder":"728","international":"51"},{"date":"2010-11","domestic":"6533","transborder":"449","international":"77"},{"date":"2010-12","domestic":"4736","transborder":"452","international":"203"},{"date":"2011-01","domestic":"5189","transborder":"425","international":"322"},{"date":"2011-02","domestic":"5101","transborder":"397","international":"296"},{"date":"2011-03","domestic":"6373","transborder":"514","international":"321"},{"date":"2011-04","domestic":"6367","transborder":"494","international":"258"},{"date":"2011-05","domestic":"6800","transborder":"555","international":"84"},{"date":"2011-06","domestic":"7509","transborder":"750","international":"79"},{"date":"2011-07","domestic":"7815","transborder":"816","international":"92"},{"date":"2011-08","domestic":"7311","transborder":"747","international":"77"},{"date":"2011-09","domestic":"7695","transborder":"801","international":"69"},{"date":"2011-10","domestic":"7661","transborder":"823","international":"72"},{"date":"2011-11","domestic":"6650","transborder":"605","international":"117"},{"date":"2011-12","domestic":"5195","transborder":"679","international":"222"},{"date":"2012-01","domestic":"4999","transborder":"638","international":"304"},{"date":"2012-02","domestic":"5942","transborder":"646","international":"299"},{"date":"2012-03","domestic":"6792","transborder":"636","international":"330"},{"date":"2012-04","domestic":"6785","transborder":"626","international":"270"},{"date":"2012-05","domestic":"8437","transborder":"664","international":"82"},{"date":"2012-06","domestic":"7896","transborder":"775","international":"78"},{"date":"2012-07","domestic":"8747","transborder":"810","international":"81"},{"date":"2012-08","domestic":"7827","transborder":"827","international":"87"},{"date":"2012-09","domestic":"7732","transborder":"861","international":"72"},{"date":"2012-10","domestic":"7464","transborder":"791","international":"58"},{"date":"2012-11","domestic":"7567","transborder":"471","international":"88"},{"date":"2012-12","domestic":"5118","transborder":"528","international":"243"},{"date":"2013-01","domestic":"5105","transborder":"523","international":"318"},{"date":"2013-02","domestic":"5374","transborder":"543","international":"308"},{"date":"2013-03","domestic":"6159","transborder":"574","international":"348"},{"date":"2013-04","domestic":"7172","transborder":"546","international":"306"},{"date":"2013-05","domestic":"7178","transborder":"602","international":"79"},{"date":"2013-06","domestic":"6720","transborder":"728","international":"75"},{"date":"2013-07","domestic":"7759","transborder":"873","international":"96"},{"date":"2013-08","domestic":"6876","transborder":"893","international":"97"},{"date":"2013-09","domestic":"7233","transborder":"829","international":"48"},{"date":"2013-10","domestic":"7138","transborder":"887","international":"30"},{"date":"2013-11","domestic":"6071","transborder":"546","international":"108"},{"date":"2013-12","domestic":"4581","transborder":"543","international":"229"},{"date":"2014-01","domestic":"4635","transborder":"424","international":"291"},{"date":"2014-02","domestic":"4696","transborder":"447","international":"274"},{"date":"2014-03","domestic":"5594","transborder":"524","international":"341"},{"date":"2014-04","domestic":"6371","transborder":"451","international":"290"},{"date":"2014-05","domestic":"6577","transborder":"454","international":"72"},{"date":"2014-06","domestic":"6928","transborder":"687","international":"71"},{"date":"2014-07","domestic":"6991","transborder":"772","international":"89"},{"date":"2014-08","domestic":"7151","transborder":"812","international":"86"},{"date":"2014-09","domestic":"6924","transborder":"745","international":"62"},{"date":"2014-10","domestic":"6520","transborder":"684","international":"36"},{"date":"2014-11","domestic":"5371","transborder":"482","international":"127"},{"date":"2014-12","domestic":"4675","transborder":"492","international":"236"},{"date":"2015-01","domestic":"4333","transborder":"373","international":"342"},{"date":"2015-02","domestic":"4287","transborder":"351","international":"310"},{"date":"2015-03","domestic":"5365","transborder":"431","international":"358"},{"date":"2015-04","domestic":"5649","transborder":"391","international":"311"},{"date":"2015-05","domestic":"6689","transborder":"397","international":"79"},{"date":"2015-06","domestic":"6508","transborder":"590","international":"81"},{"date":"2015-07","domestic":"6741","transborder":"670","international":"110"},{"date":"2015-08","domestic":"6872","transborder":"653","international":"103"},{"date":"2015-09","domestic":"7127","transborder":"666","international":"91"},{"date":"2015-10","domestic":"6543","transborder":"655","international":"77"},{"date":"2015-11","domestic":"5867","transborder":"468","international":"151"},{"date":"2015-12","domestic":"4504","transborder":"407","international":"253"},{"date":"2016-01","domestic":"4932","transborder":"346","international":"371"},{"date":"2016-02","domestic":"4576","transborder":"378","international":"330"},{"date":"2016-03","domestic":"5568","transborder":"334","international":"340"},{"date":"2016-04","domestic":"6037","transborder":"328","international":"319"},{"date":"2016-05","domestic":"6479","transborder":"335","international":"81"},{"date":"2016-06","domestic":"6678","transborder":"512","international":"54"},{"date":"2016-07","domestic":"6703","transborder":"535","international":"130"},{"date":"2016-08","domestic":"7341","transborder":"515","international":"128"},{"date":"2016-09","domestic":"7402","transborder":"545","international":"72"},{"date":"2016-10","domestic":"6900","transborder":"586","international":"75"},{"date":"2016-11","domestic":"5568","transborder":"277","international":"144"},{"date":"2016-12","domestic":"4410","transborder":"299","international":"240"},{"date":"2017-01","domestic":"4437","transborder":"295","international":"325"},{"date":"2017-02","domestic":"4802","transborder":"328","international":"296"},{"date":"2017-03","domestic":"5832","transborder":"305","international":"323"},{"date":"2017-04","domestic":"5733","transborder":"326","international":"286"},{"date":"2017-05","domestic":"6834","transborder":"275","international":"55"},{"date":"2017-06","domestic":"6927","transborder":"414","international":"28"},{"date":"2017-07","domestic":"7787","transborder":"498","international":"30"},{"date":"2017-08","domestic":"7734","transborder":"494","international":"29"},{"date":"2017-09","domestic":"7820","transborder":"496","international":"26"},{"date":"2017-10","domestic":"7616","transborder":"389","international":"43"},{"date":"2017-11","domestic":"6810","transborder":"197","international":"117"},{"date":"2017-12","domestic":"5163","transborder":"212","international":"262"},{"date":"2018-01","domestic":"4817","transborder":"249","international":"338"},{"date":"2018-02","domestic":"5118","transborder":"292","international":"306"},{"date":"2018-03","domestic":"6412","transborder":"257","international":"338"},{"date":"2018-04","domestic":"6071","transborder":"263","international":"284"},{"date":"2018-05","domestic":"8123","transborder":"234","international":"61"},{"date":"2018-06","domestic":"7400","transborder":"461","international":"66"},{"date":"2018-07","domestic":"7752","transborder":"476","international":"78"},{"date":"2018-08","domestic":"7986","transborder":"477","international":"70"},{"date":"2018-09","domestic":"7409","transborder":"479","international":"63"},{"date":"2018-10","domestic":"7199","transborder":"533","international":"75"},{"date":"2018-11","domestic":"5959","transborder":"285","international":"155"},{"date":"2018-12","domestic":"5312","transborder":"306","international":"258"},{"date":"2019-01","domestic":"4227","transborder":"263","international":"331"},{"date":"2019-02","domestic":"4515","transborder":"292","international":"299"}]