[{"date":"2010-01","domestic":"1354","transborder":"4","international":"0"},{"date":"2010-02","domestic":"1244","transborder":"9","international":"0"},{"date":"2010-03","domestic":"1959","transborder":"16","international":"0"},{"date":"2010-04","domestic":"1483","transborder":"11","international":"0"},{"date":"2010-05","domestic":"1677","transborder":"10","international":"0"},{"date":"2010-06","domestic":"2006","transborder":"9","international":"0"},{"date":"2010-07","domestic":"3392","transborder":"10","international":"0"},{"date":"2010-08","domestic":"2290","transborder":"12","international":"0"},{"date":"2010-09","domestic":"1618","transborder":"14","international":"0"},{"date":"2010-10","domestic":"1606","transborder":"10","international":"0"},{"date":"2010-11","domestic":"1333","transborder":"6","international":"0"},{"date":"2010-12","domestic":"1093","transborder":"11","international":"0"},{"date":"2011-01","domestic":"965","transborder":"16","international":"0"},{"date":"2011-02","domestic":"1149","transborder":"6","international":"0"},{"date":"2011-03","domestic":"1127","transborder":"16","international":"0"},{"date":"2011-04","domestic":"1778","transborder":"13","international":"0"},{"date":"2011-05","domestic":"2093","transborder":"9","international":"0"},{"date":"2011-06","domestic":"1674","transborder":"13","international":"0"},{"date":"2011-07","domestic":"3124","transborder":"7","international":"0"},{"date":"2011-08","domestic":"2453","transborder":"17","international":"0"},{"date":"2011-09","domestic":"2123","transborder":"13","international":"0"},{"date":"2011-10","domestic":"1891","transborder":"10","international":"0"},{"date":"2011-11","domestic":"1473","transborder":"7","international":"0"},{"date":"2011-12","domestic":"1352","transborder":"16","international":"0"},{"date":"2012-01","domestic":"1386","transborder":"10","international":"0"},{"date":"2012-02","domestic":"1672","transborder":"11","international":"0"},{"date":"2012-03","domestic":"1410","transborder":"15","international":"0"},{"date":"2012-04","domestic":"1480","transborder":"16","international":"0"},{"date":"2012-05","domestic":"2335","transborder":"16","international":"0"},{"date":"2012-06","domestic":"2113","transborder":"17","international":"0"},{"date":"2012-07","domestic":"3265","transborder":"25","international":"0"},{"date":"2012-08","domestic":"2680","transborder":"22","international":"0"},{"date":"2012-09","domestic":"2614","transborder":"14","international":"0"},{"date":"2012-10","domestic":"1235","transborder":"16","international":"0"},{"date":"2012-11","domestic":"1666","transborder":"7","international":"0"},{"date":"2012-12","domestic":"1295","transborder":"10","international":"0"},{"date":"2013-01","domestic":"1319","transborder":"14","international":"0"},{"date":"2013-02","domestic":"1531","transborder":"15","international":"0"},{"date":"2013-03","domestic":"1559","transborder":"6","international":"0"},{"date":"2013-04","domestic":"1932","transborder":"8","international":"0"},{"date":"2013-05","domestic":"2807","transborder":"23","international":"0"},{"date":"2013-06","domestic":"1934","transborder":"13","international":"0"},{"date":"2013-07","domestic":"3480","transborder":"12","international":"0"},{"date":"2013-08","domestic":"2223","transborder":"14","international":"0"},{"date":"2013-09","domestic":"2268","transborder":"16","international":"0"},{"date":"2013-10","domestic":"2230","transborder":"16","international":"0"},{"date":"2013-11","domestic":"1717","transborder":"12","international":"0"},{"date":"2013-12","domestic":"1143","transborder":"9","international":"0"},{"date":"2014-01","domestic":"1485","transborder":"14","international":"0"},{"date":"2014-02","domestic":"1147","transborder":"17","international":"0"},{"date":"2014-03","domestic":"1322","transborder":"13","international":"0"},{"date":"2014-04","domestic":"1932","transborder":"14","international":"1"},{"date":"2014-05","domestic":"1823","transborder":"9","international":"0"},{"date":"2014-06","domestic":"1756","transborder":"21","international":"0"},{"date":"2014-07","domestic":"3056","transborder":"14","international":"0"},{"date":"2014-08","domestic":"2346","transborder":"18","international":"0"},{"date":"2014-09","domestic":"1902","transborder":"14","international":"0"},{"date":"2014-10","domestic":"1984","transborder":"19","international":"0"},{"date":"2014-11","domestic":"1257","transborder":"10","international":"0"},{"date":"2014-12","domestic":"1416","transborder":"15","international":"0"},{"date":"2015-01","domestic":"1314","transborder":"12","international":"0"},{"date":"2015-02","domestic":"1119","transborder":"8","international":"0"},{"date":"2015-03","domestic":"1645","transborder":"9","international":"0"},{"date":"2015-04","domestic":"1602","transborder":"10","international":"0"},{"date":"2015-05","domestic":"1592","transborder":"7","international":"0"},{"date":"2015-06","domestic":"1681","transborder":"5","international":"0"},{"date":"2015-07","domestic":"1845","transborder":"9","international":"0"},{"date":"2015-08","domestic":"1640","transborder":"10","international":"0"},{"date":"2015-09","domestic":"1717","transborder":"16","international":"0"},{"date":"2015-10","domestic":"1570","transborder":"10","international":"0"},{"date":"2015-11","domestic":"1175","transborder":"17","international":"0"},{"date":"2015-12","domestic":"1033","transborder":"16","international":"0"},{"date":"2016-01","domestic":"1031","transborder":"11","international":"0"},{"date":"2016-02","domestic":"1100","transborder":"9","international":"0"},{"date":"2016-03","domestic":"1140","transborder":"15","international":"0"},{"date":"2016-04","domestic":"1583","transborder":"4","international":"0"},{"date":"2016-05","domestic":"1432","transborder":"8","international":"0"},{"date":"2016-06","domestic":"1409","transborder":"8","international":"0"},{"date":"2016-07","domestic":"1965","transborder":"8","international":"0"},{"date":"2016-08","domestic":"2390","transborder":"10","international":"0"},{"date":"2016-09","domestic":"2487","transborder":"7","international":"0"},{"date":"2016-10","domestic":"1514","transborder":"7","international":"0"},{"date":"2016-11","domestic":"1933","transborder":"14","international":"0"},{"date":"2016-12","domestic":"1539","transborder":"10","international":"0"},{"date":"2017-01","domestic":"1689","transborder":"6","international":"1"},{"date":"2017-02","domestic":"1606","transborder":"10","international":"0"},{"date":"2017-03","domestic":"2370","transborder":"7","international":"0"},{"date":"2017-04","domestic":"2239","transborder":"6","international":"0"},{"date":"2017-05","domestic":"3165","transborder":"10","international":"0"},{"date":"2017-06","domestic":"2099","transborder":"9","international":"0"},{"date":"2017-07","domestic":"2606","transborder":"9","international":"0"},{"date":"2017-08","domestic":"2692","transborder":"16","international":"0"},{"date":"2017-09","domestic":"2590","transborder":"12","international":"0"},{"date":"2017-10","domestic":"2292","transborder":"11","international":"0"},{"date":"2017-11","domestic":"1646","transborder":"12","international":"0"},{"date":"2017-12","domestic":"1749","transborder":"10","international":"1"},{"date":"2018-01","domestic":"2040","transborder":"6","international":"0"},{"date":"2018-02","domestic":"1468","transborder":"9","international":"0"},{"date":"2018-03","domestic":"2090","transborder":"8","international":"0"},{"date":"2018-04","domestic":"2968","transborder":"6","international":"0"},{"date":"2018-05","domestic":"3339","transborder":"7","international":"0"},{"date":"2018-06","domestic":"3216","transborder":"7","international":"0"},{"date":"2018-07","domestic":"3461","transborder":"15","international":"0"},{"date":"2018-08","domestic":"2624","transborder":"8","international":"1"},{"date":"2018-09","domestic":"2165","transborder":"7","international":"0"},{"date":"2018-10","domestic":"3386","transborder":"6","international":"0"},{"date":"2018-11","domestic":"2461","transborder":"7","international":"0"},{"date":"2018-12","domestic":"1863","transborder":"9","international":"0"},{"date":"2019-01","domestic":"1681","transborder":"7","international":"0"},{"date":"2019-02","domestic":"1169","transborder":"4","international":"0"}]