[{"date":"2010-01","domestic":"996","transborder":"54","international":"16"},{"date":"2010-02","domestic":"912","transborder":"44","international":"10"},{"date":"2010-03","domestic":"1308","transborder":"101","international":"11"},{"date":"2010-04","domestic":"1378","transborder":"105","international":"8"},{"date":"2010-05","domestic":"1244","transborder":"62","international":"1"},{"date":"2010-06","domestic":"2037","transborder":"203","international":"4"},{"date":"2010-07","domestic":"2150","transborder":"92","international":"9"},{"date":"2010-08","domestic":"2092","transborder":"151","international":"2"},{"date":"2010-09","domestic":"1248","transborder":"81","international":"0"},{"date":"2010-10","domestic":"1337","transborder":"105","international":"1"},{"date":"2010-11","domestic":"1007","transborder":"174","international":"5"},{"date":"2010-12","domestic":"861","transborder":"145","international":"13"},{"date":"2011-01","domestic":"1026","transborder":"84","international":"14"},{"date":"2011-02","domestic":"876","transborder":"89","international":"11"},{"date":"2011-03","domestic":"1278","transborder":"133","international":"14"},{"date":"2011-04","domestic":"934","transborder":"74","international":"7"},{"date":"2011-05","domestic":"1419","transborder":"62","international":"8"},{"date":"2011-06","domestic":"1607","transborder":"124","international":"8"},{"date":"2011-07","domestic":"2216","transborder":"96","international":"7"},{"date":"2011-08","domestic":"1946","transborder":"100","international":"9"},{"date":"2011-09","domestic":"1540","transborder":"98","international":"1"},{"date":"2011-10","domestic":"1354","transborder":"92","international":"1"},{"date":"2011-11","domestic":"1136","transborder":"68","international":"4"},{"date":"2011-12","domestic":"1088","transborder":"98","international":"15"},{"date":"2012-01","domestic":"1143","transborder":"52","international":"16"},{"date":"2012-02","domestic":"1213","transborder":"52","international":"12"},{"date":"2012-03","domestic":"1275","transborder":"81","international":"16"},{"date":"2012-04","domestic":"1325","transborder":"73","international":"6"},{"date":"2012-05","domestic":"1735","transborder":"76","international":"3"},{"date":"2012-06","domestic":"1494","transborder":"100","international":"5"},{"date":"2012-07","domestic":"2035","transborder":"101","international":"5"},{"date":"2012-08","domestic":"1741","transborder":"76","international":"3"},{"date":"2012-09","domestic":"1532","transborder":"112","international":"3"},{"date":"2012-10","domestic":"1209","transborder":"71","international":"2"},{"date":"2012-11","domestic":"1143","transborder":"71","international":"7"},{"date":"2012-12","domestic":"1010","transborder":"90","international":"14"},{"date":"2013-01","domestic":"1034","transborder":"68","international":"27"},{"date":"2013-02","domestic":"960","transborder":"62","international":"18"},{"date":"2013-03","domestic":"1211","transborder":"84","international":"29"},{"date":"2013-04","domestic":"1166","transborder":"101","international":"20"},{"date":"2013-05","domestic":"1614","transborder":"79","international":"12"},{"date":"2013-06","domestic":"1575","transborder":"133","international":"2"},{"date":"2013-07","domestic":"2310","transborder":"105","international":"2"},{"date":"2013-08","domestic":"1962","transborder":"100","international":"4"},{"date":"2013-09","domestic":"1821","transborder":"72","international":"2"},{"date":"2013-10","domestic":"1489","transborder":"85","international":"10"},{"date":"2013-11","domestic":"1179","transborder":"96","international":"8"},{"date":"2013-12","domestic":"1117","transborder":"93","international":"19"},{"date":"2014-01","domestic":"929","transborder":"72","international":"22"},{"date":"2014-02","domestic":"1051","transborder":"92","international":"22"},{"date":"2014-03","domestic":"1304","transborder":"67","international":"24"},{"date":"2014-04","domestic":"1345","transborder":"80","international":"19"},{"date":"2014-05","domestic":"1653","transborder":"63","international":"4"},{"date":"2014-06","domestic":"1703","transborder":"110","international":"2"},{"date":"2014-07","domestic":"2881","transborder":"116","international":"9"},{"date":"2014-08","domestic":"2290","transborder":"104","international":"3"},{"date":"2014-09","domestic":"2115","transborder":"99","international":"2"},{"date":"2014-10","domestic":"1585","transborder":"103","international":"4"},{"date":"2014-11","domestic":"1176","transborder":"109","international":"6"},{"date":"2014-12","domestic":"1297","transborder":"103","international":"23"},{"date":"2015-01","domestic":"1190","transborder":"91","international":"29"},{"date":"2015-02","domestic":"1077","transborder":"95","international":"22"},{"date":"2015-03","domestic":"1514","transborder":"91","international":"31"},{"date":"2015-04","domestic":"1466","transborder":"116","international":"20"},{"date":"2015-05","domestic":"1651","transborder":"94","international":"5"},{"date":"2015-06","domestic":"1739","transborder":"119","international":"6"},{"date":"2015-07","domestic":"2693","transborder":"131","international":"6"},{"date":"2015-08","domestic":"2176","transborder":"121","international":"6"},{"date":"2015-09","domestic":"1945","transborder":"100","international":"4"},{"date":"2015-10","domestic":"1682","transborder":"110","international":"4"},{"date":"2015-11","domestic":"1571","transborder":"143","international":"11"},{"date":"2015-12","domestic":"1093","transborder":"108","international":"30"},{"date":"2016-01","domestic":"1282","transborder":"116","international":"39"},{"date":"2016-02","domestic":"1242","transborder":"132","international":"47"},{"date":"2016-03","domestic":"1459","transborder":"131","international":"40"},{"date":"2016-04","domestic":"1312","transborder":"141","international":"24"},{"date":"2016-05","domestic":"1659","transborder":"154","international":"1"},{"date":"2016-06","domestic":"1860","transborder":"139","international":"6"},{"date":"2016-07","domestic":"1895","transborder":"131","international":"0"},{"date":"2016-08","domestic":"1820","transborder":"138","international":"4"},{"date":"2016-09","domestic":"1848","transborder":"91","international":"2"},{"date":"2016-10","domestic":"1820","transborder":"115","international":"5"},{"date":"2016-11","domestic":"1696","transborder":"128","international":"12"},{"date":"2016-12","domestic":"1352","transborder":"126","international":"39"},{"date":"2017-01","domestic":"1224","transborder":"90","international":"50"},{"date":"2017-02","domestic":"1748","transborder":"76","international":"40"},{"date":"2017-03","domestic":"1530","transborder":"87","international":"46"},{"date":"2017-04","domestic":"1641","transborder":"122","international":"24"},{"date":"2017-05","domestic":"1738","transborder":"132","international":"4"},{"date":"2017-06","domestic":"1741","transborder":"108","international":"6"},{"date":"2017-07","domestic":"2198","transborder":"116","international":"3"},{"date":"2017-08","domestic":"2000","transborder":"137","international":"7"},{"date":"2017-09","domestic":"1978","transborder":"163","international":"7"},{"date":"2017-10","domestic":"1857","transborder":"100","international":"1"},{"date":"2017-11","domestic":"1676","transborder":"111","international":"9"},{"date":"2017-12","domestic":"1264","transborder":"154","international":"28"},{"date":"2018-01","domestic":"1428","transborder":"129","international":"42"},{"date":"2018-02","domestic":"1236","transborder":"164","international":"43"},{"date":"2018-03","domestic":"1767","transborder":"169","international":"54"},{"date":"2018-04","domestic":"1623","transborder":"144","international":"34"},{"date":"2018-05","domestic":"2007","transborder":"140","international":"8"},{"date":"2018-06","domestic":"1855","transborder":"112","international":"11"},{"date":"2018-07","domestic":"1898","transborder":"113","international":"9"},{"date":"2018-08","domestic":"2178","transborder":"120","international":"12"},{"date":"2018-09","domestic":"1887","transborder":"124","international":"4"},{"date":"2018-10","domestic":"1928","transborder":"157","international":"7"},{"date":"2018-11","domestic":"1696","transborder":"131","international":"16"},{"date":"2018-12","domestic":"1602","transborder":"116","international":"39"},{"date":"2019-01","domestic":"1523","transborder":"84","international":"54"},{"date":"2019-02","domestic":"1279","transborder":"100","international":"60"}]