[{"date":"2010-01","domestic":"667","transborder":"7","international":"0"},{"date":"2010-02","domestic":"777","transborder":"2","international":"0"},{"date":"2010-03","domestic":"736","transborder":"1","international":"0"},{"date":"2010-04","domestic":"1124","transborder":"8","international":"0"},{"date":"2010-05","domestic":"1094","transborder":"34","international":"0"},{"date":"2010-06","domestic":"927","transborder":"160","international":"0"},{"date":"2010-07","domestic":"1020","transborder":"122","international":"0"},{"date":"2010-08","domestic":"923","transborder":"104","international":"0"},{"date":"2010-09","domestic":"880","transborder":"77","international":"0"},{"date":"2010-10","domestic":"875","transborder":"16","international":"0"},{"date":"2010-11","domestic":"781","transborder":"2","international":"0"},{"date":"2010-12","domestic":"634","transborder":"2","international":"0"},{"date":"2011-01","domestic":"730","transborder":"2","international":"0"},{"date":"2011-02","domestic":"701","transborder":"2","international":"0"},{"date":"2011-03","domestic":"822","transborder":"2","international":"0"},{"date":"2011-04","domestic":"866","transborder":"1","international":"0"},{"date":"2011-05","domestic":"941","transborder":"40","international":"0"},{"date":"2011-06","domestic":"1072","transborder":"167","international":"0"},{"date":"2011-07","domestic":"1546","transborder":"145","international":"0"},{"date":"2011-08","domestic":"1605","transborder":"146","international":"0"},{"date":"2011-09","domestic":"1019","transborder":"67","international":"0"},{"date":"2011-10","domestic":"911","transborder":"12","international":"0"},{"date":"2011-11","domestic":"757","transborder":"0","international":"0"},{"date":"2011-12","domestic":"527","transborder":"1","international":"0"},{"date":"2012-01","domestic":"619","transborder":"1","international":"0"},{"date":"2012-02","domestic":"691","transborder":"3","international":"0"},{"date":"2012-03","domestic":"777","transborder":"0","international":"0"},{"date":"2012-04","domestic":"905","transborder":"3","international":"0"},{"date":"2012-05","domestic":"1325","transborder":"46","international":"0"},{"date":"2012-06","domestic":"1125","transborder":"134","international":"0"},{"date":"2012-07","domestic":"1312","transborder":"132","international":"0"},{"date":"2012-08","domestic":"1059","transborder":"128","international":"0"},{"date":"2012-09","domestic":"837","transborder":"53","international":"0"},{"date":"2012-10","domestic":"683","transborder":"17","international":"0"},{"date":"2012-11","domestic":"653","transborder":"1","international":"0"},{"date":"2012-12","domestic":"518","transborder":"0","international":"0"},{"date":"2013-01","domestic":"598","transborder":"1","international":"0"},{"date":"2013-02","domestic":"584","transborder":"1","international":"0"},{"date":"2013-03","domestic":"605","transborder":"2","international":"0"},{"date":"2013-04","domestic":"729","transborder":"3","international":"0"},{"date":"2013-05","domestic":"934","transborder":"25","international":"0"},{"date":"2013-06","domestic":"841","transborder":"151","international":"0"},{"date":"2013-07","domestic":"1066","transborder":"165","international":"1"},{"date":"2013-08","domestic":"1020","transborder":"136","international":"0"},{"date":"2013-09","domestic":"666","transborder":"46","international":"0"},{"date":"2013-10","domestic":"742","transborder":"6","international":"0"},{"date":"2013-11","domestic":"611","transborder":"3","international":"0"},{"date":"2013-12","domestic":"474","transborder":"2","international":"0"},{"date":"2014-01","domestic":"583","transborder":"2","international":"0"},{"date":"2014-02","domestic":"541","transborder":"2","international":"0"},{"date":"2014-03","domestic":"569","transborder":"2","international":"0"},{"date":"2014-04","domestic":"637","transborder":"3","international":"0"},{"date":"2014-05","domestic":"778","transborder":"30","international":"0"},{"date":"2014-06","domestic":"830","transborder":"156","international":"0"},{"date":"2014-07","domestic":"895","transborder":"108","international":"1"},{"date":"2014-08","domestic":"934","transborder":"189","international":"0"},{"date":"2014-09","domestic":"616","transborder":"44","international":"0"},{"date":"2014-10","domestic":"638","transborder":"18","international":"0"},{"date":"2014-11","domestic":"553","transborder":"1","international":"0"},{"date":"2014-12","domestic":"283","transborder":"0","international":"0"},{"date":"2015-01","domestic":"503","transborder":"2","international":"0"},{"date":"2015-02","domestic":"557","transborder":"1","international":"0"},{"date":"2015-03","domestic":"576","transborder":"1","international":"0"},{"date":"2015-04","domestic":"735","transborder":"2","international":"0"},{"date":"2015-05","domestic":"834","transborder":"36","international":"0"},{"date":"2015-06","domestic":"925","transborder":"110","international":"0"},{"date":"2015-07","domestic":"1027","transborder":"111","international":"0"},{"date":"2015-08","domestic":"899","transborder":"138","international":"1"},{"date":"2015-09","domestic":"776","transborder":"60","international":"0"},{"date":"2015-10","domestic":"567","transborder":"11","international":"0"},{"date":"2015-11","domestic":"362","transborder":"0","international":"0"},{"date":"2015-12","domestic":"367","transborder":"0","international":"0"},{"date":"2016-01","domestic":"438","transborder":"3","international":"0"},{"date":"2016-02","domestic":"491","transborder":"0","international":"0"},{"date":"2016-03","domestic":"523","transborder":"0","international":"0"},{"date":"2016-04","domestic":"662","transborder":"3","international":"0"},{"date":"2016-05","domestic":"1154","transborder":"51","international":"1"},{"date":"2016-06","domestic":"801","transborder":"131","international":"0"},{"date":"2016-07","domestic":"959","transborder":"155","international":"0"},{"date":"2016-08","domestic":"979","transborder":"152","international":"0"},{"date":"2016-09","domestic":"701","transborder":"44","international":"0"},{"date":"2016-10","domestic":"549","transborder":"10","international":"0"},{"date":"2016-11","domestic":"455","transborder":"1","international":"0"},{"date":"2016-12","domestic":"363","transborder":"0","international":"0"},{"date":"2017-01","domestic":"445","transborder":"1","international":"0"},{"date":"2017-02","domestic":"501","transborder":"0","international":"0"},{"date":"2017-03","domestic":"653","transborder":"0","international":"0"},{"date":"2017-04","domestic":"564","transborder":"1","international":"0"},{"date":"2017-05","domestic":"828","transborder":"49","international":"0"},{"date":"2017-06","domestic":"749","transborder":"152","international":"0"},{"date":"2017-07","domestic":"902","transborder":"137","international":"0"},{"date":"2017-08","domestic":"1035","transborder":"194","international":"1"},{"date":"2017-09","domestic":"657","transborder":"49","international":"0"},{"date":"2017-10","domestic":"632","transborder":"12","international":"0"},{"date":"2017-11","domestic":"588","transborder":"0","international":"0"},{"date":"2017-12","domestic":"391","transborder":"1","international":"0"},{"date":"2018-01","domestic":"461","transborder":"2","international":"0"},{"date":"2018-02","domestic":"583","transborder":"0","international":"0"},{"date":"2018-03","domestic":"691","transborder":"0","international":"0"},{"date":"2018-04","domestic":"658","transborder":"4","international":"0"},{"date":"2018-05","domestic":"1079","transborder":"21","international":"0"},{"date":"2018-06","domestic":"801","transborder":"160","international":"0"},{"date":"2018-07","domestic":"1352","transborder":"131","international":"0"},{"date":"2018-08","domestic":"1118","transborder":"135","international":"0"},{"date":"2018-09","domestic":"719","transborder":"36","international":"0"},{"date":"2018-10","domestic":"512","transborder":"10","international":"0"},{"date":"2018-11","domestic":"480","transborder":"0","international":"0"},{"date":"2018-12","domestic":"425","transborder":"0","international":"0"},{"date":"2019-01","domestic":"486","transborder":"0","international":"0"},{"date":"2019-02","domestic":"418","transborder":"0","international":"0"}]