[{"date":"2010-01","domestic":"881","transborder":"42","international":"0"},{"date":"2010-02","domestic":"1048","transborder":"70","international":"0"},{"date":"2010-03","domestic":"1317","transborder":"94","international":"1"},{"date":"2010-04","domestic":"1080","transborder":"78","international":"0"},{"date":"2010-05","domestic":"1222","transborder":"102","international":"0"},{"date":"2010-06","domestic":"1562","transborder":"105","international":"0"},{"date":"2010-07","domestic":"1835","transborder":"171","international":"0"},{"date":"2010-08","domestic":"1471","transborder":"106","international":"0"},{"date":"2010-09","domestic":"1103","transborder":"98","international":"0"},{"date":"2010-10","domestic":"1288","transborder":"71","international":"0"},{"date":"2010-11","domestic":"919","transborder":"57","international":"0"},{"date":"2010-12","domestic":"921","transborder":"54","international":"0"},{"date":"2011-01","domestic":"749","transborder":"49","international":"0"},{"date":"2011-02","domestic":"674","transborder":"44","international":"0"},{"date":"2011-03","domestic":"1000","transborder":"65","international":"0"},{"date":"2011-04","domestic":"965","transborder":"58","international":"1"},{"date":"2011-05","domestic":"1306","transborder":"81","international":"0"},{"date":"2011-06","domestic":"1467","transborder":"104","international":"0"},{"date":"2011-07","domestic":"2153","transborder":"150","international":"0"},{"date":"2011-08","domestic":"1753","transborder":"124","international":"0"},{"date":"2011-09","domestic":"1204","transborder":"98","international":"0"},{"date":"2011-10","domestic":"1189","transborder":"71","international":"0"},{"date":"2011-11","domestic":"951","transborder":"50","international":"1"},{"date":"2011-12","domestic":"870","transborder":"51","international":"1"},{"date":"2012-01","domestic":"823","transborder":"46","international":"0"},{"date":"2012-02","domestic":"1120","transborder":"68","international":"0"},{"date":"2012-03","domestic":"1010","transborder":"67","international":"0"},{"date":"2012-04","domestic":"1080","transborder":"71","international":"1"},{"date":"2012-05","domestic":"1471","transborder":"84","international":"0"},{"date":"2012-06","domestic":"1662","transborder":"96","international":"0"},{"date":"2012-07","domestic":"2149","transborder":"141","international":"0"},{"date":"2012-08","domestic":"1443","transborder":"114","international":"0"},{"date":"2012-09","domestic":"1374","transborder":"91","international":"0"},{"date":"2012-10","domestic":"1105","transborder":"103","international":"2"},{"date":"2012-11","domestic":"1074","transborder":"66","international":"1"},{"date":"2012-12","domestic":"1025","transborder":"46","international":"1"},{"date":"2013-01","domestic":"1176","transborder":"45","international":"0"},{"date":"2013-02","domestic":"1139","transborder":"73","international":"0"},{"date":"2013-03","domestic":"1387","transborder":"75","international":"1"},{"date":"2013-04","domestic":"1167","transborder":"70","international":"0"},{"date":"2013-05","domestic":"1671","transborder":"88","international":"0"},{"date":"2013-06","domestic":"1829","transborder":"93","international":"0"},{"date":"2013-07","domestic":"2149","transborder":"110","international":"0"},{"date":"2013-08","domestic":"1502","transborder":"93","international":"0"},{"date":"2013-09","domestic":"1463","transborder":"82","international":"0"},{"date":"2013-10","domestic":"1474","transborder":"78","international":"0"},{"date":"2013-11","domestic":"1159","transborder":"70","international":"0"},{"date":"2013-12","domestic":"689","transborder":"50","international":"0"},{"date":"2014-01","domestic":"938","transborder":"53","international":"0"},{"date":"2014-02","domestic":"892","transborder":"55","international":"0"},{"date":"2014-03","domestic":"960","transborder":"73","international":"1"},{"date":"2014-04","domestic":"1025","transborder":"83","international":"1"},{"date":"2014-05","domestic":"1361","transborder":"96","international":"0"},{"date":"2014-06","domestic":"1456","transborder":"104","international":"0"},{"date":"2014-07","domestic":"1922","transborder":"114","international":"0"},{"date":"2014-08","domestic":"1360","transborder":"122","international":"0"},{"date":"2014-09","domestic":"1345","transborder":"65","international":"0"},{"date":"2014-10","domestic":"1168","transborder":"63","international":"0"},{"date":"2014-11","domestic":"838","transborder":"69","international":"0"},{"date":"2014-12","domestic":"1015","transborder":"34","international":"1"},{"date":"2015-01","domestic":"964","transborder":"51","international":"0"},{"date":"2015-02","domestic":"857","transborder":"52","international":"0"},{"date":"2015-03","domestic":"1044","transborder":"56","international":"1"},{"date":"2015-04","domestic":"1300","transborder":"81","international":"2"},{"date":"2015-05","domestic":"1569","transborder":"62","international":"0"},{"date":"2015-06","domestic":"1731","transborder":"88","international":"0"},{"date":"2015-07","domestic":"2086","transborder":"107","international":"0"},{"date":"2015-08","domestic":"1154","transborder":"88","international":"0"},{"date":"2015-09","domestic":"1287","transborder":"76","international":"1"},{"date":"2015-10","domestic":"1132","transborder":"64","international":"2"},{"date":"2015-11","domestic":"910","transborder":"49","international":"2"},{"date":"2015-12","domestic":"800","transborder":"34","international":"3"},{"date":"2016-01","domestic":"925","transborder":"37","international":"2"},{"date":"2016-02","domestic":"1093","transborder":"57","international":"3"},{"date":"2016-03","domestic":"1074","transborder":"42","international":"0"},{"date":"2016-04","domestic":"1281","transborder":"58","international":"0"},{"date":"2016-05","domestic":"1583","transborder":"86","international":"0"},{"date":"2016-06","domestic":"1616","transborder":"96","international":"1"},{"date":"2016-07","domestic":"1656","transborder":"111","international":"0"},{"date":"2016-08","domestic":"1488","transborder":"81","international":"1"},{"date":"2016-09","domestic":"1161","transborder":"80","international":"0"},{"date":"2016-10","domestic":"1150","transborder":"63","international":"1"},{"date":"2016-11","domestic":"1139","transborder":"60","international":"0"},{"date":"2016-12","domestic":"743","transborder":"39","international":"0"},{"date":"2017-01","domestic":"891","transborder":"29","international":"0"},{"date":"2017-02","domestic":"852","transborder":"38","international":"0"},{"date":"2017-03","domestic":"1100","transborder":"60","international":"0"},{"date":"2017-04","domestic":"1090","transborder":"46","international":"2"},{"date":"2017-05","domestic":"1689","transborder":"90","international":"0"},{"date":"2017-06","domestic":"1571","transborder":"63","international":"0"},{"date":"2017-07","domestic":"1693","transborder":"113","international":"0"},{"date":"2017-08","domestic":"1432","transborder":"94","international":"0"},{"date":"2017-09","domestic":"1259","transborder":"76","international":"0"},{"date":"2017-10","domestic":"1009","transborder":"65","international":"0"},{"date":"2017-11","domestic":"846","transborder":"47","international":"1"},{"date":"2017-12","domestic":"882","transborder":"25","international":"0"},{"date":"2018-01","domestic":"1120","transborder":"41","international":"0"},{"date":"2018-02","domestic":"978","transborder":"52","international":"3"},{"date":"2018-03","domestic":"1181","transborder":"47","international":"1"},{"date":"2018-04","domestic":"1502","transborder":"57","international":"1"},{"date":"2018-05","domestic":"1740","transborder":"87","international":"0"},{"date":"2018-06","domestic":"1508","transborder":"69","international":"0"},{"date":"2018-07","domestic":"1583","transborder":"107","international":"0"},{"date":"2018-08","domestic":"1388","transborder":"90","international":"0"},{"date":"2018-09","domestic":"1266","transborder":"61","international":"0"},{"date":"2018-10","domestic":"1400","transborder":"53","international":"0"},{"date":"2018-11","domestic":"1351","transborder":"50","international":"0"},{"date":"2018-12","domestic":"1091","transborder":"44","international":"1"},{"date":"2019-01","domestic":"1146","transborder":"41","international":"1"},{"date":"2019-02","domestic":"907","transborder":"42","international":"2"}]