[{"date":"2010-01","domestic":"5704","transborder":"82","international":"8"},{"date":"2010-02","domestic":"3706","transborder":"59","international":"14"},{"date":"2010-03","domestic":"6620","transborder":"87","international":"40"},{"date":"2010-04","domestic":"5664","transborder":"75","international":"63"},{"date":"2010-05","domestic":"6496","transborder":"82","international":"14"},{"date":"2010-06","domestic":"5739","transborder":"83","international":"2"},{"date":"2010-07","domestic":"7110","transborder":"106","international":"3"},{"date":"2010-08","domestic":"6821","transborder":"91","international":"1"},{"date":"2010-09","domestic":"4842","transborder":"83","international":"0"},{"date":"2010-10","domestic":"5307","transborder":"73","international":"3"},{"date":"2010-11","domestic":"4644","transborder":"77","international":"5"},{"date":"2010-12","domestic":"3477","transborder":"91","international":"0"},{"date":"2011-01","domestic":"3753","transborder":"69","international":"13"},{"date":"2011-02","domestic":"3189","transborder":"62","international":"10"},{"date":"2011-03","domestic":"4286","transborder":"136","international":"37"},{"date":"2011-04","domestic":"3527","transborder":"85","international":"44"},{"date":"2011-05","domestic":"3104","transborder":"90","international":"17"},{"date":"2011-06","domestic":"4066","transborder":"83","international":"1"},{"date":"2011-07","domestic":"5238","transborder":"93","international":"2"},{"date":"2011-08","domestic":"4276","transborder":"91","international":"1"},{"date":"2011-09","domestic":"4153","transborder":"88","international":"1"},{"date":"2011-10","domestic":"3979","transborder":"93","international":"3"},{"date":"2011-11","domestic":"3868","transborder":"71","international":"2"},{"date":"2011-12","domestic":"2654","transborder":"114","international":"1"},{"date":"2012-01","domestic":"2875","transborder":"75","international":"10"},{"date":"2012-02","domestic":"2758","transborder":"65","international":"11"},{"date":"2012-03","domestic":"3256","transborder":"135","international":"37"},{"date":"2012-04","domestic":"3018","transborder":"78","international":"42"},{"date":"2012-05","domestic":"3162","transborder":"78","international":"17"},{"date":"2012-06","domestic":"2853","transborder":"91","international":"5"},{"date":"2012-07","domestic":"3760","transborder":"81","international":"0"},{"date":"2012-08","domestic":"3182","transborder":"103","international":"4"},{"date":"2012-09","domestic":"2769","transborder":"83","international":"2"},{"date":"2012-10","domestic":"2853","transborder":"81","international":"2"},{"date":"2012-11","domestic":"3101","transborder":"69","international":"2"},{"date":"2012-12","domestic":"2205","transborder":"73","international":"0"},{"date":"2013-01","domestic":"2810","transborder":"71","international":"14"},{"date":"2013-02","domestic":"2477","transborder":"65","international":"32"},{"date":"2013-03","domestic":"2724","transborder":"83","international":"71"},{"date":"2013-04","domestic":"3055","transborder":"90","international":"68"},{"date":"2013-05","domestic":"3077","transborder":"82","international":"24"},{"date":"2013-06","domestic":"3149","transborder":"70","international":"9"},{"date":"2013-07","domestic":"3955","transborder":"87","international":"10"},{"date":"2013-08","domestic":"3126","transborder":"108","international":"8"},{"date":"2013-09","domestic":"3257","transborder":"82","international":"12"},{"date":"2013-10","domestic":"4170","transborder":"92","international":"13"},{"date":"2013-11","domestic":"3479","transborder":"71","international":"32"},{"date":"2013-12","domestic":"2309","transborder":"77","international":"26"},{"date":"2014-01","domestic":"2578","transborder":"64","international":"27"},{"date":"2014-02","domestic":"2952","transborder":"59","international":"56"},{"date":"2014-03","domestic":"3129","transborder":"85","international":"79"},{"date":"2014-04","domestic":"3191","transborder":"92","international":"77"},{"date":"2014-05","domestic":"3580","transborder":"87","international":"33"},{"date":"2014-06","domestic":"3608","transborder":"90","international":"9"},{"date":"2014-07","domestic":"4352","transborder":"100","international":"7"},{"date":"2014-08","domestic":"4092","transborder":"106","international":"7"},{"date":"2014-09","domestic":"4414","transborder":"60","international":"5"},{"date":"2014-10","domestic":"3959","transborder":"19","international":"6"},{"date":"2014-11","domestic":"3913","transborder":"8","international":"17"},{"date":"2014-12","domestic":"3307","transborder":"11","international":"23"},{"date":"2015-01","domestic":"3714","transborder":"7","international":"21"},{"date":"2015-02","domestic":"3617","transborder":"32","international":"59"},{"date":"2015-03","domestic":"4086","transborder":"45","international":"78"},{"date":"2015-04","domestic":"3547","transborder":"41","international":"89"},{"date":"2015-05","domestic":"4439","transborder":"34","international":"41"},{"date":"2015-06","domestic":"3984","transborder":"20","international":"13"},{"date":"2015-07","domestic":"4170","transborder":"29","international":"19"},{"date":"2015-08","domestic":"4159","transborder":"32","international":"13"},{"date":"2015-09","domestic":"4368","transborder":"22","international":"14"},{"date":"2015-10","domestic":"4490","transborder":"21","international":"15"},{"date":"2015-11","domestic":"3600","transborder":"16","international":"20"},{"date":"2015-12","domestic":"2761","transborder":"10","international":"16"},{"date":"2016-01","domestic":"4376","transborder":"13","international":"22"},{"date":"2016-02","domestic":"3824","transborder":"29","international":"43"},{"date":"2016-03","domestic":"4260","transborder":"47","international":"88"},{"date":"2016-04","domestic":"5240","transborder":"52","international":"101"},{"date":"2016-05","domestic":"4430","transborder":"20","international":"44"},{"date":"2016-06","domestic":"4764","transborder":"16","international":"9"},{"date":"2016-07","domestic":"5142","transborder":"32","international":"5"},{"date":"2016-08","domestic":"5465","transborder":"25","international":"4"},{"date":"2016-09","domestic":"5130","transborder":"20","international":"17"},{"date":"2016-10","domestic":"4561","transborder":"15","international":"15"},{"date":"2016-11","domestic":"3783","transborder":"12","international":"16"},{"date":"2016-12","domestic":"3629","transborder":"16","international":"19"},{"date":"2017-01","domestic":"4241","transborder":"14","international":"19"},{"date":"2017-02","domestic":"4089","transborder":"24","international":"52"},{"date":"2017-03","domestic":"4509","transborder":"44","international":"92"},{"date":"2017-04","domestic":"5213","transborder":"42","international":"90"},{"date":"2017-05","domestic":"4838","transborder":"31","international":"36"},{"date":"2017-06","domestic":"5357","transborder":"14","international":"4"},{"date":"2017-07","domestic":"6890","transborder":"23","international":"1"},{"date":"2017-08","domestic":"6444","transborder":"30","international":"13"},{"date":"2017-09","domestic":"5120","transborder":"24","international":"6"},{"date":"2017-10","domestic":"6725","transborder":"26","international":"6"},{"date":"2017-11","domestic":"5338","transborder":"12","international":"4"},{"date":"2017-12","domestic":"4331","transborder":"10","international":"3"},{"date":"2018-01","domestic":"4282","transborder":"17","international":"2"},{"date":"2018-02","domestic":"4248","transborder":"19","international":"43"},{"date":"2018-03","domestic":"4110","transborder":"48","international":"91"},{"date":"2018-04","domestic":"5518","transborder":"34","international":"91"},{"date":"2018-05","domestic":"6134","transborder":"39","international":"39"},{"date":"2018-06","domestic":"6137","transborder":"22","international":"5"},{"date":"2018-07","domestic":"6879","transborder":"30","international":"4"},{"date":"2018-08","domestic":"5889","transborder":"30","international":"2"},{"date":"2018-09","domestic":"5724","transborder":"35","international":"8"},{"date":"2018-10","domestic":"5061","transborder":"26","international":"2"},{"date":"2018-11","domestic":"4194","transborder":"18","international":"2"},{"date":"2018-12","domestic":"5295","transborder":"12","international":"5"},{"date":"2019-01","domestic":"4519","transborder":"18","international":"4"},{"date":"2019-02","domestic":"4506","transborder":"19","international":"52"}]