[{"date":"2010-01","domestic":"2669","transborder":"312","international":"170"},{"date":"2010-02","domestic":"2389","transborder":"294","international":"159"},{"date":"2010-03","domestic":"3064","transborder":"311","international":"89"},{"date":"2010-04","domestic":"3114","transborder":"446","international":"45"},{"date":"2010-05","domestic":"3363","transborder":"455","international":"1"},{"date":"2010-06","domestic":"3686","transborder":"495","international":"0"},{"date":"2010-07","domestic":"3785","transborder":"537","international":"2"},{"date":"2010-08","domestic":"3327","transborder":"509","international":"0"},{"date":"2010-09","domestic":"3339","transborder":"461","international":"1"},{"date":"2010-10","domestic":"3473","transborder":"477","international":"0"},{"date":"2010-11","domestic":"2826","transborder":"416","international":"43"},{"date":"2010-12","domestic":"2421","transborder":"430","international":"78"},{"date":"2011-01","domestic":"2490","transborder":"376","international":"121"},{"date":"2011-02","domestic":"2609","transborder":"349","international":"110"},{"date":"2011-03","domestic":"2886","transborder":"406","international":"66"},{"date":"2011-04","domestic":"3214","transborder":"397","international":"43"},{"date":"2011-05","domestic":"3345","transborder":"446","international":"3"},{"date":"2011-06","domestic":"3516","transborder":"360","international":"1"},{"date":"2011-07","domestic":"3451","transborder":"384","international":"0"},{"date":"2011-08","domestic":"3363","transborder":"381","international":"0"},{"date":"2011-09","domestic":"3462","transborder":"413","international":"1"},{"date":"2011-10","domestic":"3164","transborder":"421","international":"1"},{"date":"2011-11","domestic":"2801","transborder":"373","international":"52"},{"date":"2011-12","domestic":"2577","transborder":"391","international":"105"},{"date":"2012-01","domestic":"2720","transborder":"382","international":"137"},{"date":"2012-02","domestic":"2778","transborder":"358","international":"135"},{"date":"2012-03","domestic":"3040","transborder":"411","international":"110"},{"date":"2012-04","domestic":"2711","transborder":"398","international":"61"},{"date":"2012-05","domestic":"3284","transborder":"407","international":"10"},{"date":"2012-06","domestic":"3400","transborder":"374","international":"2"},{"date":"2012-07","domestic":"3378","transborder":"398","international":"2"},{"date":"2012-08","domestic":"3443","transborder":"397","international":"4"},{"date":"2012-09","domestic":"3268","transborder":"404","international":"2"},{"date":"2012-10","domestic":"2899","transborder":"435","international":"0"},{"date":"2012-11","domestic":"2674","transborder":"390","international":"21"},{"date":"2012-12","domestic":"2490","transborder":"401","international":"97"},{"date":"2013-01","domestic":"2710","transborder":"371","international":"144"},{"date":"2013-02","domestic":"2698","transborder":"361","international":"137"},{"date":"2013-03","domestic":"2935","transborder":"437","international":"104"},{"date":"2013-04","domestic":"2984","transborder":"427","international":"46"},{"date":"2013-05","domestic":"3330","transborder":"425","international":"2"},{"date":"2013-06","domestic":"3294","transborder":"343","international":"2"},{"date":"2013-07","domestic":"3235","transborder":"385","international":"0"},{"date":"2013-08","domestic":"3521","transborder":"389","international":"0"},{"date":"2013-09","domestic":"3347","transborder":"411","international":"0"},{"date":"2013-10","domestic":"3184","transborder":"457","international":"0"},{"date":"2013-11","domestic":"2903","transborder":"413","international":"29"},{"date":"2013-12","domestic":"2346","transborder":"389","international":"93"},{"date":"2014-01","domestic":"2773","transborder":"389","international":"152"},{"date":"2014-02","domestic":"2716","transborder":"375","international":"141"},{"date":"2014-03","domestic":"3148","transborder":"438","international":"121"},{"date":"2014-04","domestic":"3205","transborder":"432","international":"51"},{"date":"2014-05","domestic":"3682","transborder":"401","international":"1"},{"date":"2014-06","domestic":"3182","transborder":"360","international":"0"},{"date":"2014-07","domestic":"4063","transborder":"419","international":"0"},{"date":"2014-08","domestic":"3319","transborder":"402","international":"0"},{"date":"2014-09","domestic":"3500","transborder":"379","international":"0"},{"date":"2014-10","domestic":"3518","transborder":"413","international":"4"},{"date":"2014-11","domestic":"2579","transborder":"334","international":"29"},{"date":"2014-12","domestic":"2749","transborder":"330","international":"104"},{"date":"2015-01","domestic":"2755","transborder":"338","international":"171"},{"date":"2015-02","domestic":"2561","transborder":"316","international":"153"},{"date":"2015-03","domestic":"3121","transborder":"231","international":"125"},{"date":"2015-04","domestic":"3074","transborder":"252","international":"66"},{"date":"2015-05","domestic":"3511","transborder":"209","international":"5"},{"date":"2015-06","domestic":"3554","transborder":"214","international":"0"},{"date":"2015-07","domestic":"3286","transborder":"249","international":"0"},{"date":"2015-08","domestic":"3640","transborder":"225","international":"1"},{"date":"2015-09","domestic":"3502","transborder":"220","international":"2"},{"date":"2015-10","domestic":"3111","transborder":"266","international":"4"},{"date":"2015-11","domestic":"2717","transborder":"230","international":"44"},{"date":"2015-12","domestic":"2434","transborder":"227","international":"128"},{"date":"2016-01","domestic":"2412","transborder":"234","international":"181"},{"date":"2016-02","domestic":"2429","transborder":"226","international":"170"},{"date":"2016-03","domestic":"2755","transborder":"246","international":"152"},{"date":"2016-04","domestic":"2880","transborder":"239","international":"71"},{"date":"2016-05","domestic":"2903","transborder":"189","international":"1"},{"date":"2016-06","domestic":"3404","transborder":"195","international":"1"},{"date":"2016-07","domestic":"3198","transborder":"210","international":"0"},{"date":"2016-08","domestic":"3034","transborder":"61","international":"0"},{"date":"2016-09","domestic":"3026","transborder":"87","international":"0"},{"date":"2016-10","domestic":"2567","transborder":"128","international":"4"},{"date":"2016-11","domestic":"2799","transborder":"129","international":"46"},{"date":"2016-12","domestic":"2363","transborder":"142","international":"112"},{"date":"2017-01","domestic":"2496","transborder":"109","international":"157"},{"date":"2017-02","domestic":"2358","transborder":"126","international":"152"},{"date":"2017-03","domestic":"2772","transborder":"119","international":"135"},{"date":"2017-04","domestic":"2853","transborder":"154","international":"59"},{"date":"2017-05","domestic":"3132","transborder":"100","international":"8"},{"date":"2017-06","domestic":"3149","transborder":"100","international":"1"},{"date":"2017-07","domestic":"3288","transborder":"127","international":"0"},{"date":"2017-08","domestic":"3169","transborder":"73","international":"0"},{"date":"2017-09","domestic":"2971","transborder":"119","international":"0"},{"date":"2017-10","domestic":"2931","transborder":"138","international":"0"},{"date":"2017-11","domestic":"2512","transborder":"146","international":"41"},{"date":"2017-12","domestic":"2420","transborder":"126","international":"114"},{"date":"2018-01","domestic":"2414","transborder":"130","international":"155"},{"date":"2018-02","domestic":"2379","transborder":"113","international":"143"},{"date":"2018-03","domestic":"2463","transborder":"117","international":"125"},{"date":"2018-04","domestic":"2669","transborder":"138","international":"34"},{"date":"2018-05","domestic":"3197","transborder":"104","international":"1"},{"date":"2018-06","domestic":"3516","transborder":"111","international":"4"},{"date":"2018-07","domestic":"4006","transborder":"93","international":"1"},{"date":"2018-08","domestic":"3497","transborder":"69","international":"1"},{"date":"2018-09","domestic":"3048","transborder":"96","international":"1"},{"date":"2018-10","domestic":"3073","transborder":"114","international":"4"},{"date":"2018-11","domestic":"2168","transborder":"124","international":"52"},{"date":"2018-12","domestic":"2599","transborder":"115","international":"105"},{"date":"2019-01","domestic":"2450","transborder":"116","international":"145"},{"date":"2019-02","domestic":"2154","transborder":"101","international":"126"}]