[{"date":"2010-01","domestic":"4967","transborder":"92","international":"17"},{"date":"2010-02","domestic":"4941","transborder":"87","international":"10"},{"date":"2010-03","domestic":"5152","transborder":"100","international":"9"},{"date":"2010-04","domestic":"4902","transborder":"93","international":"10"},{"date":"2010-05","domestic":"5028","transborder":"95","international":"5"},{"date":"2010-06","domestic":"5119","transborder":"167","international":"4"},{"date":"2010-07","domestic":"4390","transborder":"187","international":"4"},{"date":"2010-08","domestic":"4068","transborder":"180","international":"0"},{"date":"2010-09","domestic":"4819","transborder":"104","international":"0"},{"date":"2010-10","domestic":"5016","transborder":"51","international":"0"},{"date":"2010-11","domestic":"4341","transborder":"23","international":"9"},{"date":"2010-12","domestic":"3598","transborder":"29","international":"17"},{"date":"2011-01","domestic":"4587","transborder":"23","international":"27"},{"date":"2011-02","domestic":"4339","transborder":"36","international":"25"},{"date":"2011-03","domestic":"4729","transborder":"32","international":"20"},{"date":"2011-04","domestic":"4616","transborder":"32","international":"10"},{"date":"2011-05","domestic":"5329","transborder":"43","international":"0"},{"date":"2011-06","domestic":"5792","transborder":"91","international":"0"},{"date":"2011-07","domestic":"5549","transborder":"70","international":"0"},{"date":"2011-08","domestic":"5292","transborder":"101","international":"0"},{"date":"2011-09","domestic":"4879","transborder":"43","international":"1"},{"date":"2011-10","domestic":"5505","transborder":"40","international":"2"},{"date":"2011-11","domestic":"5633","transborder":"26","international":"8"},{"date":"2011-12","domestic":"4038","transborder":"23","international":"21"},{"date":"2012-01","domestic":"4449","transborder":"27","international":"33"},{"date":"2012-02","domestic":"5218","transborder":"26","international":"36"},{"date":"2012-03","domestic":"5175","transborder":"30","international":"34"},{"date":"2012-04","domestic":"5302","transborder":"39","international":"14"},{"date":"2012-05","domestic":"5247","transborder":"49","international":"2"},{"date":"2012-06","domestic":"5710","transborder":"67","international":"2"},{"date":"2012-07","domestic":"5968","transborder":"77","international":"2"},{"date":"2012-08","domestic":"5912","transborder":"102","international":"0"},{"date":"2012-09","domestic":"5522","transborder":"54","international":"0"},{"date":"2012-10","domestic":"5405","transborder":"46","international":"2"},{"date":"2012-11","domestic":"5276","transborder":"38","international":"8"},{"date":"2012-12","domestic":"3540","transborder":"38","international":"18"},{"date":"2013-01","domestic":"4268","transborder":"12","international":"27"},{"date":"2013-02","domestic":"4679","transborder":"56","international":"25"},{"date":"2013-03","domestic":"4858","transborder":"126","international":"25"},{"date":"2013-04","domestic":"4746","transborder":"93","international":"9"},{"date":"2013-05","domestic":"5359","transborder":"105","international":"0"},{"date":"2013-06","domestic":"4825","transborder":"118","international":"1"},{"date":"2013-07","domestic":"5206","transborder":"120","international":"0"},{"date":"2013-08","domestic":"5316","transborder":"187","international":"0"},{"date":"2013-09","domestic":"5067","transborder":"113","international":"2"},{"date":"2013-10","domestic":"5434","transborder":"79","international":"0"},{"date":"2013-11","domestic":"4874","transborder":"105","international":"10"},{"date":"2013-12","domestic":"3528","transborder":"91","international":"15"},{"date":"2014-01","domestic":"4185","transborder":"83","international":"26"},{"date":"2014-02","domestic":"4137","transborder":"84","international":"24"},{"date":"2014-03","domestic":"4934","transborder":"83","international":"23"},{"date":"2014-04","domestic":"4797","transborder":"60","international":"10"},{"date":"2014-05","domestic":"5275","transborder":"50","international":"0"},{"date":"2014-06","domestic":"5303","transborder":"94","international":"0"},{"date":"2014-07","domestic":"5686","transborder":"84","international":"0"},{"date":"2014-08","domestic":"5248","transborder":"93","international":"0"},{"date":"2014-09","domestic":"5599","transborder":"53","international":"0"},{"date":"2014-10","domestic":"5757","transborder":"32","international":"1"},{"date":"2014-11","domestic":"5327","transborder":"31","international":"0"},{"date":"2014-12","domestic":"3721","transborder":"17","international":"6"},{"date":"2015-01","domestic":"4546","transborder":"31","international":"16"},{"date":"2015-02","domestic":"4515","transborder":"29","international":"16"},{"date":"2015-03","domestic":"5320","transborder":"37","international":"21"},{"date":"2015-04","domestic":"5111","transborder":"35","international":"2"},{"date":"2015-05","domestic":"5146","transborder":"52","international":"0"},{"date":"2015-06","domestic":"5484","transborder":"65","international":"0"},{"date":"2015-07","domestic":"5557","transborder":"74","international":"0"},{"date":"2015-08","domestic":"5068","transborder":"80","international":"0"},{"date":"2015-09","domestic":"5167","transborder":"57","international":"0"},{"date":"2015-10","domestic":"5069","transborder":"33","international":"0"},{"date":"2015-11","domestic":"4884","transborder":"33","international":"0"},{"date":"2015-12","domestic":"3932","transborder":"22","international":"10"},{"date":"2016-01","domestic":"4145","transborder":"38","international":"28"},{"date":"2016-02","domestic":"4719","transborder":"37","international":"26"},{"date":"2016-03","domestic":"5214","transborder":"25","international":"30"},{"date":"2016-04","domestic":"5391","transborder":"33","international":"5"},{"date":"2016-05","domestic":"5324","transborder":"30","international":"0"},{"date":"2016-06","domestic":"5284","transborder":"46","international":"0"},{"date":"2016-07","domestic":"5751","transborder":"95","international":"0"},{"date":"2016-08","domestic":"5807","transborder":"91","international":"0"},{"date":"2016-09","domestic":"5369","transborder":"45","international":"0"},{"date":"2016-10","domestic":"5333","transborder":"44","international":"0"},{"date":"2016-11","domestic":"5135","transborder":"25","international":"6"},{"date":"2016-12","domestic":"4379","transborder":"19","international":"14"},{"date":"2017-01","domestic":"4396","transborder":"14","international":"24"},{"date":"2017-02","domestic":"4743","transborder":"32","international":"26"},{"date":"2017-03","domestic":"5690","transborder":"23","international":"27"},{"date":"2017-04","domestic":"4849","transborder":"27","international":"4"},{"date":"2017-05","domestic":"5366","transborder":"43","international":"1"},{"date":"2017-06","domestic":"5597","transborder":"85","international":"1"},{"date":"2017-07","domestic":"5744","transborder":"67","international":"0"},{"date":"2017-08","domestic":"5524","transborder":"91","international":"1"},{"date":"2017-09","domestic":"4939","transborder":"44","international":"0"},{"date":"2017-10","domestic":"4873","transborder":"27","international":"2"},{"date":"2017-11","domestic":"4354","transborder":"26","international":"8"},{"date":"2017-12","domestic":"4005","transborder":"27","international":"14"},{"date":"2018-01","domestic":"4244","transborder":"31","international":"28"},{"date":"2018-02","domestic":"4299","transborder":"33","international":"23"},{"date":"2018-03","domestic":"5060","transborder":"34","international":"25"},{"date":"2018-04","domestic":"4931","transborder":"35","international":"5"},{"date":"2018-05","domestic":"5638","transborder":"37","international":"0"},{"date":"2018-06","domestic":"5233","transborder":"73","international":"4"},{"date":"2018-07","domestic":"5486","transborder":"115","international":"0"},{"date":"2018-08","domestic":"5683","transborder":"88","international":"0"},{"date":"2018-09","domestic":"5072","transborder":"51","international":"0"},{"date":"2018-10","domestic":"5323","transborder":"24","international":"2"},{"date":"2018-11","domestic":"5409","transborder":"34","international":"8"},{"date":"2018-12","domestic":"4548","transborder":"35","international":"15"},{"date":"2019-01","domestic":"4573","transborder":"26","international":"27"},{"date":"2019-02","domestic":"5084","transborder":"35","international":"23"}]