[{"date":"2010-01","domestic":"1984","transborder":"1","international":"0"},{"date":"2010-02","domestic":"1824","transborder":"3","international":"0"},{"date":"2010-03","domestic":"2509","transborder":"11","international":"3"},{"date":"2010-04","domestic":"2454","transborder":"0","international":"0"},{"date":"2010-05","domestic":"3235","transborder":"4","international":"0"},{"date":"2010-06","domestic":"3219","transborder":"3","international":"0"},{"date":"2010-07","domestic":"2764","transborder":"5","international":"0"},{"date":"2010-08","domestic":"2610","transborder":"2","international":"0"},{"date":"2010-09","domestic":"2615","transborder":"3","international":"0"},{"date":"2010-10","domestic":"2511","transborder":"3","international":"0"},{"date":"2010-11","domestic":"2128","transborder":"2","international":"0"},{"date":"2010-12","domestic":"1916","transborder":"2","international":"0"},{"date":"2011-01","domestic":"1936","transborder":"5","international":"0"},{"date":"2011-02","domestic":"1955","transborder":"6","international":"0"},{"date":"2011-03","domestic":"2186","transborder":"2","international":"0"},{"date":"2011-04","domestic":"2263","transborder":"4","international":"0"},{"date":"2011-05","domestic":"2725","transborder":"5","international":"0"},{"date":"2011-06","domestic":"2688","transborder":"2","international":"0"},{"date":"2011-07","domestic":"2574","transborder":"6","international":"0"},{"date":"2011-08","domestic":"2575","transborder":"6","international":"0"},{"date":"2011-09","domestic":"3054","transborder":"7","international":"0"},{"date":"2011-10","domestic":"2682","transborder":"5","international":"0"},{"date":"2011-11","domestic":"2269","transborder":"2","international":"0"},{"date":"2011-12","domestic":"2006","transborder":"3","international":"0"},{"date":"2012-01","domestic":"1978","transborder":"1","international":"0"},{"date":"2012-02","domestic":"2006","transborder":"2","international":"0"},{"date":"2012-03","domestic":"2193","transborder":"1","international":"0"},{"date":"2012-04","domestic":"1953","transborder":"5","international":"0"},{"date":"2012-05","domestic":"3171","transborder":"3","international":"0"},{"date":"2012-06","domestic":"2741","transborder":"4","international":"0"},{"date":"2012-07","domestic":"2703","transborder":"2","international":"0"},{"date":"2012-08","domestic":"2769","transborder":"6","international":"0"},{"date":"2012-09","domestic":"3206","transborder":"4","international":"0"},{"date":"2012-10","domestic":"2104","transborder":"4","international":"0"},{"date":"2012-11","domestic":"1901","transborder":"7","international":"0"},{"date":"2012-12","domestic":"1811","transborder":"4","international":"0"},{"date":"2013-01","domestic":"1971","transborder":"2","international":"3"},{"date":"2013-02","domestic":"1949","transborder":"5","international":"0"},{"date":"2013-03","domestic":"2166","transborder":"3","international":"0"},{"date":"2013-04","domestic":"2002","transborder":"1","international":"1"},{"date":"2013-05","domestic":"3170","transborder":"1","international":"0"},{"date":"2013-06","domestic":"2625","transborder":"1","international":"0"},{"date":"2013-07","domestic":"2541","transborder":"3","international":"0"},{"date":"2013-08","domestic":"2525","transborder":"3","international":"0"},{"date":"2013-09","domestic":"3005","transborder":"6","international":"0"},{"date":"2013-10","domestic":"2530","transborder":"6","international":"0"},{"date":"2013-11","domestic":"2176","transborder":"2","international":"0"},{"date":"2013-12","domestic":"1759","transborder":"6","international":"0"},{"date":"2014-01","domestic":"2376","transborder":"2","international":"0"},{"date":"2014-02","domestic":"2036","transborder":"1","international":"0"},{"date":"2014-03","domestic":"2333","transborder":"13","international":"0"},{"date":"2014-04","domestic":"2390","transborder":"3","international":"7"},{"date":"2014-05","domestic":"2981","transborder":"8","international":"6"},{"date":"2014-06","domestic":"2776","transborder":"6","international":"0"},{"date":"2014-07","domestic":"3310","transborder":"0","international":"0"},{"date":"2014-08","domestic":"2830","transborder":"6","international":"1"},{"date":"2014-09","domestic":"2695","transborder":"10","international":"0"},{"date":"2014-10","domestic":"2587","transborder":"10","international":"0"},{"date":"2014-11","domestic":"2026","transborder":"6","international":"0"},{"date":"2014-12","domestic":"2212","transborder":"3","international":"0"},{"date":"2015-01","domestic":"1995","transborder":"2","international":"0"},{"date":"2015-02","domestic":"1878","transborder":"3","international":"0"},{"date":"2015-03","domestic":"2427","transborder":"2","international":"0"},{"date":"2015-04","domestic":"2348","transborder":"2","international":"0"},{"date":"2015-05","domestic":"2988","transborder":"1","international":"0"},{"date":"2015-06","domestic":"2898","transborder":"6","international":"0"},{"date":"2015-07","domestic":"2940","transborder":"4","international":"0"},{"date":"2015-08","domestic":"2505","transborder":"4","international":"0"},{"date":"2015-09","domestic":"2611","transborder":"6","international":"0"},{"date":"2015-10","domestic":"2682","transborder":"11","international":"0"},{"date":"2015-11","domestic":"2091","transborder":"5","international":"0"},{"date":"2015-12","domestic":"1829","transborder":"0","international":"0"},{"date":"2016-01","domestic":"1822","transborder":"2","international":"0"},{"date":"2016-02","domestic":"2047","transborder":"7","international":"2"},{"date":"2016-03","domestic":"2145","transborder":"5","international":"0"},{"date":"2016-04","domestic":"2360","transborder":"2","international":"0"},{"date":"2016-05","domestic":"2437","transborder":"3","international":"0"},{"date":"2016-06","domestic":"2379","transborder":"3","international":"0"},{"date":"2016-07","domestic":"2206","transborder":"1","international":"0"},{"date":"2016-08","domestic":"2087","transborder":"6","international":"0"},{"date":"2016-09","domestic":"2262","transborder":"4","international":"0"},{"date":"2016-10","domestic":"1647","transborder":"6","international":"0"},{"date":"2016-11","domestic":"2008","transborder":"2","international":"0"},{"date":"2016-12","domestic":"1706","transborder":"4","international":"0"},{"date":"2017-01","domestic":"1804","transborder":"4","international":"0"},{"date":"2017-02","domestic":"1656","transborder":"6","international":"0"},{"date":"2017-03","domestic":"1980","transborder":"2","international":"0"},{"date":"2017-04","domestic":"1811","transborder":"2","international":"0"},{"date":"2017-05","domestic":"2705","transborder":"5","international":"0"},{"date":"2017-06","domestic":"2851","transborder":"2","international":"0"},{"date":"2017-07","domestic":"2624","transborder":"4","international":"0"},{"date":"2017-08","domestic":"2463","transborder":"5","international":"0"},{"date":"2017-09","domestic":"2305","transborder":"5","international":"0"},{"date":"2017-10","domestic":"2054","transborder":"6","international":"0"},{"date":"2017-11","domestic":"1704","transborder":"5","international":"0"},{"date":"2017-12","domestic":"1763","transborder":"0","international":"0"},{"date":"2018-01","domestic":"1588","transborder":"4","international":"0"},{"date":"2018-02","domestic":"1592","transborder":"2","international":"0"},{"date":"2018-03","domestic":"1899","transborder":"4","international":"0"},{"date":"2018-04","domestic":"2076","transborder":"2","international":"0"},{"date":"2018-05","domestic":"2809","transborder":"4","international":"0"},{"date":"2018-06","domestic":"2812","transborder":"7","international":"0"},{"date":"2018-07","domestic":"2755","transborder":"3","international":"0"},{"date":"2018-08","domestic":"2176","transborder":"4","international":"0"},{"date":"2018-09","domestic":"2088","transborder":"8","international":"0"},{"date":"2018-10","domestic":"2397","transborder":"9","international":"0"},{"date":"2018-11","domestic":"1855","transborder":"3","international":"0"},{"date":"2018-12","domestic":"1904","transborder":"2","international":"1"},{"date":"2019-01","domestic":"1835","transborder":"3","international":"0"},{"date":"2019-02","domestic":"1781","transborder":"3","international":"0"}]