[{"date":"2010-01","domestic":"1275","transborder":"175","international":"373"},{"date":"2010-02","domestic":"1016","transborder":"118","international":"192"},{"date":"2010-03","domestic":"1525","transborder":"223","international":"267"},{"date":"2010-04","domestic":"1136","transborder":"197","international":"230"},{"date":"2010-05","domestic":"1235","transborder":"221","international":"260"},{"date":"2010-06","domestic":"1961","transborder":"269","international":"294"},{"date":"2010-07","domestic":"3004","transborder":"303","international":"345"},{"date":"2010-08","domestic":"2018","transborder":"230","international":"253"},{"date":"2010-09","domestic":"1508","transborder":"224","international":"250"},{"date":"2010-10","domestic":"1588","transborder":"237","international":"299"},{"date":"2010-11","domestic":"1350","transborder":"219","international":"269"},{"date":"2010-12","domestic":"1005","transborder":"154","international":"210"},{"date":"2011-01","domestic":"1080","transborder":"119","international":"145"},{"date":"2011-02","domestic":"1139","transborder":"173","international":"185"},{"date":"2011-03","domestic":"1210","transborder":"174","international":"216"},{"date":"2011-04","domestic":"1446","transborder":"191","international":"240"},{"date":"2011-05","domestic":"1344","transborder":"288","international":"336"},{"date":"2011-06","domestic":"1359","transborder":"236","international":"263"},{"date":"2011-07","domestic":"2187","transborder":"248","international":"273"},{"date":"2011-08","domestic":"1852","transborder":"212","international":"216"},{"date":"2011-09","domestic":"1630","transborder":"309","international":"336"},{"date":"2011-10","domestic":"1238","transborder":"237","international":"270"},{"date":"2011-11","domestic":"1345","transborder":"238","international":"269"},{"date":"2011-12","domestic":"990","transborder":"174","international":"204"},{"date":"2012-01","domestic":"1030","transborder":"135","international":"164"},{"date":"2012-02","domestic":"1071","transborder":"110","international":"136"},{"date":"2012-03","domestic":"1067","transborder":"135","international":"170"},{"date":"2012-04","domestic":"1343","transborder":"142","international":"176"},{"date":"2012-05","domestic":"1650","transborder":"216","international":"247"},{"date":"2012-06","domestic":"1580","transborder":"185","international":"216"},{"date":"2012-07","domestic":"2039","transborder":"211","international":"245"},{"date":"2012-08","domestic":"1704","transborder":"138","international":"162"},{"date":"2012-09","domestic":"1745","transborder":"187","international":"230"},{"date":"2012-10","domestic":"1350","transborder":"189","international":"226"},{"date":"2012-11","domestic":"1316","transborder":"147","international":"184"},{"date":"2012-12","domestic":"980","transborder":"112","international":"135"},{"date":"2013-01","domestic":"1260","transborder":"124","international":"155"},{"date":"2013-02","domestic":"1179","transborder":"89","international":"96"},{"date":"2013-03","domestic":"1283","transborder":"77","international":"95"},{"date":"2013-04","domestic":"1607","transborder":"128","international":"164"},{"date":"2013-05","domestic":"1567","transborder":"156","international":"176"},{"date":"2013-06","domestic":"1536","transborder":"195","international":"249"},{"date":"2013-07","domestic":"2193","transborder":"189","international":"212"},{"date":"2013-08","domestic":"1830","transborder":"140","international":"165"},{"date":"2013-09","domestic":"1445","transborder":"164","international":"205"},{"date":"2013-10","domestic":"1610","transborder":"143","international":"172"},{"date":"2013-11","domestic":"1250","transborder":"135","international":"172"},{"date":"2013-12","domestic":"1086","transborder":"100","international":"121"},{"date":"2014-01","domestic":"1231","transborder":"91","international":"134"},{"date":"2014-02","domestic":"1328","transborder":"88","international":"102"},{"date":"2014-03","domestic":"1269","transborder":"125","international":"153"},{"date":"2014-04","domestic":"1364","transborder":"112","international":"160"},{"date":"2014-05","domestic":"1444","transborder":"135","international":"161"},{"date":"2014-06","domestic":"1671","transborder":"202","international":"231"},{"date":"2014-07","domestic":"2250","transborder":"208","international":"223"},{"date":"2014-08","domestic":"1690","transborder":"143","international":"171"},{"date":"2014-09","domestic":"1864","transborder":"239","international":"273"},{"date":"2014-10","domestic":"1738","transborder":"201","international":"224"},{"date":"2014-11","domestic":"1264","transborder":"132","international":"164"},{"date":"2014-12","domestic":"975","transborder":"124","international":"161"},{"date":"2015-01","domestic":"1020","transborder":"120","international":"169"},{"date":"2015-02","domestic":"1005","transborder":"81","international":"126"},{"date":"2015-03","domestic":"1473","transborder":"140","international":"188"},{"date":"2015-04","domestic":"1459","transborder":"117","international":"174"},{"date":"2015-05","domestic":"1943","transborder":"159","international":"200"},{"date":"2015-06","domestic":"1963","transborder":"223","international":"264"},{"date":"2015-07","domestic":"2228","transborder":"199","international":"234"},{"date":"2015-08","domestic":"2378","transborder":"205","international":"206"},{"date":"2015-09","domestic":"2109","transborder":"199","international":"211"},{"date":"2015-10","domestic":"1902","transborder":"226","international":"258"},{"date":"2015-11","domestic":"1333","transborder":"119","international":"149"},{"date":"2015-12","domestic":"1134","transborder":"134","international":"168"},{"date":"2016-01","domestic":"1424","transborder":"112","international":"149"},{"date":"2016-02","domestic":"1314","transborder":"89","international":"118"},{"date":"2016-03","domestic":"1555","transborder":"105","international":"140"},{"date":"2016-04","domestic":"1502","transborder":"112","international":"164"},{"date":"2016-05","domestic":"1959","transborder":"190","international":"200"},{"date":"2016-06","domestic":"1849","transborder":"186","international":"219"},{"date":"2016-07","domestic":"2847","transborder":"183","international":"203"},{"date":"2016-08","domestic":"2420","transborder":"149","international":"158"},{"date":"2016-09","domestic":"2050","transborder":"174","international":"190"},{"date":"2016-10","domestic":"1926","transborder":"155","international":"171"},{"date":"2016-11","domestic":"1519","transborder":"80","international":"104"},{"date":"2016-12","domestic":"1436","transborder":"78","international":"99"},{"date":"2017-01","domestic":"1630","transborder":"100","international":"127"},{"date":"2017-02","domestic":"1417","transborder":"70","international":"89"},{"date":"2017-03","domestic":"1611","transborder":"65","international":"99"},{"date":"2017-04","domestic":"1693","transborder":"60","international":"82"},{"date":"2017-05","domestic":"2083","transborder":"106","international":"124"},{"date":"2017-06","domestic":"2187","transborder":"160","international":"183"},{"date":"2017-07","domestic":"3071","transborder":"182","international":"187"},{"date":"2017-08","domestic":"2346","transborder":"114","international":"130"},{"date":"2017-09","domestic":"2036","transborder":"148","international":"164"},{"date":"2017-10","domestic":"2098","transborder":"156","international":"178"},{"date":"2017-11","domestic":"1608","transborder":"98","international":"123"},{"date":"2017-12","domestic":"1148","transborder":"77","international":"110"},{"date":"2018-01","domestic":"1380","transborder":"73","international":"94"},{"date":"2018-02","domestic":"1398","transborder":"72","international":"93"},{"date":"2018-03","domestic":"1400","transborder":"79","international":"101"},{"date":"2018-04","domestic":"1729","transborder":"81","international":"108"},{"date":"2018-05","domestic":"1984","transborder":"100","international":"121"},{"date":"2018-06","domestic":"2310","transborder":"169","international":"184"},{"date":"2018-07","domestic":"2940","transborder":"142","international":"167"},{"date":"2018-08","domestic":"2494","transborder":"106","international":"111"},{"date":"2018-09","domestic":"2280","transborder":"155","international":"162"},{"date":"2018-10","domestic":"1690","transborder":"151","international":"185"},{"date":"2018-11","domestic":"1136","transborder":"59","international":"74"},{"date":"2018-12","domestic":"1341","transborder":"63","international":"93"},{"date":"2019-01","domestic":"1378","transborder":"52","international":"81"},{"date":"2019-02","domestic":"1321","transborder":"62","international":"84"}]