[{"date":"2010-01","domestic":"571","transborder":"1","international":"0"},{"date":"2010-02","domestic":"973","transborder":"0","international":"2"},{"date":"2010-03","domestic":"2559","transborder":"2","international":"0"},{"date":"2010-04","domestic":"3018","transborder":"1","international":"1"},{"date":"2010-05","domestic":"3242","transborder":"0","international":"0"},{"date":"2010-06","domestic":"1675","transborder":"5","international":"0"},{"date":"2010-07","domestic":"2296","transborder":"0","international":"1"},{"date":"2010-08","domestic":"2397","transborder":"0","international":"0"},{"date":"2010-09","domestic":"1891","transborder":"0","international":"0"},{"date":"2010-10","domestic":"1427","transborder":"1","international":"0"},{"date":"2010-11","domestic":"1664","transborder":"1","international":"0"},{"date":"2010-12","domestic":"415","transborder":"0","international":"1"},{"date":"2011-01","domestic":"466","transborder":"1","international":"0"},{"date":"2011-02","domestic":"938","transborder":"1","international":"0"},{"date":"2011-03","domestic":"1666","transborder":"0","international":"0"},{"date":"2011-04","domestic":"1802","transborder":"0","international":"0"},{"date":"2011-05","domestic":"2818","transborder":"2","international":"0"},{"date":"2011-06","domestic":"1790","transborder":"1","international":"0"},{"date":"2011-07","domestic":"2044","transborder":"2","international":"0"},{"date":"2011-08","domestic":"2068","transborder":"2","international":"0"},{"date":"2011-09","domestic":"2456","transborder":"2","international":"0"},{"date":"2011-10","domestic":"1714","transborder":"2","international":"0"},{"date":"2011-11","domestic":"1558","transborder":"2","international":"0"},{"date":"2011-12","domestic":"505","transborder":"0","international":"0"},{"date":"2012-01","domestic":"521","transborder":"0","international":"0"},{"date":"2012-02","domestic":"1284","transborder":"1","international":"0"},{"date":"2012-03","domestic":"1719","transborder":"0","international":"0"},{"date":"2012-04","domestic":"1794","transborder":"0","international":"0"},{"date":"2012-05","domestic":"2529","transborder":"1","international":"0"},{"date":"2012-06","domestic":"1570","transborder":"1","international":"0"},{"date":"2012-07","domestic":"1660","transborder":"0","international":"0"},{"date":"2012-08","domestic":"2051","transborder":"0","international":"0"},{"date":"2012-09","domestic":"1860","transborder":"0","international":"0"},{"date":"2012-10","domestic":"1760","transborder":"0","international":"0"},{"date":"2012-11","domestic":"1967","transborder":"1","international":"0"},{"date":"2012-12","domestic":"480","transborder":"0","international":"0"},{"date":"2013-01","domestic":"379","transborder":"0","international":"0"},{"date":"2013-02","domestic":"1326","transborder":"2","international":"0"},{"date":"2013-03","domestic":"1536","transborder":"0","international":"0"},{"date":"2013-04","domestic":"2039","transborder":"0","international":"0"},{"date":"2013-05","domestic":"2520","transborder":"2","international":"0"},{"date":"2013-06","domestic":"2097","transborder":"1","international":"0"},{"date":"2013-07","domestic":"2319","transborder":"2","international":"0"},{"date":"2013-08","domestic":"1832","transborder":"0","international":"0"},{"date":"2013-09","domestic":"1943","transborder":"0","international":"0"},{"date":"2013-10","domestic":"2070","transborder":"1","international":"0"},{"date":"2013-11","domestic":"1547","transborder":"1","international":"0"},{"date":"2013-12","domestic":"384","transborder":"1","international":"0"},{"date":"2014-01","domestic":"383","transborder":"2","international":"0"},{"date":"2014-02","domestic":"1406","transborder":"0","international":"0"},{"date":"2014-03","domestic":"1437","transborder":"1","international":"0"},{"date":"2014-04","domestic":"1858","transborder":"0","international":"0"},{"date":"2014-05","domestic":"2810","transborder":"0","international":"0"},{"date":"2014-06","domestic":"2152","transborder":"1","international":"0"},{"date":"2014-07","domestic":"1741","transborder":"2","international":"0"},{"date":"2014-08","domestic":"2161","transborder":"2","international":"0"},{"date":"2014-09","domestic":"1929","transborder":"0","international":"0"},{"date":"2014-10","domestic":"1965","transborder":"0","international":"0"},{"date":"2014-11","domestic":"1303","transborder":"1","international":"0"},{"date":"2014-12","domestic":"654","transborder":"0","international":"0"},{"date":"2015-01","domestic":"338","transborder":"0","international":"0"},{"date":"2015-02","domestic":"789","transborder":"0","international":"0"},{"date":"2015-03","domestic":"1534","transborder":"0","international":"0"},{"date":"2015-04","domestic":"2073","transborder":"0","international":"0"},{"date":"2015-05","domestic":"2434","transborder":"1","international":"0"},{"date":"2015-06","domestic":"2178","transborder":"0","international":"0"},{"date":"2015-07","domestic":"1912","transborder":"3","international":"0"},{"date":"2015-08","domestic":"1857","transborder":"0","international":"0"},{"date":"2015-09","domestic":"2000","transborder":"1","international":"1"},{"date":"2015-10","domestic":"1816","transborder":"1","international":"0"},{"date":"2015-11","domestic":"1258","transborder":"1","international":"0"},{"date":"2015-12","domestic":"488","transborder":"0","international":"0"},{"date":"2016-01","domestic":"342","transborder":"0","international":"0"},{"date":"2016-02","domestic":"872","transborder":"0","international":"0"},{"date":"2016-03","domestic":"1313","transborder":"0","international":"0"},{"date":"2016-04","domestic":"1948","transborder":"2","international":"0"},{"date":"2016-05","domestic":"2604","transborder":"0","international":"0"},{"date":"2016-06","domestic":"2235","transborder":"0","international":"0"},{"date":"2016-07","domestic":"2669","transborder":"3","international":"0"},{"date":"2016-08","domestic":"2589","transborder":"1","international":"0"},{"date":"2016-09","domestic":"2774","transborder":"1","international":"0"},{"date":"2016-10","domestic":"2522","transborder":"0","international":"0"},{"date":"2016-11","domestic":"2414","transborder":"1","international":"0"},{"date":"2016-12","domestic":"774","transborder":"0","international":"0"},{"date":"2017-01","domestic":"767","transborder":"1","international":"0"},{"date":"2017-02","domestic":"1743","transborder":"0","international":"0"},{"date":"2017-03","domestic":"2102","transborder":"1","international":"0"},{"date":"2017-04","domestic":"2711","transborder":"1","international":"0"},{"date":"2017-05","domestic":"3732","transborder":"3","international":"0"},{"date":"2017-06","domestic":"3748","transborder":"0","international":"0"},{"date":"2017-07","domestic":"3627","transborder":"2","international":"0"},{"date":"2017-08","domestic":"3678","transborder":"3","international":"0"},{"date":"2017-09","domestic":"3020","transborder":"0","international":"0"},{"date":"2017-10","domestic":"2559","transborder":"0","international":"0"},{"date":"2017-11","domestic":"2060","transborder":"2","international":"0"},{"date":"2017-12","domestic":"950","transborder":"1","international":"0"},{"date":"2018-01","domestic":"603","transborder":"0","international":"0"},{"date":"2018-02","domestic":"1449","transborder":"0","international":"0"},{"date":"2018-03","domestic":"2457","transborder":"0","international":"0"},{"date":"2018-04","domestic":"2503","transborder":"0","international":"0"},{"date":"2018-05","domestic":"3712","transborder":"0","international":"0"},{"date":"2018-06","domestic":"3098","transborder":"0","international":"0"},{"date":"2018-07","domestic":"2885","transborder":"3","international":"0"},{"date":"2018-08","domestic":"3169","transborder":"2","international":"0"},{"date":"2018-09","domestic":"2985","transborder":"0","international":"0"},{"date":"2018-10","domestic":"2308","transborder":"1","international":"0"},{"date":"2018-11","domestic":"2008","transborder":"1","international":"0"},{"date":"2018-12","domestic":"692","transborder":"0","international":"0"},{"date":"2019-01","domestic":"255","transborder":"0","international":"0"},{"date":"2019-02","domestic":"1321","transborder":"0","international":"0"}]