[{"date":"2010-01","domestic":"773","transborder":"0","international":"0"},{"date":"2010-02","domestic":"846","transborder":"0","international":"0"},{"date":"2010-03","domestic":"1117","transborder":"0","international":"1"},{"date":"2010-04","domestic":"1153","transborder":"0","international":"0"},{"date":"2010-05","domestic":"1200","transborder":"1","international":"0"},{"date":"2010-06","domestic":"1228","transborder":"0","international":"0"},{"date":"2010-07","domestic":"1192","transborder":"2","international":"0"},{"date":"2010-08","domestic":"1456","transborder":"1","international":"0"},{"date":"2010-09","domestic":"1294","transborder":"0","international":"2"},{"date":"2010-10","domestic":"1013","transborder":"0","international":"1"},{"date":"2010-11","domestic":"903","transborder":"0","international":"0"},{"date":"2010-12","domestic":"848","transborder":"0","international":"0"},{"date":"2011-01","domestic":"789","transborder":"0","international":"0"},{"date":"2011-02","domestic":"814","transborder":"0","international":"0"},{"date":"2011-03","domestic":"1359","transborder":"0","international":"0"},{"date":"2011-04","domestic":"1180","transborder":"0","international":"0"},{"date":"2011-05","domestic":"1239","transborder":"0","international":"0"},{"date":"2011-06","domestic":"1741","transborder":"0","international":"1"},{"date":"2011-07","domestic":"2172","transborder":"0","international":"0"},{"date":"2011-08","domestic":"2317","transborder":"0","international":"0"},{"date":"2011-09","domestic":"1760","transborder":"2","international":"1"},{"date":"2011-10","domestic":"1739","transborder":"0","international":"0"},{"date":"2011-11","domestic":"969","transborder":"0","international":"1"},{"date":"2011-12","domestic":"756","transborder":"0","international":"0"},{"date":"2012-01","domestic":"850","transborder":"0","international":"0"},{"date":"2012-02","domestic":"776","transborder":"0","international":"0"},{"date":"2012-03","domestic":"910","transborder":"0","international":"0"},{"date":"2012-04","domestic":"1017","transborder":"0","international":"0"},{"date":"2012-05","domestic":"1439","transborder":"0","international":"0"},{"date":"2012-06","domestic":"1707","transborder":"0","international":"0"},{"date":"2012-07","domestic":"1558","transborder":"0","international":"0"},{"date":"2012-08","domestic":"1714","transborder":"0","international":"0"},{"date":"2012-09","domestic":"1334","transborder":"0","international":"0"},{"date":"2012-10","domestic":"1165","transborder":"0","international":"0"},{"date":"2012-11","domestic":"877","transborder":"0","international":"0"},{"date":"2012-12","domestic":"742","transborder":"0","international":"0"},{"date":"2013-01","domestic":"780","transborder":"0","international":"0"},{"date":"2013-02","domestic":"927","transborder":"1","international":"0"},{"date":"2013-03","domestic":"884","transborder":"0","international":"0"},{"date":"2013-04","domestic":"766","transborder":"0","international":"0"},{"date":"2013-05","domestic":"1141","transborder":"0","international":"0"},{"date":"2013-06","domestic":"1431","transborder":"9","international":"0"},{"date":"2013-07","domestic":"1409","transborder":"11","international":"0"},{"date":"2013-08","domestic":"1132","transborder":"0","international":"0"},{"date":"2013-09","domestic":"972","transborder":"0","international":"0"},{"date":"2013-10","domestic":"946","transborder":"0","international":"0"},{"date":"2013-11","domestic":"925","transborder":"0","international":"0"},{"date":"2013-12","domestic":"816","transborder":"0","international":"0"},{"date":"2014-01","domestic":"700","transborder":"0","international":"0"},{"date":"2014-02","domestic":"770","transborder":"0","international":"0"},{"date":"2014-03","domestic":"977","transborder":"0","international":"0"},{"date":"2014-04","domestic":"948","transborder":"0","international":"0"},{"date":"2014-05","domestic":"944","transborder":"0","international":"0"},{"date":"2014-06","domestic":"1052","transborder":"0","international":"0"},{"date":"2014-07","domestic":"1225","transborder":"0","international":"3"},{"date":"2014-08","domestic":"1155","transborder":"1","international":"0"},{"date":"2014-09","domestic":"1067","transborder":"0","international":"0"},{"date":"2014-10","domestic":"879","transborder":"0","international":"0"},{"date":"2014-11","domestic":"807","transborder":"0","international":"0"},{"date":"2014-12","domestic":"698","transborder":"0","international":"0"},{"date":"2015-01","domestic":"739","transborder":"0","international":"0"},{"date":"2015-02","domestic":"778","transborder":"0","international":"0"},{"date":"2015-03","domestic":"917","transborder":"0","international":"0"},{"date":"2015-04","domestic":"953","transborder":"1","international":"0"},{"date":"2015-05","domestic":"1027","transborder":"0","international":"0"},{"date":"2015-06","domestic":"929","transborder":"0","international":"0"},{"date":"2015-07","domestic":"1146","transborder":"1","international":"0"},{"date":"2015-08","domestic":"1248","transborder":"0","international":"0"},{"date":"2015-09","domestic":"1110","transborder":"1","international":"0"},{"date":"2015-10","domestic":"883","transborder":"1","international":"0"},{"date":"2015-11","domestic":"762","transborder":"0","international":"0"},{"date":"2015-12","domestic":"804","transborder":"0","international":"0"},{"date":"2016-01","domestic":"793","transborder":"0","international":"0"},{"date":"2016-02","domestic":"705","transborder":"0","international":"0"},{"date":"2016-03","domestic":"911","transborder":"0","international":"1"},{"date":"2016-04","domestic":"785","transborder":"7","international":"0"},{"date":"2016-05","domestic":"922","transborder":"0","international":"0"},{"date":"2016-06","domestic":"992","transborder":"0","international":"0"},{"date":"2016-07","domestic":"1180","transborder":"0","international":"0"},{"date":"2016-08","domestic":"1217","transborder":"1","international":"0"},{"date":"2016-09","domestic":"1066","transborder":"0","international":"0"},{"date":"2016-10","domestic":"877","transborder":"0","international":"0"},{"date":"2016-11","domestic":"734","transborder":"0","international":"0"},{"date":"2016-12","domestic":"713","transborder":"0","international":"0"},{"date":"2017-01","domestic":"724","transborder":"0","international":"0"},{"date":"2017-02","domestic":"712","transborder":"0","international":"0"},{"date":"2017-03","domestic":"805","transborder":"0","international":"0"},{"date":"2017-04","domestic":"741","transborder":"0","international":"0"},{"date":"2017-05","domestic":"861","transborder":"0","international":"0"},{"date":"2017-06","domestic":"1218","transborder":"1","international":"0"},{"date":"2017-07","domestic":"1219","transborder":"0","international":"0"},{"date":"2017-08","domestic":"1536","transborder":"1","international":"0"},{"date":"2017-09","domestic":"1124","transborder":"0","international":"0"},{"date":"2017-10","domestic":"904","transborder":"0","international":"0"},{"date":"2017-11","domestic":"702","transborder":"0","international":"0"},{"date":"2017-12","domestic":"783","transborder":"0","international":"0"},{"date":"2018-01","domestic":"841","transborder":"0","international":"0"},{"date":"2018-02","domestic":"803","transborder":"0","international":"0"},{"date":"2018-03","domestic":"891","transborder":"0","international":"0"},{"date":"2018-04","domestic":"1142","transborder":"0","international":"0"},{"date":"2018-05","domestic":"919","transborder":"0","international":"0"},{"date":"2018-06","domestic":"1033","transborder":"0","international":"0"},{"date":"2018-07","domestic":"1241","transborder":"2","international":"1"},{"date":"2018-08","domestic":"1226","transborder":"2","international":"0"},{"date":"2018-09","domestic":"1184","transborder":"0","international":"0"},{"date":"2018-10","domestic":"978","transborder":"0","international":"0"},{"date":"2018-11","domestic":"961","transborder":"0","international":"0"},{"date":"2018-12","domestic":"862","transborder":"0","international":"0"},{"date":"2019-01","domestic":"815","transborder":"0","international":"0"},{"date":"2019-02","domestic":"873","transborder":"0","international":"0"}]