[{"date":"2010-01","domestic":"2115","transborder":"7","international":"0"},{"date":"2010-02","domestic":"2095","transborder":"4","international":"0"},{"date":"2010-03","domestic":"2842","transborder":"13","international":"0"},{"date":"2010-04","domestic":"2781","transborder":"16","international":"3"},{"date":"2010-05","domestic":"3660","transborder":"11","international":"21"},{"date":"2010-06","domestic":"3072","transborder":"13","international":"7"},{"date":"2010-07","domestic":"2888","transborder":"36","international":"9"},{"date":"2010-08","domestic":"2528","transborder":"40","international":"0"},{"date":"2010-09","domestic":"2341","transborder":"18","international":"0"},{"date":"2010-10","domestic":"2326","transborder":"18","international":"0"},{"date":"2010-11","domestic":"2028","transborder":"10","international":"0"},{"date":"2010-12","domestic":"1911","transborder":"11","international":"0"},{"date":"2011-01","domestic":"2103","transborder":"17","international":"0"},{"date":"2011-02","domestic":"1930","transborder":"20","international":"0"},{"date":"2011-03","domestic":"2334","transborder":"22","international":"0"},{"date":"2011-04","domestic":"2260","transborder":"16","international":"0"},{"date":"2011-05","domestic":"2955","transborder":"15","international":"1"},{"date":"2011-06","domestic":"2974","transborder":"21","international":"1"},{"date":"2011-07","domestic":"3137","transborder":"36","international":"0"},{"date":"2011-08","domestic":"3137","transborder":"31","international":"0"},{"date":"2011-09","domestic":"2667","transborder":"25","international":"0"},{"date":"2011-10","domestic":"2779","transborder":"9","international":"0"},{"date":"2011-11","domestic":"2370","transborder":"14","international":"0"},{"date":"2011-12","domestic":"1992","transborder":"11","international":"0"},{"date":"2012-01","domestic":"2083","transborder":"7","international":"0"},{"date":"2012-02","domestic":"2364","transborder":"13","international":"1"},{"date":"2012-03","domestic":"2480","transborder":"18","international":"0"},{"date":"2012-04","domestic":"2798","transborder":"11","international":"0"},{"date":"2012-05","domestic":"4323","transborder":"14","international":"0"},{"date":"2012-06","domestic":"3335","transborder":"25","international":"0"},{"date":"2012-07","domestic":"4052","transborder":"42","international":"0"},{"date":"2012-08","domestic":"3372","transborder":"44","international":"1"},{"date":"2012-09","domestic":"3027","transborder":"23","international":"1"},{"date":"2012-10","domestic":"2637","transborder":"11","international":"1"},{"date":"2012-11","domestic":"2374","transborder":"11","international":"0"},{"date":"2012-12","domestic":"1896","transborder":"10","international":"0"},{"date":"2013-01","domestic":"1997","transborder":"12","international":"0"},{"date":"2013-02","domestic":"2031","transborder":"7","international":"1"},{"date":"2013-03","domestic":"2431","transborder":"8","international":"2"},{"date":"2013-04","domestic":"2631","transborder":"12","international":"0"},{"date":"2013-05","domestic":"3307","transborder":"16","international":"0"},{"date":"2013-06","domestic":"2812","transborder":"16","international":"0"},{"date":"2013-07","domestic":"3552","transborder":"27","international":"1"},{"date":"2013-08","domestic":"3023","transborder":"29","international":"0"},{"date":"2013-09","domestic":"2663","transborder":"17","international":"0"},{"date":"2013-10","domestic":"2651","transborder":"23","international":"1"},{"date":"2013-11","domestic":"2228","transborder":"11","international":"0"},{"date":"2013-12","domestic":"2015","transborder":"8","international":"0"},{"date":"2014-01","domestic":"2020","transborder":"20","international":"0"},{"date":"2014-02","domestic":"2133","transborder":"16","international":"1"},{"date":"2014-03","domestic":"2443","transborder":"16","international":"0"},{"date":"2014-04","domestic":"2143","transborder":"14","international":"2"},{"date":"2014-05","domestic":"2794","transborder":"19","international":"1"},{"date":"2014-06","domestic":"2753","transborder":"21","international":"0"},{"date":"2014-07","domestic":"2772","transborder":"36","international":"2"},{"date":"2014-08","domestic":"2611","transborder":"34","international":"0"},{"date":"2014-09","domestic":"2421","transborder":"18","international":"1"},{"date":"2014-10","domestic":"2073","transborder":"8","international":"0"},{"date":"2014-11","domestic":"1799","transborder":"18","international":"0"},{"date":"2014-12","domestic":"1623","transborder":"10","international":"0"},{"date":"2015-01","domestic":"1955","transborder":"8","international":"0"},{"date":"2015-02","domestic":"1748","transborder":"10","international":"0"},{"date":"2015-03","domestic":"2180","transborder":"12","international":"1"},{"date":"2015-04","domestic":"2278","transborder":"10","international":"0"},{"date":"2015-05","domestic":"2783","transborder":"3","international":"0"},{"date":"2015-06","domestic":"2835","transborder":"14","international":"0"},{"date":"2015-07","domestic":"3597","transborder":"33","international":"1"},{"date":"2015-08","domestic":"3169","transborder":"27","international":"0"},{"date":"2015-09","domestic":"2601","transborder":"21","international":"0"},{"date":"2015-10","domestic":"2281","transborder":"7","international":"0"},{"date":"2015-11","domestic":"1930","transborder":"8","international":"0"},{"date":"2015-12","domestic":"1625","transborder":"6","international":"0"},{"date":"2016-01","domestic":"1774","transborder":"6","international":"2"},{"date":"2016-02","domestic":"1727","transborder":"18","international":"1"},{"date":"2016-03","domestic":"1966","transborder":"11","international":"0"},{"date":"2016-04","domestic":"2216","transborder":"13","international":"0"},{"date":"2016-05","domestic":"2841","transborder":"17","international":"1"},{"date":"2016-06","domestic":"3036","transborder":"7","international":"1"},{"date":"2016-07","domestic":"3285","transborder":"43","international":"0"},{"date":"2016-08","domestic":"3171","transborder":"43","international":"0"},{"date":"2016-09","domestic":"2300","transborder":"15","international":"0"},{"date":"2016-10","domestic":"2249","transborder":"10","international":"0"},{"date":"2016-11","domestic":"1998","transborder":"8","international":"0"},{"date":"2016-12","domestic":"1686","transborder":"5","international":"0"},{"date":"2017-01","domestic":"1739","transborder":"1","international":"0"},{"date":"2017-02","domestic":"1648","transborder":"7","international":"0"},{"date":"2017-03","domestic":"2115","transborder":"12","international":"0"},{"date":"2017-04","domestic":"2139","transborder":"10","international":"1"},{"date":"2017-05","domestic":"2629","transborder":"15","international":"3"},{"date":"2017-06","domestic":"2697","transborder":"25","international":"1"},{"date":"2017-07","domestic":"3217","transborder":"24","international":"0"},{"date":"2017-08","domestic":"2788","transborder":"18","international":"0"},{"date":"2017-09","domestic":"2388","transborder":"18","international":"0"},{"date":"2017-10","domestic":"2395","transborder":"5","international":"0"},{"date":"2017-11","domestic":"2092","transborder":"11","international":"0"},{"date":"2017-12","domestic":"1781","transborder":"16","international":"1"},{"date":"2018-01","domestic":"1690","transborder":"8","international":"1"},{"date":"2018-02","domestic":"1852","transborder":"15","international":"1"},{"date":"2018-03","domestic":"2221","transborder":"8","international":"0"},{"date":"2018-04","domestic":"2391","transborder":"11","international":"0"},{"date":"2018-05","domestic":"3144","transborder":"10","international":"0"},{"date":"2018-06","domestic":"3106","transborder":"9","international":"0"},{"date":"2018-07","domestic":"4951","transborder":"33","international":"3"},{"date":"2018-08","domestic":"3494","transborder":"27","international":"1"},{"date":"2018-09","domestic":"2554","transborder":"13","international":"0"},{"date":"2018-10","domestic":"2223","transborder":"22","international":"3"},{"date":"2018-11","domestic":"1762","transborder":"9","international":"0"},{"date":"2018-12","domestic":"1598","transborder":"8","international":"2"},{"date":"2019-01","domestic":"1812","transborder":"6","international":"0"},{"date":"2019-02","domestic":"1518","transborder":"8","international":"1"}]