[{"date":"2010-01","domestic":"1190","transborder":"64","international":"10"},{"date":"2010-02","domestic":"1065","transborder":"75","international":"8"},{"date":"2010-03","domestic":"1530","transborder":"114","international":"12"},{"date":"2010-04","domestic":"1335","transborder":"82","international":"28"},{"date":"2010-05","domestic":"1505","transborder":"88","international":"15"},{"date":"2010-06","domestic":"1239","transborder":"73","international":"5"},{"date":"2010-07","domestic":"1406","transborder":"104","international":"2"},{"date":"2010-08","domestic":"1543","transborder":"87","international":"7"},{"date":"2010-09","domestic":"1223","transborder":"83","international":"3"},{"date":"2010-10","domestic":"1305","transborder":"77","international":"3"},{"date":"2010-11","domestic":"1050","transborder":"61","international":"5"},{"date":"2010-12","domestic":"946","transborder":"76","international":"3"},{"date":"2011-01","domestic":"914","transborder":"65","international":"7"},{"date":"2011-02","domestic":"852","transborder":"51","international":"2"},{"date":"2011-03","domestic":"1142","transborder":"105","international":"14"},{"date":"2011-04","domestic":"1048","transborder":"73","international":"25"},{"date":"2011-05","domestic":"1088","transborder":"94","international":"16"},{"date":"2011-06","domestic":"1185","transborder":"88","international":"3"},{"date":"2011-07","domestic":"1355","transborder":"108","international":"6"},{"date":"2011-08","domestic":"1302","transborder":"69","international":"3"},{"date":"2011-09","domestic":"1225","transborder":"99","international":"0"},{"date":"2011-10","domestic":"1146","transborder":"84","international":"1"},{"date":"2011-11","domestic":"1099","transborder":"64","international":"1"},{"date":"2011-12","domestic":"952","transborder":"59","international":"5"},{"date":"2012-01","domestic":"906","transborder":"54","international":"9"},{"date":"2012-02","domestic":"968","transborder":"54","international":"6"},{"date":"2012-03","domestic":"1040","transborder":"81","international":"22"},{"date":"2012-04","domestic":"1042","transborder":"76","international":"27"},{"date":"2012-05","domestic":"1085","transborder":"78","international":"14"},{"date":"2012-06","domestic":"1119","transborder":"74","international":"0"},{"date":"2012-07","domestic":"1251","transborder":"88","international":"1"},{"date":"2012-08","domestic":"1255","transborder":"105","international":"0"},{"date":"2012-09","domestic":"1090","transborder":"81","international":"5"},{"date":"2012-10","domestic":"1101","transborder":"88","international":"0"},{"date":"2012-11","domestic":"1141","transborder":"81","international":"6"},{"date":"2012-12","domestic":"897","transborder":"60","international":"4"},{"date":"2013-01","domestic":"934","transborder":"57","international":"3"},{"date":"2013-02","domestic":"800","transborder":"54","international":"17"},{"date":"2013-03","domestic":"1009","transborder":"93","international":"28"},{"date":"2013-04","domestic":"1032","transborder":"67","international":"31"},{"date":"2013-05","domestic":"1137","transborder":"73","international":"13"},{"date":"2013-06","domestic":"1109","transborder":"80","international":"2"},{"date":"2013-07","domestic":"1185","transborder":"80","international":"4"},{"date":"2013-08","domestic":"1252","transborder":"97","international":"1"},{"date":"2013-09","domestic":"1126","transborder":"105","international":"4"},{"date":"2013-10","domestic":"1214","transborder":"67","international":"3"},{"date":"2013-11","domestic":"941","transborder":"71","international":"4"},{"date":"2013-12","domestic":"831","transborder":"69","international":"3"},{"date":"2014-01","domestic":"848","transborder":"66","international":"3"},{"date":"2014-02","domestic":"814","transborder":"52","international":"15"},{"date":"2014-03","domestic":"871","transborder":"76","international":"33"},{"date":"2014-04","domestic":"937","transborder":"66","international":"28"},{"date":"2014-05","domestic":"1116","transborder":"88","international":"20"},{"date":"2014-06","domestic":"1192","transborder":"89","international":"2"},{"date":"2014-07","domestic":"1206","transborder":"74","international":"1"},{"date":"2014-08","domestic":"1207","transborder":"75","international":"2"},{"date":"2014-09","domestic":"1139","transborder":"74","international":"4"},{"date":"2014-10","domestic":"1114","transborder":"65","international":"4"},{"date":"2014-11","domestic":"919","transborder":"72","international":"4"},{"date":"2014-12","domestic":"935","transborder":"73","international":"2"},{"date":"2015-01","domestic":"934","transborder":"42","international":"5"},{"date":"2015-02","domestic":"802","transborder":"44","international":"19"},{"date":"2015-03","domestic":"1025","transborder":"78","international":"42"},{"date":"2015-04","domestic":"903","transborder":"54","international":"34"},{"date":"2015-05","domestic":"1116","transborder":"77","international":"19"},{"date":"2015-06","domestic":"1238","transborder":"89","international":"0"},{"date":"2015-07","domestic":"1364","transborder":"99","international":"1"},{"date":"2015-08","domestic":"1240","transborder":"74","international":"0"},{"date":"2015-09","domestic":"1128","transborder":"97","international":"4"},{"date":"2015-10","domestic":"1072","transborder":"104","international":"3"},{"date":"2015-11","domestic":"968","transborder":"60","international":"7"},{"date":"2015-12","domestic":"836","transborder":"61","international":"2"},{"date":"2016-01","domestic":"853","transborder":"61","international":"6"},{"date":"2016-02","domestic":"753","transborder":"47","international":"18"},{"date":"2016-03","domestic":"840","transborder":"71","international":"28"},{"date":"2016-04","domestic":"966","transborder":"63","international":"21"},{"date":"2016-05","domestic":"977","transborder":"91","international":"16"},{"date":"2016-06","domestic":"1126","transborder":"79","international":"3"},{"date":"2016-07","domestic":"1118","transborder":"82","international":"5"},{"date":"2016-08","domestic":"1160","transborder":"90","international":"8"},{"date":"2016-09","domestic":"1073","transborder":"72","international":"9"},{"date":"2016-10","domestic":"1017","transborder":"94","international":"6"},{"date":"2016-11","domestic":"1028","transborder":"69","international":"2"},{"date":"2016-12","domestic":"849","transborder":"75","international":"3"},{"date":"2017-01","domestic":"889","transborder":"56","international":"5"},{"date":"2017-02","domestic":"759","transborder":"48","international":"13"},{"date":"2017-03","domestic":"869","transborder":"85","international":"26"},{"date":"2017-04","domestic":"950","transborder":"69","international":"22"},{"date":"2017-05","domestic":"1101","transborder":"95","international":"13"},{"date":"2017-06","domestic":"1129","transborder":"90","international":"7"},{"date":"2017-07","domestic":"1145","transborder":"77","international":"6"},{"date":"2017-08","domestic":"1159","transborder":"80","international":"4"},{"date":"2017-09","domestic":"1100","transborder":"90","international":"6"},{"date":"2017-10","domestic":"1081","transborder":"58","international":"4"},{"date":"2017-11","domestic":"984","transborder":"76","international":"7"},{"date":"2017-12","domestic":"887","transborder":"54","international":"4"},{"date":"2018-01","domestic":"820","transborder":"53","international":"9"},{"date":"2018-02","domestic":"799","transborder":"35","international":"13"},{"date":"2018-03","domestic":"853","transborder":"85","international":"15"},{"date":"2018-04","domestic":"898","transborder":"74","international":"13"},{"date":"2018-05","domestic":"1144","transborder":"75","international":"10"},{"date":"2018-06","domestic":"1302","transborder":"70","international":"8"},{"date":"2018-07","domestic":"1125","transborder":"80","international":"6"},{"date":"2018-08","domestic":"1191","transborder":"105","international":"9"},{"date":"2018-09","domestic":"1156","transborder":"74","international":"6"},{"date":"2018-10","domestic":"1126","transborder":"107","international":"5"},{"date":"2018-11","domestic":"888","transborder":"82","international":"3"},{"date":"2018-12","domestic":"880","transborder":"67","international":"5"},{"date":"2019-01","domestic":"844","transborder":"42","international":"9"},{"date":"2019-02","domestic":"780","transborder":"45","international":"11"}]