[{"date":"2010-01","domestic":"2593","transborder":"0","international":"0"},{"date":"2010-02","domestic":"2384","transborder":"0","international":"0"},{"date":"2010-03","domestic":"2792","transborder":"1","international":"0"},{"date":"2010-04","domestic":"2958","transborder":"1","international":"0"},{"date":"2010-05","domestic":"3096","transborder":"2","international":"0"},{"date":"2010-06","domestic":"3527","transborder":"1","international":"0"},{"date":"2010-07","domestic":"3530","transborder":"5","international":"1"},{"date":"2010-08","domestic":"3035","transborder":"6","international":"0"},{"date":"2010-09","domestic":"2971","transborder":"1","international":"0"},{"date":"2010-10","domestic":"2999","transborder":"0","international":"0"},{"date":"2010-11","domestic":"2757","transborder":"0","international":"0"},{"date":"2010-12","domestic":"2573","transborder":"0","international":"0"},{"date":"2011-01","domestic":"2616","transborder":"0","international":"0"},{"date":"2011-02","domestic":"2614","transborder":"0","international":"0"},{"date":"2011-03","domestic":"2735","transborder":"1","international":"0"},{"date":"2011-04","domestic":"2604","transborder":"0","international":"0"},{"date":"2011-05","domestic":"2803","transborder":"0","international":"0"},{"date":"2011-06","domestic":"3123","transborder":"8","international":"0"},{"date":"2011-07","domestic":"3016","transborder":"3","international":"0"},{"date":"2011-08","domestic":"2717","transborder":"3","international":"0"},{"date":"2011-09","domestic":"2769","transborder":"4","international":"0"},{"date":"2011-10","domestic":"2620","transborder":"2","international":"0"},{"date":"2011-11","domestic":"2617","transborder":"0","international":"0"},{"date":"2011-12","domestic":"2485","transborder":"0","international":"0"},{"date":"2012-01","domestic":"2427","transborder":"0","international":"0"},{"date":"2012-02","domestic":"2351","transborder":"0","international":"0"},{"date":"2012-03","domestic":"2323","transborder":"0","international":"0"},{"date":"2012-04","domestic":"2717","transborder":"0","international":"0"},{"date":"2012-05","domestic":"2953","transborder":"2","international":"1"},{"date":"2012-06","domestic":"3010","transborder":"10","international":"0"},{"date":"2012-07","domestic":"3032","transborder":"9","international":"0"},{"date":"2012-08","domestic":"2718","transborder":"6","international":"0"},{"date":"2012-09","domestic":"2566","transborder":"12","international":"0"},{"date":"2012-10","domestic":"2593","transborder":"1","international":"0"},{"date":"2012-11","domestic":"2496","transborder":"0","international":"0"},{"date":"2012-12","domestic":"2341","transborder":"0","international":"0"},{"date":"2013-01","domestic":"2519","transborder":"0","international":"0"},{"date":"2013-02","domestic":"1999","transborder":"0","international":"0"},{"date":"2013-03","domestic":"2359","transborder":"0","international":"0"},{"date":"2013-04","domestic":"2396","transborder":"0","international":"0"},{"date":"2013-05","domestic":"2654","transborder":"1","international":"0"},{"date":"2013-06","domestic":"3275","transborder":"6","international":"0"},{"date":"2013-07","domestic":"3454","transborder":"8","international":"0"},{"date":"2013-08","domestic":"2634","transborder":"8","international":"0"},{"date":"2013-09","domestic":"2427","transborder":"4","international":"0"},{"date":"2013-10","domestic":"2611","transborder":"2","international":"0"},{"date":"2013-11","domestic":"2255","transborder":"0","international":"0"},{"date":"2013-12","domestic":"2244","transborder":"0","international":"0"},{"date":"2014-01","domestic":"2216","transborder":"0","international":"0"},{"date":"2014-02","domestic":"1980","transborder":"0","international":"0"},{"date":"2014-03","domestic":"2092","transborder":"0","international":"0"},{"date":"2014-04","domestic":"2048","transborder":"1","international":"0"},{"date":"2014-05","domestic":"2472","transborder":"1","international":"0"},{"date":"2014-06","domestic":"2630","transborder":"7","international":"0"},{"date":"2014-07","domestic":"2688","transborder":"6","international":"0"},{"date":"2014-08","domestic":"2542","transborder":"4","international":"0"},{"date":"2014-09","domestic":"2440","transborder":"3","international":"0"},{"date":"2014-10","domestic":"2284","transborder":"1","international":"0"},{"date":"2014-11","domestic":"2133","transborder":"1","international":"0"},{"date":"2014-12","domestic":"2027","transborder":"0","international":"0"},{"date":"2015-01","domestic":"2051","transborder":"1","international":"0"},{"date":"2015-02","domestic":"1937","transborder":"0","international":"0"},{"date":"2015-03","domestic":"2284","transborder":"1","international":"1"},{"date":"2015-04","domestic":"2161","transborder":"0","international":"0"},{"date":"2015-05","domestic":"2254","transborder":"2","international":"0"},{"date":"2015-06","domestic":"2738","transborder":"3","international":"0"},{"date":"2015-07","domestic":"2801","transborder":"6","international":"0"},{"date":"2015-08","domestic":"2513","transborder":"7","international":"0"},{"date":"2015-09","domestic":"2475","transborder":"12","international":"0"},{"date":"2015-10","domestic":"2225","transborder":"3","international":"0"},{"date":"2015-11","domestic":"2352","transborder":"0","international":"0"},{"date":"2015-12","domestic":"2207","transborder":"0","international":"0"},{"date":"2016-01","domestic":"2184","transborder":"2","international":"0"},{"date":"2016-02","domestic":"2107","transborder":"1","international":"0"},{"date":"2016-03","domestic":"2325","transborder":"1","international":"0"},{"date":"2016-04","domestic":"2355","transborder":"0","international":"0"},{"date":"2016-05","domestic":"2508","transborder":"0","international":"0"},{"date":"2016-06","domestic":"2704","transborder":"12","international":"0"},{"date":"2016-07","domestic":"2627","transborder":"9","international":"0"},{"date":"2016-08","domestic":"2695","transborder":"10","international":"0"},{"date":"2016-09","domestic":"2430","transborder":"3","international":"0"},{"date":"2016-10","domestic":"2274","transborder":"3","international":"0"},{"date":"2016-11","domestic":"2151","transborder":"0","international":"0"},{"date":"2016-12","domestic":"2198","transborder":"0","international":"0"},{"date":"2017-01","domestic":"2076","transborder":"0","international":"0"},{"date":"2017-02","domestic":"2021","transborder":"3","international":"0"},{"date":"2017-03","domestic":"2063","transborder":"1","international":"0"},{"date":"2017-04","domestic":"2278","transborder":"1","international":"0"},{"date":"2017-05","domestic":"2606","transborder":"0","international":"0"},{"date":"2017-06","domestic":"2657","transborder":"2","international":"0"},{"date":"2017-07","domestic":"2945","transborder":"7","international":"0"},{"date":"2017-08","domestic":"3062","transborder":"4","international":"0"},{"date":"2017-09","domestic":"2602","transborder":"15","international":"0"},{"date":"2017-10","domestic":"2355","transborder":"0","international":"0"},{"date":"2017-11","domestic":"2249","transborder":"0","international":"0"},{"date":"2017-12","domestic":"2247","transborder":"1","international":"0"},{"date":"2018-01","domestic":"2211","transborder":"1","international":"0"},{"date":"2018-02","domestic":"2218","transborder":"1","international":"0"},{"date":"2018-03","domestic":"2318","transborder":"0","international":"0"},{"date":"2018-04","domestic":"2320","transborder":"0","international":"0"},{"date":"2018-05","domestic":"2680","transborder":"3","international":"0"},{"date":"2018-06","domestic":"3064","transborder":"7","international":"0"},{"date":"2018-07","domestic":"2923","transborder":"2","international":"0"},{"date":"2018-08","domestic":"2787","transborder":"6","international":"0"},{"date":"2018-09","domestic":"2635","transborder":"11","international":"0"},{"date":"2018-10","domestic":"2646","transborder":"0","international":"0"},{"date":"2018-11","domestic":"2361","transborder":"1","international":"0"},{"date":"2018-12","domestic":"2244","transborder":"0","international":"0"},{"date":"2019-01","domestic":"2131","transborder":"2","international":"0"},{"date":"2019-02","domestic":"1965","transborder":"0","international":"0"}]