[{"date":"2010-01","domestic":"1747","transborder":"4","international":"0"},{"date":"2010-02","domestic":"1708","transborder":"3","international":"0"},{"date":"2010-03","domestic":"2035","transborder":"7","international":"0"},{"date":"2010-04","domestic":"1938","transborder":"3","international":"0"},{"date":"2010-05","domestic":"2459","transborder":"4","international":"0"},{"date":"2010-06","domestic":"2548","transborder":"8","international":"0"},{"date":"2010-07","domestic":"2121","transborder":"4","international":"0"},{"date":"2010-08","domestic":"2036","transborder":"3","international":"0"},{"date":"2010-09","domestic":"2000","transborder":"1","international":"0"},{"date":"2010-10","domestic":"2081","transborder":"4","international":"0"},{"date":"2010-11","domestic":"2001","transborder":"3","international":"0"},{"date":"2010-12","domestic":"1808","transborder":"1","international":"0"},{"date":"2011-01","domestic":"1911","transborder":"4","international":"0"},{"date":"2011-02","domestic":"1677","transborder":"10","international":"0"},{"date":"2011-03","domestic":"2158","transborder":"7","international":"0"},{"date":"2011-04","domestic":"1899","transborder":"9","international":"0"},{"date":"2011-05","domestic":"2182","transborder":"8","international":"0"},{"date":"2011-06","domestic":"2529","transborder":"4","international":"0"},{"date":"2011-07","domestic":"2303","transborder":"5","international":"0"},{"date":"2011-08","domestic":"2218","transborder":"3","international":"0"},{"date":"2011-09","domestic":"2090","transborder":"6","international":"0"},{"date":"2011-10","domestic":"2006","transborder":"2","international":"0"},{"date":"2011-11","domestic":"1831","transborder":"1","international":"0"},{"date":"2011-12","domestic":"1899","transborder":"4","international":"0"},{"date":"2012-01","domestic":"1729","transborder":"2","international":"0"},{"date":"2012-02","domestic":"1934","transborder":"2","international":"0"},{"date":"2012-03","domestic":"2153","transborder":"4","international":"0"},{"date":"2012-04","domestic":"2086","transborder":"2","international":"0"},{"date":"2012-05","domestic":"2836","transborder":"2","international":"0"},{"date":"2012-06","domestic":"2771","transborder":"1","international":"0"},{"date":"2012-07","domestic":"2752","transborder":"6","international":"0"},{"date":"2012-08","domestic":"2340","transborder":"2","international":"0"},{"date":"2012-09","domestic":"2235","transborder":"1","international":"0"},{"date":"2012-10","domestic":"2205","transborder":"3","international":"0"},{"date":"2012-11","domestic":"2131","transborder":"2","international":"0"},{"date":"2012-12","domestic":"1889","transborder":"1","international":"0"},{"date":"2013-01","domestic":"2031","transborder":"2","international":"0"},{"date":"2013-02","domestic":"1910","transborder":"1","international":"0"},{"date":"2013-03","domestic":"2086","transborder":"0","international":"0"},{"date":"2013-04","domestic":"2039","transborder":"3","international":"0"},{"date":"2013-05","domestic":"2483","transborder":"4","international":"0"},{"date":"2013-06","domestic":"2570","transborder":"2","international":"1"},{"date":"2013-07","domestic":"2590","transborder":"4","international":"2"},{"date":"2013-08","domestic":"2409","transborder":"6","international":"3"},{"date":"2013-09","domestic":"2312","transborder":"3","international":"2"},{"date":"2013-10","domestic":"2398","transborder":"5","international":"0"},{"date":"2013-11","domestic":"2149","transborder":"1","international":"0"},{"date":"2013-12","domestic":"2096","transborder":"1","international":"0"},{"date":"2014-01","domestic":"2122","transborder":"1","international":"0"},{"date":"2014-02","domestic":"1945","transborder":"1","international":"0"},{"date":"2014-03","domestic":"2156","transborder":"1","international":"0"},{"date":"2014-04","domestic":"2006","transborder":"1","international":"0"},{"date":"2014-05","domestic":"2326","transborder":"0","international":"0"},{"date":"2014-06","domestic":"2551","transborder":"1","international":"4"},{"date":"2014-07","domestic":"2483","transborder":"8","international":"0"},{"date":"2014-08","domestic":"2400","transborder":"2","international":"0"},{"date":"2014-09","domestic":"2299","transborder":"3","international":"0"},{"date":"2014-10","domestic":"2327","transborder":"3","international":"0"},{"date":"2014-11","domestic":"2067","transborder":"2","international":"1"},{"date":"2014-12","domestic":"2097","transborder":"2","international":"0"},{"date":"2015-01","domestic":"2048","transborder":"1","international":"0"},{"date":"2015-02","domestic":"1910","transborder":"3","international":"0"},{"date":"2015-03","domestic":"2118","transborder":"6","international":"0"},{"date":"2015-04","domestic":"2233","transborder":"0","international":"0"},{"date":"2015-05","domestic":"2466","transborder":"3","international":"0"},{"date":"2015-06","domestic":"2650","transborder":"1","international":"0"},{"date":"2015-07","domestic":"2571","transborder":"1","international":"2"},{"date":"2015-08","domestic":"2390","transborder":"2","international":"0"},{"date":"2015-09","domestic":"2388","transborder":"5","international":"0"},{"date":"2015-10","domestic":"2289","transborder":"0","international":"0"},{"date":"2015-11","domestic":"2126","transborder":"1","international":"0"},{"date":"2015-12","domestic":"1908","transborder":"0","international":"0"},{"date":"2016-01","domestic":"1782","transborder":"0","international":"0"},{"date":"2016-02","domestic":"1786","transborder":"1","international":"0"},{"date":"2016-03","domestic":"2119","transborder":"2","international":"0"},{"date":"2016-04","domestic":"2161","transborder":"3","international":"0"},{"date":"2016-05","domestic":"2342","transborder":"1","international":"0"},{"date":"2016-06","domestic":"2536","transborder":"3","international":"0"},{"date":"2016-07","domestic":"2259","transborder":"1","international":"0"},{"date":"2016-08","domestic":"2294","transborder":"3","international":"0"},{"date":"2016-09","domestic":"2101","transborder":"1","international":"0"},{"date":"2016-10","domestic":"2047","transborder":"1","international":"0"},{"date":"2016-11","domestic":"1807","transborder":"2","international":"0"},{"date":"2016-12","domestic":"1878","transborder":"2","international":"0"},{"date":"2017-01","domestic":"1748","transborder":"1","international":"0"},{"date":"2017-02","domestic":"1598","transborder":"2","international":"0"},{"date":"2017-03","domestic":"1899","transborder":"1","international":"0"},{"date":"2017-04","domestic":"1795","transborder":"2","international":"0"},{"date":"2017-05","domestic":"2060","transborder":"3","international":"0"},{"date":"2017-06","domestic":"2211","transborder":"0","international":"0"},{"date":"2017-07","domestic":"2199","transborder":"4","international":"0"},{"date":"2017-08","domestic":"2287","transborder":"0","international":"0"},{"date":"2017-09","domestic":"1969","transborder":"1","international":"0"},{"date":"2017-10","domestic":"1878","transborder":"4","international":"0"},{"date":"2017-11","domestic":"1770","transborder":"0","international":"0"},{"date":"2017-12","domestic":"1628","transborder":"2","international":"0"},{"date":"2018-01","domestic":"1531","transborder":"1","international":"0"},{"date":"2018-02","domestic":"1576","transborder":"0","international":"0"},{"date":"2018-03","domestic":"1659","transborder":"2","international":"0"},{"date":"2018-04","domestic":"1518","transborder":"0","international":"0"},{"date":"2018-05","domestic":"1902","transborder":"3","international":"0"},{"date":"2018-06","domestic":"2260","transborder":"3","international":"0"},{"date":"2018-07","domestic":"2291","transborder":"3","international":"0"},{"date":"2018-08","domestic":"2042","transborder":"1","international":"0"},{"date":"2018-09","domestic":"1650","transborder":"3","international":"0"},{"date":"2018-10","domestic":"1672","transborder":"3","international":"0"},{"date":"2018-11","domestic":"1656","transborder":"0","international":"0"},{"date":"2018-12","domestic":"1624","transborder":"2","international":"0"},{"date":"2019-01","domestic":"1596","transborder":"0","international":"0"},{"date":"2019-02","domestic":"1410","transborder":"0","international":"0"}]