[{"date":"2010-01","domestic":"3338","transborder":"882","international":"10"},{"date":"2010-02","domestic":"3911","transborder":"865","international":"6"},{"date":"2010-03","domestic":"5021","transborder":"1043","international":"13"},{"date":"2010-04","domestic":"7178","transborder":"1128","international":"15"},{"date":"2010-05","domestic":"8785","transborder":"1267","international":"8"},{"date":"2010-06","domestic":"6973","transborder":"1260","international":"13"},{"date":"2010-07","domestic":"7443","transborder":"1274","international":"23"},{"date":"2010-08","domestic":"5484","transborder":"1261","international":"1"},{"date":"2010-09","domestic":"4675","transborder":"1241","international":"2"},{"date":"2010-10","domestic":"4639","transborder":"1259","international":"2"},{"date":"2010-11","domestic":"4368","transborder":"1245","international":"1"},{"date":"2010-12","domestic":"3182","transborder":"1003","international":"3"},{"date":"2011-01","domestic":"3254","transborder":"986","international":"1"},{"date":"2011-02","domestic":"3044","transborder":"1021","international":"2"},{"date":"2011-03","domestic":"3999","transborder":"1256","international":"0"},{"date":"2011-04","domestic":"4091","transborder":"1172","international":"0"},{"date":"2011-05","domestic":"5734","transborder":"1296","international":"0"},{"date":"2011-06","domestic":"6583","transborder":"1339","international":"0"},{"date":"2011-07","domestic":"6975","transborder":"1389","international":"1"},{"date":"2011-08","domestic":"6992","transborder":"1328","international":"1"},{"date":"2011-09","domestic":"6223","transborder":"1327","international":"0"},{"date":"2011-10","domestic":"6306","transborder":"1363","international":"1"},{"date":"2011-11","domestic":"5715","transborder":"1363","international":"0"},{"date":"2011-12","domestic":"4748","transborder":"1155","international":"0"},{"date":"2012-01","domestic":"4710","transborder":"1065","international":"1"},{"date":"2012-02","domestic":"5164","transborder":"1185","international":"0"},{"date":"2012-03","domestic":"5420","transborder":"1295","international":"0"},{"date":"2012-04","domestic":"5614","transborder":"1453","international":"0"},{"date":"2012-05","domestic":"6490","transborder":"1716","international":"0"},{"date":"2012-06","domestic":"6420","transborder":"1700","international":"0"},{"date":"2012-07","domestic":"6659","transborder":"1754","international":"0"},{"date":"2012-08","domestic":"6960","transborder":"1796","international":"1"},{"date":"2012-09","domestic":"6050","transborder":"1653","international":"2"},{"date":"2012-10","domestic":"5396","transborder":"1569","international":"1"},{"date":"2012-11","domestic":"5525","transborder":"1628","international":"0"},{"date":"2012-12","domestic":"4200","transborder":"1297","international":"0"},{"date":"2013-01","domestic":"4583","transborder":"1354","international":"0"},{"date":"2013-02","domestic":"4241","transborder":"1285","international":"0"},{"date":"2013-03","domestic":"5448","transborder":"1460","international":"2"},{"date":"2013-04","domestic":"5668","transborder":"1515","international":"1"},{"date":"2013-05","domestic":"6291","transborder":"1673","international":"0"},{"date":"2013-06","domestic":"6093","transborder":"1545","international":"0"},{"date":"2013-07","domestic":"6952","transborder":"1706","international":"0"},{"date":"2013-08","domestic":"6976","transborder":"1776","international":"0"},{"date":"2013-09","domestic":"6374","transborder":"1580","international":"1"},{"date":"2013-10","domestic":"6051","transborder":"1667","international":"0"},{"date":"2013-11","domestic":"5548","transborder":"1537","international":"0"},{"date":"2013-12","domestic":"4459","transborder":"1202","international":"0"},{"date":"2014-01","domestic":"4512","transborder":"1256","international":"0"},{"date":"2014-02","domestic":"4599","transborder":"1179","international":"0"},{"date":"2014-03","domestic":"5440","transborder":"1455","international":"0"},{"date":"2014-04","domestic":"5577","transborder":"1444","international":"0"},{"date":"2014-05","domestic":"6611","transborder":"1620","international":"1"},{"date":"2014-06","domestic":"6654","transborder":"1655","international":"1"},{"date":"2014-07","domestic":"6781","transborder":"1759","international":"1"},{"date":"2014-08","domestic":"6995","transborder":"1764","international":"1"},{"date":"2014-09","domestic":"6792","transborder":"1705","international":"0"},{"date":"2014-10","domestic":"6114","transborder":"1730","international":"2"},{"date":"2014-11","domestic":"5324","transborder":"1630","international":"0"},{"date":"2014-12","domestic":"4576","transborder":"1294","international":"1"},{"date":"2015-01","domestic":"4938","transborder":"1222","international":"0"},{"date":"2015-02","domestic":"4357","transborder":"1114","international":"0"},{"date":"2015-03","domestic":"5474","transborder":"1408","international":"0"},{"date":"2015-04","domestic":"5621","transborder":"1538","international":"0"},{"date":"2015-05","domestic":"6461","transborder":"1661","international":"1"},{"date":"2015-06","domestic":"6573","transborder":"1713","international":"1"},{"date":"2015-07","domestic":"7256","transborder":"1891","international":"2"},{"date":"2015-08","domestic":"7208","transborder":"1888","international":"0"},{"date":"2015-09","domestic":"6476","transborder":"1807","international":"0"},{"date":"2015-10","domestic":"6101","transborder":"1828","international":"0"},{"date":"2015-11","domestic":"5549","transborder":"1674","international":"0"},{"date":"2015-12","domestic":"4596","transborder":"1418","international":"0"},{"date":"2016-01","domestic":"4846","transborder":"1377","international":"0"},{"date":"2016-02","domestic":"4987","transborder":"1382","international":"1"},{"date":"2016-03","domestic":"5375","transborder":"1523","international":"0"},{"date":"2016-04","domestic":"6267","transborder":"1559","international":"0"},{"date":"2016-05","domestic":"6984","transborder":"1774","international":"1"},{"date":"2016-06","domestic":"7241","transborder":"1855","international":"0"},{"date":"2016-07","domestic":"7388","transborder":"1842","international":"0"},{"date":"2016-08","domestic":"7552","transborder":"1874","international":"0"},{"date":"2016-09","domestic":"7010","transborder":"1745","international":"0"},{"date":"2016-10","domestic":"6808","transborder":"1688","international":"0"},{"date":"2016-11","domestic":"6536","transborder":"1569","international":"0"},{"date":"2016-12","domestic":"4935","transborder":"1432","international":"0"},{"date":"2017-01","domestic":"4969","transborder":"1311","international":"0"},{"date":"2017-02","domestic":"5184","transborder":"1229","international":"0"},{"date":"2017-03","domestic":"5889","transborder":"1466","international":"0"},{"date":"2017-04","domestic":"6478","transborder":"1692","international":"4"},{"date":"2017-05","domestic":"7013","transborder":"1936","international":"0"},{"date":"2017-06","domestic":"7401","transborder":"1777","international":"1"},{"date":"2017-07","domestic":"8120","transborder":"1930","international":"0"},{"date":"2017-08","domestic":"8152","transborder":"1975","international":"1"},{"date":"2017-09","domestic":"7486","transborder":"1732","international":"0"},{"date":"2017-10","domestic":"6758","transborder":"1764","international":"0"},{"date":"2017-11","domestic":"5963","transborder":"1462","international":"0"},{"date":"2017-12","domestic":"5136","transborder":"1410","international":"0"},{"date":"2018-01","domestic":"4899","transborder":"1291","international":"0"},{"date":"2018-02","domestic":"4721","transborder":"1193","international":"0"},{"date":"2018-03","domestic":"6285","transborder":"1437","international":"1"},{"date":"2018-04","domestic":"5822","transborder":"1431","international":"0"},{"date":"2018-05","domestic":"7590","transborder":"1696","international":"0"},{"date":"2018-06","domestic":"7919","transborder":"1724","international":"0"},{"date":"2018-07","domestic":"8631","transborder":"1794","international":"0"},{"date":"2018-08","domestic":"8289","transborder":"1838","international":"0"},{"date":"2018-09","domestic":"7773","transborder":"1645","international":"0"},{"date":"2018-10","domestic":"6571","transborder":"1725","international":"0"},{"date":"2018-11","domestic":"5871","transborder":"1399","international":"0"},{"date":"2018-12","domestic":"5463","transborder":"1466","international":"0"},{"date":"2019-01","domestic":"5030","transborder":"1166","international":"0"},{"date":"2019-02","domestic":"4566","transborder":"1059","international":"0"}]