[{"date":"2010-01","domestic":"8798","transborder":"5864","international":"2517"},{"date":"2010-02","domestic":"8314","transborder":"5309","international":"2182"},{"date":"2010-03","domestic":"9683","transborder":"6182","international":"2430"},{"date":"2010-04","domestic":"9808","transborder":"6155","international":"2159"},{"date":"2010-05","domestic":"10391","transborder":"6094","international":"1912"},{"date":"2010-06","domestic":"10465","transborder":"6230","international":"2142"},{"date":"2010-07","domestic":"10421","transborder":"6151","international":"2588"},{"date":"2010-08","domestic":"10744","transborder":"6337","international":"2520"},{"date":"2010-09","domestic":"10645","transborder":"6042","international":"2042"},{"date":"2010-10","domestic":"10355","transborder":"6249","international":"1937"},{"date":"2010-11","domestic":"9925","transborder":"5847","international":"1603"},{"date":"2010-12","domestic":"9061","transborder":"5828","international":"2123"},{"date":"2011-01","domestic":"9248","transborder":"5865","international":"2801"},{"date":"2011-02","domestic":"8709","transborder":"5444","international":"2478"},{"date":"2011-03","domestic":"10146","transborder":"6365","international":"2566"},{"date":"2011-04","domestic":"9732","transborder":"6267","international":"2206"},{"date":"2011-05","domestic":"11937","transborder":"6085","international":"1888"},{"date":"2011-06","domestic":"12159","transborder":"6282","international":"2258"},{"date":"2011-07","domestic":"12062","transborder":"6258","international":"2525"},{"date":"2011-08","domestic":"12335","transborder":"6175","international":"2471"},{"date":"2011-09","domestic":"11908","transborder":"5885","international":"2223"},{"date":"2011-10","domestic":"11682","transborder":"5846","international":"1897"},{"date":"2011-11","domestic":"11177","transborder":"5699","international":"1643"},{"date":"2011-12","domestic":"10428","transborder":"5827","international":"2167"},{"date":"2012-01","domestic":"10221","transborder":"5787","international":"2616"},{"date":"2012-02","domestic":"10334","transborder":"5687","international":"2468"},{"date":"2012-03","domestic":"10970","transborder":"6330","international":"2712"},{"date":"2012-04","domestic":"10528","transborder":"6131","international":"2281"},{"date":"2012-05","domestic":"11934","transborder":"6070","international":"1887"},{"date":"2012-06","domestic":"11691","transborder":"6082","international":"2194"},{"date":"2012-07","domestic":"11635","transborder":"6306","international":"2379"},{"date":"2012-08","domestic":"11739","transborder":"6724","international":"2353"},{"date":"2012-09","domestic":"11117","transborder":"6204","international":"2059"},{"date":"2012-10","domestic":"11057","transborder":"6219","international":"1795"},{"date":"2012-11","domestic":"10487","transborder":"5715","international":"1695"},{"date":"2012-12","domestic":"9422","transborder":"5629","international":"2161"},{"date":"2013-01","domestic":"9859","transborder":"6054","international":"2464"},{"date":"2013-02","domestic":"9036","transborder":"5511","international":"2270"},{"date":"2013-03","domestic":"10152","transborder":"6447","international":"2612"},{"date":"2013-04","domestic":"10194","transborder":"6017","international":"2169"},{"date":"2013-05","domestic":"10940","transborder":"6027","international":"1918"},{"date":"2013-06","domestic":"10863","transborder":"5993","international":"2205"},{"date":"2013-07","domestic":"11188","transborder":"6197","international":"2366"},{"date":"2013-08","domestic":"11208","transborder":"6354","international":"2436"},{"date":"2013-09","domestic":"10872","transborder":"6038","international":"2086"},{"date":"2013-10","domestic":"10751","transborder":"6273","international":"1739"},{"date":"2013-11","domestic":"9850","transborder":"5635","international":"1760"},{"date":"2013-12","domestic":"9251","transborder":"5913","international":"2199"},{"date":"2014-01","domestic":"9325","transborder":"5626","international":"2569"},{"date":"2014-02","domestic":"8796","transborder":"5326","international":"2392"},{"date":"2014-03","domestic":"9562","transborder":"6331","international":"2612"},{"date":"2014-04","domestic":"9628","transborder":"6001","international":"2192"},{"date":"2014-05","domestic":"10286","transborder":"5963","international":"1987"},{"date":"2014-06","domestic":"10802","transborder":"6079","international":"2323"},{"date":"2014-07","domestic":"10999","transborder":"6013","international":"2590"},{"date":"2014-08","domestic":"11044","transborder":"6120","international":"2630"},{"date":"2014-09","domestic":"10899","transborder":"5750","international":"2133"},{"date":"2014-10","domestic":"10429","transborder":"6038","international":"1937"},{"date":"2014-11","domestic":"9430","transborder":"5432","international":"1828"},{"date":"2014-12","domestic":"9081","transborder":"5569","international":"2380"},{"date":"2015-01","domestic":"9000","transborder":"5230","international":"2855"},{"date":"2015-02","domestic":"8419","transborder":"4969","international":"2559"},{"date":"2015-03","domestic":"9725","transborder":"5738","international":"2800"},{"date":"2015-04","domestic":"9487","transborder":"5743","international":"2348"},{"date":"2015-05","domestic":"10434","transborder":"5768","international":"2154"},{"date":"2015-06","domestic":"10904","transborder":"5964","international":"2459"},{"date":"2015-07","domestic":"11310","transborder":"6166","international":"2869"},{"date":"2015-08","domestic":"11312","transborder":"6145","international":"2870"},{"date":"2015-09","domestic":"10830","transborder":"5876","international":"2367"},{"date":"2015-10","domestic":"10682","transborder":"5967","international":"2057"},{"date":"2015-11","domestic":"9663","transborder":"5396","international":"1831"},{"date":"2015-12","domestic":"9456","transborder":"5504","international":"2471"},{"date":"2016-01","domestic":"9257","transborder":"5388","international":"3101"},{"date":"2016-02","domestic":"8880","transborder":"5244","international":"2882"},{"date":"2016-03","domestic":"9911","transborder":"5909","international":"2917"},{"date":"2016-04","domestic":"9745","transborder":"5487","international":"2364"},{"date":"2016-05","domestic":"10870","transborder":"5653","international":"2330"},{"date":"2016-06","domestic":"11029","transborder":"6281","international":"2717"},{"date":"2016-07","domestic":"11203","transborder":"6088","international":"3258"},{"date":"2016-08","domestic":"11451","transborder":"6135","international":"3224"},{"date":"2016-09","domestic":"11135","transborder":"5960","international":"2686"},{"date":"2016-10","domestic":"10800","transborder":"6078","international":"2281"},{"date":"2016-11","domestic":"10130","transborder":"5397","international":"1943"},{"date":"2016-12","domestic":"9396","transborder":"5325","international":"2609"},{"date":"2017-01","domestic":"9535","transborder":"5203","international":"3130"},{"date":"2017-02","domestic":"8739","transborder":"4945","international":"2850"},{"date":"2017-03","domestic":"10081","transborder":"5794","international":"3231"},{"date":"2017-04","domestic":"9926","transborder":"5636","international":"2890"},{"date":"2017-05","domestic":"11007","transborder":"5669","international":"2528"},{"date":"2017-06","domestic":"11623","transborder":"6037","international":"3118"},{"date":"2017-07","domestic":"12030","transborder":"6357","international":"3705"},{"date":"2017-08","domestic":"12148","transborder":"6368","international":"3684"},{"date":"2017-09","domestic":"11697","transborder":"5962","international":"2991"},{"date":"2017-10","domestic":"11343","transborder":"6162","international":"2569"},{"date":"2017-11","domestic":"10601","transborder":"5599","international":"2175"},{"date":"2017-12","domestic":"10106","transborder":"5741","international":"2875"},{"date":"2018-01","domestic":"9607","transborder":"5265","international":"3316"},{"date":"2018-02","domestic":"9252","transborder":"5223","international":"3004"},{"date":"2018-03","domestic":"10732","transborder":"6096","international":"3439"},{"date":"2018-04","domestic":"10297","transborder":"5837","international":"2945"},{"date":"2018-05","domestic":"11473","transborder":"6068","international":"2754"},{"date":"2018-06","domestic":"11378","transborder":"6513","international":"3397"},{"date":"2018-07","domestic":"11858","transborder":"6512","international":"3954"},{"date":"2018-08","domestic":"12102","transborder":"6615","international":"3938"},{"date":"2018-09","domestic":"11333","transborder":"6306","international":"3318"},{"date":"2018-10","domestic":"11295","transborder":"6413","international":"2855"},{"date":"2018-11","domestic":"10178","transborder":"5421","international":"2463"},{"date":"2018-12","domestic":"10045","transborder":"5723","international":"3183"},{"date":"2019-01","domestic":"9397","transborder":"5434","international":"3610"},{"date":"2019-02","domestic":"8607","transborder":"5136","international":"3219"}]