[{"date":"2010-01","domestic":"846","transborder":"0","international":"0"},{"date":"2010-02","domestic":"824","transborder":"0","international":"0"},{"date":"2010-03","domestic":"1170","transborder":"0","international":"0"},{"date":"2010-04","domestic":"1135","transborder":"0","international":"0"},{"date":"2010-05","domestic":"1453","transborder":"0","international":"0"},{"date":"2010-06","domestic":"1319","transborder":"1","international":"0"},{"date":"2010-07","domestic":"1166","transborder":"0","international":"0"},{"date":"2010-08","domestic":"1241","transborder":"0","international":"0"},{"date":"2010-09","domestic":"1177","transborder":"0","international":"1"},{"date":"2010-10","domestic":"1226","transborder":"0","international":"0"},{"date":"2010-11","domestic":"1042","transborder":"0","international":"0"},{"date":"2010-12","domestic":"821","transborder":"0","international":"0"},{"date":"2011-01","domestic":"796","transborder":"0","international":"0"},{"date":"2011-02","domestic":"843","transborder":"0","international":"0"},{"date":"2011-03","domestic":"1029","transborder":"1","international":"0"},{"date":"2011-04","domestic":"1129","transborder":"0","international":"0"},{"date":"2011-05","domestic":"1557","transborder":"0","international":"0"},{"date":"2011-06","domestic":"1399","transborder":"0","international":"0"},{"date":"2011-07","domestic":"1327","transborder":"0","international":"0"},{"date":"2011-08","domestic":"1288","transborder":"1","international":"0"},{"date":"2011-09","domestic":"1314","transborder":"2","international":"0"},{"date":"2011-10","domestic":"1157","transborder":"1","international":"0"},{"date":"2011-11","domestic":"1057","transborder":"0","international":"0"},{"date":"2011-12","domestic":"1019","transborder":"2","international":"0"},{"date":"2012-01","domestic":"948","transborder":"0","international":"3"},{"date":"2012-02","domestic":"1043","transborder":"2","international":"3"},{"date":"2012-03","domestic":"1200","transborder":"0","international":"4"},{"date":"2012-04","domestic":"1108","transborder":"3","international":"0"},{"date":"2012-05","domestic":"1597","transborder":"0","international":"0"},{"date":"2012-06","domestic":"1242","transborder":"0","international":"0"},{"date":"2012-07","domestic":"1311","transborder":"0","international":"0"},{"date":"2012-08","domestic":"1301","transborder":"4","international":"0"},{"date":"2012-09","domestic":"1190","transborder":"0","international":"0"},{"date":"2012-10","domestic":"1277","transborder":"0","international":"0"},{"date":"2012-11","domestic":"1099","transborder":"1","international":"0"},{"date":"2012-12","domestic":"926","transborder":"0","international":"2"},{"date":"2013-01","domestic":"963","transborder":"0","international":"10"},{"date":"2013-02","domestic":"986","transborder":"0","international":"8"},{"date":"2013-03","domestic":"1066","transborder":"0","international":"7"},{"date":"2013-04","domestic":"1144","transborder":"0","international":"5"},{"date":"2013-05","domestic":"1391","transborder":"0","international":"0"},{"date":"2013-06","domestic":"1211","transborder":"1","international":"0"},{"date":"2013-07","domestic":"1194","transborder":"1","international":"0"},{"date":"2013-08","domestic":"1165","transborder":"1","international":"0"},{"date":"2013-09","domestic":"1201","transborder":"0","international":"0"},{"date":"2013-10","domestic":"1234","transborder":"1","international":"0"},{"date":"2013-11","domestic":"1098","transborder":"1","international":"0"},{"date":"2013-12","domestic":"1024","transborder":"0","international":"1"},{"date":"2014-01","domestic":"1046","transborder":"2","international":"4"},{"date":"2014-02","domestic":"1098","transborder":"0","international":"4"},{"date":"2014-03","domestic":"1191","transborder":"0","international":"4"},{"date":"2014-04","domestic":"1253","transborder":"2","international":"2"},{"date":"2014-05","domestic":"1310","transborder":"2","international":"0"},{"date":"2014-06","domestic":"1270","transborder":"0","international":"0"},{"date":"2014-07","domestic":"1214","transborder":"1","international":"0"},{"date":"2014-08","domestic":"1186","transborder":"1","international":"0"},{"date":"2014-09","domestic":"1275","transborder":"0","international":"0"},{"date":"2014-10","domestic":"1268","transborder":"1","international":"0"},{"date":"2014-11","domestic":"1053","transborder":"0","international":"0"},{"date":"2014-12","domestic":"1044","transborder":"0","international":"2"},{"date":"2015-01","domestic":"1019","transborder":"0","international":"4"},{"date":"2015-02","domestic":"1004","transborder":"0","international":"4"},{"date":"2015-03","domestic":"1132","transborder":"0","international":"5"},{"date":"2015-04","domestic":"1228","transborder":"1","international":"1"},{"date":"2015-05","domestic":"1505","transborder":"0","international":"0"},{"date":"2015-06","domestic":"1272","transborder":"1","international":"0"},{"date":"2015-07","domestic":"1100","transborder":"0","international":"0"},{"date":"2015-08","domestic":"1157","transborder":"0","international":"0"},{"date":"2015-09","domestic":"1395","transborder":"0","international":"0"},{"date":"2015-10","domestic":"1231","transborder":"0","international":"0"},{"date":"2015-11","domestic":"1115","transborder":"0","international":"0"},{"date":"2015-12","domestic":"957","transborder":"0","international":"0"},{"date":"2016-01","domestic":"1013","transborder":"1","international":"0"},{"date":"2016-02","domestic":"1062","transborder":"0","international":"0"},{"date":"2016-03","domestic":"1242","transborder":"0","international":"0"},{"date":"2016-04","domestic":"1284","transborder":"1","international":"0"},{"date":"2016-05","domestic":"1716","transborder":"1","international":"0"},{"date":"2016-06","domestic":"1226","transborder":"0","international":"0"},{"date":"2016-07","domestic":"1174","transborder":"1","international":"0"},{"date":"2016-08","domestic":"1229","transborder":"0","international":"0"},{"date":"2016-09","domestic":"1241","transborder":"0","international":"0"},{"date":"2016-10","domestic":"1272","transborder":"0","international":"0"},{"date":"2016-11","domestic":"1179","transborder":"0","international":"0"},{"date":"2016-12","domestic":"989","transborder":"0","international":"0"},{"date":"2017-01","domestic":"1106","transborder":"3","international":"0"},{"date":"2017-02","domestic":"1157","transborder":"0","international":"0"},{"date":"2017-03","domestic":"1282","transborder":"1","international":"1"},{"date":"2017-04","domestic":"1213","transborder":"1","international":"0"},{"date":"2017-05","domestic":"1550","transborder":"0","international":"0"},{"date":"2017-06","domestic":"1271","transborder":"0","international":"0"},{"date":"2017-07","domestic":"1334","transborder":"1","international":"0"},{"date":"2017-08","domestic":"1346","transborder":"0","international":"0"},{"date":"2017-09","domestic":"1340","transborder":"2","international":"0"},{"date":"2017-10","domestic":"1313","transborder":"0","international":"0"},{"date":"2017-11","domestic":"1157","transborder":"0","international":"0"},{"date":"2017-12","domestic":"1029","transborder":"1","international":"0"},{"date":"2018-01","domestic":"1051","transborder":"0","international":"0"},{"date":"2018-02","domestic":"1007","transborder":"1","international":"0"},{"date":"2018-03","domestic":"1149","transborder":"0","international":"0"},{"date":"2018-04","domestic":"1182","transborder":"0","international":"0"},{"date":"2018-05","domestic":"1498","transborder":"0","international":"0"},{"date":"2018-06","domestic":"1386","transborder":"0","international":"0"},{"date":"2018-07","domestic":"1403","transborder":"1","international":"0"},{"date":"2018-08","domestic":"1536","transborder":"0","international":"0"},{"date":"2018-09","domestic":"1523","transborder":"0","international":"0"},{"date":"2018-10","domestic":"1440","transborder":"0","international":"0"},{"date":"2018-11","domestic":"1381","transborder":"0","international":"0"},{"date":"2018-12","domestic":"1229","transborder":"0","international":"0"},{"date":"2019-01","domestic":"1218","transborder":"0","international":"0"},{"date":"2019-02","domestic":"1091","transborder":"0","international":"0"}]