[{"date":"2010-01","domestic":"929","transborder":"0","international":"0"},{"date":"2010-02","domestic":"957","transborder":"0","international":"0"},{"date":"2010-03","domestic":"1098","transborder":"0","international":"0"},{"date":"2010-04","domestic":"1265","transborder":"0","international":"0"},{"date":"2010-05","domestic":"1573","transborder":"0","international":"0"},{"date":"2010-06","domestic":"2139","transborder":"9","international":"0"},{"date":"2010-07","domestic":"2005","transborder":"3","international":"0"},{"date":"2010-08","domestic":"1547","transborder":"2","international":"0"},{"date":"2010-09","domestic":"1161","transborder":"1","international":"0"},{"date":"2010-10","domestic":"1157","transborder":"0","international":"0"},{"date":"2010-11","domestic":"1164","transborder":"0","international":"0"},{"date":"2010-12","domestic":"1078","transborder":"0","international":"0"},{"date":"2011-01","domestic":"1038","transborder":"0","international":"0"},{"date":"2011-02","domestic":"975","transborder":"0","international":"0"},{"date":"2011-03","domestic":"1389","transborder":"0","international":"0"},{"date":"2011-04","domestic":"1387","transborder":"0","international":"0"},{"date":"2011-05","domestic":"1794","transborder":"0","international":"0"},{"date":"2011-06","domestic":"1824","transborder":"13","international":"0"},{"date":"2011-07","domestic":"1816","transborder":"6","international":"0"},{"date":"2011-08","domestic":"1686","transborder":"1","international":"0"},{"date":"2011-09","domestic":"1457","transborder":"1","international":"0"},{"date":"2011-10","domestic":"1193","transborder":"1","international":"0"},{"date":"2011-11","domestic":"1171","transborder":"0","international":"0"},{"date":"2011-12","domestic":"1119","transborder":"0","international":"0"},{"date":"2012-01","domestic":"1329","transborder":"0","international":"0"},{"date":"2012-02","domestic":"1416","transborder":"0","international":"0"},{"date":"2012-03","domestic":"1452","transborder":"0","international":"0"},{"date":"2012-04","domestic":"1558","transborder":"0","international":"0"},{"date":"2012-05","domestic":"1895","transborder":"2","international":"0"},{"date":"2012-06","domestic":"1655","transborder":"11","international":"0"},{"date":"2012-07","domestic":"2020","transborder":"9","international":"0"},{"date":"2012-08","domestic":"1746","transborder":"10","international":"0"},{"date":"2012-09","domestic":"1324","transborder":"5","international":"0"},{"date":"2012-10","domestic":"1244","transborder":"0","international":"0"},{"date":"2012-11","domestic":"1214","transborder":"1","international":"0"},{"date":"2012-12","domestic":"1063","transborder":"0","international":"0"},{"date":"2013-01","domestic":"1147","transborder":"1","international":"0"},{"date":"2013-02","domestic":"1170","transborder":"1","international":"0"},{"date":"2013-03","domestic":"1257","transborder":"0","international":"0"},{"date":"2013-04","domestic":"1406","transborder":"0","international":"0"},{"date":"2013-05","domestic":"1993","transborder":"0","international":"0"},{"date":"2013-06","domestic":"1746","transborder":"9","international":"0"},{"date":"2013-07","domestic":"1752","transborder":"13","international":"0"},{"date":"2013-08","domestic":"1946","transborder":"4","international":"0"},{"date":"2013-09","domestic":"1398","transborder":"2","international":"0"},{"date":"2013-10","domestic":"1476","transborder":"3","international":"0"},{"date":"2013-11","domestic":"1214","transborder":"3","international":"0"},{"date":"2013-12","domestic":"1286","transborder":"0","international":"0"},{"date":"2014-01","domestic":"1303","transborder":"0","international":"0"},{"date":"2014-02","domestic":"1326","transborder":"0","international":"0"},{"date":"2014-03","domestic":"1426","transborder":"0","international":"0"},{"date":"2014-04","domestic":"1495","transborder":"0","international":"0"},{"date":"2014-05","domestic":"1853","transborder":"3","international":"0"},{"date":"2014-06","domestic":"1749","transborder":"10","international":"0"},{"date":"2014-07","domestic":"2065","transborder":"6","international":"0"},{"date":"2014-08","domestic":"1879","transborder":"5","international":"0"},{"date":"2014-09","domestic":"1399","transborder":"1","international":"0"},{"date":"2014-10","domestic":"1323","transborder":"0","international":"0"},{"date":"2014-11","domestic":"1211","transborder":"0","international":"0"},{"date":"2014-12","domestic":"1263","transborder":"0","international":"0"},{"date":"2015-01","domestic":"1234","transborder":"1","international":"0"},{"date":"2015-02","domestic":"1242","transborder":"0","international":"0"},{"date":"2015-03","domestic":"1364","transborder":"0","international":"0"},{"date":"2015-04","domestic":"1562","transborder":"0","international":"0"},{"date":"2015-05","domestic":"2062","transborder":"0","international":"0"},{"date":"2015-06","domestic":"2466","transborder":"10","international":"0"},{"date":"2015-07","domestic":"1878","transborder":"4","international":"0"},{"date":"2015-08","domestic":"1740","transborder":"8","international":"0"},{"date":"2015-09","domestic":"1649","transborder":"2","international":"0"},{"date":"2015-10","domestic":"1359","transborder":"0","international":"0"},{"date":"2015-11","domestic":"1226","transborder":"0","international":"0"},{"date":"2015-12","domestic":"1205","transborder":"0","international":"0"},{"date":"2016-01","domestic":"1242","transborder":"0","international":"0"},{"date":"2016-02","domestic":"1306","transborder":"0","international":"0"},{"date":"2016-03","domestic":"1449","transborder":"0","international":"0"},{"date":"2016-04","domestic":"1549","transborder":"0","international":"0"},{"date":"2016-05","domestic":"1719","transborder":"1","international":"0"},{"date":"2016-06","domestic":"2011","transborder":"7","international":"0"},{"date":"2016-07","domestic":"1796","transborder":"0","international":"0"},{"date":"2016-08","domestic":"1492","transborder":"3","international":"0"},{"date":"2016-09","domestic":"1376","transborder":"0","international":"0"},{"date":"2016-10","domestic":"1141","transborder":"0","international":"0"},{"date":"2016-11","domestic":"1233","transborder":"0","international":"0"},{"date":"2016-12","domestic":"1049","transborder":"0","international":"0"},{"date":"2017-01","domestic":"1143","transborder":"0","international":"0"},{"date":"2017-02","domestic":"1121","transborder":"0","international":"0"},{"date":"2017-03","domestic":"1293","transborder":"0","international":"0"},{"date":"2017-04","domestic":"1227","transborder":"1","international":"0"},{"date":"2017-05","domestic":"1530","transborder":"0","international":"0"},{"date":"2017-06","domestic":"1504","transborder":"9","international":"0"},{"date":"2017-07","domestic":"1500","transborder":"12","international":"0"},{"date":"2017-08","domestic":"2226","transborder":"5","international":"0"},{"date":"2017-09","domestic":"1643","transborder":"2","international":"0"},{"date":"2017-10","domestic":"1135","transborder":"0","international":"0"},{"date":"2017-11","domestic":"1014","transborder":"0","international":"0"},{"date":"2017-12","domestic":"964","transborder":"0","international":"0"},{"date":"2018-01","domestic":"998","transborder":"0","international":"0"},{"date":"2018-02","domestic":"952","transborder":"0","international":"0"},{"date":"2018-03","domestic":"1160","transborder":"0","international":"0"},{"date":"2018-04","domestic":"1203","transborder":"0","international":"0"},{"date":"2018-05","domestic":"1615","transborder":"0","international":"0"},{"date":"2018-06","domestic":"1741","transborder":"4","international":"0"},{"date":"2018-07","domestic":"1547","transborder":"6","international":"0"},{"date":"2018-08","domestic":"1337","transborder":"15","international":"0"},{"date":"2018-09","domestic":"949","transborder":"3","international":"0"},{"date":"2018-10","domestic":"1132","transborder":"0","international":"0"},{"date":"2018-11","domestic":"878","transborder":"0","international":"0"},{"date":"2018-12","domestic":"1006","transborder":"0","international":"0"},{"date":"2019-01","domestic":"1113","transborder":"0","international":"0"},{"date":"2019-02","domestic":"956","transborder":"0","international":"0"}]