[{"date":"2010-01","domestic":"887","transborder":"0","international":"0"},{"date":"2010-02","domestic":"824","transborder":"1","international":"0"},{"date":"2010-03","domestic":"1167","transborder":"1","international":"0"},{"date":"2010-04","domestic":"1323","transborder":"0","international":"0"},{"date":"2010-05","domestic":"1800","transborder":"1","international":"0"},{"date":"2010-06","domestic":"1549","transborder":"2","international":"0"},{"date":"2010-07","domestic":"1302","transborder":"1","international":"1"},{"date":"2010-08","domestic":"1464","transborder":"3","international":"0"},{"date":"2010-09","domestic":"1035","transborder":"0","international":"0"},{"date":"2010-10","domestic":"1119","transborder":"0","international":"0"},{"date":"2010-11","domestic":"1083","transborder":"0","international":"0"},{"date":"2010-12","domestic":"817","transborder":"0","international":"0"},{"date":"2011-01","domestic":"873","transborder":"1","international":"0"},{"date":"2011-02","domestic":"929","transborder":"1","international":"0"},{"date":"2011-03","domestic":"1277","transborder":"0","international":"1"},{"date":"2011-04","domestic":"1182","transborder":"0","international":"0"},{"date":"2011-05","domestic":"1501","transborder":"3","international":"0"},{"date":"2011-06","domestic":"1460","transborder":"0","international":"0"},{"date":"2011-07","domestic":"1503","transborder":"0","international":"0"},{"date":"2011-08","domestic":"1448","transborder":"2","international":"2"},{"date":"2011-09","domestic":"1312","transborder":"0","international":"0"},{"date":"2011-10","domestic":"1225","transborder":"1","international":"0"},{"date":"2011-11","domestic":"1028","transborder":"1","international":"0"},{"date":"2011-12","domestic":"929","transborder":"0","international":"0"},{"date":"2012-01","domestic":"947","transborder":"0","international":"1"},{"date":"2012-02","domestic":"1108","transborder":"1","international":"0"},{"date":"2012-03","domestic":"1273","transborder":"0","international":"0"},{"date":"2012-04","domestic":"1268","transborder":"0","international":"0"},{"date":"2012-05","domestic":"2059","transborder":"1","international":"0"},{"date":"2012-06","domestic":"1615","transborder":"4","international":"0"},{"date":"2012-07","domestic":"1630","transborder":"6","international":"1"},{"date":"2012-08","domestic":"1629","transborder":"8","international":"0"},{"date":"2012-09","domestic":"1292","transborder":"1","international":"0"},{"date":"2012-10","domestic":"1233","transborder":"1","international":"0"},{"date":"2012-11","domestic":"1196","transborder":"0","international":"0"},{"date":"2012-12","domestic":"951","transborder":"0","international":"1"},{"date":"2013-01","domestic":"883","transborder":"0","international":"0"},{"date":"2013-02","domestic":"980","transborder":"0","international":"0"},{"date":"2013-03","domestic":"1154","transborder":"1","international":"0"},{"date":"2013-04","domestic":"1308","transborder":"1","international":"1"},{"date":"2013-05","domestic":"1500","transborder":"2","international":"0"},{"date":"2013-06","domestic":"1361","transborder":"4","international":"0"},{"date":"2013-07","domestic":"1493","transborder":"1","international":"0"},{"date":"2013-08","domestic":"1259","transborder":"0","international":"1"},{"date":"2013-09","domestic":"1151","transborder":"0","international":"0"},{"date":"2013-10","domestic":"1083","transborder":"0","international":"0"},{"date":"2013-11","domestic":"908","transborder":"1","international":"0"},{"date":"2013-12","domestic":"807","transborder":"0","international":"3"},{"date":"2014-01","domestic":"871","transborder":"0","international":"4"},{"date":"2014-02","domestic":"835","transborder":"1","international":"4"},{"date":"2014-03","domestic":"921","transborder":"1","international":"5"},{"date":"2014-04","domestic":"982","transborder":"1","international":"3"},{"date":"2014-05","domestic":"1341","transborder":"0","international":"0"},{"date":"2014-06","domestic":"1515","transborder":"2","international":"0"},{"date":"2014-07","domestic":"1240","transborder":"0","international":"0"},{"date":"2014-08","domestic":"1204","transborder":"2","international":"0"},{"date":"2014-09","domestic":"1127","transborder":"0","international":"0"},{"date":"2014-10","domestic":"1091","transborder":"1","international":"0"},{"date":"2014-11","domestic":"885","transborder":"2","international":"1"},{"date":"2014-12","domestic":"901","transborder":"0","international":"0"},{"date":"2015-01","domestic":"848","transborder":"1","international":"0"},{"date":"2015-02","domestic":"835","transborder":"0","international":"0"},{"date":"2015-03","domestic":"995","transborder":"3","international":"1"},{"date":"2015-04","domestic":"1164","transborder":"1","international":"1"},{"date":"2015-05","domestic":"1323","transborder":"2","international":"0"},{"date":"2015-06","domestic":"1330","transborder":"2","international":"0"},{"date":"2015-07","domestic":"1329","transborder":"1","international":"0"},{"date":"2015-08","domestic":"1353","transborder":"0","international":"0"},{"date":"2015-09","domestic":"1390","transborder":"0","international":"0"},{"date":"2015-10","domestic":"1094","transborder":"0","international":"0"},{"date":"2015-11","domestic":"1013","transborder":"0","international":"0"},{"date":"2015-12","domestic":"926","transborder":"0","international":"1"},{"date":"2016-01","domestic":"815","transborder":"0","international":"0"},{"date":"2016-02","domestic":"901","transborder":"0","international":"0"},{"date":"2016-03","domestic":"1005","transborder":"0","international":"0"},{"date":"2016-04","domestic":"1159","transborder":"1","international":"1"},{"date":"2016-05","domestic":"1502","transborder":"1","international":"0"},{"date":"2016-06","domestic":"1570","transborder":"2","international":"0"},{"date":"2016-07","domestic":"1397","transborder":"0","international":"0"},{"date":"2016-08","domestic":"1675","transborder":"0","international":"0"},{"date":"2016-09","domestic":"1408","transborder":"0","international":"0"},{"date":"2016-10","domestic":"1114","transborder":"1","international":"0"},{"date":"2016-11","domestic":"1134","transborder":"2","international":"0"},{"date":"2016-12","domestic":"941","transborder":"0","international":"0"},{"date":"2017-01","domestic":"1028","transborder":"3","international":"0"},{"date":"2017-02","domestic":"1050","transborder":"2","international":"0"},{"date":"2017-03","domestic":"1242","transborder":"0","international":"0"},{"date":"2017-04","domestic":"1253","transborder":"0","international":"1"},{"date":"2017-05","domestic":"1423","transborder":"1","international":"0"},{"date":"2017-06","domestic":"1703","transborder":"2","international":"0"},{"date":"2017-07","domestic":"1888","transborder":"2","international":"0"},{"date":"2017-08","domestic":"1643","transborder":"1","international":"0"},{"date":"2017-09","domestic":"1471","transborder":"0","international":"0"},{"date":"2017-10","domestic":"1315","transborder":"0","international":"0"},{"date":"2017-11","domestic":"1157","transborder":"1","international":"0"},{"date":"2017-12","domestic":"1091","transborder":"2","international":"1"},{"date":"2018-01","domestic":"1188","transborder":"0","international":"0"},{"date":"2018-02","domestic":"1109","transborder":"0","international":"0"},{"date":"2018-03","domestic":"1229","transborder":"0","international":"0"},{"date":"2018-04","domestic":"1248","transborder":"1","international":"0"},{"date":"2018-05","domestic":"1777","transborder":"0","international":"0"},{"date":"2018-06","domestic":"1727","transborder":"0","international":"0"},{"date":"2018-07","domestic":"2013","transborder":"2","international":"0"},{"date":"2018-08","domestic":"1846","transborder":"0","international":"0"},{"date":"2018-09","domestic":"1556","transborder":"0","international":"0"},{"date":"2018-10","domestic":"1401","transborder":"1","international":"0"},{"date":"2018-11","domestic":"1301","transborder":"1","international":"0"},{"date":"2018-12","domestic":"1197","transborder":"0","international":"1"},{"date":"2019-01","domestic":"1231","transborder":"2","international":"0"},{"date":"2019-02","domestic":"1124","transborder":"0","international":"0"}]