[{"date":"2010-01","domestic":"556","transborder":"0","international":"0"},{"date":"2010-02","domestic":"493","transborder":"0","international":"0"},{"date":"2010-03","domestic":"611","transborder":"0","international":"0"},{"date":"2010-04","domestic":"913","transborder":"0","international":"0"},{"date":"2010-05","domestic":"979","transborder":"0","international":"0"},{"date":"2010-06","domestic":"984","transborder":"0","international":"0"},{"date":"2010-07","domestic":"1475","transborder":"0","international":"0"},{"date":"2010-08","domestic":"1390","transborder":"1","international":"0"},{"date":"2010-09","domestic":"1172","transborder":"0","international":"0"},{"date":"2010-10","domestic":"694","transborder":"0","international":"0"},{"date":"2010-11","domestic":"753","transborder":"0","international":"0"},{"date":"2010-12","domestic":"678","transborder":"0","international":"0"},{"date":"2011-01","domestic":"572","transborder":"0","international":"0"},{"date":"2011-02","domestic":"553","transborder":"0","international":"0"},{"date":"2011-03","domestic":"671","transborder":"0","international":"0"},{"date":"2011-04","domestic":"634","transborder":"0","international":"0"},{"date":"2011-05","domestic":"1002","transborder":"0","international":"0"},{"date":"2011-06","domestic":"975","transborder":"0","international":"0"},{"date":"2011-07","domestic":"1193","transborder":"0","international":"0"},{"date":"2011-08","domestic":"1281","transborder":"0","international":"0"},{"date":"2011-09","domestic":"970","transborder":"1","international":"0"},{"date":"2011-10","domestic":"702","transborder":"0","international":"0"},{"date":"2011-11","domestic":"758","transborder":"0","international":"0"},{"date":"2011-12","domestic":"833","transborder":"0","international":"0"},{"date":"2012-01","domestic":"780","transborder":"0","international":"0"},{"date":"2012-02","domestic":"895","transborder":"0","international":"0"},{"date":"2012-03","domestic":"1962","transborder":"0","international":"0"},{"date":"2012-04","domestic":"2254","transborder":"0","international":"0"},{"date":"2012-05","domestic":"982","transborder":"0","international":"0"},{"date":"2012-06","domestic":"1048","transborder":"0","international":"0"},{"date":"2012-07","domestic":"1701","transborder":"1","international":"0"},{"date":"2012-08","domestic":"1327","transborder":"5","international":"0"},{"date":"2012-09","domestic":"1466","transborder":"1","international":"0"},{"date":"2012-10","domestic":"924","transborder":"0","international":"0"},{"date":"2012-11","domestic":"869","transborder":"0","international":"0"},{"date":"2012-12","domestic":"733","transborder":"0","international":"0"},{"date":"2013-01","domestic":"568","transborder":"0","international":"0"},{"date":"2013-02","domestic":"770","transborder":"0","international":"0"},{"date":"2013-03","domestic":"1034","transborder":"0","international":"0"},{"date":"2013-04","domestic":"846","transborder":"0","international":"0"},{"date":"2013-05","domestic":"1012","transborder":"0","international":"0"},{"date":"2013-06","domestic":"1666","transborder":"0","international":"0"},{"date":"2013-07","domestic":"1638","transborder":"1","international":"0"},{"date":"2013-08","domestic":"1381","transborder":"0","international":"0"},{"date":"2013-09","domestic":"1434","transborder":"0","international":"0"},{"date":"2013-10","domestic":"949","transborder":"0","international":"0"},{"date":"2013-11","domestic":"1047","transborder":"0","international":"0"},{"date":"2013-12","domestic":"889","transborder":"0","international":"0"},{"date":"2014-01","domestic":"612","transborder":"0","international":"0"},{"date":"2014-02","domestic":"729","transborder":"0","international":"0"},{"date":"2014-03","domestic":"622","transborder":"0","international":"0"},{"date":"2014-04","domestic":"667","transborder":"0","international":"0"},{"date":"2014-05","domestic":"1005","transborder":"0","international":"0"},{"date":"2014-06","domestic":"1386","transborder":"0","international":"0"},{"date":"2014-07","domestic":"1394","transborder":"3","international":"0"},{"date":"2014-08","domestic":"1616","transborder":"0","international":"0"},{"date":"2014-09","domestic":"1050","transborder":"0","international":"0"},{"date":"2014-10","domestic":"732","transborder":"0","international":"0"},{"date":"2014-11","domestic":"801","transborder":"0","international":"0"},{"date":"2014-12","domestic":"564","transborder":"0","international":"0"},{"date":"2015-01","domestic":"530","transborder":"0","international":"0"},{"date":"2015-02","domestic":"513","transborder":"0","international":"0"},{"date":"2015-03","domestic":"634","transborder":"0","international":"0"},{"date":"2015-04","domestic":"784","transborder":"1","international":"0"},{"date":"2015-05","domestic":"1006","transborder":"0","international":"0"},{"date":"2015-06","domestic":"975","transborder":"9","international":"0"},{"date":"2015-07","domestic":"978","transborder":"1","international":"0"},{"date":"2015-08","domestic":"1275","transborder":"4","international":"0"},{"date":"2015-09","domestic":"979","transborder":"2","international":"0"},{"date":"2015-10","domestic":"776","transborder":"0","international":"0"},{"date":"2015-11","domestic":"630","transborder":"0","international":"0"},{"date":"2015-12","domestic":"567","transborder":"0","international":"0"},{"date":"2016-01","domestic":"480","transborder":"0","international":"0"},{"date":"2016-02","domestic":"409","transborder":"0","international":"0"},{"date":"2016-03","domestic":"486","transborder":"0","international":"0"},{"date":"2016-04","domestic":"563","transborder":"0","international":"0"},{"date":"2016-05","domestic":"778","transborder":"0","international":"0"},{"date":"2016-06","domestic":"837","transborder":"0","international":"0"},{"date":"2016-07","domestic":"1568","transborder":"2","international":"0"},{"date":"2016-08","domestic":"1170","transborder":"1","international":"0"},{"date":"2016-09","domestic":"914","transborder":"2","international":"1"},{"date":"2016-10","domestic":"530","transborder":"0","international":"0"},{"date":"2016-11","domestic":"640","transborder":"0","international":"0"},{"date":"2016-12","domestic":"510","transborder":"0","international":"0"},{"date":"2017-01","domestic":"376","transborder":"0","international":"0"},{"date":"2017-02","domestic":"428","transborder":"0","international":"0"},{"date":"2017-03","domestic":"451","transborder":"0","international":"0"},{"date":"2017-04","domestic":"446","transborder":"0","international":"0"},{"date":"2017-05","domestic":"725","transborder":"0","international":"0"},{"date":"2017-06","domestic":"912","transborder":"0","international":"0"},{"date":"2017-07","domestic":"1337","transborder":"1","international":"0"},{"date":"2017-08","domestic":"921","transborder":"0","international":"0"},{"date":"2017-09","domestic":"708","transborder":"3","international":"0"},{"date":"2017-10","domestic":"568","transborder":"0","international":"0"},{"date":"2017-11","domestic":"499","transborder":"0","international":"0"},{"date":"2017-12","domestic":"446","transborder":"0","international":"0"},{"date":"2018-01","domestic":"376","transborder":"0","international":"0"},{"date":"2018-02","domestic":"352","transborder":"2","international":"0"},{"date":"2018-03","domestic":"590","transborder":"1","international":"0"},{"date":"2018-04","domestic":"459","transborder":"0","international":"0"},{"date":"2018-05","domestic":"726","transborder":"0","international":"0"},{"date":"2018-06","domestic":"726","transborder":"1","international":"0"},{"date":"2018-07","domestic":"849","transborder":"1","international":"0"},{"date":"2018-08","domestic":"862","transborder":"4","international":"0"},{"date":"2018-09","domestic":"712","transborder":"2","international":"0"},{"date":"2018-10","domestic":"553","transborder":"0","international":"0"},{"date":"2018-11","domestic":"512","transborder":"0","international":"0"},{"date":"2018-12","domestic":"406","transborder":"0","international":"0"},{"date":"2019-01","domestic":"327","transborder":"0","international":"0"},{"date":"2019-02","domestic":"345","transborder":"0","international":"0"}]