[{"date":"2010-01","domestic":"8251","transborder":"1067","international":"269"},{"date":"2010-02","domestic":"8265","transborder":"1064","international":"247"},{"date":"2010-03","domestic":"9173","transborder":"1170","international":"248"},{"date":"2010-04","domestic":"9200","transborder":"1231","international":"93"},{"date":"2010-05","domestic":"9483","transborder":"1146","international":"20"},{"date":"2010-06","domestic":"10165","transborder":"1244","international":"21"},{"date":"2010-07","domestic":"10019","transborder":"1228","international":"17"},{"date":"2010-08","domestic":"9387","transborder":"1205","international":"18"},{"date":"2010-09","domestic":"9010","transborder":"1149","international":"8"},{"date":"2010-10","domestic":"9100","transborder":"1255","international":"8"},{"date":"2010-11","domestic":"8231","transborder":"1160","international":"80"},{"date":"2010-12","domestic":"8547","transborder":"1160","international":"175"},{"date":"2011-01","domestic":"8031","transborder":"1181","international":"273"},{"date":"2011-02","domestic":"7755","transborder":"1102","international":"235"},{"date":"2011-03","domestic":"8844","transborder":"1302","international":"267"},{"date":"2011-04","domestic":"8720","transborder":"1187","international":"124"},{"date":"2011-05","domestic":"9628","transborder":"1161","international":"12"},{"date":"2011-06","domestic":"10198","transborder":"1205","international":"24"},{"date":"2011-07","domestic":"10067","transborder":"1193","international":"19"},{"date":"2011-08","domestic":"9959","transborder":"1173","international":"15"},{"date":"2011-09","domestic":"9470","transborder":"1171","international":"14"},{"date":"2011-10","domestic":"9354","transborder":"1170","international":"12"},{"date":"2011-11","domestic":"8617","transborder":"1130","international":"96"},{"date":"2011-12","domestic":"8346","transborder":"1092","international":"175"},{"date":"2012-01","domestic":"8136","transborder":"1119","international":"257"},{"date":"2012-02","domestic":"7802","transborder":"1139","international":"248"},{"date":"2012-03","domestic":"8254","transborder":"1218","international":"276"},{"date":"2012-04","domestic":"8492","transborder":"1196","international":"100"},{"date":"2012-05","domestic":"9473","transborder":"1166","international":"13"},{"date":"2012-06","domestic":"9382","transborder":"1137","international":"11"},{"date":"2012-07","domestic":"9431","transborder":"1151","international":"5"},{"date":"2012-08","domestic":"9583","transborder":"1101","international":"6"},{"date":"2012-09","domestic":"8924","transborder":"1037","international":"9"},{"date":"2012-10","domestic":"9043","transborder":"1161","international":"14"},{"date":"2012-11","domestic":"8192","transborder":"1030","international":"61"},{"date":"2012-12","domestic":"7704","transborder":"992","international":"166"},{"date":"2013-01","domestic":"7795","transborder":"982","international":"287"},{"date":"2013-02","domestic":"7169","transborder":"982","international":"266"},{"date":"2013-03","domestic":"7816","transborder":"1109","international":"297"},{"date":"2013-04","domestic":"7946","transborder":"1107","international":"109"},{"date":"2013-05","domestic":"9141","transborder":"1085","international":"12"},{"date":"2013-06","domestic":"9241","transborder":"1104","international":"7"},{"date":"2013-07","domestic":"9451","transborder":"1130","international":"1"},{"date":"2013-08","domestic":"9181","transborder":"1113","international":"5"},{"date":"2013-09","domestic":"8544","transborder":"1000","international":"9"},{"date":"2013-10","domestic":"8925","transborder":"1123","international":"6"},{"date":"2013-11","domestic":"7841","transborder":"1098","international":"56"},{"date":"2013-12","domestic":"7618","transborder":"1045","international":"181"},{"date":"2014-01","domestic":"7510","transborder":"1031","international":"308"},{"date":"2014-02","domestic":"7052","transborder":"1031","international":"290"},{"date":"2014-03","domestic":"7869","transborder":"1218","international":"326"},{"date":"2014-04","domestic":"7964","transborder":"1174","international":"138"},{"date":"2014-05","domestic":"8770","transborder":"1041","international":"14"},{"date":"2014-06","domestic":"9130","transborder":"1079","international":"14"},{"date":"2014-07","domestic":"9810","transborder":"1094","international":"6"},{"date":"2014-08","domestic":"9035","transborder":"1086","international":"5"},{"date":"2014-09","domestic":"8839","transborder":"1009","international":"5"},{"date":"2014-10","domestic":"8917","transborder":"1103","international":"21"},{"date":"2014-11","domestic":"7659","transborder":"947","international":"66"},{"date":"2014-12","domestic":"7584","transborder":"982","international":"205"},{"date":"2015-01","domestic":"7584","transborder":"1030","international":"320"},{"date":"2015-02","domestic":"7120","transborder":"986","international":"322"},{"date":"2015-03","domestic":"7757","transborder":"1076","international":"336"},{"date":"2015-04","domestic":"7928","transborder":"989","international":"171"},{"date":"2015-05","domestic":"8415","transborder":"898","international":"16"},{"date":"2015-06","domestic":"9173","transborder":"945","international":"9"},{"date":"2015-07","domestic":"9040","transborder":"939","international":"7"},{"date":"2015-08","domestic":"8747","transborder":"944","international":"5"},{"date":"2015-09","domestic":"8376","transborder":"874","international":"8"},{"date":"2015-10","domestic":"8259","transborder":"928","international":"18"},{"date":"2015-11","domestic":"7341","transborder":"893","international":"59"},{"date":"2015-12","domestic":"7469","transborder":"913","international":"199"},{"date":"2016-01","domestic":"7084","transborder":"908","international":"322"},{"date":"2016-02","domestic":"6756","transborder":"892","international":"312"},{"date":"2016-03","domestic":"7500","transborder":"960","international":"305"},{"date":"2016-04","domestic":"7356","transborder":"936","international":"135"},{"date":"2016-05","domestic":"7990","transborder":"804","international":"20"},{"date":"2016-06","domestic":"9100","transborder":"978","international":"15"},{"date":"2016-07","domestic":"8854","transborder":"863","international":"11"},{"date":"2016-08","domestic":"8980","transborder":"915","international":"22"},{"date":"2016-09","domestic":"8340","transborder":"871","international":"20"},{"date":"2016-10","domestic":"8229","transborder":"959","international":"17"},{"date":"2016-11","domestic":"7663","transborder":"875","international":"58"},{"date":"2016-12","domestic":"7298","transborder":"835","international":"178"},{"date":"2017-01","domestic":"7153","transborder":"816","international":"316"},{"date":"2017-02","domestic":"6833","transborder":"809","international":"279"},{"date":"2017-03","domestic":"7733","transborder":"983","international":"281"},{"date":"2017-04","domestic":"7592","transborder":"893","international":"123"},{"date":"2017-05","domestic":"8669","transborder":"759","international":"11"},{"date":"2017-06","domestic":"9323","transborder":"935","international":"10"},{"date":"2017-07","domestic":"9615","transborder":"948","international":"15"},{"date":"2017-08","domestic":"9778","transborder":"989","international":"20"},{"date":"2017-09","domestic":"8871","transborder":"884","international":"9"},{"date":"2017-10","domestic":"8619","transborder":"923","international":"19"},{"date":"2017-11","domestic":"7924","transborder":"917","international":"72"},{"date":"2017-12","domestic":"7462","transborder":"852","international":"182"},{"date":"2018-01","domestic":"7605","transborder":"853","international":"309"},{"date":"2018-02","domestic":"6938","transborder":"817","international":"286"},{"date":"2018-03","domestic":"7666","transborder":"886","international":"285"},{"date":"2018-04","domestic":"7505","transborder":"859","international":"85"},{"date":"2018-05","domestic":"8894","transborder":"792","international":"8"},{"date":"2018-06","domestic":"9212","transborder":"914","international":"6"},{"date":"2018-07","domestic":"9090","transborder":"887","international":"19"},{"date":"2018-08","domestic":"9322","transborder":"913","international":"13"},{"date":"2018-09","domestic":"8192","transborder":"865","international":"7"},{"date":"2018-10","domestic":"8331","transborder":"928","international":"9"},{"date":"2018-11","domestic":"7523","transborder":"873","international":"92"},{"date":"2018-12","domestic":"7276","transborder":"841","international":"213"},{"date":"2019-01","domestic":"7319","transborder":"891","international":"306"},{"date":"2019-02","domestic":"6687","transborder":"868","international":"299"}]