[{"date":"2010-01","domestic":"2083","transborder":"170","international":"0"},{"date":"2010-02","domestic":"2071","transborder":"216","international":"0"},{"date":"2010-03","domestic":"2818","transborder":"248","international":"0"},{"date":"2010-04","domestic":"2661","transborder":"267","international":"1"},{"date":"2010-05","domestic":"2901","transborder":"341","international":"0"},{"date":"2010-06","domestic":"3128","transborder":"372","international":"0"},{"date":"2010-07","domestic":"2874","transborder":"444","international":"0"},{"date":"2010-08","domestic":"2886","transborder":"505","international":"0"},{"date":"2010-09","domestic":"2330","transborder":"297","international":"0"},{"date":"2010-10","domestic":"2515","transborder":"280","international":"0"},{"date":"2010-11","domestic":"1967","transborder":"136","international":"0"},{"date":"2010-12","domestic":"1784","transborder":"134","international":"0"},{"date":"2011-01","domestic":"1621","transborder":"178","international":"0"},{"date":"2011-02","domestic":"2138","transborder":"142","international":"0"},{"date":"2011-03","domestic":"2506","transborder":"209","international":"0"},{"date":"2011-04","domestic":"2608","transborder":"295","international":"0"},{"date":"2011-05","domestic":"3115","transborder":"342","international":"0"},{"date":"2011-06","domestic":"3365","transborder":"320","international":"1"},{"date":"2011-07","domestic":"2894","transborder":"398","international":"0"},{"date":"2011-08","domestic":"3137","transborder":"444","international":"0"},{"date":"2011-09","domestic":"2890","transborder":"316","international":"0"},{"date":"2011-10","domestic":"2647","transborder":"271","international":"0"},{"date":"2011-11","domestic":"2127","transborder":"170","international":"0"},{"date":"2011-12","domestic":"1687","transborder":"141","international":"0"},{"date":"2012-01","domestic":"1663","transborder":"125","international":"0"},{"date":"2012-02","domestic":"2023","transborder":"142","international":"0"},{"date":"2012-03","domestic":"2356","transborder":"182","international":"0"},{"date":"2012-04","domestic":"2506","transborder":"281","international":"0"},{"date":"2012-05","domestic":"2973","transborder":"317","international":"0"},{"date":"2012-06","domestic":"2786","transborder":"314","international":"0"},{"date":"2012-07","domestic":"2746","transborder":"444","international":"0"},{"date":"2012-08","domestic":"2882","transborder":"483","international":"0"},{"date":"2012-09","domestic":"2816","transborder":"343","international":"0"},{"date":"2012-10","domestic":"2132","transborder":"244","international":"0"},{"date":"2012-11","domestic":"1918","transborder":"141","international":"0"},{"date":"2012-12","domestic":"1401","transborder":"153","international":"0"},{"date":"2013-01","domestic":"1413","transborder":"121","international":"0"},{"date":"2013-02","domestic":"1787","transborder":"117","international":"0"},{"date":"2013-03","domestic":"2043","transborder":"195","international":"0"},{"date":"2013-04","domestic":"2349","transborder":"262","international":"0"},{"date":"2013-05","domestic":"2746","transborder":"331","international":"0"},{"date":"2013-06","domestic":"2990","transborder":"360","international":"0"},{"date":"2013-07","domestic":"3155","transborder":"406","international":"0"},{"date":"2013-08","domestic":"2659","transborder":"497","international":"0"},{"date":"2013-09","domestic":"2562","transborder":"243","international":"0"},{"date":"2013-10","domestic":"1868","transborder":"206","international":"0"},{"date":"2013-11","domestic":"2001","transborder":"141","international":"0"},{"date":"2013-12","domestic":"1367","transborder":"135","international":"0"},{"date":"2014-01","domestic":"1333","transborder":"110","international":"0"},{"date":"2014-02","domestic":"1590","transborder":"134","international":"0"},{"date":"2014-03","domestic":"1938","transborder":"194","international":"0"},{"date":"2014-04","domestic":"2360","transborder":"283","international":"0"},{"date":"2014-05","domestic":"2821","transborder":"357","international":"0"},{"date":"2014-06","domestic":"2896","transborder":"362","international":"0"},{"date":"2014-07","domestic":"2974","transborder":"502","international":"0"},{"date":"2014-08","domestic":"2778","transborder":"479","international":"0"},{"date":"2014-09","domestic":"2756","transborder":"379","international":"0"},{"date":"2014-10","domestic":"2102","transborder":"239","international":"0"},{"date":"2014-11","domestic":"1859","transborder":"163","international":"0"},{"date":"2014-12","domestic":"1625","transborder":"147","international":"0"},{"date":"2015-01","domestic":"1333","transborder":"108","international":"0"},{"date":"2015-02","domestic":"1855","transborder":"147","international":"0"},{"date":"2015-03","domestic":"2107","transborder":"215","international":"0"},{"date":"2015-04","domestic":"2458","transborder":"293","international":"0"},{"date":"2015-05","domestic":"2911","transborder":"366","international":"0"},{"date":"2015-06","domestic":"3167","transborder":"407","international":"0"},{"date":"2015-07","domestic":"3069","transborder":"544","international":"0"},{"date":"2015-08","domestic":"2967","transborder":"486","international":"0"},{"date":"2015-09","domestic":"2993","transborder":"340","international":"0"},{"date":"2015-10","domestic":"1939","transborder":"202","international":"0"},{"date":"2015-11","domestic":"2079","transborder":"138","international":"0"},{"date":"2015-12","domestic":"1564","transborder":"117","international":"0"},{"date":"2016-01","domestic":"1724","transborder":"146","international":"0"},{"date":"2016-02","domestic":"1999","transborder":"152","international":"0"},{"date":"2016-03","domestic":"2370","transborder":"177","international":"0"},{"date":"2016-04","domestic":"2528","transborder":"261","international":"0"},{"date":"2016-05","domestic":"3063","transborder":"370","international":"0"},{"date":"2016-06","domestic":"3226","transborder":"387","international":"0"},{"date":"2016-07","domestic":"3266","transborder":"432","international":"0"},{"date":"2016-08","domestic":"3454","transborder":"441","international":"0"},{"date":"2016-09","domestic":"3015","transborder":"399","international":"0"},{"date":"2016-10","domestic":"2266","transborder":"217","international":"0"},{"date":"2016-11","domestic":"2059","transborder":"154","international":"0"},{"date":"2016-12","domestic":"1424","transborder":"149","international":"0"},{"date":"2017-01","domestic":"1832","transborder":"134","international":"0"},{"date":"2017-02","domestic":"1698","transborder":"126","international":"0"},{"date":"2017-03","domestic":"2380","transborder":"175","international":"0"},{"date":"2017-04","domestic":"2434","transborder":"282","international":"0"},{"date":"2017-05","domestic":"2913","transborder":"356","international":"0"},{"date":"2017-06","domestic":"3161","transborder":"404","international":"0"},{"date":"2017-07","domestic":"3415","transborder":"510","international":"0"},{"date":"2017-08","domestic":"3418","transborder":"416","international":"0"},{"date":"2017-09","domestic":"3182","transborder":"383","international":"0"},{"date":"2017-10","domestic":"2660","transborder":"312","international":"0"},{"date":"2017-11","domestic":"2100","transborder":"143","international":"0"},{"date":"2017-12","domestic":"1409","transborder":"183","international":"0"},{"date":"2018-01","domestic":"1703","transborder":"117","international":"0"},{"date":"2018-02","domestic":"1923","transborder":"124","international":"0"},{"date":"2018-03","domestic":"2458","transborder":"212","international":"0"},{"date":"2018-04","domestic":"2485","transborder":"296","international":"0"},{"date":"2018-05","domestic":"3336","transborder":"442","international":"0"},{"date":"2018-06","domestic":"3383","transborder":"459","international":"0"},{"date":"2018-07","domestic":"3527","transborder":"481","international":"0"},{"date":"2018-08","domestic":"3136","transborder":"395","international":"0"},{"date":"2018-09","domestic":"2960","transborder":"382","international":"0"},{"date":"2018-10","domestic":"2397","transborder":"227","international":"0"},{"date":"2018-11","domestic":"2087","transborder":"190","international":"0"},{"date":"2018-12","domestic":"1753","transborder":"156","international":"0"},{"date":"2019-01","domestic":"1879","transborder":"163","international":"0"},{"date":"2019-02","domestic":"1761","transborder":"91","international":"0"}]