[{"date":"2010-01","domestic":"741","transborder":"0","international":"0"},{"date":"2010-02","domestic":"757","transborder":"0","international":"0"},{"date":"2010-03","domestic":"862","transborder":"2","international":"0"},{"date":"2010-04","domestic":"794","transborder":"1","international":"0"},{"date":"2010-05","domestic":"783","transborder":"1","international":"0"},{"date":"2010-06","domestic":"975","transborder":"1","international":"0"},{"date":"2010-07","domestic":"810","transborder":"0","international":"0"},{"date":"2010-08","domestic":"1026","transborder":"0","international":"0"},{"date":"2010-09","domestic":"1225","transborder":"3","international":"0"},{"date":"2010-10","domestic":"1242","transborder":"0","international":"0"},{"date":"2010-11","domestic":"1224","transborder":"3","international":"0"},{"date":"2010-12","domestic":"926","transborder":"1","international":"0"},{"date":"2011-01","domestic":"958","transborder":"1","international":"0"},{"date":"2011-02","domestic":"1022","transborder":"0","international":"0"},{"date":"2011-03","domestic":"1257","transborder":"3","international":"0"},{"date":"2011-04","domestic":"1097","transborder":"1","international":"0"},{"date":"2011-05","domestic":"1273","transborder":"0","international":"0"},{"date":"2011-06","domestic":"1624","transborder":"3","international":"0"},{"date":"2011-07","domestic":"2039","transborder":"5","international":"0"},{"date":"2011-08","domestic":"2126","transborder":"4","international":"0"},{"date":"2011-09","domestic":"2104","transborder":"3","international":"0"},{"date":"2011-10","domestic":"1793","transborder":"0","international":"0"},{"date":"2011-11","domestic":"1586","transborder":"0","international":"0"},{"date":"2011-12","domestic":"1381","transborder":"1","international":"0"},{"date":"2012-01","domestic":"1348","transborder":"3","international":"0"},{"date":"2012-02","domestic":"1619","transborder":"1","international":"0"},{"date":"2012-03","domestic":"1672","transborder":"1","international":"0"},{"date":"2012-04","domestic":"1804","transborder":"2","international":"0"},{"date":"2012-05","domestic":"2029","transborder":"2","international":"1"},{"date":"2012-06","domestic":"2446","transborder":"2","international":"9"},{"date":"2012-07","domestic":"2652","transborder":"11","international":"0"},{"date":"2012-08","domestic":"2501","transborder":"3","international":"0"},{"date":"2012-09","domestic":"2002","transborder":"4","international":"0"},{"date":"2012-10","domestic":"1980","transborder":"0","international":"0"},{"date":"2012-11","domestic":"1715","transborder":"0","international":"0"},{"date":"2012-12","domestic":"1498","transborder":"3","international":"0"},{"date":"2013-01","domestic":"1480","transborder":"0","international":"0"},{"date":"2013-02","domestic":"1566","transborder":"1","international":"0"},{"date":"2013-03","domestic":"1652","transborder":"3","international":"0"},{"date":"2013-04","domestic":"1514","transborder":"1","international":"1"},{"date":"2013-05","domestic":"1621","transborder":"3","international":"0"},{"date":"2013-06","domestic":"2262","transborder":"5","international":"1"},{"date":"2013-07","domestic":"2677","transborder":"4","international":"0"},{"date":"2013-08","domestic":"1898","transborder":"3","international":"0"},{"date":"2013-09","domestic":"1751","transborder":"2","international":"0"},{"date":"2013-10","domestic":"1620","transborder":"2","international":"1"},{"date":"2013-11","domestic":"1467","transborder":"1","international":"0"},{"date":"2013-12","domestic":"1235","transborder":"0","international":"1"},{"date":"2014-01","domestic":"1130","transborder":"1","international":"0"},{"date":"2014-02","domestic":"1106","transborder":"0","international":"0"},{"date":"2014-03","domestic":"1270","transborder":"0","international":"0"},{"date":"2014-04","domestic":"1236","transborder":"1","international":"0"},{"date":"2014-05","domestic":"1355","transborder":"0","international":"0"},{"date":"2014-06","domestic":"1457","transborder":"4","international":"0"},{"date":"2014-07","domestic":"1316","transborder":"5","international":"0"},{"date":"2014-08","domestic":"1436","transborder":"4","international":"0"},{"date":"2014-09","domestic":"1397","transborder":"1","international":"0"},{"date":"2014-10","domestic":"1338","transborder":"1","international":"0"},{"date":"2014-11","domestic":"1123","transborder":"0","international":"0"},{"date":"2014-12","domestic":"1034","transborder":"0","international":"0"},{"date":"2015-01","domestic":"949","transborder":"0","international":"0"},{"date":"2015-02","domestic":"951","transborder":"0","international":"0"},{"date":"2015-03","domestic":"950","transborder":"0","international":"0"},{"date":"2015-04","domestic":"924","transborder":"0","international":"0"},{"date":"2015-05","domestic":"957","transborder":"1","international":"0"},{"date":"2015-06","domestic":"1038","transborder":"2","international":"0"},{"date":"2015-07","domestic":"926","transborder":"0","international":"0"},{"date":"2015-08","domestic":"796","transborder":"0","international":"0"},{"date":"2015-09","domestic":"819","transborder":"1","international":"0"},{"date":"2015-10","domestic":"986","transborder":"0","international":"0"},{"date":"2015-11","domestic":"872","transborder":"0","international":"0"},{"date":"2015-12","domestic":"830","transborder":"0","international":"0"},{"date":"2016-01","domestic":"769","transborder":"0","international":"0"},{"date":"2016-02","domestic":"726","transborder":"0","international":"0"},{"date":"2016-03","domestic":"830","transborder":"0","international":"0"},{"date":"2016-04","domestic":"795","transborder":"1","international":"0"},{"date":"2016-05","domestic":"883","transborder":"0","international":"0"},{"date":"2016-06","domestic":"927","transborder":"1","international":"0"},{"date":"2016-07","domestic":"932","transborder":"1","international":"1"},{"date":"2016-08","domestic":"964","transborder":"4","international":"0"},{"date":"2016-09","domestic":"888","transborder":"0","international":"0"},{"date":"2016-10","domestic":"818","transborder":"0","international":"1"},{"date":"2016-11","domestic":"693","transborder":"0","international":"0"},{"date":"2016-12","domestic":"639","transborder":"1","international":"0"},{"date":"2017-01","domestic":"596","transborder":"0","international":"0"},{"date":"2017-02","domestic":"572","transborder":"2","international":"0"},{"date":"2017-03","domestic":"692","transborder":"0","international":"0"},{"date":"2017-04","domestic":"666","transborder":"0","international":"0"},{"date":"2017-05","domestic":"757","transborder":"0","international":"0"},{"date":"2017-06","domestic":"791","transborder":"0","international":"0"},{"date":"2017-07","domestic":"786","transborder":"0","international":"0"},{"date":"2017-08","domestic":"806","transborder":"0","international":"0"},{"date":"2017-09","domestic":"786","transborder":"0","international":"0"},{"date":"2017-10","domestic":"889","transborder":"0","international":"1"},{"date":"2017-11","domestic":"845","transborder":"2","international":"0"},{"date":"2017-12","domestic":"757","transborder":"1","international":"0"},{"date":"2018-01","domestic":"754","transborder":"0","international":"0"},{"date":"2018-02","domestic":"764","transborder":"0","international":"0"},{"date":"2018-03","domestic":"921","transborder":"1","international":"0"},{"date":"2018-04","domestic":"824","transborder":"1","international":"0"},{"date":"2018-05","domestic":"807","transborder":"2","international":"0"},{"date":"2018-06","domestic":"768","transborder":"2","international":"0"},{"date":"2018-07","domestic":"784","transborder":"3","international":"0"},{"date":"2018-08","domestic":"924","transborder":"2","international":"0"},{"date":"2018-09","domestic":"823","transborder":"1","international":"0"},{"date":"2018-10","domestic":"856","transborder":"1","international":"0"},{"date":"2018-11","domestic":"807","transborder":"0","international":"0"},{"date":"2018-12","domestic":"732","transborder":"0","international":"0"},{"date":"2019-01","domestic":"723","transborder":"0","international":"0"},{"date":"2019-02","domestic":"665","transborder":"0","international":"0"}]