[{"date":"2010-01","domestic":"598","transborder":"0","international":"0"},{"date":"2010-02","domestic":"496","transborder":"2","international":"0"},{"date":"2010-03","domestic":"660","transborder":"0","international":"0"},{"date":"2010-04","domestic":"631","transborder":"3","international":"0"},{"date":"2010-05","domestic":"838","transborder":"3","international":"0"},{"date":"2010-06","domestic":"1020","transborder":"5","international":"0"},{"date":"2010-07","domestic":"2001","transborder":"4","international":"0"},{"date":"2010-08","domestic":"3989","transborder":"7","international":"0"},{"date":"2010-09","domestic":"1042","transborder":"7","international":"0"},{"date":"2010-10","domestic":"696","transborder":"1","international":"0"},{"date":"2010-11","domestic":"539","transborder":"1","international":"0"},{"date":"2010-12","domestic":"510","transborder":"0","international":"0"},{"date":"2011-01","domestic":"558","transborder":"0","international":"0"},{"date":"2011-02","domestic":"510","transborder":"1","international":"0"},{"date":"2011-03","domestic":"629","transborder":"1","international":"0"},{"date":"2011-04","domestic":"567","transborder":"0","international":"0"},{"date":"2011-05","domestic":"754","transborder":"2","international":"0"},{"date":"2011-06","domestic":"864","transborder":"3","international":"0"},{"date":"2011-07","domestic":"887","transborder":"11","international":"0"},{"date":"2011-08","domestic":"933","transborder":"6","international":"0"},{"date":"2011-09","domestic":"971","transborder":"5","international":"0"},{"date":"2011-10","domestic":"634","transborder":"1","international":"0"},{"date":"2011-11","domestic":"541","transborder":"0","international":"0"},{"date":"2011-12","domestic":"496","transborder":"1","international":"0"},{"date":"2012-01","domestic":"500","transborder":"2","international":"0"},{"date":"2012-02","domestic":"570","transborder":"0","international":"0"},{"date":"2012-03","domestic":"611","transborder":"1","international":"0"},{"date":"2012-04","domestic":"620","transborder":"0","international":"0"},{"date":"2012-05","domestic":"858","transborder":"1","international":"0"},{"date":"2012-06","domestic":"837","transborder":"5","international":"0"},{"date":"2012-07","domestic":"1296","transborder":"5","international":"0"},{"date":"2012-08","domestic":"1177","transborder":"8","international":"0"},{"date":"2012-09","domestic":"882","transborder":"11","international":"0"},{"date":"2012-10","domestic":"736","transborder":"7","international":"0"},{"date":"2012-11","domestic":"533","transborder":"0","international":"0"},{"date":"2012-12","domestic":"473","transborder":"0","international":"0"},{"date":"2013-01","domestic":"510","transborder":"1","international":"0"},{"date":"2013-02","domestic":"459","transborder":"1","international":"0"},{"date":"2013-03","domestic":"548","transborder":"0","international":"0"},{"date":"2013-04","domestic":"612","transborder":"0","international":"0"},{"date":"2013-05","domestic":"838","transborder":"2","international":"0"},{"date":"2013-06","domestic":"817","transborder":"1","international":"0"},{"date":"2013-07","domestic":"1039","transborder":"13","international":"0"},{"date":"2013-08","domestic":"1685","transborder":"10","international":"0"},{"date":"2013-09","domestic":"783","transborder":"4","international":"0"},{"date":"2013-10","domestic":"741","transborder":"5","international":"0"},{"date":"2013-11","domestic":"552","transborder":"1","international":"0"},{"date":"2013-12","domestic":"467","transborder":"1","international":"0"},{"date":"2014-01","domestic":"522","transborder":"0","international":"0"},{"date":"2014-02","domestic":"538","transborder":"4","international":"0"},{"date":"2014-03","domestic":"565","transborder":"0","international":"0"},{"date":"2014-04","domestic":"680","transborder":"1","international":"0"},{"date":"2014-05","domestic":"798","transborder":"2","international":"0"},{"date":"2014-06","domestic":"829","transborder":"5","international":"0"},{"date":"2014-07","domestic":"1160","transborder":"13","international":"0"},{"date":"2014-08","domestic":"1516","transborder":"8","international":"0"},{"date":"2014-09","domestic":"845","transborder":"4","international":"0"},{"date":"2014-10","domestic":"635","transborder":"1","international":"0"},{"date":"2014-11","domestic":"494","transborder":"2","international":"0"},{"date":"2014-12","domestic":"481","transborder":"0","international":"0"},{"date":"2015-01","domestic":"438","transborder":"0","international":"0"},{"date":"2015-02","domestic":"589","transborder":"0","international":"0"},{"date":"2015-03","domestic":"664","transborder":"0","international":"0"},{"date":"2015-04","domestic":"654","transborder":"0","international":"0"},{"date":"2015-05","domestic":"941","transborder":"3","international":"0"},{"date":"2015-06","domestic":"895","transborder":"4","international":"0"},{"date":"2015-07","domestic":"1390","transborder":"8","international":"0"},{"date":"2015-08","domestic":"1090","transborder":"10","international":"0"},{"date":"2015-09","domestic":"756","transborder":"3","international":"0"},{"date":"2015-10","domestic":"590","transborder":"4","international":"0"},{"date":"2015-11","domestic":"536","transborder":"0","international":"0"},{"date":"2015-12","domestic":"481","transborder":"4","international":"0"},{"date":"2016-01","domestic":"518","transborder":"0","international":"0"},{"date":"2016-02","domestic":"571","transborder":"0","international":"0"},{"date":"2016-03","domestic":"641","transborder":"0","international":"0"},{"date":"2016-04","domestic":"660","transborder":"0","international":"0"},{"date":"2016-05","domestic":"857","transborder":"1","international":"0"},{"date":"2016-06","domestic":"832","transborder":"3","international":"0"},{"date":"2016-07","domestic":"782","transborder":"5","international":"0"},{"date":"2016-08","domestic":"952","transborder":"10","international":"0"},{"date":"2016-09","domestic":"791","transborder":"11","international":"0"},{"date":"2016-10","domestic":"592","transborder":"0","international":"0"},{"date":"2016-11","domestic":"556","transborder":"0","international":"0"},{"date":"2016-12","domestic":"496","transborder":"0","international":"0"},{"date":"2017-01","domestic":"687","transborder":"1","international":"0"},{"date":"2017-02","domestic":"515","transborder":"0","international":"0"},{"date":"2017-03","domestic":"653","transborder":"1","international":"0"},{"date":"2017-04","domestic":"645","transborder":"2","international":"0"},{"date":"2017-05","domestic":"762","transborder":"2","international":"0"},{"date":"2017-06","domestic":"1144","transborder":"4","international":"0"},{"date":"2017-07","domestic":"3958","transborder":"2","international":"0"},{"date":"2017-08","domestic":"3840","transborder":"7","international":"0"},{"date":"2017-09","domestic":"1618","transborder":"4","international":"0"},{"date":"2017-10","domestic":"756","transborder":"2","international":"0"},{"date":"2017-11","domestic":"539","transborder":"0","international":"0"},{"date":"2017-12","domestic":"440","transborder":"1","international":"0"},{"date":"2018-01","domestic":"604","transborder":"0","international":"0"},{"date":"2018-02","domestic":"492","transborder":"3","international":"0"},{"date":"2018-03","domestic":"555","transborder":"0","international":"0"},{"date":"2018-04","domestic":"611","transborder":"1","international":"0"},{"date":"2018-05","domestic":"813","transborder":"4","international":"0"},{"date":"2018-06","domestic":"884","transborder":"5","international":"0"},{"date":"2018-07","domestic":"1039","transborder":"5","international":"0"},{"date":"2018-08","domestic":"1341","transborder":"6","international":"0"},{"date":"2018-09","domestic":"668","transborder":"6","international":"0"},{"date":"2018-10","domestic":"631","transborder":"4","international":"0"},{"date":"2018-11","domestic":"494","transborder":"0","international":"0"},{"date":"2018-12","domestic":"352","transborder":"3","international":"0"},{"date":"2019-01","domestic":"484","transborder":"1","international":"0"}]