[{"date":"2010-01","domestic":"787","transborder":"45","international":"0"},{"date":"2010-02","domestic":"765","transborder":"55","international":"2"},{"date":"2010-03","domestic":"891","transborder":"37","international":"1"},{"date":"2010-04","domestic":"876","transborder":"9","international":"0"},{"date":"2010-05","domestic":"1025","transborder":"27","international":"0"},{"date":"2010-06","domestic":"1022","transborder":"19","international":"0"},{"date":"2010-07","domestic":"1182","transborder":"38","international":"0"},{"date":"2010-08","domestic":"1113","transborder":"49","international":"1"},{"date":"2010-09","domestic":"931","transborder":"24","international":"0"},{"date":"2010-10","domestic":"950","transborder":"13","international":"0"},{"date":"2010-11","domestic":"808","transborder":"10","international":"0"},{"date":"2010-12","domestic":"778","transborder":"14","international":"0"},{"date":"2011-01","domestic":"689","transborder":"18","international":"0"},{"date":"2011-02","domestic":"685","transborder":"12","international":"0"},{"date":"2011-03","domestic":"779","transborder":"20","international":"0"},{"date":"2011-04","domestic":"753","transborder":"13","international":"0"},{"date":"2011-05","domestic":"1022","transborder":"17","international":"0"},{"date":"2011-06","domestic":"923","transborder":"18","international":"0"},{"date":"2011-07","domestic":"1142","transborder":"43","international":"0"},{"date":"2011-08","domestic":"1218","transborder":"46","international":"1"},{"date":"2011-09","domestic":"1254","transborder":"25","international":"1"},{"date":"2011-10","domestic":"823","transborder":"14","international":"0"},{"date":"2011-11","domestic":"732","transborder":"11","international":"0"},{"date":"2011-12","domestic":"755","transborder":"10","international":"0"},{"date":"2012-01","domestic":"749","transborder":"18","international":"0"},{"date":"2012-02","domestic":"742","transborder":"12","international":"0"},{"date":"2012-03","domestic":"745","transborder":"15","international":"0"},{"date":"2012-04","domestic":"769","transborder":"13","international":"0"},{"date":"2012-05","domestic":"890","transborder":"8","international":"0"},{"date":"2012-06","domestic":"797","transborder":"18","international":"0"},{"date":"2012-07","domestic":"1056","transborder":"81","international":"0"},{"date":"2012-08","domestic":"1256","transborder":"51","international":"1"},{"date":"2012-09","domestic":"946","transborder":"24","international":"0"},{"date":"2012-10","domestic":"728","transborder":"10","international":"0"},{"date":"2012-11","domestic":"730","transborder":"11","international":"0"},{"date":"2012-12","domestic":"729","transborder":"3","international":"0"},{"date":"2013-01","domestic":"828","transborder":"15","international":"0"},{"date":"2013-02","domestic":"838","transborder":"2","international":"0"},{"date":"2013-03","domestic":"848","transborder":"16","international":"1"},{"date":"2013-04","domestic":"857","transborder":"5","international":"1"},{"date":"2013-05","domestic":"1007","transborder":"8","international":"0"},{"date":"2013-06","domestic":"769","transborder":"18","international":"0"},{"date":"2013-07","domestic":"1026","transborder":"24","international":"0"},{"date":"2013-08","domestic":"958","transborder":"17","international":"2"},{"date":"2013-09","domestic":"1030","transborder":"20","international":"0"},{"date":"2013-10","domestic":"701","transborder":"10","international":"0"},{"date":"2013-11","domestic":"756","transborder":"8","international":"0"},{"date":"2013-12","domestic":"816","transborder":"5","international":"0"},{"date":"2014-01","domestic":"831","transborder":"18","international":"0"},{"date":"2014-02","domestic":"738","transborder":"16","international":"0"},{"date":"2014-03","domestic":"813","transborder":"16","international":"0"},{"date":"2014-04","domestic":"871","transborder":"9","international":"0"},{"date":"2014-05","domestic":"1004","transborder":"5","international":"0"},{"date":"2014-06","domestic":"843","transborder":"9","international":"0"},{"date":"2014-07","domestic":"1285","transborder":"27","international":"0"},{"date":"2014-08","domestic":"1604","transborder":"31","international":"0"},{"date":"2014-09","domestic":"1102","transborder":"22","international":"0"},{"date":"2014-10","domestic":"868","transborder":"21","international":"0"},{"date":"2014-11","domestic":"772","transborder":"10","international":"0"},{"date":"2014-12","domestic":"857","transborder":"16","international":"0"},{"date":"2015-01","domestic":"815","transborder":"38","international":"0"},{"date":"2015-02","domestic":"818","transborder":"22","international":"0"},{"date":"2015-03","domestic":"895","transborder":"13","international":"0"},{"date":"2015-04","domestic":"997","transborder":"15","international":"0"},{"date":"2015-05","domestic":"1063","transborder":"19","international":"0"},{"date":"2015-06","domestic":"1005","transborder":"28","international":"0"},{"date":"2015-07","domestic":"1181","transborder":"34","international":"0"},{"date":"2015-08","domestic":"1431","transborder":"29","international":"0"},{"date":"2015-09","domestic":"1008","transborder":"25","international":"0"},{"date":"2015-10","domestic":"967","transborder":"19","international":"0"},{"date":"2015-11","domestic":"825","transborder":"6","international":"0"},{"date":"2015-12","domestic":"835","transborder":"10","international":"0"},{"date":"2016-01","domestic":"856","transborder":"20","international":"0"},{"date":"2016-02","domestic":"898","transborder":"37","international":"0"},{"date":"2016-03","domestic":"926","transborder":"21","international":"0"},{"date":"2016-04","domestic":"974","transborder":"19","international":"0"},{"date":"2016-05","domestic":"1011","transborder":"24","international":"0"},{"date":"2016-06","domestic":"1196","transborder":"20","international":"0"},{"date":"2016-07","domestic":"1167","transborder":"25","international":"0"},{"date":"2016-08","domestic":"1153","transborder":"28","international":"0"},{"date":"2016-09","domestic":"1054","transborder":"24","international":"0"},{"date":"2016-10","domestic":"876","transborder":"5","international":"0"},{"date":"2016-11","domestic":"841","transborder":"2","international":"0"},{"date":"2016-12","domestic":"873","transborder":"3","international":"1"},{"date":"2017-01","domestic":"799","transborder":"34","international":"0"},{"date":"2017-02","domestic":"660","transborder":"27","international":"1"},{"date":"2017-03","domestic":"817","transborder":"15","international":"0"},{"date":"2017-04","domestic":"817","transborder":"8","international":"0"},{"date":"2017-05","domestic":"1108","transborder":"7","international":"0"},{"date":"2017-06","domestic":"1111","transborder":"16","international":"0"},{"date":"2017-07","domestic":"1465","transborder":"29","international":"0"},{"date":"2017-08","domestic":"1938","transborder":"42","international":"0"},{"date":"2017-09","domestic":"1684","transborder":"5","international":"0"},{"date":"2017-10","domestic":"973","transborder":"15","international":"0"},{"date":"2017-11","domestic":"753","transborder":"3","international":"0"},{"date":"2017-12","domestic":"782","transborder":"4","international":"0"},{"date":"2018-01","domestic":"783","transborder":"27","international":"0"},{"date":"2018-02","domestic":"760","transborder":"25","international":"0"},{"date":"2018-03","domestic":"891","transborder":"17","international":"0"},{"date":"2018-04","domestic":"836","transborder":"6","international":"0"},{"date":"2018-05","domestic":"1223","transborder":"14","international":"0"},{"date":"2018-06","domestic":"1084","transborder":"25","international":"0"},{"date":"2018-07","domestic":"1563","transborder":"18","international":"0"},{"date":"2018-08","domestic":"1942","transborder":"19","international":"0"},{"date":"2018-09","domestic":"1376","transborder":"19","international":"0"},{"date":"2018-10","domestic":"1207","transborder":"4","international":"0"},{"date":"2018-11","domestic":"1056","transborder":"10","international":"0"},{"date":"2018-12","domestic":"1063","transborder":"10","international":"0"},{"date":"2019-01","domestic":"975","transborder":"33","international":"1"},{"date":"2019-02","domestic":"863","transborder":"32","international":"0"}]