[{"date":"2010-01","domestic":"4151","transborder":"58","international":"34"},{"date":"2010-02","domestic":"4147","transborder":"35","international":"26"},{"date":"2010-03","domestic":"5657","transborder":"42","international":"52"},{"date":"2010-04","domestic":"4800","transborder":"35","international":"55"},{"date":"2010-05","domestic":"5315","transborder":"30","international":"73"},{"date":"2010-06","domestic":"5788","transborder":"39","international":"101"},{"date":"2010-07","domestic":"5152","transborder":"25","international":"93"},{"date":"2010-08","domestic":"4633","transborder":"23","international":"2"},{"date":"2010-09","domestic":"4851","transborder":"32","international":"0"},{"date":"2010-10","domestic":"4540","transborder":"27","international":"2"},{"date":"2010-11","domestic":"4031","transborder":"37","international":"0"},{"date":"2010-12","domestic":"3051","transborder":"21","international":"0"},{"date":"2011-01","domestic":"2810","transborder":"26","international":"0"},{"date":"2011-02","domestic":"3771","transborder":"23","international":"0"},{"date":"2011-03","domestic":"3580","transborder":"36","international":"0"},{"date":"2011-04","domestic":"4857","transborder":"35","international":"0"},{"date":"2011-05","domestic":"5164","transborder":"23","international":"1"},{"date":"2011-06","domestic":"4738","transborder":"34","international":"0"},{"date":"2011-07","domestic":"4746","transborder":"29","international":"0"},{"date":"2011-08","domestic":"5040","transborder":"25","international":"0"},{"date":"2011-09","domestic":"4794","transborder":"22","international":"0"},{"date":"2011-10","domestic":"4436","transborder":"45","international":"0"},{"date":"2011-11","domestic":"3923","transborder":"41","international":"0"},{"date":"2011-12","domestic":"3561","transborder":"38","international":"1"},{"date":"2012-01","domestic":"3424","transborder":"24","international":"0"},{"date":"2012-02","domestic":"4059","transborder":"41","international":"0"},{"date":"2012-03","domestic":"4293","transborder":"43","international":"2"},{"date":"2012-04","domestic":"4050","transborder":"44","international":"0"},{"date":"2012-05","domestic":"5084","transborder":"32","international":"0"},{"date":"2012-06","domestic":"4672","transborder":"16","international":"1"},{"date":"2012-07","domestic":"4550","transborder":"45","international":"0"},{"date":"2012-08","domestic":"4873","transborder":"29","international":"0"},{"date":"2012-09","domestic":"4917","transborder":"30","international":"0"},{"date":"2012-10","domestic":"3719","transborder":"30","international":"0"},{"date":"2012-11","domestic":"2966","transborder":"22","international":"0"},{"date":"2012-12","domestic":"2958","transborder":"23","international":"0"},{"date":"2013-01","domestic":"3182","transborder":"21","international":"0"},{"date":"2013-02","domestic":"3812","transborder":"20","international":"0"},{"date":"2013-03","domestic":"3486","transborder":"33","international":"0"},{"date":"2013-04","domestic":"2946","transborder":"47","international":"0"},{"date":"2013-05","domestic":"3557","transborder":"20","international":"0"},{"date":"2013-06","domestic":"3170","transborder":"17","international":"0"},{"date":"2013-07","domestic":"3462","transborder":"24","international":"0"},{"date":"2013-08","domestic":"3538","transborder":"32","international":"0"},{"date":"2013-09","domestic":"3349","transborder":"24","international":"0"},{"date":"2013-10","domestic":"3492","transborder":"21","international":"1"},{"date":"2013-11","domestic":"1362","transborder":"5","international":"0"}]