[{"date":"2010-01","domestic":"4333","transborder":"356","international":"128"},{"date":"2010-02","domestic":"4077","transborder":"343","international":"116"},{"date":"2010-03","domestic":"5183","transborder":"385","international":"67"},{"date":"2010-04","domestic":"4766","transborder":"409","international":"32"},{"date":"2010-05","domestic":"4943","transborder":"478","international":"2"},{"date":"2010-06","domestic":"5326","transborder":"433","international":"0"},{"date":"2010-07","domestic":"5400","transborder":"430","international":"0"},{"date":"2010-08","domestic":"5561","transborder":"410","international":"0"},{"date":"2010-09","domestic":"5472","transborder":"334","international":"0"},{"date":"2010-10","domestic":"5603","transborder":"351","international":"4"},{"date":"2010-11","domestic":"4316","transborder":"320","international":"38"},{"date":"2010-12","domestic":"3964","transborder":"320","international":"68"},{"date":"2011-01","domestic":"4039","transborder":"311","international":"115"},{"date":"2011-02","domestic":"4086","transborder":"299","international":"101"},{"date":"2011-03","domestic":"4937","transborder":"336","international":"67"},{"date":"2011-04","domestic":"5326","transborder":"324","international":"35"},{"date":"2011-05","domestic":"5749","transborder":"336","international":"1"},{"date":"2011-06","domestic":"5412","transborder":"308","international":"0"},{"date":"2011-07","domestic":"5191","transborder":"316","international":"1"},{"date":"2011-08","domestic":"6077","transborder":"325","international":"1"},{"date":"2011-09","domestic":"5846","transborder":"336","international":"0"},{"date":"2011-10","domestic":"5351","transborder":"384","international":"4"},{"date":"2011-11","domestic":"4624","transborder":"327","international":"39"},{"date":"2011-12","domestic":"4489","transborder":"334","international":"77"},{"date":"2012-01","domestic":"4546","transborder":"306","international":"122"},{"date":"2012-02","domestic":"4954","transborder":"323","international":"107"},{"date":"2012-03","domestic":"5065","transborder":"338","international":"92"},{"date":"2012-04","domestic":"4742","transborder":"325","international":"48"},{"date":"2012-05","domestic":"5362","transborder":"328","international":"8"},{"date":"2012-06","domestic":"5088","transborder":"304","international":"1"},{"date":"2012-07","domestic":"5596","transborder":"338","international":"0"},{"date":"2012-08","domestic":"5707","transborder":"326","international":"0"},{"date":"2012-09","domestic":"5576","transborder":"349","international":"0"},{"date":"2012-10","domestic":"5155","transborder":"383","international":"3"},{"date":"2012-11","domestic":"4470","transborder":"325","international":"18"},{"date":"2012-12","domestic":"3838","transborder":"324","international":"78"},{"date":"2013-01","domestic":"4766","transborder":"320","international":"128"},{"date":"2013-02","domestic":"4428","transborder":"324","international":"122"},{"date":"2013-03","domestic":"5016","transborder":"355","international":"103"},{"date":"2013-04","domestic":"5070","transborder":"348","international":"45"},{"date":"2013-05","domestic":"5691","transborder":"344","international":"0"},{"date":"2013-06","domestic":"5343","transborder":"312","international":"1"},{"date":"2013-07","domestic":"5910","transborder":"354","international":"0"},{"date":"2013-08","domestic":"5883","transborder":"338","international":"0"},{"date":"2013-09","domestic":"5600","transborder":"398","international":"0"},{"date":"2013-10","domestic":"5560","transborder":"440","international":"2"},{"date":"2013-11","domestic":"4329","transborder":"409","international":"36"},{"date":"2013-12","domestic":"3910","transborder":"380","international":"85"},{"date":"2014-01","domestic":"4519","transborder":"390","international":"138"},{"date":"2014-02","domestic":"4298","transborder":"373","international":"129"},{"date":"2014-03","domestic":"5136","transborder":"415","international":"103"},{"date":"2014-04","domestic":"4667","transborder":"391","international":"44"},{"date":"2014-05","domestic":"5681","transborder":"393","international":"0"},{"date":"2014-06","domestic":"5094","transborder":"384","international":"0"},{"date":"2014-07","domestic":"5931","transborder":"404","international":"2"},{"date":"2014-08","domestic":"5397","transborder":"414","international":"2"},{"date":"2014-09","domestic":"5792","transborder":"400","international":"1"},{"date":"2014-10","domestic":"5610","transborder":"355","international":"4"},{"date":"2014-11","domestic":"4203","transborder":"347","international":"45"},{"date":"2014-12","domestic":"4237","transborder":"331","international":"98"},{"date":"2015-01","domestic":"4501","transborder":"335","international":"141"},{"date":"2015-02","domestic":"4196","transborder":"322","international":"117"},{"date":"2015-03","domestic":"5163","transborder":"220","international":"103"},{"date":"2015-04","domestic":"5132","transborder":"243","international":"50"},{"date":"2015-05","domestic":"5734","transborder":"202","international":"2"},{"date":"2015-06","domestic":"5987","transborder":"219","international":"1"},{"date":"2015-07","domestic":"6727","transborder":"224","international":"0"},{"date":"2015-08","domestic":"5792","transborder":"212","international":"2"},{"date":"2015-09","domestic":"5669","transborder":"218","international":"2"},{"date":"2015-10","domestic":"5122","transborder":"230","international":"4"},{"date":"2015-11","domestic":"4522","transborder":"215","international":"44"},{"date":"2015-12","domestic":"4006","transborder":"229","international":"92"},{"date":"2016-01","domestic":"4385","transborder":"223","international":"139"},{"date":"2016-02","domestic":"4293","transborder":"229","international":"134"},{"date":"2016-03","domestic":"4781","transborder":"236","international":"75"},{"date":"2016-04","domestic":"5138","transborder":"223","international":"45"},{"date":"2016-05","domestic":"5295","transborder":"188","international":"0"},{"date":"2016-06","domestic":"5755","transborder":"200","international":"1"},{"date":"2016-07","domestic":"5877","transborder":"219","international":"1"},{"date":"2016-08","domestic":"5701","transborder":"193","international":"3"},{"date":"2016-09","domestic":"5273","transborder":"205","international":"1"},{"date":"2016-10","domestic":"3835","transborder":"224","international":"14"},{"date":"2016-11","domestic":"4839","transborder":"219","international":"44"},{"date":"2016-12","domestic":"4027","transborder":"218","international":"81"},{"date":"2017-01","domestic":"4418","transborder":"214","international":"143"},{"date":"2017-02","domestic":"4041","transborder":"214","international":"131"},{"date":"2017-03","domestic":"4439","transborder":"237","international":"104"},{"date":"2017-04","domestic":"4770","transborder":"212","international":"52"},{"date":"2017-05","domestic":"5295","transborder":"163","international":"5"},{"date":"2017-06","domestic":"5507","transborder":"217","international":"1"},{"date":"2017-07","domestic":"5893","transborder":"216","international":"1"},{"date":"2017-08","domestic":"5774","transborder":"186","international":"0"},{"date":"2017-09","domestic":"5199","transborder":"207","international":"0"},{"date":"2017-10","domestic":"4863","transborder":"222","international":"2"},{"date":"2017-11","domestic":"4335","transborder":"237","international":"48"},{"date":"2017-12","domestic":"4246","transborder":"234","international":"89"},{"date":"2018-01","domestic":"4215","transborder":"196","international":"120"},{"date":"2018-02","domestic":"4467","transborder":"214","international":"117"},{"date":"2018-03","domestic":"4541","transborder":"218","international":"70"},{"date":"2018-04","domestic":"4962","transborder":"226","international":"34"},{"date":"2018-05","domestic":"5507","transborder":"198","international":"0"},{"date":"2018-06","domestic":"5640","transborder":"207","international":"1"},{"date":"2018-07","domestic":"5571","transborder":"209","international":"1"},{"date":"2018-08","domestic":"5471","transborder":"217","international":"2"},{"date":"2018-09","domestic":"4701","transborder":"214","international":"0"},{"date":"2018-10","domestic":"5061","transborder":"231","international":"6"},{"date":"2018-11","domestic":"3651","transborder":"196","international":"47"},{"date":"2018-12","domestic":"4263","transborder":"239","international":"72"},{"date":"2019-01","domestic":"4236","transborder":"198","international":"88"},{"date":"2019-02","domestic":"3570","transborder":"185","international":"77"}]