[{"date":"2010-01","domestic":"817","transborder":"5","international":"0"},{"date":"2010-02","domestic":"804","transborder":"1","international":"0"},{"date":"2010-03","domestic":"917","transborder":"5","international":"0"},{"date":"2010-04","domestic":"868","transborder":"2","international":"0"},{"date":"2010-05","domestic":"964","transborder":"2","international":"0"},{"date":"2010-06","domestic":"1196","transborder":"4","international":"0"},{"date":"2010-07","domestic":"1301","transborder":"9","international":"0"},{"date":"2010-08","domestic":"1076","transborder":"3","international":"0"},{"date":"2010-09","domestic":"1077","transborder":"11","international":"0"},{"date":"2010-10","domestic":"1036","transborder":"4","international":"0"},{"date":"2010-11","domestic":"808","transborder":"3","international":"0"},{"date":"2010-12","domestic":"738","transborder":"3","international":"0"},{"date":"2011-01","domestic":"812","transborder":"5","international":"0"},{"date":"2011-02","domestic":"745","transborder":"8","international":"0"},{"date":"2011-03","domestic":"860","transborder":"8","international":"0"},{"date":"2011-04","domestic":"1049","transborder":"5","international":"0"},{"date":"2011-05","domestic":"1036","transborder":"12","international":"0"},{"date":"2011-06","domestic":"1149","transborder":"10","international":"0"},{"date":"2011-07","domestic":"2059","transborder":"16","international":"1"},{"date":"2011-08","domestic":"1623","transborder":"15","international":"0"},{"date":"2011-09","domestic":"1165","transborder":"14","international":"0"},{"date":"2011-10","domestic":"1025","transborder":"6","international":"0"},{"date":"2011-11","domestic":"1008","transborder":"7","international":"0"},{"date":"2011-12","domestic":"809","transborder":"4","international":"0"},{"date":"2012-01","domestic":"921","transborder":"3","international":"0"},{"date":"2012-02","domestic":"990","transborder":"5","international":"1"},{"date":"2012-03","domestic":"1037","transborder":"8","international":"0"},{"date":"2012-04","domestic":"1072","transborder":"8","international":"0"},{"date":"2012-05","domestic":"1186","transborder":"4","international":"0"},{"date":"2012-06","domestic":"1291","transborder":"8","international":"0"},{"date":"2012-07","domestic":"2647","transborder":"8","international":"0"},{"date":"2012-08","domestic":"1694","transborder":"8","international":"0"},{"date":"2012-09","domestic":"1305","transborder":"9","international":"0"},{"date":"2012-10","domestic":"1102","transborder":"8","international":"0"},{"date":"2012-11","domestic":"869","transborder":"8","international":"0"},{"date":"2012-12","domestic":"777","transborder":"4","international":"0"},{"date":"2013-01","domestic":"1033","transborder":"8","international":"0"},{"date":"2013-02","domestic":"1029","transborder":"7","international":"1"},{"date":"2013-03","domestic":"998","transborder":"6","international":"0"},{"date":"2013-04","domestic":"956","transborder":"6","international":"0"},{"date":"2013-05","domestic":"1171","transborder":"6","international":"0"},{"date":"2013-06","domestic":"1256","transborder":"11","international":"0"},{"date":"2013-07","domestic":"2682","transborder":"16","international":"0"},{"date":"2013-08","domestic":"1746","transborder":"6","international":"0"},{"date":"2013-09","domestic":"1302","transborder":"9","international":"0"},{"date":"2013-10","domestic":"1332","transborder":"9","international":"0"},{"date":"2013-11","domestic":"1077","transborder":"9","international":"0"},{"date":"2013-12","domestic":"813","transborder":"3","international":"0"},{"date":"2014-01","domestic":"1045","transborder":"4","international":"0"},{"date":"2014-02","domestic":"940","transborder":"7","international":"0"},{"date":"2014-03","domestic":"1153","transborder":"7","international":"0"},{"date":"2014-04","domestic":"1124","transborder":"7","international":"2"},{"date":"2014-05","domestic":"1311","transborder":"5","international":"0"},{"date":"2014-06","domestic":"1071","transborder":"9","international":"0"},{"date":"2014-07","domestic":"2130","transborder":"8","international":"0"},{"date":"2014-08","domestic":"1261","transborder":"5","international":"0"},{"date":"2014-09","domestic":"1193","transborder":"3","international":"0"},{"date":"2014-10","domestic":"963","transborder":"3","international":"0"},{"date":"2014-11","domestic":"759","transborder":"6","international":"0"},{"date":"2014-12","domestic":"877","transborder":"8","international":"0"},{"date":"2015-01","domestic":"999","transborder":"2","international":"0"},{"date":"2015-02","domestic":"837","transborder":"11","international":"0"},{"date":"2015-03","domestic":"1003","transborder":"6","international":"2"},{"date":"2015-04","domestic":"1093","transborder":"8","international":"0"},{"date":"2015-05","domestic":"1224","transborder":"10","international":"0"},{"date":"2015-06","domestic":"1268","transborder":"7","international":"0"},{"date":"2015-07","domestic":"2257","transborder":"15","international":"0"},{"date":"2015-08","domestic":"1095","transborder":"10","international":"0"},{"date":"2015-09","domestic":"1137","transborder":"6","international":"0"},{"date":"2015-10","domestic":"1146","transborder":"6","international":"0"},{"date":"2015-11","domestic":"842","transborder":"3","international":"0"},{"date":"2015-12","domestic":"695","transborder":"2","international":"0"},{"date":"2016-01","domestic":"770","transborder":"5","international":"0"},{"date":"2016-02","domestic":"729","transborder":"2","international":"0"},{"date":"2016-03","domestic":"820","transborder":"7","international":"0"},{"date":"2016-04","domestic":"947","transborder":"11","international":"0"},{"date":"2016-05","domestic":"893","transborder":"3","international":"0"},{"date":"2016-06","domestic":"1037","transborder":"6","international":"0"},{"date":"2016-07","domestic":"2107","transborder":"12","international":"0"},{"date":"2016-08","domestic":"1429","transborder":"3","international":"0"},{"date":"2016-09","domestic":"916","transborder":"3","international":"0"},{"date":"2016-10","domestic":"958","transborder":"5","international":"0"},{"date":"2016-11","domestic":"980","transborder":"6","international":"0"},{"date":"2016-12","domestic":"696","transborder":"7","international":"0"},{"date":"2017-01","domestic":"744","transborder":"1","international":"0"},{"date":"2017-02","domestic":"680","transborder":"4","international":"0"},{"date":"2017-03","domestic":"864","transborder":"3","international":"0"},{"date":"2017-04","domestic":"847","transborder":"10","international":"1"},{"date":"2017-05","domestic":"1169","transborder":"7","international":"0"},{"date":"2017-06","domestic":"1139","transborder":"3","international":"0"},{"date":"2017-07","domestic":"2578","transborder":"11","international":"0"},{"date":"2017-08","domestic":"1237","transborder":"5","international":"0"},{"date":"2017-09","domestic":"1036","transborder":"3","international":"0"},{"date":"2017-10","domestic":"1083","transborder":"13","international":"0"},{"date":"2017-11","domestic":"726","transborder":"5","international":"0"},{"date":"2017-12","domestic":"816","transborder":"4","international":"0"},{"date":"2018-01","domestic":"820","transborder":"3","international":"0"},{"date":"2018-02","domestic":"602","transborder":"3","international":"0"},{"date":"2018-03","domestic":"812","transborder":"4","international":"0"},{"date":"2018-04","domestic":"945","transborder":"3","international":"0"},{"date":"2018-05","domestic":"423","transborder":"1","international":"0"},{"date":"2018-06","domestic":"1160","transborder":"11","international":"0"},{"date":"2018-07","domestic":"1491","transborder":"9","international":"0"},{"date":"2018-08","domestic":"1336","transborder":"10","international":"0"},{"date":"2018-09","domestic":"1337","transborder":"9","international":"0"},{"date":"2018-10","domestic":"1565","transborder":"21","international":"0"},{"date":"2018-11","domestic":"1142","transborder":"10","international":"0"},{"date":"2018-12","domestic":"941","transborder":"6","international":"0"},{"date":"2019-01","domestic":"1118","transborder":"4","international":"0"},{"date":"2019-02","domestic":"852","transborder":"2","international":"0"}]