[{"date":"2010-01","domestic":"1390","transborder":"0","international":"0"},{"date":"2010-02","domestic":"1359","transborder":"1","international":"0"},{"date":"2010-03","domestic":"1753","transborder":"3","international":"0"},{"date":"2010-04","domestic":"1631","transborder":"3","international":"0"},{"date":"2010-05","domestic":"1872","transborder":"2","international":"0"},{"date":"2010-06","domestic":"2415","transborder":"0","international":"0"},{"date":"2010-07","domestic":"2202","transborder":"1","international":"0"},{"date":"2010-08","domestic":"1846","transborder":"0","international":"0"},{"date":"2010-09","domestic":"1903","transborder":"1","international":"0"},{"date":"2010-10","domestic":"1858","transborder":"1","international":"0"},{"date":"2010-11","domestic":"1713","transborder":"4","international":"0"},{"date":"2010-12","domestic":"1236","transborder":"0","international":"0"},{"date":"2011-01","domestic":"1335","transborder":"1","international":"0"},{"date":"2011-02","domestic":"1432","transborder":"1","international":"0"},{"date":"2011-03","domestic":"1708","transborder":"0","international":"0"},{"date":"2011-04","domestic":"1787","transborder":"2","international":"0"},{"date":"2011-05","domestic":"1833","transborder":"1","international":"1"},{"date":"2011-06","domestic":"2439","transborder":"2","international":"0"},{"date":"2011-07","domestic":"2010","transborder":"1","international":"0"},{"date":"2011-08","domestic":"2244","transborder":"1","international":"0"},{"date":"2011-09","domestic":"2281","transborder":"1","international":"0"},{"date":"2011-10","domestic":"1945","transborder":"0","international":"0"},{"date":"2011-11","domestic":"1542","transborder":"1","international":"0"},{"date":"2011-12","domestic":"1281","transborder":"0","international":"0"},{"date":"2012-01","domestic":"1314","transborder":"0","international":"0"},{"date":"2012-02","domestic":"1516","transborder":"1","international":"0"},{"date":"2012-03","domestic":"1670","transborder":"2","international":"0"},{"date":"2012-04","domestic":"1403","transborder":"5","international":"0"},{"date":"2012-05","domestic":"1997","transborder":"1","international":"0"},{"date":"2012-06","domestic":"1935","transborder":"1","international":"0"},{"date":"2012-07","domestic":"2561","transborder":"5","international":"0"},{"date":"2012-08","domestic":"2473","transborder":"5","international":"0"},{"date":"2012-09","domestic":"2389","transborder":"7","international":"0"},{"date":"2012-10","domestic":"1629","transborder":"1","international":"0"},{"date":"2012-11","domestic":"1468","transborder":"0","international":"0"},{"date":"2012-12","domestic":"1183","transborder":"2","international":"0"},{"date":"2013-01","domestic":"1324","transborder":"1","international":"0"},{"date":"2013-02","domestic":"1289","transborder":"0","international":"0"},{"date":"2013-03","domestic":"1551","transborder":"2","international":"0"},{"date":"2013-04","domestic":"1384","transborder":"3","international":"0"},{"date":"2013-05","domestic":"2032","transborder":"2","international":"0"},{"date":"2013-06","domestic":"1977","transborder":"1","international":"0"},{"date":"2013-07","domestic":"2392","transborder":"2","international":"0"},{"date":"2013-08","domestic":"2559","transborder":"5","international":"0"},{"date":"2013-09","domestic":"2644","transborder":"4","international":"0"},{"date":"2013-10","domestic":"2354","transborder":"4","international":"0"},{"date":"2013-11","domestic":"1580","transborder":"3","international":"0"},{"date":"2013-12","domestic":"1253","transborder":"1","international":"0"},{"date":"2014-01","domestic":"1357","transborder":"0","international":"1"},{"date":"2014-02","domestic":"1283","transborder":"0","international":"0"},{"date":"2014-03","domestic":"1458","transborder":"1","international":"0"},{"date":"2014-04","domestic":"1595","transborder":"1","international":"0"},{"date":"2014-05","domestic":"1992","transborder":"3","international":"0"},{"date":"2014-06","domestic":"2115","transborder":"3","international":"0"},{"date":"2014-07","domestic":"2544","transborder":"2","international":"0"},{"date":"2014-08","domestic":"2338","transborder":"0","international":"0"},{"date":"2014-09","domestic":"2050","transborder":"1","international":"0"},{"date":"2014-10","domestic":"1666","transborder":"2","international":"0"},{"date":"2014-11","domestic":"1388","transborder":"0","international":"0"},{"date":"2014-12","domestic":"1235","transborder":"0","international":"0"},{"date":"2015-01","domestic":"1248","transborder":"0","international":"1"},{"date":"2015-02","domestic":"1420","transborder":"0","international":"1"},{"date":"2015-03","domestic":"1603","transborder":"2","international":"0"},{"date":"2015-04","domestic":"1500","transborder":"2","international":"0"},{"date":"2015-05","domestic":"2067","transborder":"3","international":"0"},{"date":"2015-06","domestic":"2483","transborder":"5","international":"0"},{"date":"2015-07","domestic":"2511","transborder":"2","international":"0"},{"date":"2015-08","domestic":"1968","transborder":"3","international":"0"},{"date":"2015-09","domestic":"1999","transborder":"1","international":"0"},{"date":"2015-10","domestic":"1946","transborder":"1","international":"0"},{"date":"2015-11","domestic":"1238","transborder":"0","international":"0"},{"date":"2015-12","domestic":"1089","transborder":"0","international":"0"},{"date":"2016-01","domestic":"1187","transborder":"0","international":"0"},{"date":"2016-02","domestic":"1138","transborder":"0","international":"0"},{"date":"2016-03","domestic":"1468","transborder":"2","international":"0"},{"date":"2016-04","domestic":"1637","transborder":"1","international":"0"},{"date":"2016-05","domestic":"2978","transborder":"1","international":"0"},{"date":"2016-06","domestic":"2110","transborder":"3","international":"0"},{"date":"2016-07","domestic":"1713","transborder":"3","international":"0"},{"date":"2016-08","domestic":"1750","transborder":"2","international":"0"},{"date":"2016-09","domestic":"1725","transborder":"3","international":"0"},{"date":"2016-10","domestic":"1173","transborder":"2","international":"0"},{"date":"2016-11","domestic":"1183","transborder":"0","international":"0"},{"date":"2016-12","domestic":"1043","transborder":"0","international":"0"},{"date":"2017-01","domestic":"1154","transborder":"2","international":"0"},{"date":"2017-02","domestic":"1028","transborder":"2","international":"0"},{"date":"2017-03","domestic":"1225","transborder":"2","international":"0"},{"date":"2017-04","domestic":"1885","transborder":"1","international":"0"},{"date":"2017-05","domestic":"2171","transborder":"1","international":"0"},{"date":"2017-06","domestic":"1891","transborder":"3","international":"0"},{"date":"2017-07","domestic":"1860","transborder":"3","international":"0"},{"date":"2017-08","domestic":"1964","transborder":"2","international":"0"},{"date":"2017-09","domestic":"1540","transborder":"4","international":"0"},{"date":"2017-10","domestic":"1503","transborder":"1","international":"0"},{"date":"2017-11","domestic":"1124","transborder":"2","international":"0"},{"date":"2017-12","domestic":"1038","transborder":"1","international":"0"},{"date":"2018-01","domestic":"1062","transborder":"0","international":"0"},{"date":"2018-02","domestic":"974","transborder":"0","international":"0"},{"date":"2018-03","domestic":"1161","transborder":"1","international":"1"},{"date":"2018-04","domestic":"1419","transborder":"1","international":"0"},{"date":"2018-05","domestic":"2057","transborder":"2","international":"0"},{"date":"2018-06","domestic":"1891","transborder":"1","international":"0"},{"date":"2018-07","domestic":"1832","transborder":"3","international":"0"},{"date":"2018-08","domestic":"1592","transborder":"0","international":"0"},{"date":"2018-09","domestic":"1613","transborder":"2","international":"0"},{"date":"2018-10","domestic":"1789","transborder":"4","international":"0"},{"date":"2018-11","domestic":"1072","transborder":"1","international":"0"},{"date":"2018-12","domestic":"1144","transborder":"0","international":"0"},{"date":"2019-01","domestic":"1217","transborder":"1","international":"0"},{"date":"2019-02","domestic":"1052","transborder":"0","international":"0"}]