[{"date":"2010-01","domestic":"2019","transborder":"2","international":"0"},{"date":"2010-02","domestic":"2010","transborder":"0","international":"0"},{"date":"2010-03","domestic":"2445","transborder":"1","international":"0"},{"date":"2010-04","domestic":"2328","transborder":"3","international":"0"},{"date":"2010-05","domestic":"2374","transborder":"10","international":"0"},{"date":"2010-06","domestic":"2480","transborder":"50","international":"1"},{"date":"2010-07","domestic":"2301","transborder":"36","international":"0"},{"date":"2010-08","domestic":"2316","transborder":"35","international":"0"},{"date":"2010-09","domestic":"2366","transborder":"3","international":"0"},{"date":"2010-10","domestic":"2220","transborder":"4","international":"0"},{"date":"2010-11","domestic":"2263","transborder":"1","international":"0"},{"date":"2010-12","domestic":"2385","transborder":"1","international":"0"},{"date":"2011-01","domestic":"2232","transborder":"2","international":"1"},{"date":"2011-02","domestic":"2114","transborder":"3","international":"0"},{"date":"2011-03","domestic":"2502","transborder":"2","international":"0"},{"date":"2011-04","domestic":"2297","transborder":"1","international":"0"},{"date":"2011-05","domestic":"2635","transborder":"3","international":"0"},{"date":"2011-06","domestic":"2522","transborder":"19","international":"0"},{"date":"2011-07","domestic":"2677","transborder":"25","international":"1"},{"date":"2011-08","domestic":"2697","transborder":"6","international":"0"},{"date":"2011-09","domestic":"2507","transborder":"11","international":"0"},{"date":"2011-10","domestic":"2266","transborder":"2","international":"0"},{"date":"2011-11","domestic":"2356","transborder":"1","international":"0"},{"date":"2011-12","domestic":"2239","transborder":"2","international":"0"},{"date":"2012-01","domestic":"2277","transborder":"0","international":"0"},{"date":"2012-02","domestic":"2301","transborder":"0","international":"0"},{"date":"2012-03","domestic":"2595","transborder":"0","international":"0"},{"date":"2012-04","domestic":"2569","transborder":"1","international":"0"},{"date":"2012-05","domestic":"2552","transborder":"6","international":"0"},{"date":"2012-06","domestic":"2494","transborder":"28","international":"0"},{"date":"2012-07","domestic":"2558","transborder":"27","international":"0"},{"date":"2012-08","domestic":"2619","transborder":"17","international":"0"},{"date":"2012-09","domestic":"2335","transborder":"12","international":"0"},{"date":"2012-10","domestic":"2307","transborder":"3","international":"0"},{"date":"2012-11","domestic":"2547","transborder":"2","international":"0"},{"date":"2012-12","domestic":"2261","transborder":"1","international":"0"},{"date":"2013-01","domestic":"2462","transborder":"0","international":"0"},{"date":"2013-02","domestic":"2262","transborder":"1","international":"0"},{"date":"2013-03","domestic":"2563","transborder":"3","international":"0"},{"date":"2013-04","domestic":"2629","transborder":"2","international":"3"},{"date":"2013-05","domestic":"2774","transborder":"5","international":"0"},{"date":"2013-06","domestic":"2433","transborder":"25","international":"0"},{"date":"2013-07","domestic":"2541","transborder":"20","international":"0"},{"date":"2013-08","domestic":"2626","transborder":"13","international":"0"},{"date":"2013-09","domestic":"2249","transborder":"8","international":"0"},{"date":"2013-10","domestic":"2366","transborder":"2","international":"0"},{"date":"2013-11","domestic":"2469","transborder":"0","international":"0"},{"date":"2013-12","domestic":"2165","transborder":"2","international":"0"},{"date":"2014-01","domestic":"2267","transborder":"2","international":"0"},{"date":"2014-02","domestic":"2026","transborder":"0","international":"0"},{"date":"2014-03","domestic":"2255","transborder":"0","international":"0"},{"date":"2014-04","domestic":"2345","transborder":"2","international":"0"},{"date":"2014-05","domestic":"2593","transborder":"9","international":"0"},{"date":"2014-06","domestic":"2453","transborder":"24","international":"0"},{"date":"2014-07","domestic":"2496","transborder":"17","international":"0"},{"date":"2014-08","domestic":"2448","transborder":"16","international":"0"},{"date":"2014-09","domestic":"2242","transborder":"6","international":"0"},{"date":"2014-10","domestic":"2460","transborder":"3","international":"0"},{"date":"2014-11","domestic":"2375","transborder":"1","international":"0"},{"date":"2014-12","domestic":"2039","transborder":"0","international":"0"},{"date":"2015-01","domestic":"2147","transborder":"2","international":"0"},{"date":"2015-02","domestic":"2138","transborder":"2","international":"0"},{"date":"2015-03","domestic":"2500","transborder":"0","international":"0"},{"date":"2015-04","domestic":"2474","transborder":"3","international":"0"},{"date":"2015-05","domestic":"2633","transborder":"9","international":"0"},{"date":"2015-06","domestic":"2742","transborder":"10","international":"0"},{"date":"2015-07","domestic":"2845","transborder":"15","international":"0"},{"date":"2015-08","domestic":"2776","transborder":"17","international":"0"},{"date":"2015-09","domestic":"2822","transborder":"11","international":"0"},{"date":"2015-10","domestic":"2592","transborder":"1","international":"0"},{"date":"2015-11","domestic":"2304","transborder":"0","international":"0"},{"date":"2015-12","domestic":"2540","transborder":"0","international":"0"},{"date":"2016-01","domestic":"2509","transborder":"4","international":"0"},{"date":"2016-02","domestic":"2522","transborder":"1","international":"0"},{"date":"2016-03","domestic":"2875","transborder":"3","international":"0"},{"date":"2016-04","domestic":"2866","transborder":"1","international":"0"},{"date":"2016-05","domestic":"2968","transborder":"9","international":"0"},{"date":"2016-06","domestic":"2860","transborder":"15","international":"0"},{"date":"2016-07","domestic":"2995","transborder":"16","international":"0"},{"date":"2016-08","domestic":"2990","transborder":"16","international":"0"},{"date":"2016-09","domestic":"2756","transborder":"8","international":"0"},{"date":"2016-10","domestic":"2905","transborder":"1","international":"0"},{"date":"2016-11","domestic":"2900","transborder":"1","international":"0"},{"date":"2016-12","domestic":"2746","transborder":"1","international":"0"},{"date":"2017-01","domestic":"2691","transborder":"0","international":"0"},{"date":"2017-02","domestic":"2807","transborder":"0","international":"0"},{"date":"2017-03","domestic":"3072","transborder":"3","international":"0"},{"date":"2017-04","domestic":"2957","transborder":"2","international":"0"},{"date":"2017-05","domestic":"3346","transborder":"7","international":"0"},{"date":"2017-06","domestic":"3313","transborder":"19","international":"0"},{"date":"2017-07","domestic":"3405","transborder":"20","international":"0"},{"date":"2017-08","domestic":"3638","transborder":"22","international":"0"},{"date":"2017-09","domestic":"3122","transborder":"11","international":"0"},{"date":"2017-10","domestic":"3273","transborder":"2","international":"0"},{"date":"2017-11","domestic":"3047","transborder":"0","international":"0"},{"date":"2017-12","domestic":"2937","transborder":"2","international":"0"},{"date":"2018-01","domestic":"3007","transborder":"1","international":"0"},{"date":"2018-02","domestic":"2834","transborder":"0","international":"0"},{"date":"2018-03","domestic":"3147","transborder":"1","international":"0"},{"date":"2018-04","domestic":"3060","transborder":"3","international":"0"},{"date":"2018-05","domestic":"3345","transborder":"8","international":"0"},{"date":"2018-06","domestic":"3047","transborder":"7","international":"0"},{"date":"2018-07","domestic":"3132","transborder":"26","international":"0"},{"date":"2018-08","domestic":"3188","transborder":"14","international":"0"},{"date":"2018-09","domestic":"2762","transborder":"12","international":"0"},{"date":"2018-10","domestic":"2849","transborder":"2","international":"0"},{"date":"2018-11","domestic":"2989","transborder":"2","international":"0"},{"date":"2018-12","domestic":"2689","transborder":"1","international":"0"},{"date":"2019-01","domestic":"2901","transborder":"0","international":"0"},{"date":"2019-02","domestic":"2668","transborder":"0","international":"0"}]