[{"date":"2010-01","domestic":"1514","transborder":"7","international":"10"},{"date":"2010-02","domestic":"1599","transborder":"9","international":"12"},{"date":"2010-03","domestic":"2090","transborder":"9","international":"9"},{"date":"2010-04","domestic":"2427","transborder":"6","international":"9"},{"date":"2010-05","domestic":"3149","transborder":"18","international":"2"},{"date":"2010-06","domestic":"2448","transborder":"30","international":"0"},{"date":"2010-07","domestic":"3015","transborder":"42","international":"2"},{"date":"2010-08","domestic":"3178","transborder":"19","international":"2"},{"date":"2010-09","domestic":"2148","transborder":"28","international":"0"},{"date":"2010-10","domestic":"1935","transborder":"16","international":"0"},{"date":"2010-11","domestic":"1899","transborder":"4","international":"8"},{"date":"2010-12","domestic":"1694","transborder":"6","international":"8"},{"date":"2011-01","domestic":"1635","transborder":"5","international":"13"},{"date":"2011-02","domestic":"1515","transborder":"10","international":"12"},{"date":"2011-03","domestic":"1903","transborder":"10","international":"10"},{"date":"2011-04","domestic":"2591","transborder":"5","international":"10"},{"date":"2011-05","domestic":"2423","transborder":"9","international":"0"},{"date":"2011-06","domestic":"2253","transborder":"38","international":"0"},{"date":"2011-07","domestic":"2070","transborder":"52","international":"0"},{"date":"2011-08","domestic":"2371","transborder":"11","international":"0"},{"date":"2011-09","domestic":"2100","transborder":"27","international":"1"},{"date":"2011-10","domestic":"1915","transborder":"30","international":"0"},{"date":"2011-11","domestic":"1828","transborder":"19","international":"8"},{"date":"2011-12","domestic":"1548","transborder":"6","international":"10"},{"date":"2012-01","domestic":"1508","transborder":"8","international":"7"},{"date":"2012-02","domestic":"1665","transborder":"8","international":"10"},{"date":"2012-03","domestic":"1908","transborder":"18","international":"13"},{"date":"2012-04","domestic":"1994","transborder":"4","international":"9"},{"date":"2012-05","domestic":"2439","transborder":"12","international":"1"},{"date":"2012-06","domestic":"2051","transborder":"32","international":"0"},{"date":"2012-07","domestic":"2409","transborder":"34","international":"0"},{"date":"2012-08","domestic":"2319","transborder":"14","international":"1"},{"date":"2012-09","domestic":"2202","transborder":"20","international":"1"},{"date":"2012-10","domestic":"1935","transborder":"16","international":"1"},{"date":"2012-11","domestic":"1977","transborder":"3","international":"8"},{"date":"2012-12","domestic":"1445","transborder":"8","international":"10"},{"date":"2013-01","domestic":"1564","transborder":"6","international":"11"},{"date":"2013-02","domestic":"1460","transborder":"12","international":"11"},{"date":"2013-03","domestic":"1783","transborder":"21","international":"10"},{"date":"2013-04","domestic":"1977","transborder":"6","international":"8"},{"date":"2013-05","domestic":"2375","transborder":"11","international":"1"},{"date":"2013-06","domestic":"2508","transborder":"31","international":"1"},{"date":"2013-07","domestic":"2596","transborder":"21","international":"1"},{"date":"2013-08","domestic":"3150","transborder":"18","international":"0"},{"date":"2013-09","domestic":"2270","transborder":"29","international":"1"},{"date":"2013-10","domestic":"2063","transborder":"11","international":"0"},{"date":"2013-11","domestic":"1931","transborder":"6","international":"10"},{"date":"2013-12","domestic":"1726","transborder":"4","international":"8"},{"date":"2014-01","domestic":"1739","transborder":"14","international":"8"},{"date":"2014-02","domestic":"1737","transborder":"15","international":"10"},{"date":"2014-03","domestic":"1911","transborder":"11","international":"10"},{"date":"2014-04","domestic":"2225","transborder":"7","international":"8"},{"date":"2014-05","domestic":"2811","transborder":"5","international":"0"},{"date":"2014-06","domestic":"2475","transborder":"14","international":"0"},{"date":"2014-07","domestic":"3522","transborder":"18","international":"0"},{"date":"2014-08","domestic":"3339","transborder":"15","international":"0"},{"date":"2014-09","domestic":"2634","transborder":"17","international":"0"},{"date":"2014-10","domestic":"2617","transborder":"19","international":"0"},{"date":"2014-11","domestic":"2093","transborder":"1","international":"10"},{"date":"2014-12","domestic":"2087","transborder":"4","international":"7"},{"date":"2015-01","domestic":"2042","transborder":"3","international":"11"},{"date":"2015-02","domestic":"2112","transborder":"4","international":"9"},{"date":"2015-03","domestic":"2401","transborder":"14","international":"9"},{"date":"2015-04","domestic":"2585","transborder":"3","international":"8"},{"date":"2015-05","domestic":"3856","transborder":"5","international":"2"},{"date":"2015-06","domestic":"2857","transborder":"15","international":"5"},{"date":"2015-07","domestic":"2826","transborder":"6","international":"0"},{"date":"2015-08","domestic":"2531","transborder":"15","international":"0"},{"date":"2015-09","domestic":"2514","transborder":"14","international":"0"},{"date":"2015-10","domestic":"2359","transborder":"7","international":"6"},{"date":"2015-11","domestic":"2052","transborder":"0","international":"9"},{"date":"2015-12","domestic":"1961","transborder":"5","international":"8"},{"date":"2016-01","domestic":"1914","transborder":"3","international":"11"},{"date":"2016-02","domestic":"1972","transborder":"12","international":"9"},{"date":"2016-03","domestic":"2218","transborder":"14","international":"8"},{"date":"2016-04","domestic":"2585","transborder":"14","international":"10"},{"date":"2016-05","domestic":"3215","transborder":"13","international":"0"},{"date":"2016-06","domestic":"2443","transborder":"20","international":"0"},{"date":"2016-07","domestic":"2261","transborder":"15","international":"0"},{"date":"2016-08","domestic":"2629","transborder":"13","international":"0"},{"date":"2016-09","domestic":"2416","transborder":"22","international":"0"},{"date":"2016-10","domestic":"2089","transborder":"2","international":"2"},{"date":"2016-11","domestic":"2178","transborder":"4","international":"8"},{"date":"2016-12","domestic":"1969","transborder":"4","international":"11"},{"date":"2017-01","domestic":"1883","transborder":"6","international":"8"},{"date":"2017-02","domestic":"1725","transborder":"12","international":"11"},{"date":"2017-03","domestic":"2157","transborder":"15","international":"8"},{"date":"2017-04","domestic":"2220","transborder":"6","international":"10"},{"date":"2017-05","domestic":"2764","transborder":"12","international":"0"},{"date":"2017-06","domestic":"2777","transborder":"14","international":"0"},{"date":"2017-07","domestic":"3376","transborder":"11","international":"0"},{"date":"2017-08","domestic":"2994","transborder":"27","international":"0"},{"date":"2017-09","domestic":"2611","transborder":"17","international":"0"},{"date":"2017-10","domestic":"2346","transborder":"10","international":"0"},{"date":"2017-11","domestic":"2225","transborder":"8","international":"8"},{"date":"2017-12","domestic":"2006","transborder":"7","international":"10"},{"date":"2018-01","domestic":"1941","transborder":"10","international":"9"},{"date":"2018-02","domestic":"1751","transborder":"15","international":"9"},{"date":"2018-03","domestic":"2186","transborder":"9","international":"10"},{"date":"2018-04","domestic":"2385","transborder":"5","international":"8"},{"date":"2018-05","domestic":"3112","transborder":"11","international":"0"},{"date":"2018-06","domestic":"3101","transborder":"27","international":"0"},{"date":"2018-07","domestic":"3028","transborder":"14","international":"0"},{"date":"2018-08","domestic":"2966","transborder":"19","international":"1"},{"date":"2018-09","domestic":"2874","transborder":"18","international":"1"},{"date":"2018-10","domestic":"2851","transborder":"18","international":"0"},{"date":"2018-11","domestic":"2331","transborder":"9","international":"0"},{"date":"2018-12","domestic":"2099","transborder":"3","international":"9"},{"date":"2019-01","domestic":"2064","transborder":"15","international":"8"},{"date":"2019-02","domestic":"1966","transborder":"11","international":"10"}]