[{"date":"2010-01","domestic":"691","transborder":"0","international":"0"},{"date":"2010-02","domestic":"703","transborder":"2","international":"0"},{"date":"2010-03","domestic":"960","transborder":"1","international":"0"},{"date":"2010-04","domestic":"890","transborder":"1","international":"0"},{"date":"2010-05","domestic":"1194","transborder":"1","international":"0"},{"date":"2010-06","domestic":"1051","transborder":"1","international":"0"},{"date":"2010-07","domestic":"1092","transborder":"2","international":"0"},{"date":"2010-08","domestic":"1243","transborder":"8","international":"0"},{"date":"2010-09","domestic":"1051","transborder":"4","international":"0"},{"date":"2010-10","domestic":"880","transborder":"3","international":"0"},{"date":"2010-11","domestic":"878","transborder":"1","international":"0"},{"date":"2010-12","domestic":"710","transborder":"0","international":"0"},{"date":"2011-01","domestic":"871","transborder":"1","international":"0"},{"date":"2011-02","domestic":"764","transborder":"2","international":"1"},{"date":"2011-03","domestic":"983","transborder":"1","international":"0"},{"date":"2011-04","domestic":"1063","transborder":"5","international":"0"},{"date":"2011-05","domestic":"1117","transborder":"1","international":"0"},{"date":"2011-06","domestic":"1356","transborder":"5","international":"0"},{"date":"2011-07","domestic":"1554","transborder":"2","international":"0"},{"date":"2011-08","domestic":"1517","transborder":"10","international":"0"},{"date":"2011-09","domestic":"1395","transborder":"2","international":"0"},{"date":"2011-10","domestic":"1218","transborder":"4","international":"0"},{"date":"2011-11","domestic":"1006","transborder":"0","international":"0"},{"date":"2011-12","domestic":"909","transborder":"3","international":"0"},{"date":"2012-01","domestic":"810","transborder":"1","international":"0"},{"date":"2012-02","domestic":"933","transborder":"2","international":"1"},{"date":"2012-03","domestic":"1026","transborder":"1","international":"1"},{"date":"2012-04","domestic":"1010","transborder":"3","international":"0"},{"date":"2012-05","domestic":"1188","transborder":"0","international":"0"},{"date":"2012-06","domestic":"1160","transborder":"4","international":"0"},{"date":"2012-07","domestic":"1419","transborder":"7","international":"0"},{"date":"2012-08","domestic":"1644","transborder":"8","international":"0"},{"date":"2012-09","domestic":"1556","transborder":"7","international":"0"},{"date":"2012-10","domestic":"1495","transborder":"4","international":"0"},{"date":"2012-11","domestic":"911","transborder":"1","international":"0"},{"date":"2012-12","domestic":"818","transborder":"1","international":"0"},{"date":"2013-01","domestic":"954","transborder":"0","international":"0"},{"date":"2013-02","domestic":"887","transborder":"0","international":"0"},{"date":"2013-03","domestic":"1246","transborder":"2","international":"0"},{"date":"2013-04","domestic":"1220","transborder":"1","international":"0"},{"date":"2013-05","domestic":"1690","transborder":"3","international":"0"},{"date":"2013-06","domestic":"1747","transborder":"7","international":"0"},{"date":"2013-07","domestic":"1998","transborder":"3","international":"0"},{"date":"2013-08","domestic":"2274","transborder":"11","international":"0"},{"date":"2013-09","domestic":"2556","transborder":"4","international":"0"},{"date":"2013-10","domestic":"1639","transborder":"3","international":"0"},{"date":"2013-11","domestic":"1114","transborder":"2","international":"0"},{"date":"2013-12","domestic":"1225","transborder":"2","international":"0"},{"date":"2014-01","domestic":"1190","transborder":"1","international":"0"},{"date":"2014-02","domestic":"1245","transborder":"4","international":"0"},{"date":"2014-03","domestic":"1303","transborder":"4","international":"0"},{"date":"2014-04","domestic":"1213","transborder":"0","international":"0"},{"date":"2014-05","domestic":"1514","transborder":"3","international":"0"},{"date":"2014-06","domestic":"1629","transborder":"3","international":"0"},{"date":"2014-07","domestic":"1819","transborder":"4","international":"0"},{"date":"2014-08","domestic":"1949","transborder":"14","international":"0"},{"date":"2014-09","domestic":"1847","transborder":"4","international":"0"},{"date":"2014-10","domestic":"1396","transborder":"1","international":"0"},{"date":"2014-11","domestic":"1228","transborder":"1","international":"0"},{"date":"2014-12","domestic":"1085","transborder":"0","international":"0"},{"date":"2015-01","domestic":"1132","transborder":"0","international":"0"},{"date":"2015-02","domestic":"1034","transborder":"1","international":"0"},{"date":"2015-03","domestic":"1176","transborder":"1","international":"0"},{"date":"2015-04","domestic":"1198","transborder":"3","international":"0"},{"date":"2015-05","domestic":"1321","transborder":"1","international":"0"},{"date":"2015-06","domestic":"1658","transborder":"3","international":"0"},{"date":"2015-07","domestic":"1719","transborder":"3","international":"0"},{"date":"2015-08","domestic":"1869","transborder":"17","international":"0"},{"date":"2015-09","domestic":"1441","transborder":"0","international":"0"},{"date":"2015-10","domestic":"1428","transborder":"2","international":"0"},{"date":"2015-11","domestic":"1079","transborder":"0","international":"0"},{"date":"2015-12","domestic":"1081","transborder":"0","international":"0"},{"date":"2016-01","domestic":"926","transborder":"0","international":"0"},{"date":"2016-02","domestic":"929","transborder":"1","international":"0"},{"date":"2016-03","domestic":"1050","transborder":"2","international":"0"},{"date":"2016-04","domestic":"981","transborder":"1","international":"0"},{"date":"2016-05","domestic":"916","transborder":"2","international":"0"},{"date":"2016-06","domestic":"1096","transborder":"4","international":"0"},{"date":"2016-07","domestic":"1424","transborder":"6","international":"0"},{"date":"2016-08","domestic":"1371","transborder":"24","international":"0"},{"date":"2016-09","domestic":"1089","transborder":"2","international":"0"},{"date":"2016-10","domestic":"847","transborder":"5","international":"0"},{"date":"2016-11","domestic":"703","transborder":"0","international":"0"},{"date":"2016-12","domestic":"751","transborder":"0","international":"0"},{"date":"2017-01","domestic":"813","transborder":"1","international":"0"},{"date":"2017-02","domestic":"752","transborder":"3","international":"0"},{"date":"2017-03","domestic":"848","transborder":"0","international":"0"},{"date":"2017-04","domestic":"880","transborder":"3","international":"0"},{"date":"2017-05","domestic":"974","transborder":"2","international":"0"},{"date":"2017-06","domestic":"937","transborder":"2","international":"0"},{"date":"2017-07","domestic":"1105","transborder":"2","international":"0"},{"date":"2017-08","domestic":"1211","transborder":"18","international":"0"},{"date":"2017-09","domestic":"1051","transborder":"4","international":"0"},{"date":"2017-10","domestic":"1017","transborder":"6","international":"0"},{"date":"2017-11","domestic":"751","transborder":"1","international":"0"},{"date":"2017-12","domestic":"680","transborder":"0","international":"0"},{"date":"2018-01","domestic":"760","transborder":"0","international":"0"},{"date":"2018-02","domestic":"701","transborder":"1","international":"0"},{"date":"2018-03","domestic":"891","transborder":"6","international":"0"},{"date":"2018-04","domestic":"803","transborder":"2","international":"0"},{"date":"2018-05","domestic":"953","transborder":"5","international":"0"},{"date":"2018-06","domestic":"1021","transborder":"1","international":"0"},{"date":"2018-07","domestic":"1512","transborder":"4","international":"0"},{"date":"2018-08","domestic":"2011","transborder":"30","international":"0"},{"date":"2018-09","domestic":"1323","transborder":"2","international":"0"},{"date":"2018-10","domestic":"1002","transborder":"4","international":"0"},{"date":"2018-11","domestic":"767","transborder":"1","international":"0"},{"date":"2018-12","domestic":"750","transborder":"0","international":"0"},{"date":"2019-01","domestic":"723","transborder":"0","international":"1"},{"date":"2019-02","domestic":"758","transborder":"5","international":"0"}]