[{"date":"2010-01","domestic":"3642","transborder":"361","international":"35"},{"date":"2010-02","domestic":"3576","transborder":"351","international":"34"},{"date":"2010-03","domestic":"7151","transborder":"420","international":"46"},{"date":"2010-04","domestic":"5829","transborder":"460","international":"11"},{"date":"2010-05","domestic":"5669","transborder":"479","international":"15"},{"date":"2010-06","domestic":"6138","transborder":"483","international":"16"},{"date":"2010-07","domestic":"6505","transborder":"437","international":"11"},{"date":"2010-08","domestic":"6541","transborder":"469","international":"4"},{"date":"2010-09","domestic":"4911","transborder":"442","international":"1"},{"date":"2010-10","domestic":"5203","transborder":"408","international":"0"},{"date":"2010-11","domestic":"4414","transborder":"403","international":"2"},{"date":"2010-12","domestic":"1856","transborder":"321","international":"7"},{"date":"2011-01","domestic":"2600","transborder":"219","international":"20"},{"date":"2011-02","domestic":"2527","transborder":"212","international":"18"},{"date":"2011-03","domestic":"3974","transborder":"272","international":"18"},{"date":"2011-04","domestic":"3530","transborder":"174","international":"3"},{"date":"2011-05","domestic":"4286","transborder":"225","international":"1"},{"date":"2011-06","domestic":"4893","transborder":"233","international":"6"},{"date":"2011-07","domestic":"5001","transborder":"257","international":"0"},{"date":"2011-08","domestic":"4389","transborder":"279","international":"4"},{"date":"2011-09","domestic":"4051","transborder":"283","international":"0"},{"date":"2011-10","domestic":"4020","transborder":"223","international":"0"},{"date":"2011-11","domestic":"3132","transborder":"217","international":"13"},{"date":"2011-12","domestic":"2456","transborder":"223","international":"23"},{"date":"2012-01","domestic":"2493","transborder":"209","international":"40"},{"date":"2012-02","domestic":"3177","transborder":"221","international":"35"},{"date":"2012-03","domestic":"3184","transborder":"251","international":"32"},{"date":"2012-04","domestic":"3086","transborder":"217","international":"16"},{"date":"2012-05","domestic":"3934","transborder":"219","international":"1"},{"date":"2012-06","domestic":"3821","transborder":"272","international":"1"},{"date":"2012-07","domestic":"4718","transborder":"252","international":"2"},{"date":"2012-08","domestic":"3964","transborder":"297","international":"0"},{"date":"2012-09","domestic":"3774","transborder":"302","international":"0"},{"date":"2012-10","domestic":"2813","transborder":"266","international":"0"},{"date":"2012-11","domestic":"3066","transborder":"210","international":"8"},{"date":"2012-12","domestic":"1829","transborder":"198","international":"34"},{"date":"2013-01","domestic":"2163","transborder":"170","international":"54"},{"date":"2013-02","domestic":"2101","transborder":"166","international":"51"},{"date":"2013-03","domestic":"2657","transborder":"222","international":"53"},{"date":"2013-04","domestic":"2722","transborder":"210","international":"27"},{"date":"2013-05","domestic":"3667","transborder":"218","international":"4"},{"date":"2013-06","domestic":"3298","transborder":"316","international":"3"},{"date":"2013-07","domestic":"4494","transborder":"249","international":"0"},{"date":"2013-08","domestic":"3876","transborder":"294","international":"0"},{"date":"2013-09","domestic":"3440","transborder":"297","international":"0"},{"date":"2013-10","domestic":"2952","transborder":"247","international":"1"},{"date":"2013-11","domestic":"2415","transborder":"217","international":"10"},{"date":"2013-12","domestic":"1887","transborder":"252","international":"29"},{"date":"2014-01","domestic":"1954","transborder":"218","international":"56"},{"date":"2014-02","domestic":"2078","transborder":"229","international":"52"},{"date":"2014-03","domestic":"2720","transborder":"235","international":"50"},{"date":"2014-04","domestic":"2647","transborder":"229","international":"33"},{"date":"2014-05","domestic":"3006","transborder":"235","international":"3"},{"date":"2014-06","domestic":"3366","transborder":"257","international":"5"},{"date":"2014-07","domestic":"3947","transborder":"273","international":"1"},{"date":"2014-08","domestic":"3678","transborder":"271","international":"1"},{"date":"2014-09","domestic":"3214","transborder":"289","international":"0"},{"date":"2014-10","domestic":"2574","transborder":"273","international":"2"},{"date":"2014-11","domestic":"2054","transborder":"344","international":"13"},{"date":"2014-12","domestic":"1974","transborder":"351","international":"35"},{"date":"2015-01","domestic":"2226","transborder":"320","international":"63"},{"date":"2015-02","domestic":"2001","transborder":"315","international":"65"},{"date":"2015-03","domestic":"2591","transborder":"342","international":"67"},{"date":"2015-04","domestic":"2434","transborder":"309","international":"25"},{"date":"2015-05","domestic":"2941","transborder":"208","international":"3"},{"date":"2015-06","domestic":"2823","transborder":"203","international":"0"},{"date":"2015-07","domestic":"3913","transborder":"269","international":"2"},{"date":"2015-08","domestic":"2912","transborder":"264","international":"0"},{"date":"2015-09","domestic":"2959","transborder":"238","international":"4"},{"date":"2015-10","domestic":"2353","transborder":"244","international":"1"},{"date":"2015-11","domestic":"2265","transborder":"202","international":"5"},{"date":"2015-12","domestic":"1317","transborder":"161","international":"26"},{"date":"2016-01","domestic":"1730","transborder":"135","international":"57"},{"date":"2016-02","domestic":"1652","transborder":"135","international":"56"},{"date":"2016-03","domestic":"2311","transborder":"177","international":"56"},{"date":"2016-04","domestic":"2682","transborder":"151","international":"21"},{"date":"2016-05","domestic":"3044","transborder":"184","international":"9"},{"date":"2016-06","domestic":"3143","transborder":"219","international":"10"},{"date":"2016-07","domestic":"3664","transborder":"124","international":"4"},{"date":"2016-08","domestic":"3379","transborder":"98","international":"11"},{"date":"2016-09","domestic":"3062","transborder":"175","international":"11"},{"date":"2016-10","domestic":"2822","transborder":"168","international":"4"},{"date":"2016-11","domestic":"2988","transborder":"129","international":"12"},{"date":"2016-12","domestic":"1589","transborder":"134","international":"27"},{"date":"2017-01","domestic":"1677","transborder":"59","international":"58"},{"date":"2017-02","domestic":"2496","transborder":"95","international":"59"},{"date":"2017-03","domestic":"2389","transborder":"121","international":"68"},{"date":"2017-04","domestic":"2795","transborder":"147","international":"28"},{"date":"2017-05","domestic":"3252","transborder":"167","international":"11"},{"date":"2017-06","domestic":"3533","transborder":"165","international":"9"},{"date":"2017-07","domestic":"4000","transborder":"174","international":"1"},{"date":"2017-08","domestic":"3615","transborder":"126","international":"2"},{"date":"2017-09","domestic":"3385","transborder":"202","international":"3"},{"date":"2017-10","domestic":"3006","transborder":"132","international":"3"},{"date":"2017-11","domestic":"2514","transborder":"221","international":"5"},{"date":"2017-12","domestic":"1876","transborder":"219","international":"23"},{"date":"2018-01","domestic":"1988","transborder":"127","international":"53"},{"date":"2018-02","domestic":"1951","transborder":"140","international":"44"},{"date":"2018-03","domestic":"2799","transborder":"138","international":"51"},{"date":"2018-04","domestic":"2621","transborder":"152","international":"19"},{"date":"2018-05","domestic":"3348","transborder":"128","international":"4"},{"date":"2018-06","domestic":"3185","transborder":"140","international":"6"},{"date":"2018-07","domestic":"3582","transborder":"138","international":"4"},{"date":"2018-08","domestic":"3462","transborder":"164","international":"9"},{"date":"2018-09","domestic":"3199","transborder":"224","international":"24"},{"date":"2018-10","domestic":"3172","transborder":"203","international":"40"},{"date":"2018-11","domestic":"2513","transborder":"120","international":"22"},{"date":"2018-12","domestic":"2690","transborder":"112","international":"26"},{"date":"2019-01","domestic":"2201","transborder":"115","international":"63"},{"date":"2019-02","domestic":"1997","transborder":"99","international":"51"}]