[{"date":"2010-01","domestic":"4250","transborder":"46","international":"29"},{"date":"2010-02","domestic":"3904","transborder":"328","international":"71"},{"date":"2010-03","domestic":"4821","transborder":"76","international":"29"},{"date":"2010-04","domestic":"4804","transborder":"33","international":"25"},{"date":"2010-05","domestic":"5050","transborder":"66","international":"15"},{"date":"2010-06","domestic":"4813","transborder":"67","international":"17"},{"date":"2010-07","domestic":"4258","transborder":"90","international":"14"},{"date":"2010-08","domestic":"3366","transborder":"137","international":"0"},{"date":"2010-09","domestic":"3076","transborder":"58","international":"0"},{"date":"2010-10","domestic":"3422","transborder":"48","international":"0"},{"date":"2010-11","domestic":"2159","transborder":"46","international":"8"},{"date":"2010-12","domestic":"2127","transborder":"41","international":"13"},{"date":"2011-01","domestic":"2016","transborder":"36","international":"28"},{"date":"2011-02","domestic":"2470","transborder":"47","international":"27"},{"date":"2011-03","domestic":"3217","transborder":"46","international":"30"},{"date":"2011-04","domestic":"3182","transborder":"67","international":"14"},{"date":"2011-05","domestic":"3997","transborder":"90","international":"1"},{"date":"2011-06","domestic":"3697","transborder":"91","international":"0"},{"date":"2011-07","domestic":"3124","transborder":"99","international":"0"},{"date":"2011-08","domestic":"3675","transborder":"127","international":"2"},{"date":"2011-09","domestic":"3229","transborder":"108","international":"1"},{"date":"2011-10","domestic":"2955","transborder":"52","international":"0"},{"date":"2011-11","domestic":"2610","transborder":"44","international":"8"},{"date":"2011-12","domestic":"2125","transborder":"47","international":"18"},{"date":"2012-01","domestic":"2142","transborder":"51","international":"24"},{"date":"2012-02","domestic":"2991","transborder":"44","international":"26"},{"date":"2012-03","domestic":"3010","transborder":"53","international":"20"},{"date":"2012-04","domestic":"3590","transborder":"85","international":"8"},{"date":"2012-05","domestic":"4110","transborder":"78","international":"0"},{"date":"2012-06","domestic":"3299","transborder":"76","international":"1"},{"date":"2012-07","domestic":"3763","transborder":"122","international":"0"},{"date":"2012-08","domestic":"3411","transborder":"175","international":"2"},{"date":"2012-09","domestic":"3595","transborder":"97","international":"0"},{"date":"2012-10","domestic":"2584","transborder":"55","international":"0"},{"date":"2012-11","domestic":"2670","transborder":"38","international":"8"},{"date":"2012-12","domestic":"1517","transborder":"31","international":"12"},{"date":"2013-01","domestic":"2611","transborder":"35","international":"8"},{"date":"2013-02","domestic":"2725","transborder":"40","international":"6"},{"date":"2013-03","domestic":"3610","transborder":"61","international":"11"},{"date":"2013-04","domestic":"3727","transborder":"53","international":"8"},{"date":"2013-05","domestic":"3753","transborder":"62","international":"0"},{"date":"2013-06","domestic":"3318","transborder":"82","international":"0"},{"date":"2013-07","domestic":"4320","transborder":"123","international":"0"},{"date":"2013-08","domestic":"3285","transborder":"167","international":"2"},{"date":"2013-09","domestic":"3184","transborder":"59","international":"0"},{"date":"2013-10","domestic":"3769","transborder":"56","international":"0"},{"date":"2013-11","domestic":"3254","transborder":"32","international":"12"},{"date":"2013-12","domestic":"1717","transborder":"39","international":"13"},{"date":"2014-01","domestic":"2841","transborder":"42","international":"9"},{"date":"2014-02","domestic":"2381","transborder":"31","international":"8"},{"date":"2014-03","domestic":"3410","transborder":"55","international":"11"},{"date":"2014-04","domestic":"4424","transborder":"60","international":"8"},{"date":"2014-05","domestic":"4436","transborder":"78","international":"0"},{"date":"2014-06","domestic":"3524","transborder":"101","international":"0"},{"date":"2014-07","domestic":"4229","transborder":"113","international":"1"},{"date":"2014-08","domestic":"3417","transborder":"141","international":"2"},{"date":"2014-09","domestic":"3512","transborder":"92","international":"0"},{"date":"2014-10","domestic":"3312","transborder":"67","international":"1"},{"date":"2014-11","domestic":"3051","transborder":"49","international":"12"},{"date":"2014-12","domestic":"2618","transborder":"47","international":"10"},{"date":"2015-01","domestic":"3130","transborder":"50","international":"11"},{"date":"2015-02","domestic":"2935","transborder":"59","international":"9"},{"date":"2015-03","domestic":"4062","transborder":"64","international":"17"},{"date":"2015-04","domestic":"4504","transborder":"86","international":"11"},{"date":"2015-05","domestic":"4380","transborder":"97","international":"2"},{"date":"2015-06","domestic":"4440","transborder":"93","international":"1"},{"date":"2015-07","domestic":"4190","transborder":"113","international":"1"},{"date":"2015-08","domestic":"3560","transborder":"142","international":"1"},{"date":"2015-09","domestic":"3797","transborder":"88","international":"1"},{"date":"2015-10","domestic":"3489","transborder":"43","international":"2"},{"date":"2015-11","domestic":"3596","transborder":"67","international":"9"},{"date":"2015-12","domestic":"2223","transborder":"45","international":"9"},{"date":"2016-01","domestic":"2879","transborder":"57","international":"12"},{"date":"2016-02","domestic":"3453","transborder":"73","international":"10"},{"date":"2016-03","domestic":"4079","transborder":"92","international":"8"},{"date":"2016-04","domestic":"4790","transborder":"85","international":"10"},{"date":"2016-05","domestic":"3903","transborder":"71","international":"0"},{"date":"2016-06","domestic":"3710","transborder":"86","international":"1"},{"date":"2016-07","domestic":"3680","transborder":"88","international":"1"},{"date":"2016-08","domestic":"3814","transborder":"187","international":"2"},{"date":"2016-09","domestic":"4201","transborder":"70","international":"0"},{"date":"2016-10","domestic":"3424","transborder":"45","international":"2"},{"date":"2016-11","domestic":"3650","transborder":"35","international":"9"},{"date":"2016-12","domestic":"2141","transborder":"41","international":"11"},{"date":"2017-01","domestic":"3569","transborder":"59","international":"11"},{"date":"2017-02","domestic":"2657","transborder":"34","international":"9"},{"date":"2017-03","domestic":"3991","transborder":"59","international":"8"},{"date":"2017-04","domestic":"5128","transborder":"77","international":"10"},{"date":"2017-05","domestic":"5216","transborder":"74","international":"1"},{"date":"2017-06","domestic":"5056","transborder":"62","international":"4"},{"date":"2017-07","domestic":"5497","transborder":"105","international":"0"},{"date":"2017-08","domestic":"4346","transborder":"183","international":"7"},{"date":"2017-09","domestic":"4744","transborder":"82","international":"2"},{"date":"2017-10","domestic":"4385","transborder":"51","international":"0"},{"date":"2017-11","domestic":"3043","transborder":"24","international":"8"},{"date":"2017-12","domestic":"2868","transborder":"35","international":"23"},{"date":"2018-01","domestic":"3103","transborder":"41","international":"27"},{"date":"2018-02","domestic":"3060","transborder":"34","international":"23"},{"date":"2018-03","domestic":"5142","transborder":"73","international":"28"},{"date":"2018-04","domestic":"4816","transborder":"36","international":"17"},{"date":"2018-05","domestic":"5411","transborder":"71","international":"0"},{"date":"2018-06","domestic":"4922","transborder":"90","international":"1"},{"date":"2018-07","domestic":"5197","transborder":"76","international":"0"},{"date":"2018-08","domestic":"4533","transborder":"165","international":"5"},{"date":"2018-09","domestic":"4800","transborder":"54","international":"0"},{"date":"2018-10","domestic":"5300","transborder":"55","international":"1"},{"date":"2018-11","domestic":"4788","transborder":"72","international":"9"},{"date":"2018-12","domestic":"3203","transborder":"67","international":"11"},{"date":"2019-01","domestic":"4666","transborder":"76","international":"26"},{"date":"2019-02","domestic":"3076","transborder":"54","international":"32"}]