[{"date":"2010-01","domestic":"741","transborder":"7","international":"3"},{"date":"2010-02","domestic":"980","transborder":"27","international":"0"},{"date":"2010-03","domestic":"1167","transborder":"34","international":"2"},{"date":"2010-04","domestic":"1533","transborder":"59","international":"1"},{"date":"2010-05","domestic":"2092","transborder":"119","international":"7"},{"date":"2010-06","domestic":"2474","transborder":"204","international":"12"},{"date":"2010-07","domestic":"3369","transborder":"195","international":"13"},{"date":"2010-08","domestic":"2443","transborder":"129","international":"11"},{"date":"2010-09","domestic":"2170","transborder":"104","international":"9"},{"date":"2010-10","domestic":"1620","transborder":"46","international":"1"},{"date":"2010-11","domestic":"1134","transborder":"21","international":"3"},{"date":"2010-12","domestic":"908","transborder":"12","international":"1"},{"date":"2011-01","domestic":"1001","transborder":"9","international":"4"},{"date":"2011-02","domestic":"1428","transborder":"22","international":"1"},{"date":"2011-03","domestic":"1697","transborder":"23","international":"1"},{"date":"2011-04","domestic":"1802","transborder":"67","international":"0"},{"date":"2011-05","domestic":"2418","transborder":"91","international":"8"},{"date":"2011-06","domestic":"2825","transborder":"121","international":"18"},{"date":"2011-07","domestic":"2722","transborder":"135","international":"16"},{"date":"2011-08","domestic":"2564","transborder":"86","international":"20"},{"date":"2011-09","domestic":"2153","transborder":"98","international":"10"},{"date":"2011-10","domestic":"1416","transborder":"26","international":"3"},{"date":"2011-11","domestic":"1017","transborder":"13","international":"1"},{"date":"2011-12","domestic":"984","transborder":"10","international":"0"},{"date":"2012-01","domestic":"941","transborder":"16","international":"0"},{"date":"2012-02","domestic":"1253","transborder":"22","international":"3"},{"date":"2012-03","domestic":"1473","transborder":"34","international":"7"},{"date":"2012-04","domestic":"1428","transborder":"50","international":"4"},{"date":"2012-05","domestic":"2051","transborder":"121","international":"2"},{"date":"2012-06","domestic":"2351","transborder":"124","international":"8"},{"date":"2012-07","domestic":"2436","transborder":"139","international":"12"},{"date":"2012-08","domestic":"2236","transborder":"97","international":"10"},{"date":"2012-09","domestic":"1619","transborder":"98","international":"11"},{"date":"2012-10","domestic":"1305","transborder":"41","international":"2"},{"date":"2012-11","domestic":"1008","transborder":"20","international":"1"},{"date":"2012-12","domestic":"774","transborder":"12","international":"2"},{"date":"2013-01","domestic":"851","transborder":"14","international":"3"},{"date":"2013-02","domestic":"1182","transborder":"13","international":"2"},{"date":"2013-03","domestic":"1227","transborder":"37","international":"1"},{"date":"2013-04","domestic":"1337","transborder":"39","international":"1"},{"date":"2013-05","domestic":"2006","transborder":"67","international":"0"},{"date":"2013-06","domestic":"2627","transborder":"138","international":"12"},{"date":"2013-07","domestic":"2250","transborder":"158","international":"12"},{"date":"2013-08","domestic":"2388","transborder":"84","international":"12"},{"date":"2013-09","domestic":"1789","transborder":"65","international":"10"},{"date":"2013-10","domestic":"1355","transborder":"30","international":"0"},{"date":"2013-11","domestic":"970","transborder":"18","international":"1"},{"date":"2013-12","domestic":"674","transborder":"10","international":"0"},{"date":"2014-01","domestic":"847","transborder":"8","international":"1"},{"date":"2014-02","domestic":"999","transborder":"12","international":"0"},{"date":"2014-03","domestic":"1093","transborder":"53","international":"1"},{"date":"2014-04","domestic":"1136","transborder":"46","international":"0"},{"date":"2014-05","domestic":"1810","transborder":"105","international":"3"},{"date":"2014-06","domestic":"1850","transborder":"85","international":"12"},{"date":"2014-07","domestic":"2050","transborder":"121","international":"8"},{"date":"2014-08","domestic":"1900","transborder":"78","international":"12"},{"date":"2014-09","domestic":"1610","transborder":"86","international":"7"},{"date":"2014-10","domestic":"1234","transborder":"24","international":"3"},{"date":"2014-11","domestic":"1023","transborder":"8","international":"0"},{"date":"2014-12","domestic":"924","transborder":"10","international":"4"},{"date":"2015-01","domestic":"776","transborder":"8","international":"2"},{"date":"2015-02","domestic":"1095","transborder":"11","international":"1"},{"date":"2015-03","domestic":"1219","transborder":"21","international":"4"},{"date":"2015-04","domestic":"1200","transborder":"59","international":"3"},{"date":"2015-05","domestic":"1927","transborder":"90","international":"4"},{"date":"2015-06","domestic":"2027","transborder":"109","international":"10"},{"date":"2015-07","domestic":"1850","transborder":"119","international":"12"},{"date":"2015-08","domestic":"1776","transborder":"79","international":"10"},{"date":"2015-09","domestic":"1519","transborder":"76","international":"7"},{"date":"2015-10","domestic":"1105","transborder":"41","international":"5"},{"date":"2015-11","domestic":"806","transborder":"10","international":"1"},{"date":"2015-12","domestic":"776","transborder":"15","international":"0"},{"date":"2016-01","domestic":"833","transborder":"16","international":"3"},{"date":"2016-02","domestic":"1162","transborder":"15","international":"1"},{"date":"2016-03","domestic":"1447","transborder":"33","international":"6"},{"date":"2016-04","domestic":"1509","transborder":"61","international":"1"},{"date":"2016-05","domestic":"2197","transborder":"93","international":"4"},{"date":"2016-06","domestic":"2469","transborder":"98","international":"13"},{"date":"2016-07","domestic":"2148","transborder":"97","international":"11"},{"date":"2016-08","domestic":"2037","transborder":"92","international":"9"},{"date":"2016-09","domestic":"1806","transborder":"79","international":"7"},{"date":"2016-10","domestic":"1304","transborder":"39","international":"1"},{"date":"2016-11","domestic":"1037","transborder":"33","international":"1"},{"date":"2016-12","domestic":"819","transborder":"3","international":"3"},{"date":"2017-01","domestic":"837","transborder":"9","international":"3"},{"date":"2017-02","domestic":"1116","transborder":"16","international":"2"},{"date":"2017-03","domestic":"1357","transborder":"22","international":"1"},{"date":"2017-04","domestic":"1841","transborder":"55","international":"0"},{"date":"2017-05","domestic":"2210","transborder":"116","international":"4"},{"date":"2017-06","domestic":"2212","transborder":"78","international":"9"},{"date":"2017-07","domestic":"2605","transborder":"98","international":"12"},{"date":"2017-08","domestic":"2442","transborder":"117","international":"10"},{"date":"2017-09","domestic":"2100","transborder":"99","international":"7"},{"date":"2017-10","domestic":"1534","transborder":"36","international":"2"},{"date":"2017-11","domestic":"1037","transborder":"6","international":"0"},{"date":"2017-12","domestic":"1064","transborder":"12","international":"0"},{"date":"2018-01","domestic":"988","transborder":"14","international":"2"},{"date":"2018-02","domestic":"1107","transborder":"9","international":"0"},{"date":"2018-03","domestic":"1747","transborder":"27","international":"4"},{"date":"2018-04","domestic":"1791","transborder":"34","international":"2"},{"date":"2018-05","domestic":"2504","transborder":"110","international":"4"},{"date":"2018-06","domestic":"2713","transborder":"157","international":"14"},{"date":"2018-07","domestic":"2907","transborder":"154","international":"11"},{"date":"2018-08","domestic":"2866","transborder":"110","international":"9"},{"date":"2018-09","domestic":"2363","transborder":"91","international":"7"},{"date":"2018-10","domestic":"1835","transborder":"44","international":"2"},{"date":"2018-11","domestic":"1288","transborder":"25","international":"2"},{"date":"2018-12","domestic":"1349","transborder":"8","international":"2"},{"date":"2019-01","domestic":"1238","transborder":"9","international":"2"},{"date":"2019-02","domestic":"1661","transborder":"24","international":"1"}]