[{"date":"2010-01","domestic":"1247","transborder":"12","international":"0"},{"date":"2010-02","domestic":"1193","transborder":"8","international":"0"},{"date":"2010-03","domestic":"2076","transborder":"29","international":"0"},{"date":"2010-04","domestic":"1756","transborder":"18","international":"1"},{"date":"2010-05","domestic":"1823","transborder":"31","international":"1"},{"date":"2010-06","domestic":"1706","transborder":"40","international":"2"},{"date":"2010-07","domestic":"1579","transborder":"103","international":"1"},{"date":"2010-08","domestic":"1336","transborder":"49","international":"0"},{"date":"2010-09","domestic":"1425","transborder":"28","international":"0"},{"date":"2010-10","domestic":"1916","transborder":"23","international":"0"},{"date":"2010-11","domestic":"1680","transborder":"19","international":"1"},{"date":"2010-12","domestic":"1051","transborder":"6","international":"0"},{"date":"2011-01","domestic":"1556","transborder":"19","international":"0"},{"date":"2011-02","domestic":"1332","transborder":"16","international":"0"},{"date":"2011-03","domestic":"1967","transborder":"18","international":"0"},{"date":"2011-04","domestic":"1611","transborder":"15","international":"1"},{"date":"2011-05","domestic":"1954","transborder":"40","international":"0"},{"date":"2011-06","domestic":"1736","transborder":"51","international":"1"},{"date":"2011-07","domestic":"1581","transborder":"99","international":"2"},{"date":"2011-08","domestic":"1462","transborder":"35","international":"1"},{"date":"2011-09","domestic":"1676","transborder":"35","international":"0"},{"date":"2011-10","domestic":"1797","transborder":"18","international":"0"},{"date":"2011-11","domestic":"1372","transborder":"7","international":"0"},{"date":"2011-12","domestic":"1039","transborder":"9","international":"4"},{"date":"2012-01","domestic":"1312","transborder":"17","international":"10"},{"date":"2012-02","domestic":"1428","transborder":"27","international":"8"},{"date":"2012-03","domestic":"1775","transborder":"13","international":"9"},{"date":"2012-04","domestic":"1766","transborder":"23","international":"1"},{"date":"2012-05","domestic":"2334","transborder":"31","international":"0"},{"date":"2012-06","domestic":"2119","transborder":"39","international":"0"},{"date":"2012-07","domestic":"2099","transborder":"98","international":"2"},{"date":"2012-08","domestic":"1901","transborder":"54","international":"0"},{"date":"2012-09","domestic":"1783","transborder":"43","international":"1"},{"date":"2012-10","domestic":"1490","transborder":"16","international":"0"},{"date":"2012-11","domestic":"1732","transborder":"8","international":"1"},{"date":"2012-12","domestic":"956","transborder":"2","international":"2"},{"date":"2013-01","domestic":"1099","transborder":"5","international":"5"},{"date":"2013-02","domestic":"1100","transborder":"14","international":"5"},{"date":"2013-03","domestic":"1516","transborder":"9","international":"5"},{"date":"2013-04","domestic":"1417","transborder":"11","international":"2"},{"date":"2013-05","domestic":"1857","transborder":"26","international":"0"},{"date":"2013-06","domestic":"1546","transborder":"31","international":"0"},{"date":"2013-07","domestic":"1707","transborder":"64","international":"0"},{"date":"2013-08","domestic":"1416","transborder":"48","international":"0"},{"date":"2013-09","domestic":"2227","transborder":"42","international":"0"},{"date":"2013-10","domestic":"1862","transborder":"9","international":"0"},{"date":"2013-11","domestic":"1165","transborder":"13","international":"0"},{"date":"2013-12","domestic":"912","transborder":"4","international":"0"},{"date":"2014-01","domestic":"1152","transborder":"13","international":"0"},{"date":"2014-02","domestic":"1175","transborder":"4","international":"0"},{"date":"2014-03","domestic":"1325","transborder":"6","international":"2"},{"date":"2014-04","domestic":"1267","transborder":"12","international":"1"},{"date":"2014-05","domestic":"1888","transborder":"14","international":"0"},{"date":"2014-06","domestic":"1566","transborder":"20","international":"0"},{"date":"2014-07","domestic":"1232","transborder":"50","international":"0"},{"date":"2014-08","domestic":"1316","transborder":"37","international":"1"},{"date":"2014-09","domestic":"1618","transborder":"25","international":"2"},{"date":"2014-10","domestic":"1472","transborder":"6","international":"0"},{"date":"2014-11","domestic":"974","transborder":"4","international":"0"},{"date":"2014-12","domestic":"838","transborder":"2","international":"2"},{"date":"2015-01","domestic":"1018","transborder":"10","international":"0"},{"date":"2015-02","domestic":"861","transborder":"2","international":"1"},{"date":"2015-03","domestic":"1224","transborder":"5","international":"2"},{"date":"2015-04","domestic":"1184","transborder":"7","international":"0"},{"date":"2015-05","domestic":"1953","transborder":"25","international":"0"},{"date":"2015-06","domestic":"1459","transborder":"38","international":"0"},{"date":"2015-07","domestic":"1294","transborder":"50","international":"1"},{"date":"2015-08","domestic":"1234","transborder":"52","international":"2"},{"date":"2015-09","domestic":"2301","transborder":"21","international":"1"},{"date":"2015-10","domestic":"2164","transborder":"13","international":"0"},{"date":"2015-11","domestic":"1246","transborder":"5","international":"1"},{"date":"2015-12","domestic":"862","transborder":"0","international":"0"},{"date":"2016-01","domestic":"1027","transborder":"7","international":"0"},{"date":"2016-02","domestic":"1051","transborder":"14","international":"0"},{"date":"2016-03","domestic":"1171","transborder":"11","international":"1"},{"date":"2016-04","domestic":"1812","transborder":"8","international":"0"},{"date":"2016-05","domestic":"2430","transborder":"24","international":"1"},{"date":"2016-06","domestic":"1709","transborder":"25","international":"0"},{"date":"2016-07","domestic":"1361","transborder":"72","international":"1"},{"date":"2016-08","domestic":"1457","transborder":"36","international":"0"},{"date":"2016-09","domestic":"2157","transborder":"40","international":"1"},{"date":"2016-10","domestic":"1911","transborder":"17","international":"0"},{"date":"2016-11","domestic":"1183","transborder":"9","international":"1"},{"date":"2016-12","domestic":"766","transborder":"1","international":"1"},{"date":"2017-01","domestic":"958","transborder":"6","international":"0"},{"date":"2017-02","domestic":"897","transborder":"6","international":"0"},{"date":"2017-03","domestic":"1192","transborder":"6","international":"1"},{"date":"2017-04","domestic":"1288","transborder":"11","international":"0"},{"date":"2017-05","domestic":"1870","transborder":"26","international":"0"},{"date":"2017-06","domestic":"1711","transborder":"43","international":"0"},{"date":"2017-07","domestic":"1439","transborder":"54","international":"1"},{"date":"2017-08","domestic":"1535","transborder":"49","international":"0"},{"date":"2017-09","domestic":"2360","transborder":"26","international":"1"},{"date":"2017-10","domestic":"1884","transborder":"32","international":"0"},{"date":"2017-11","domestic":"960","transborder":"4","international":"0"},{"date":"2017-12","domestic":"828","transborder":"2","international":"0"},{"date":"2018-01","domestic":"884","transborder":"11","international":"0"},{"date":"2018-02","domestic":"906","transborder":"2","international":"0"},{"date":"2018-03","domestic":"1363","transborder":"5","international":"1"},{"date":"2018-04","domestic":"1149","transborder":"16","international":"1"},{"date":"2018-05","domestic":"1664","transborder":"23","international":"0"},{"date":"2018-06","domestic":"1733","transborder":"29","international":"1"},{"date":"2018-07","domestic":"2087","transborder":"61","international":"2"},{"date":"2018-08","domestic":"1318","transborder":"47","international":"1"},{"date":"2018-09","domestic":"1821","transborder":"30","international":"1"},{"date":"2018-10","domestic":"1436","transborder":"22","international":"0"},{"date":"2018-11","domestic":"1000","transborder":"9","international":"1"},{"date":"2018-12","domestic":"778","transborder":"6","international":"0"},{"date":"2019-01","domestic":"868","transborder":"9","international":"0"},{"date":"2019-02","domestic":"889","transborder":"4","international":"0"}]