[{"date":"2010-01","domestic":"14339","transborder":"3318","international":"732"},{"date":"2010-02","domestic":"14151","transborder":"3193","international":"678"},{"date":"2010-03","domestic":"15720","transborder":"3531","international":"761"},{"date":"2010-04","domestic":"14237","transborder":"3412","international":"664"},{"date":"2010-05","domestic":"15580","transborder":"3383","international":"641"},{"date":"2010-06","domestic":"16280","transborder":"3292","international":"620"},{"date":"2010-07","domestic":"16797","transborder":"3507","international":"721"},{"date":"2010-08","domestic":"16500","transborder":"3425","international":"654"},{"date":"2010-09","domestic":"15716","transborder":"3285","international":"580"},{"date":"2010-10","domestic":"15546","transborder":"3472","international":"551"},{"date":"2010-11","domestic":"14586","transborder":"3157","international":"675"},{"date":"2010-12","domestic":"14748","transborder":"3341","international":"696"},{"date":"2011-01","domestic":"14587","transborder":"3249","international":"794"},{"date":"2011-02","domestic":"13758","transborder":"3071","international":"690"},{"date":"2011-03","domestic":"15286","transborder":"3489","international":"763"},{"date":"2011-04","domestic":"14364","transborder":"3228","international":"731"},{"date":"2011-05","domestic":"16000","transborder":"3363","international":"622"},{"date":"2011-06","domestic":"16591","transborder":"3435","international":"547"},{"date":"2011-07","domestic":"16758","transborder":"3642","international":"598"},{"date":"2011-08","domestic":"17149","transborder":"3488","international":"562"},{"date":"2011-09","domestic":"16387","transborder":"3368","international":"545"},{"date":"2011-10","domestic":"16083","transborder":"3446","international":"538"},{"date":"2011-11","domestic":"15242","transborder":"3129","international":"619"},{"date":"2011-12","domestic":"15106","transborder":"3316","international":"715"},{"date":"2012-01","domestic":"15334","transborder":"3353","international":"786"},{"date":"2012-02","domestic":"14866","transborder":"3190","international":"705"},{"date":"2012-03","domestic":"15509","transborder":"3461","international":"735"},{"date":"2012-04","domestic":"14658","transborder":"3266","international":"694"},{"date":"2012-05","domestic":"16545","transborder":"3477","international":"547"},{"date":"2012-06","domestic":"16486","transborder":"3497","international":"546"},{"date":"2012-07","domestic":"17221","transborder":"3595","international":"584"},{"date":"2012-08","domestic":"17355","transborder":"3452","international":"598"},{"date":"2012-09","domestic":"16176","transborder":"3367","international":"554"},{"date":"2012-10","domestic":"16177","transborder":"3454","international":"505"},{"date":"2012-11","domestic":"15414","transborder":"3083","international":"634"},{"date":"2012-12","domestic":"15363","transborder":"3199","international":"743"},{"date":"2013-01","domestic":"16219","transborder":"3239","international":"745"},{"date":"2013-02","domestic":"14466","transborder":"3191","international":"674"},{"date":"2013-03","domestic":"15413","transborder":"3449","international":"770"},{"date":"2013-04","domestic":"15479","transborder":"3447","international":"690"},{"date":"2013-05","domestic":"16312","transborder":"3516","international":"572"},{"date":"2013-06","domestic":"16428","transborder":"3589","international":"568"},{"date":"2013-07","domestic":"17462","transborder":"3699","international":"594"},{"date":"2013-08","domestic":"17207","transborder":"3684","international":"617"},{"date":"2013-09","domestic":"16564","transborder":"3622","international":"552"},{"date":"2013-10","domestic":"16881","transborder":"3682","international":"545"},{"date":"2013-11","domestic":"15600","transborder":"3283","international":"686"},{"date":"2013-12","domestic":"15710","transborder":"3365","international":"767"},{"date":"2014-01","domestic":"16245","transborder":"3477","international":"805"},{"date":"2014-02","domestic":"14856","transborder":"3262","international":"746"},{"date":"2014-03","domestic":"15834","transborder":"3624","international":"838"},{"date":"2014-04","domestic":"16059","transborder":"3546","international":"753"},{"date":"2014-05","domestic":"17026","transborder":"3574","international":"614"},{"date":"2014-06","domestic":"17292","transborder":"3428","international":"584"},{"date":"2014-07","domestic":"18326","transborder":"3640","international":"611"},{"date":"2014-08","domestic":"17684","transborder":"3578","international":"649"},{"date":"2014-09","domestic":"17122","transborder":"3525","international":"541"},{"date":"2014-10","domestic":"17123","transborder":"3687","international":"571"},{"date":"2014-11","domestic":"15291","transborder":"3314","international":"779"},{"date":"2014-12","domestic":"16352","transborder":"3504","international":"847"},{"date":"2015-01","domestic":"15849","transborder":"3425","international":"920"},{"date":"2015-02","domestic":"14397","transborder":"3110","international":"814"},{"date":"2015-03","domestic":"15986","transborder":"3393","international":"910"},{"date":"2015-04","domestic":"15582","transborder":"3279","international":"882"},{"date":"2015-05","domestic":"16899","transborder":"3390","international":"653"},{"date":"2015-06","domestic":"17736","transborder":"3510","international":"652"},{"date":"2015-07","domestic":"18464","transborder":"3669","international":"686"},{"date":"2015-08","domestic":"18025","transborder":"3647","international":"685"},{"date":"2015-09","domestic":"17246","transborder":"3469","international":"613"},{"date":"2015-10","domestic":"16975","transborder":"3566","international":"647"},{"date":"2015-11","domestic":"15122","transborder":"3164","international":"763"},{"date":"2015-12","domestic":"15657","transborder":"3360","international":"914"},{"date":"2016-01","domestic":"15064","transborder":"3231","international":"1045"},{"date":"2016-02","domestic":"14247","transborder":"3069","international":"938"},{"date":"2016-03","domestic":"15407","transborder":"3350","international":"977"},{"date":"2016-04","domestic":"14442","transborder":"3076","international":"954"},{"date":"2016-05","domestic":"15664","transborder":"3305","international":"655"},{"date":"2016-06","domestic":"15858","transborder":"3366","international":"638"},{"date":"2016-07","domestic":"16731","transborder":"3626","international":"680"},{"date":"2016-08","domestic":"17115","transborder":"3585","international":"642"},{"date":"2016-09","domestic":"15572","transborder":"3436","international":"622"},{"date":"2016-10","domestic":"15118","transborder":"3485","international":"648"},{"date":"2016-11","domestic":"14273","transborder":"3130","international":"869"},{"date":"2016-12","domestic":"14480","transborder":"3185","international":"981"},{"date":"2017-01","domestic":"14579","transborder":"3127","international":"1042"},{"date":"2017-02","domestic":"12856","transborder":"2959","international":"942"},{"date":"2017-03","domestic":"14989","transborder":"3426","international":"1024"},{"date":"2017-04","domestic":"13938","transborder":"3217","international":"1021"},{"date":"2017-05","domestic":"15870","transborder":"3349","international":"606"},{"date":"2017-06","domestic":"16003","transborder":"3446","international":"667"},{"date":"2017-07","domestic":"16707","transborder":"3676","international":"696"},{"date":"2017-08","domestic":"16850","transborder":"3548","international":"712"},{"date":"2017-09","domestic":"15428","transborder":"3488","international":"651"},{"date":"2017-10","domestic":"15609","transborder":"3586","international":"639"},{"date":"2017-11","domestic":"14389","transborder":"3281","international":"1013"},{"date":"2017-12","domestic":"14519","transborder":"3326","international":"1158"},{"date":"2018-01","domestic":"14855","transborder":"3202","international":"1142"},{"date":"2018-02","domestic":"13115","transborder":"2989","international":"1031"},{"date":"2018-03","domestic":"14563","transborder":"3474","international":"1181"},{"date":"2018-04","domestic":"14069","transborder":"3310","international":"1027"},{"date":"2018-05","domestic":"16239","transborder":"3298","international":"712"},{"date":"2018-06","domestic":"16915","transborder":"3587","international":"702"},{"date":"2018-07","domestic":"18783","transborder":"3640","international":"708"},{"date":"2018-08","domestic":"18620","transborder":"3622","international":"706"},{"date":"2018-09","domestic":"16921","transborder":"3527","international":"661"},{"date":"2018-10","domestic":"16896","transborder":"3568","international":"648"},{"date":"2018-11","domestic":"15271","transborder":"3378","international":"859"},{"date":"2018-12","domestic":"15545","transborder":"3499","international":"1056"},{"date":"2019-01","domestic":"15608","transborder":"3412","international":"1166"},{"date":"2019-02","domestic":"13689","transborder":"3227","international":"1060"}]