[{"date":"2010-01","domestic":"470","transborder":"0","international":"0"},{"date":"2010-02","domestic":"449","transborder":"0","international":"0"},{"date":"2010-03","domestic":"502","transborder":"0","international":"0"},{"date":"2010-04","domestic":"555","transborder":"1","international":"0"},{"date":"2010-05","domestic":"630","transborder":"3","international":"0"},{"date":"2010-06","domestic":"975","transborder":"10","international":"0"},{"date":"2010-07","domestic":"1221","transborder":"8","international":"0"},{"date":"2010-08","domestic":"1444","transborder":"8","international":"0"},{"date":"2010-09","domestic":"1056","transborder":"26","international":"0"},{"date":"2010-10","domestic":"758","transborder":"12","international":"2"},{"date":"2010-11","domestic":"521","transborder":"1","international":"0"},{"date":"2010-12","domestic":"449","transborder":"1","international":"0"},{"date":"2011-01","domestic":"469","transborder":"0","international":"0"},{"date":"2011-02","domestic":"443","transborder":"0","international":"0"},{"date":"2011-03","domestic":"560","transborder":"4","international":"0"},{"date":"2011-04","domestic":"515","transborder":"2","international":"0"},{"date":"2011-05","domestic":"730","transborder":"0","international":"0"},{"date":"2011-06","domestic":"1090","transborder":"10","international":"0"},{"date":"2011-07","domestic":"759","transborder":"3","international":"0"},{"date":"2011-08","domestic":"971","transborder":"6","international":"0"},{"date":"2011-09","domestic":"1071","transborder":"25","international":"0"},{"date":"2011-10","domestic":"630","transborder":"7","international":"0"},{"date":"2011-11","domestic":"431","transborder":"0","international":"0"},{"date":"2011-12","domestic":"429","transborder":"0","international":"0"},{"date":"2012-01","domestic":"417","transborder":"0","international":"0"},{"date":"2012-02","domestic":"474","transborder":"1","international":"0"},{"date":"2012-03","domestic":"544","transborder":"3","international":"0"},{"date":"2012-04","domestic":"491","transborder":"1","international":"0"},{"date":"2012-05","domestic":"724","transborder":"1","international":"0"},{"date":"2012-06","domestic":"795","transborder":"6","international":"0"},{"date":"2012-07","domestic":"1051","transborder":"6","international":"0"},{"date":"2012-08","domestic":"1141","transborder":"5","international":"0"},{"date":"2012-09","domestic":"1126","transborder":"25","international":"0"},{"date":"2012-10","domestic":"973","transborder":"6","international":"1"},{"date":"2012-11","domestic":"519","transborder":"0","international":"0"},{"date":"2012-12","domestic":"478","transborder":"1","international":"0"},{"date":"2013-01","domestic":"454","transborder":"0","international":"1"},{"date":"2013-02","domestic":"482","transborder":"0","international":"0"},{"date":"2013-03","domestic":"562","transborder":"3","international":"0"},{"date":"2013-04","domestic":"685","transborder":"1","international":"0"},{"date":"2013-05","domestic":"797","transborder":"7","international":"0"},{"date":"2013-06","domestic":"1017","transborder":"5","international":"0"},{"date":"2013-07","domestic":"1407","transborder":"5","international":"0"},{"date":"2013-08","domestic":"1749","transborder":"6","international":"0"},{"date":"2013-09","domestic":"1206","transborder":"30","international":"0"},{"date":"2013-10","domestic":"929","transborder":"10","international":"0"},{"date":"2013-11","domestic":"491","transborder":"0","international":"0"},{"date":"2013-12","domestic":"442","transborder":"0","international":"0"},{"date":"2014-01","domestic":"518","transborder":"1","international":"0"},{"date":"2014-02","domestic":"525","transborder":"0","international":"0"},{"date":"2014-03","domestic":"700","transborder":"2","international":"0"},{"date":"2014-04","domestic":"649","transborder":"1","international":"0"},{"date":"2014-05","domestic":"850","transborder":"0","international":"0"},{"date":"2014-06","domestic":"1173","transborder":"4","international":"0"},{"date":"2014-07","domestic":"1393","transborder":"3","international":"0"},{"date":"2014-08","domestic":"1468","transborder":"9","international":"0"},{"date":"2014-09","domestic":"1325","transborder":"28","international":"0"},{"date":"2014-10","domestic":"973","transborder":"14","international":"0"},{"date":"2014-11","domestic":"556","transborder":"1","international":"0"},{"date":"2014-12","domestic":"543","transborder":"0","international":"0"},{"date":"2015-01","domestic":"473","transborder":"0","international":"0"},{"date":"2015-02","domestic":"507","transborder":"5","international":"0"},{"date":"2015-03","domestic":"615","transborder":"4","international":"0"},{"date":"2015-04","domestic":"657","transborder":"3","international":"0"},{"date":"2015-05","domestic":"694","transborder":"4","international":"0"},{"date":"2015-06","domestic":"1040","transborder":"2","international":"0"},{"date":"2015-07","domestic":"872","transborder":"1","international":"0"},{"date":"2015-08","domestic":"862","transborder":"8","international":"0"},{"date":"2015-09","domestic":"1079","transborder":"18","international":"0"},{"date":"2015-10","domestic":"705","transborder":"14","international":"0"},{"date":"2015-11","domestic":"480","transborder":"0","international":"0"},{"date":"2015-12","domestic":"409","transborder":"0","international":"0"},{"date":"2016-01","domestic":"411","transborder":"0","international":"0"},{"date":"2016-02","domestic":"422","transborder":"0","international":"0"},{"date":"2016-03","domestic":"515","transborder":"3","international":"0"},{"date":"2016-04","domestic":"472","transborder":"1","international":"0"},{"date":"2016-05","domestic":"648","transborder":"2","international":"0"},{"date":"2016-06","domestic":"673","transborder":"7","international":"0"},{"date":"2016-07","domestic":"772","transborder":"3","international":"0"},{"date":"2016-08","domestic":"1128","transborder":"5","international":"0"},{"date":"2016-09","domestic":"901","transborder":"20","international":"0"},{"date":"2016-10","domestic":"633","transborder":"15","international":"0"},{"date":"2016-11","domestic":"393","transborder":"1","international":"0"},{"date":"2016-12","domestic":"359","transborder":"0","international":"0"},{"date":"2017-01","domestic":"423","transborder":"1","international":"0"},{"date":"2017-02","domestic":"425","transborder":"1","international":"0"},{"date":"2017-03","domestic":"519","transborder":"1","international":"0"},{"date":"2017-04","domestic":"496","transborder":"3","international":"0"},{"date":"2017-05","domestic":"688","transborder":"4","international":"1"},{"date":"2017-06","domestic":"737","transborder":"1","international":"0"},{"date":"2017-07","domestic":"1026","transborder":"5","international":"0"},{"date":"2017-08","domestic":"1030","transborder":"5","international":"0"},{"date":"2017-09","domestic":"1052","transborder":"25","international":"0"},{"date":"2017-10","domestic":"835","transborder":"10","international":"0"},{"date":"2017-11","domestic":"425","transborder":"0","international":"0"},{"date":"2017-12","domestic":"333","transborder":"0","international":"0"},{"date":"2018-01","domestic":"348","transborder":"0","international":"0"},{"date":"2018-02","domestic":"348","transborder":"2","international":"0"},{"date":"2018-03","domestic":"433","transborder":"2","international":"0"},{"date":"2018-04","domestic":"739","transborder":"3","international":"0"},{"date":"2018-05","domestic":"596","transborder":"1","international":"0"},{"date":"2018-06","domestic":"951","transborder":"3","international":"0"},{"date":"2018-07","domestic":"1089","transborder":"7","international":"0"},{"date":"2018-08","domestic":"2501","transborder":"8","international":"0"},{"date":"2018-09","domestic":"1338","transborder":"20","international":"0"},{"date":"2018-10","domestic":"989","transborder":"21","international":"0"},{"date":"2018-11","domestic":"325","transborder":"0","international":"0"},{"date":"2018-12","domestic":"387","transborder":"1","international":"0"},{"date":"2019-01","domestic":"455","transborder":"1","international":"0"},{"date":"2019-02","domestic":"439","transborder":"2","international":"0"}]