[{"date":"2010-01","domestic":"932","transborder":"0","international":"0"},{"date":"2010-02","domestic":"1022","transborder":"0","international":"0"},{"date":"2010-03","domestic":"1303","transborder":"0","international":"0"},{"date":"2010-04","domestic":"1416","transborder":"1","international":"0"},{"date":"2010-05","domestic":"1465","transborder":"1","international":"0"},{"date":"2010-06","domestic":"2401","transborder":"2","international":"0"},{"date":"2010-07","domestic":"2451","transborder":"0","international":"0"},{"date":"2010-08","domestic":"2144","transborder":"5","international":"0"},{"date":"2010-09","domestic":"2093","transborder":"0","international":"0"},{"date":"2010-10","domestic":"1833","transborder":"1","international":"0"},{"date":"2010-11","domestic":"1352","transborder":"0","international":"0"},{"date":"2010-12","domestic":"1079","transborder":"0","international":"0"},{"date":"2011-01","domestic":"1121","transborder":"0","international":"0"},{"date":"2011-02","domestic":"1291","transborder":"0","international":"0"},{"date":"2011-03","domestic":"1580","transborder":"1","international":"0"},{"date":"2011-04","domestic":"1463","transborder":"0","international":"0"},{"date":"2011-05","domestic":"1797","transborder":"0","international":"0"},{"date":"2011-06","domestic":"2316","transborder":"0","international":"0"},{"date":"2011-07","domestic":"2440","transborder":"1","international":"0"},{"date":"2011-08","domestic":"2641","transborder":"5","international":"0"},{"date":"2011-09","domestic":"2434","transborder":"2","international":"0"},{"date":"2011-10","domestic":"2038","transborder":"1","international":"0"},{"date":"2011-11","domestic":"1740","transborder":"0","international":"0"},{"date":"2011-12","domestic":"1227","transborder":"0","international":"0"},{"date":"2012-01","domestic":"1387","transborder":"0","international":"0"},{"date":"2012-02","domestic":"1298","transborder":"0","international":"0"},{"date":"2012-03","domestic":"1397","transborder":"0","international":"0"},{"date":"2012-04","domestic":"1598","transborder":"0","international":"0"},{"date":"2012-05","domestic":"2336","transborder":"0","international":"0"},{"date":"2012-06","domestic":"2490","transborder":"0","international":"0"},{"date":"2012-07","domestic":"3948","transborder":"1","international":"0"},{"date":"2012-08","domestic":"3712","transborder":"3","international":"0"},{"date":"2012-09","domestic":"2535","transborder":"4","international":"0"},{"date":"2012-10","domestic":"1923","transborder":"2","international":"0"},{"date":"2012-11","domestic":"1233","transborder":"0","international":"0"},{"date":"2012-12","domestic":"924","transborder":"1","international":"0"},{"date":"2013-01","domestic":"1060","transborder":"0","international":"0"},{"date":"2013-02","domestic":"970","transborder":"1","international":"0"},{"date":"2013-03","domestic":"1059","transborder":"0","international":"0"},{"date":"2013-04","domestic":"1143","transborder":"0","international":"0"},{"date":"2013-05","domestic":"1630","transborder":"0","international":"0"},{"date":"2013-06","domestic":"1956","transborder":"0","international":"0"},{"date":"2013-07","domestic":"2134","transborder":"1","international":"0"},{"date":"2013-08","domestic":"1728","transborder":"3","international":"0"},{"date":"2013-09","domestic":"1701","transborder":"2","international":"0"},{"date":"2013-10","domestic":"1736","transborder":"1","international":"0"},{"date":"2013-11","domestic":"1144","transborder":"1","international":"0"},{"date":"2013-12","domestic":"952","transborder":"0","international":"0"},{"date":"2014-01","domestic":"946","transborder":"0","international":"0"},{"date":"2014-02","domestic":"983","transborder":"0","international":"0"},{"date":"2014-03","domestic":"1010","transborder":"0","international":"0"},{"date":"2014-04","domestic":"1126","transborder":"1","international":"0"},{"date":"2014-05","domestic":"1514","transborder":"0","international":"0"},{"date":"2014-06","domestic":"1526","transborder":"1","international":"0"},{"date":"2014-07","domestic":"1802","transborder":"1","international":"0"},{"date":"2014-08","domestic":"1594","transborder":"5","international":"0"},{"date":"2014-09","domestic":"1638","transborder":"6","international":"0"},{"date":"2014-10","domestic":"1068","transborder":"2","international":"0"},{"date":"2014-11","domestic":"903","transborder":"3","international":"0"},{"date":"2014-12","domestic":"782","transborder":"3","international":"0"},{"date":"2015-01","domestic":"541","transborder":"0","international":"0"},{"date":"2015-02","domestic":"550","transborder":"1","international":"0"},{"date":"2015-03","domestic":"578","transborder":"2","international":"0"},{"date":"2015-04","domestic":"651","transborder":"1","international":"0"},{"date":"2015-05","domestic":"1399","transborder":"1","international":"0"},{"date":"2015-06","domestic":"1935","transborder":"1","international":"0"},{"date":"2015-07","domestic":"1899","transborder":"4","international":"0"},{"date":"2015-08","domestic":"962","transborder":"2","international":"0"},{"date":"2015-09","domestic":"984","transborder":"2","international":"0"},{"date":"2015-10","domestic":"802","transborder":"1","international":"0"},{"date":"2015-11","domestic":"556","transborder":"0","international":"0"},{"date":"2015-12","domestic":"483","transborder":"0","international":"0"},{"date":"2016-01","domestic":"463","transborder":"0","international":"0"},{"date":"2016-02","domestic":"436","transborder":"1","international":"0"},{"date":"2016-03","domestic":"479","transborder":"1","international":"0"},{"date":"2016-04","domestic":"530","transborder":"0","international":"0"},{"date":"2016-05","domestic":"863","transborder":"3","international":"0"},{"date":"2016-06","domestic":"1002","transborder":"1","international":"0"},{"date":"2016-07","domestic":"1082","transborder":"1","international":"0"},{"date":"2016-08","domestic":"875","transborder":"4","international":"0"},{"date":"2016-09","domestic":"813","transborder":"1","international":"1"},{"date":"2016-10","domestic":"605","transborder":"1","international":"0"},{"date":"2016-11","domestic":"524","transborder":"1","international":"0"},{"date":"2016-12","domestic":"304","transborder":"0","international":"0"},{"date":"2017-01","domestic":"353","transborder":"0","international":"0"},{"date":"2017-02","domestic":"340","transborder":"0","international":"0"},{"date":"2017-03","domestic":"420","transborder":"2","international":"0"},{"date":"2017-04","domestic":"389","transborder":"1","international":"0"},{"date":"2017-05","domestic":"772","transborder":"0","international":"0"},{"date":"2017-06","domestic":"730","transborder":"1","international":"0"},{"date":"2017-07","domestic":"737","transborder":"1","international":"0"},{"date":"2017-08","domestic":"736","transborder":"6","international":"0"},{"date":"2017-09","domestic":"901","transborder":"6","international":"0"},{"date":"2017-10","domestic":"530","transborder":"1","international":"0"},{"date":"2017-11","domestic":"247","transborder":"0","international":"0"},{"date":"2017-12","domestic":"246","transborder":"0","international":"0"},{"date":"2018-01","domestic":"256","transborder":"0","international":"0"},{"date":"2018-02","domestic":"300","transborder":"0","international":"0"},{"date":"2018-03","domestic":"305","transborder":"1","international":"0"},{"date":"2018-04","domestic":"289","transborder":"1","international":"0"},{"date":"2018-05","domestic":"925","transborder":"1","international":"0"},{"date":"2018-06","domestic":"1057","transborder":"2","international":"0"},{"date":"2018-07","domestic":"921","transborder":"2","international":"0"},{"date":"2018-08","domestic":"964","transborder":"4","international":"0"},{"date":"2018-09","domestic":"752","transborder":"4","international":"1"},{"date":"2018-10","domestic":"635","transborder":"1","international":"0"},{"date":"2018-11","domestic":"265","transborder":"2","international":"0"},{"date":"2018-12","domestic":"221","transborder":"1","international":"0"},{"date":"2019-01","domestic":"290","transborder":"0","international":"0"},{"date":"2019-02","domestic":"291","transborder":"0","international":"0"}]