[{"date":"2010-01","domestic":"1102","transborder":"3","international":"0"},{"date":"2010-02","domestic":"1132","transborder":"13","international":"0"},{"date":"2010-03","domestic":"1293","transborder":"10","international":"2"},{"date":"2010-04","domestic":"1384","transborder":"12","international":"1"},{"date":"2010-05","domestic":"1466","transborder":"27","international":"0"},{"date":"2010-06","domestic":"1743","transborder":"23","international":"0"},{"date":"2010-07","domestic":"1872","transborder":"47","international":"0"},{"date":"2010-08","domestic":"1799","transborder":"40","international":"0"},{"date":"2010-09","domestic":"1430","transborder":"24","international":"0"},{"date":"2010-10","domestic":"1229","transborder":"8","international":"0"},{"date":"2010-11","domestic":"1228","transborder":"1","international":"0"},{"date":"2010-12","domestic":"724","transborder":"5","international":"0"},{"date":"2011-01","domestic":"879","transborder":"3","international":"0"},{"date":"2011-02","domestic":"880","transborder":"11","international":"0"},{"date":"2011-03","domestic":"971","transborder":"8","international":"1"},{"date":"2011-04","domestic":"1473","transborder":"19","international":"0"},{"date":"2011-05","domestic":"1316","transborder":"22","international":"0"},{"date":"2011-06","domestic":"1309","transborder":"40","international":"0"},{"date":"2011-07","domestic":"1380","transborder":"27","international":"0"},{"date":"2011-08","domestic":"1486","transborder":"39","international":"0"},{"date":"2011-09","domestic":"1387","transborder":"20","international":"0"},{"date":"2011-10","domestic":"1250","transborder":"12","international":"1"},{"date":"2011-11","domestic":"863","transborder":"4","international":"0"},{"date":"2011-12","domestic":"655","transborder":"3","international":"1"},{"date":"2012-01","domestic":"541","transborder":"12","international":"1"},{"date":"2012-02","domestic":"619","transborder":"3","international":"0"},{"date":"2012-03","domestic":"924","transborder":"10","international":"0"},{"date":"2012-04","domestic":"951","transborder":"7","international":"0"},{"date":"2012-05","domestic":"1265","transborder":"35","international":"0"},{"date":"2012-06","domestic":"1142","transborder":"27","international":"0"},{"date":"2012-07","domestic":"1534","transborder":"24","international":"0"},{"date":"2012-08","domestic":"1587","transborder":"33","international":"0"},{"date":"2012-09","domestic":"1518","transborder":"16","international":"0"},{"date":"2012-10","domestic":"1018","transborder":"14","international":"0"},{"date":"2012-11","domestic":"941","transborder":"7","international":"0"},{"date":"2012-12","domestic":"460","transborder":"6","international":"0"},{"date":"2013-01","domestic":"530","transborder":"8","international":"2"},{"date":"2013-02","domestic":"684","transborder":"7","international":"1"},{"date":"2013-03","domestic":"844","transborder":"3","international":"0"},{"date":"2013-04","domestic":"1099","transborder":"18","international":"0"},{"date":"2013-05","domestic":"1266","transborder":"23","international":"0"},{"date":"2013-06","domestic":"1173","transborder":"33","international":"0"},{"date":"2013-07","domestic":"1511","transborder":"23","international":"0"},{"date":"2013-08","domestic":"1622","transborder":"40","international":"0"},{"date":"2013-09","domestic":"1249","transborder":"29","international":"0"},{"date":"2013-10","domestic":"1077","transborder":"13","international":"0"},{"date":"2013-11","domestic":"771","transborder":"10","international":"0"},{"date":"2013-12","domestic":"456","transborder":"5","international":"0"},{"date":"2014-01","domestic":"521","transborder":"4","international":"0"},{"date":"2014-02","domestic":"627","transborder":"9","international":"0"},{"date":"2014-03","domestic":"786","transborder":"4","international":"0"},{"date":"2014-04","domestic":"1193","transborder":"9","international":"0"},{"date":"2014-05","domestic":"1280","transborder":"25","international":"0"},{"date":"2014-06","domestic":"1105","transborder":"19","international":"0"},{"date":"2014-07","domestic":"1931","transborder":"32","international":"0"},{"date":"2014-08","domestic":"1595","transborder":"38","international":"0"},{"date":"2014-09","domestic":"1057","transborder":"18","international":"0"},{"date":"2014-10","domestic":"859","transborder":"11","international":"0"},{"date":"2014-11","domestic":"789","transborder":"5","international":"0"},{"date":"2014-12","domestic":"522","transborder":"7","international":"0"},{"date":"2015-01","domestic":"756","transborder":"3","international":"1"},{"date":"2015-02","domestic":"869","transborder":"6","international":"0"},{"date":"2015-03","domestic":"941","transborder":"4","international":"0"},{"date":"2015-04","domestic":"1085","transborder":"11","international":"0"},{"date":"2015-05","domestic":"1485","transborder":"12","international":"0"},{"date":"2015-06","domestic":"1701","transborder":"35","international":"0"},{"date":"2015-07","domestic":"2361","transborder":"40","international":"1"},{"date":"2015-08","domestic":"2393","transborder":"22","international":"0"},{"date":"2015-09","domestic":"1529","transborder":"28","international":"0"},{"date":"2015-10","domestic":"1244","transborder":"14","international":"0"},{"date":"2015-11","domestic":"972","transborder":"14","international":"0"},{"date":"2015-12","domestic":"665","transborder":"5","international":"0"},{"date":"2016-01","domestic":"719","transborder":"2","international":"0"},{"date":"2016-02","domestic":"980","transborder":"10","international":"0"},{"date":"2016-03","domestic":"1328","transborder":"10","international":"0"},{"date":"2016-04","domestic":"1265","transborder":"15","international":"0"},{"date":"2016-05","domestic":"1461","transborder":"21","international":"0"},{"date":"2016-06","domestic":"1738","transborder":"37","international":"2"},{"date":"2016-07","domestic":"1484","transborder":"51","international":"1"},{"date":"2016-08","domestic":"1838","transborder":"46","international":"1"},{"date":"2016-09","domestic":"1444","transborder":"17","international":"0"},{"date":"2016-10","domestic":"1138","transborder":"3","international":"0"},{"date":"2016-11","domestic":"1254","transborder":"5","international":"0"},{"date":"2016-12","domestic":"678","transborder":"1","international":"0"},{"date":"2017-01","domestic":"778","transborder":"4","international":"0"},{"date":"2017-02","domestic":"788","transborder":"5","international":"0"},{"date":"2017-03","domestic":"1145","transborder":"8","international":"0"},{"date":"2017-04","domestic":"1357","transborder":"6","international":"0"},{"date":"2017-05","domestic":"1736","transborder":"27","international":"1"},{"date":"2017-06","domestic":"1887","transborder":"47","international":"0"},{"date":"2017-07","domestic":"1851","transborder":"34","international":"0"},{"date":"2017-08","domestic":"1557","transborder":"34","international":"0"},{"date":"2017-09","domestic":"1811","transborder":"25","international":"0"},{"date":"2017-10","domestic":"1290","transborder":"20","international":"0"},{"date":"2017-11","domestic":"840","transborder":"7","international":"0"},{"date":"2017-12","domestic":"643","transborder":"10","international":"0"},{"date":"2018-01","domestic":"650","transborder":"6","international":"0"},{"date":"2018-02","domestic":"820","transborder":"9","international":"0"},{"date":"2018-03","domestic":"1083","transborder":"11","international":"0"},{"date":"2018-04","domestic":"1422","transborder":"8","international":"0"},{"date":"2018-05","domestic":"1861","transborder":"31","international":"0"},{"date":"2018-06","domestic":"1588","transborder":"17","international":"0"},{"date":"2018-07","domestic":"2805","transborder":"38","international":"0"},{"date":"2018-08","domestic":"1843","transborder":"31","international":"0"},{"date":"2018-09","domestic":"1635","transborder":"22","international":"0"},{"date":"2018-10","domestic":"1668","transborder":"26","international":"0"},{"date":"2018-11","domestic":"1308","transborder":"16","international":"0"},{"date":"2018-12","domestic":"749","transborder":"12","international":"1"},{"date":"2019-01","domestic":"839","transborder":"6","international":"0"},{"date":"2019-02","domestic":"832","transborder":"7","international":"0"}]