[{"date":"2010-01","domestic":"856","transborder":"7","international":"1"},{"date":"2010-02","domestic":"766","transborder":"4","international":"1"},{"date":"2010-03","domestic":"1344","transborder":"10","international":"7"},{"date":"2010-04","domestic":"971","transborder":"14","international":"13"},{"date":"2010-05","domestic":"1389","transborder":"15","international":"1"},{"date":"2010-06","domestic":"1509","transborder":"57","international":"1"},{"date":"2010-07","domestic":"1848","transborder":"129","international":"2"},{"date":"2010-08","domestic":"1981","transborder":"106","international":"4"},{"date":"2010-09","domestic":"1279","transborder":"29","international":"1"},{"date":"2010-10","domestic":"1156","transborder":"18","international":"2"},{"date":"2010-11","domestic":"979","transborder":"8","international":"4"},{"date":"2010-12","domestic":"764","transborder":"7","international":"0"},{"date":"2011-01","domestic":"709","transborder":"4","international":"1"},{"date":"2011-02","domestic":"618","transborder":"3","international":"0"},{"date":"2011-03","domestic":"876","transborder":"6","international":"3"},{"date":"2011-04","domestic":"702","transborder":"10","international":"6"},{"date":"2011-05","domestic":"935","transborder":"16","international":"3"},{"date":"2011-06","domestic":"983","transborder":"17","international":"2"},{"date":"2011-07","domestic":"1297","transborder":"118","international":"0"},{"date":"2011-08","domestic":"1268","transborder":"101","international":"0"},{"date":"2011-09","domestic":"1155","transborder":"54","international":"2"},{"date":"2011-10","domestic":"894","transborder":"12","international":"0"},{"date":"2011-11","domestic":"753","transborder":"5","international":"2"},{"date":"2011-12","domestic":"754","transborder":"4","international":"1"},{"date":"2012-01","domestic":"683","transborder":"2","international":"0"},{"date":"2012-02","domestic":"675","transborder":"3","international":"1"},{"date":"2012-03","domestic":"798","transborder":"7","international":"5"},{"date":"2012-04","domestic":"744","transborder":"10","international":"8"},{"date":"2012-05","domestic":"959","transborder":"17","international":"5"},{"date":"2012-06","domestic":"1072","transborder":"25","international":"2"},{"date":"2012-07","domestic":"1291","transborder":"100","international":"2"},{"date":"2012-08","domestic":"1355","transborder":"152","international":"1"},{"date":"2012-09","domestic":"960","transborder":"44","international":"1"},{"date":"2012-10","domestic":"906","transborder":"15","international":"0"},{"date":"2012-11","domestic":"695","transborder":"13","international":"0"},{"date":"2012-12","domestic":"613","transborder":"13","international":"0"},{"date":"2013-01","domestic":"622","transborder":"4","international":"0"},{"date":"2013-02","domestic":"602","transborder":"7","international":"6"},{"date":"2013-03","domestic":"687","transborder":"7","international":"10"},{"date":"2013-04","domestic":"672","transborder":"9","international":"10"},{"date":"2013-05","domestic":"881","transborder":"11","international":"3"},{"date":"2013-06","domestic":"1141","transborder":"25","international":"0"},{"date":"2013-07","domestic":"1466","transborder":"120","international":"11"},{"date":"2013-08","domestic":"1316","transborder":"117","international":"1"},{"date":"2013-09","domestic":"1122","transborder":"37","international":"5"},{"date":"2013-10","domestic":"929","transborder":"7","international":"1"},{"date":"2013-11","domestic":"721","transborder":"4","international":"0"},{"date":"2013-12","domestic":"508","transborder":"5","international":"0"},{"date":"2014-01","domestic":"565","transborder":"4","international":"0"},{"date":"2014-02","domestic":"577","transborder":"7","international":"6"},{"date":"2014-03","domestic":"601","transborder":"3","international":"10"},{"date":"2014-04","domestic":"637","transborder":"6","international":"10"},{"date":"2014-05","domestic":"936","transborder":"11","international":"4"},{"date":"2014-06","domestic":"1164","transborder":"37","international":"0"},{"date":"2014-07","domestic":"1339","transborder":"86","international":"1"},{"date":"2014-08","domestic":"1344","transborder":"116","international":"3"},{"date":"2014-09","domestic":"1104","transborder":"45","international":"2"},{"date":"2014-10","domestic":"955","transborder":"20","international":"2"},{"date":"2014-11","domestic":"726","transborder":"6","international":"1"},{"date":"2014-12","domestic":"689","transborder":"6","international":"0"},{"date":"2015-01","domestic":"625","transborder":"11","international":"1"},{"date":"2015-02","domestic":"514","transborder":"3","international":"11"},{"date":"2015-03","domestic":"638","transborder":"14","international":"11"},{"date":"2015-04","domestic":"729","transborder":"9","international":"8"},{"date":"2015-05","domestic":"968","transborder":"15","international":"4"},{"date":"2015-06","domestic":"1246","transborder":"44","international":"1"},{"date":"2015-07","domestic":"1392","transborder":"48","international":"2"},{"date":"2015-08","domestic":"1496","transborder":"75","international":"3"},{"date":"2015-09","domestic":"1061","transborder":"31","international":"1"},{"date":"2015-10","domestic":"914","transborder":"14","international":"2"},{"date":"2015-11","domestic":"724","transborder":"6","international":"0"},{"date":"2015-12","domestic":"717","transborder":"6","international":"0"},{"date":"2016-01","domestic":"736","transborder":"16","international":"0"},{"date":"2016-02","domestic":"732","transborder":"8","international":"4"},{"date":"2016-03","domestic":"781","transborder":"18","international":"9"},{"date":"2016-04","domestic":"795","transborder":"18","international":"6"},{"date":"2016-05","domestic":"858","transborder":"15","international":"5"},{"date":"2016-06","domestic":"1068","transborder":"21","international":"0"},{"date":"2016-07","domestic":"1214","transborder":"45","international":"1"},{"date":"2016-08","domestic":"1338","transborder":"84","international":"2"},{"date":"2016-09","domestic":"1081","transborder":"36","international":"3"},{"date":"2016-10","domestic":"836","transborder":"29","international":"0"},{"date":"2016-11","domestic":"677","transborder":"11","international":"1"},{"date":"2016-12","domestic":"597","transborder":"7","international":"0"},{"date":"2017-01","domestic":"726","transborder":"16","international":"1"},{"date":"2017-02","domestic":"653","transborder":"9","international":"4"},{"date":"2017-03","domestic":"752","transborder":"16","international":"9"},{"date":"2017-04","domestic":"779","transborder":"14","international":"8"},{"date":"2017-05","domestic":"796","transborder":"17","international":"3"},{"date":"2017-06","domestic":"1035","transborder":"22","international":"1"},{"date":"2017-07","domestic":"1252","transborder":"60","international":"0"},{"date":"2017-08","domestic":"1357","transborder":"56","international":"1"},{"date":"2017-09","domestic":"1015","transborder":"39","international":"4"},{"date":"2017-10","domestic":"995","transborder":"19","international":"1"},{"date":"2017-11","domestic":"737","transborder":"3","international":"0"},{"date":"2017-12","domestic":"659","transborder":"0","international":"5"},{"date":"2018-01","domestic":"617","transborder":"0","international":"0"},{"date":"2018-02","domestic":"613","transborder":"3","international":"9"},{"date":"2018-03","domestic":"623","transborder":"7","international":"8"},{"date":"2018-04","domestic":"714","transborder":"7","international":"10"},{"date":"2018-05","domestic":"881","transborder":"5","international":"4"},{"date":"2018-06","domestic":"913","transborder":"26","international":"2"},{"date":"2018-07","domestic":"1113","transborder":"58","international":"0"},{"date":"2018-08","domestic":"1151","transborder":"54","international":"1"},{"date":"2018-09","domestic":"997","transborder":"46","international":"0"},{"date":"2018-10","domestic":"855","transborder":"30","international":"0"},{"date":"2018-11","domestic":"579","transborder":"8","international":"0"},{"date":"2018-12","domestic":"660","transborder":"17","international":"0"},{"date":"2019-01","domestic":"641","transborder":"2","international":"0"},{"date":"2019-02","domestic":"584","transborder":"2","international":"6"}]