[{"date":"2010-01","domestic":"5807","transborder":"578","international":"53"},{"date":"2010-02","domestic":"5205","transborder":"610","international":"92"},{"date":"2010-03","domestic":"6327","transborder":"646","international":"57"},{"date":"2010-04","domestic":"6146","transborder":"649","international":"45"},{"date":"2010-05","domestic":"7031","transborder":"702","international":"42"},{"date":"2010-06","domestic":"7852","transborder":"716","international":"35"},{"date":"2010-07","domestic":"8961","transborder":"828","international":"47"},{"date":"2010-08","domestic":"8712","transborder":"829","international":"2"},{"date":"2010-09","domestic":"7221","transborder":"692","international":"1"},{"date":"2010-10","domestic":"7138","transborder":"650","international":"1"},{"date":"2010-11","domestic":"5021","transborder":"556","international":"23"},{"date":"2010-12","domestic":"5182","transborder":"534","international":"33"},{"date":"2011-01","domestic":"5007","transborder":"561","international":"42"},{"date":"2011-02","domestic":"5231","transborder":"570","international":"38"},{"date":"2011-03","domestic":"5902","transborder":"595","international":"41"},{"date":"2011-04","domestic":"6413","transborder":"623","international":"29"},{"date":"2011-05","domestic":"7490","transborder":"694","international":"1"},{"date":"2011-06","domestic":"7634","transborder":"657","international":"3"},{"date":"2011-07","domestic":"8648","transborder":"851","international":"0"},{"date":"2011-08","domestic":"8985","transborder":"879","international":"0"},{"date":"2011-09","domestic":"7327","transborder":"769","international":"0"},{"date":"2011-10","domestic":"6670","transborder":"647","international":"3"},{"date":"2011-11","domestic":"5731","transborder":"570","international":"24"},{"date":"2011-12","domestic":"5497","transborder":"605","international":"35"},{"date":"2012-01","domestic":"4927","transborder":"510","international":"37"},{"date":"2012-02","domestic":"5590","transborder":"556","international":"36"},{"date":"2012-03","domestic":"5844","transborder":"584","international":"45"},{"date":"2012-04","domestic":"6364","transborder":"564","international":"21"},{"date":"2012-05","domestic":"7644","transborder":"696","international":"4"},{"date":"2012-06","domestic":"6949","transborder":"645","international":"0"},{"date":"2012-07","domestic":"8713","transborder":"720","international":"0"},{"date":"2012-08","domestic":"8498","transborder":"809","international":"1"},{"date":"2012-09","domestic":"7970","transborder":"734","international":"0"},{"date":"2012-10","domestic":"6321","transborder":"633","international":"2"},{"date":"2012-11","domestic":"5826","transborder":"518","international":"24"},{"date":"2012-12","domestic":"4736","transborder":"540","international":"37"},{"date":"2013-01","domestic":"5289","transborder":"536","international":"45"},{"date":"2013-02","domestic":"4957","transborder":"516","international":"39"},{"date":"2013-03","domestic":"6663","transborder":"553","international":"43"},{"date":"2013-04","domestic":"6585","transborder":"579","international":"17"},{"date":"2013-05","domestic":"6804","transborder":"658","international":"2"},{"date":"2013-06","domestic":"7181","transborder":"675","international":"0"},{"date":"2013-07","domestic":"9272","transborder":"748","international":"2"},{"date":"2013-08","domestic":"7476","transborder":"689","international":"1"},{"date":"2013-09","domestic":"6485","transborder":"611","international":"4"},{"date":"2013-10","domestic":"6120","transborder":"600","international":"2"},{"date":"2013-11","domestic":"5954","transborder":"553","international":"31"},{"date":"2013-12","domestic":"4941","transborder":"586","international":"35"},{"date":"2014-01","domestic":"5094","transborder":"486","international":"43"},{"date":"2014-02","domestic":"4986","transborder":"459","international":"42"},{"date":"2014-03","domestic":"5993","transborder":"524","international":"48"},{"date":"2014-04","domestic":"6293","transborder":"548","international":"31"},{"date":"2014-05","domestic":"7433","transborder":"646","international":"6"},{"date":"2014-06","domestic":"7317","transborder":"615","international":"2"},{"date":"2014-07","domestic":"9155","transborder":"700","international":"1"},{"date":"2014-08","domestic":"8322","transborder":"765","international":"0"},{"date":"2014-09","domestic":"7029","transborder":"651","international":"3"},{"date":"2014-10","domestic":"5767","transborder":"601","international":"1"},{"date":"2014-11","domestic":"5210","transborder":"525","international":"29"},{"date":"2014-12","domestic":"4883","transborder":"537","international":"30"},{"date":"2015-01","domestic":"4841","transborder":"498","international":"49"},{"date":"2015-02","domestic":"5254","transborder":"487","international":"43"},{"date":"2015-03","domestic":"6064","transborder":"559","international":"44"},{"date":"2015-04","domestic":"6293","transborder":"567","international":"28"},{"date":"2015-05","domestic":"7333","transborder":"696","international":"4"},{"date":"2015-06","domestic":"7519","transborder":"684","international":"0"},{"date":"2015-07","domestic":"8552","transborder":"709","international":"0"},{"date":"2015-08","domestic":"7596","transborder":"787","international":"0"},{"date":"2015-09","domestic":"6799","transborder":"555","international":"1"},{"date":"2015-10","domestic":"6174","transborder":"523","international":"6"},{"date":"2015-11","domestic":"5522","transborder":"470","international":"22"},{"date":"2015-12","domestic":"4672","transborder":"515","international":"32"},{"date":"2016-01","domestic":"4836","transborder":"520","international":"51"},{"date":"2016-02","domestic":"5499","transborder":"471","international":"43"},{"date":"2016-03","domestic":"6256","transborder":"488","international":"41"},{"date":"2016-04","domestic":"6655","transborder":"638","international":"29"},{"date":"2016-05","domestic":"8038","transborder":"763","international":"4"},{"date":"2016-06","domestic":"6764","transborder":"600","international":"1"},{"date":"2016-07","domestic":"9192","transborder":"804","international":"1"},{"date":"2016-08","domestic":"9064","transborder":"818","international":"2"},{"date":"2016-09","domestic":"7845","transborder":"774","international":"2"},{"date":"2016-10","domestic":"6083","transborder":"709","international":"8"},{"date":"2016-11","domestic":"5682","transborder":"673","international":"25"},{"date":"2016-12","domestic":"5093","transborder":"597","international":"33"},{"date":"2017-01","domestic":"5946","transborder":"612","international":"48"},{"date":"2017-02","domestic":"4796","transborder":"535","international":"40"},{"date":"2017-03","domestic":"6005","transborder":"606","international":"40"},{"date":"2017-04","domestic":"6350","transborder":"630","international":"38"},{"date":"2017-05","domestic":"7294","transborder":"660","international":"2"},{"date":"2017-06","domestic":"7874","transborder":"716","international":"2"},{"date":"2017-07","domestic":"8748","transborder":"776","international":"1"},{"date":"2017-08","domestic":"8105","transborder":"832","international":"1"},{"date":"2017-09","domestic":"7313","transborder":"720","international":"4"},{"date":"2017-10","domestic":"6842","transborder":"649","international":"1"},{"date":"2017-11","domestic":"4896","transborder":"599","international":"25"},{"date":"2017-12","domestic":"4953","transborder":"504","international":"44"},{"date":"2018-01","domestic":"4491","transborder":"527","international":"47"},{"date":"2018-02","domestic":"4887","transborder":"465","international":"50"},{"date":"2018-03","domestic":"6161","transborder":"562","international":"61"},{"date":"2018-04","domestic":"5677","transborder":"648","international":"30"},{"date":"2018-05","domestic":"7828","transborder":"706","international":"2"},{"date":"2018-06","domestic":"7331","transborder":"773","international":"0"},{"date":"2018-07","domestic":"9199","transborder":"943","international":"2"},{"date":"2018-08","domestic":"7947","transborder":"957","international":"1"},{"date":"2018-09","domestic":"7142","transborder":"802","international":"1"},{"date":"2018-10","domestic":"6770","transborder":"692","international":"2"},{"date":"2018-11","domestic":"5699","transborder":"555","international":"27"},{"date":"2018-12","domestic":"4964","transborder":"553","international":"45"},{"date":"2019-01","domestic":"5402","transborder":"462","international":"50"},{"date":"2019-02","domestic":"3953","transborder":"376","international":"48"}]