[{"date":"2010-01","domestic":"632","transborder":"0","international":"0"},{"date":"2010-02","domestic":"760","transborder":"0","international":"0"},{"date":"2010-03","domestic":"740","transborder":"0","international":"0"},{"date":"2010-04","domestic":"855","transborder":"1","international":"0"},{"date":"2010-05","domestic":"800","transborder":"1","international":"0"},{"date":"2010-06","domestic":"829","transborder":"0","international":"0"},{"date":"2010-07","domestic":"883","transborder":"4","international":"0"},{"date":"2010-08","domestic":"948","transborder":"2","international":"0"},{"date":"2010-09","domestic":"923","transborder":"0","international":"0"},{"date":"2010-10","domestic":"905","transborder":"4","international":"0"},{"date":"2010-11","domestic":"1004","transborder":"2","international":"1"},{"date":"2010-12","domestic":"818","transborder":"0","international":"0"},{"date":"2011-01","domestic":"754","transborder":"0","international":"0"},{"date":"2011-02","domestic":"946","transborder":"0","international":"0"},{"date":"2011-03","domestic":"950","transborder":"0","international":"0"},{"date":"2011-04","domestic":"966","transborder":"0","international":"0"},{"date":"2011-05","domestic":"927","transborder":"0","international":"1"},{"date":"2011-06","domestic":"902","transborder":"1","international":"0"},{"date":"2011-07","domestic":"910","transborder":"1","international":"0"},{"date":"2011-08","domestic":"921","transborder":"1","international":"0"},{"date":"2011-09","domestic":"755","transborder":"3","international":"0"},{"date":"2011-10","domestic":"866","transborder":"7","international":"0"},{"date":"2011-11","domestic":"815","transborder":"5","international":"0"},{"date":"2011-12","domestic":"679","transborder":"1","international":"0"},{"date":"2012-01","domestic":"619","transborder":"0","international":"1"},{"date":"2012-02","domestic":"697","transborder":"1","international":"0"},{"date":"2012-03","domestic":"703","transborder":"0","international":"0"},{"date":"2012-04","domestic":"716","transborder":"0","international":"1"},{"date":"2012-05","domestic":"788","transborder":"1","international":"1"},{"date":"2012-06","domestic":"677","transborder":"1","international":"1"},{"date":"2012-07","domestic":"991","transborder":"4","international":"0"},{"date":"2012-08","domestic":"930","transborder":"2","international":"0"},{"date":"2012-09","domestic":"764","transborder":"4","international":"1"},{"date":"2012-10","domestic":"794","transborder":"3","international":"0"},{"date":"2012-11","domestic":"838","transborder":"3","international":"0"},{"date":"2012-12","domestic":"612","transborder":"0","international":"0"},{"date":"2013-01","domestic":"690","transborder":"0","international":"0"},{"date":"2013-02","domestic":"600","transborder":"0","international":"0"},{"date":"2013-03","domestic":"635","transborder":"1","international":"0"},{"date":"2013-04","domestic":"647","transborder":"0","international":"0"},{"date":"2013-05","domestic":"762","transborder":"1","international":"0"},{"date":"2013-06","domestic":"751","transborder":"0","international":"0"},{"date":"2013-07","domestic":"778","transborder":"3","international":"2"},{"date":"2013-08","domestic":"752","transborder":"2","international":"0"},{"date":"2013-09","domestic":"826","transborder":"1","international":"0"},{"date":"2013-10","domestic":"928","transborder":"2","international":"0"},{"date":"2013-11","domestic":"908","transborder":"0","international":"1"},{"date":"2013-12","domestic":"660","transborder":"0","international":"0"},{"date":"2014-01","domestic":"593","transborder":"0","international":"0"},{"date":"2014-02","domestic":"548","transborder":"0","international":"0"},{"date":"2014-03","domestic":"682","transborder":"1","international":"0"},{"date":"2014-04","domestic":"670","transborder":"0","international":"0"},{"date":"2014-05","domestic":"727","transborder":"3","international":"0"},{"date":"2014-06","domestic":"650","transborder":"0","international":"0"},{"date":"2014-07","domestic":"803","transborder":"0","international":"0"},{"date":"2014-08","domestic":"804","transborder":"1","international":"0"},{"date":"2014-09","domestic":"750","transborder":"0","international":"2"},{"date":"2014-10","domestic":"874","transborder":"2","international":"0"},{"date":"2014-11","domestic":"868","transborder":"2","international":"0"},{"date":"2014-12","domestic":"593","transborder":"0","international":"0"},{"date":"2015-01","domestic":"675","transborder":"1","international":"0"},{"date":"2015-02","domestic":"595","transborder":"0","international":"0"},{"date":"2015-03","domestic":"750","transborder":"0","international":"0"},{"date":"2015-04","domestic":"800","transborder":"0","international":"1"},{"date":"2015-05","domestic":"806","transborder":"0","international":"1"},{"date":"2015-06","domestic":"774","transborder":"1","international":"0"},{"date":"2015-07","domestic":"637","transborder":"1","international":"0"},{"date":"2015-08","domestic":"707","transborder":"2","international":"0"},{"date":"2015-09","domestic":"507","transborder":"0","international":"0"},{"date":"2015-10","domestic":"610","transborder":"1","international":"0"},{"date":"2015-11","domestic":"635","transborder":"2","international":"0"},{"date":"2015-12","domestic":"362","transborder":"0","international":"0"},{"date":"2016-01","domestic":"353","transborder":"1","international":"0"},{"date":"2016-02","domestic":"398","transborder":"0","international":"0"},{"date":"2016-03","domestic":"458","transborder":"0","international":"0"},{"date":"2016-04","domestic":"448","transborder":"0","international":"0"},{"date":"2016-05","domestic":"491","transborder":"0","international":"0"},{"date":"2016-06","domestic":"524","transborder":"2","international":"0"},{"date":"2016-07","domestic":"596","transborder":"0","international":"0"},{"date":"2016-08","domestic":"707","transborder":"2","international":"1"},{"date":"2016-09","domestic":"523","transborder":"2","international":"0"},{"date":"2016-10","domestic":"635","transborder":"3","international":"0"},{"date":"2016-11","domestic":"628","transborder":"1","international":"0"},{"date":"2016-12","domestic":"340","transborder":"0","international":"0"},{"date":"2017-01","domestic":"327","transborder":"1","international":"1"},{"date":"2017-02","domestic":"403","transborder":"1","international":"1"},{"date":"2017-03","domestic":"399","transborder":"0","international":"0"},{"date":"2017-04","domestic":"449","transborder":"0","international":"0"},{"date":"2017-05","domestic":"528","transborder":"1","international":"2"},{"date":"2017-06","domestic":"504","transborder":"1","international":"0"},{"date":"2017-07","domestic":"636","transborder":"5","international":"0"},{"date":"2017-08","domestic":"773","transborder":"1","international":"0"},{"date":"2017-09","domestic":"598","transborder":"5","international":"0"},{"date":"2017-10","domestic":"693","transborder":"2","international":"0"},{"date":"2017-11","domestic":"676","transborder":"0","international":"0"},{"date":"2017-12","domestic":"340","transborder":"0","international":"0"},{"date":"2018-01","domestic":"410","transborder":"0","international":"1"},{"date":"2018-02","domestic":"343","transborder":"1","international":"1"},{"date":"2018-03","domestic":"440","transborder":"2","international":"0"},{"date":"2018-04","domestic":"388","transborder":"1","international":"0"},{"date":"2018-05","domestic":"430","transborder":"2","international":"0"},{"date":"2018-06","domestic":"377","transborder":"1","international":"0"},{"date":"2018-07","domestic":"514","transborder":"2","international":"0"},{"date":"2018-08","domestic":"681","transborder":"5","international":"0"},{"date":"2018-09","domestic":"577","transborder":"2","international":"1"},{"date":"2018-10","domestic":"827","transborder":"5","international":"0"},{"date":"2018-11","domestic":"790","transborder":"3","international":"0"},{"date":"2018-12","domestic":"404","transborder":"0","international":"0"},{"date":"2019-01","domestic":"336","transborder":"0","international":"0"},{"date":"2019-02","domestic":"346","transborder":"0","international":"0"}]