[{"date":"2010-01","domestic":"2616","transborder":"196","international":"175"},{"date":"2010-02","domestic":"2327","transborder":"123","international":"153"},{"date":"2010-03","domestic":"2803","transborder":"164","international":"205"},{"date":"2010-04","domestic":"2713","transborder":"169","international":"244"},{"date":"2010-05","domestic":"3120","transborder":"215","international":"278"},{"date":"2010-06","domestic":"3387","transborder":"207","international":"278"},{"date":"2010-07","domestic":"3669","transborder":"194","international":"314"},{"date":"2010-08","domestic":"3407","transborder":"181","international":"248"},{"date":"2010-09","domestic":"3125","transborder":"223","international":"288"},{"date":"2010-10","domestic":"3181","transborder":"177","international":"197"},{"date":"2010-11","domestic":"3024","transborder":"187","international":"209"},{"date":"2010-12","domestic":"2981","transborder":"117","international":"132"},{"date":"2011-01","domestic":"2725","transborder":"172","international":"161"},{"date":"2011-02","domestic":"2483","transborder":"132","international":"140"},{"date":"2011-03","domestic":"3027","transborder":"189","international":"194"},{"date":"2011-04","domestic":"2965","transborder":"189","international":"202"},{"date":"2011-05","domestic":"3290","transborder":"212","international":"245"},{"date":"2011-06","domestic":"3244","transborder":"129","international":"213"},{"date":"2011-07","domestic":"3397","transborder":"173","international":"218"},{"date":"2011-08","domestic":"3472","transborder":"135","international":"197"},{"date":"2011-09","domestic":"3171","transborder":"214","international":"255"},{"date":"2011-10","domestic":"3085","transborder":"146","international":"136"},{"date":"2011-11","domestic":"3177","transborder":"195","international":"189"},{"date":"2011-12","domestic":"2970","transborder":"130","international":"138"},{"date":"2012-01","domestic":"2783","transborder":"143","international":"137"},{"date":"2012-02","domestic":"2632","transborder":"131","international":"132"},{"date":"2012-03","domestic":"2781","transborder":"181","international":"204"},{"date":"2012-04","domestic":"2841","transborder":"192","international":"212"},{"date":"2012-05","domestic":"3239","transborder":"189","international":"205"},{"date":"2012-06","domestic":"3243","transborder":"150","international":"214"},{"date":"2012-07","domestic":"3310","transborder":"193","international":"246"},{"date":"2012-08","domestic":"3417","transborder":"177","international":"238"},{"date":"2012-09","domestic":"3099","transborder":"196","international":"252"},{"date":"2012-10","domestic":"3061","transborder":"138","international":"179"},{"date":"2012-11","domestic":"2877","transborder":"146","international":"150"},{"date":"2012-12","domestic":"2880","transborder":"170","international":"141"},{"date":"2013-01","domestic":"2606","transborder":"126","international":"119"},{"date":"2013-02","domestic":"2421","transborder":"127","international":"128"},{"date":"2013-03","domestic":"2929","transborder":"153","international":"189"},{"date":"2013-04","domestic":"3030","transborder":"184","international":"247"},{"date":"2013-05","domestic":"3392","transborder":"200","international":"249"},{"date":"2013-06","domestic":"3237","transborder":"175","international":"211"},{"date":"2013-07","domestic":"3601","transborder":"212","international":"230"},{"date":"2013-08","domestic":"3629","transborder":"201","international":"241"},{"date":"2013-09","domestic":"3303","transborder":"225","international":"268"},{"date":"2013-10","domestic":"3473","transborder":"137","international":"169"},{"date":"2013-11","domestic":"3101","transborder":"172","international":"141"},{"date":"2013-12","domestic":"2825","transborder":"145","international":"139"},{"date":"2014-01","domestic":"2756","transborder":"138","international":"116"},{"date":"2014-02","domestic":"2531","transborder":"113","international":"133"},{"date":"2014-03","domestic":"2927","transborder":"176","international":"204"},{"date":"2014-04","domestic":"2879","transborder":"163","international":"219"},{"date":"2014-05","domestic":"3227","transborder":"180","international":"239"},{"date":"2014-06","domestic":"3470","transborder":"211","international":"276"},{"date":"2014-07","domestic":"3608","transborder":"208","international":"290"},{"date":"2014-08","domestic":"3679","transborder":"187","international":"289"},{"date":"2014-09","domestic":"3607","transborder":"218","international":"327"},{"date":"2014-10","domestic":"3533","transborder":"174","international":"250"},{"date":"2014-11","domestic":"3066","transborder":"173","international":"170"},{"date":"2014-12","domestic":"3116","transborder":"158","international":"179"},{"date":"2015-01","domestic":"2846","transborder":"148","international":"173"},{"date":"2015-02","domestic":"2605","transborder":"129","international":"123"},{"date":"2015-03","domestic":"3035","transborder":"146","international":"206"},{"date":"2015-04","domestic":"3005","transborder":"155","international":"270"},{"date":"2015-05","domestic":"3440","transborder":"178","international":"318"},{"date":"2015-06","domestic":"3535","transborder":"165","international":"258"},{"date":"2015-07","domestic":"3486","transborder":"166","international":"239"},{"date":"2015-08","domestic":"3766","transborder":"167","international":"277"},{"date":"2015-09","domestic":"3567","transborder":"180","international":"285"},{"date":"2015-10","domestic":"3411","transborder":"153","international":"239"},{"date":"2015-11","domestic":"2974","transborder":"143","international":"147"},{"date":"2015-12","domestic":"2947","transborder":"130","international":"157"},{"date":"2016-01","domestic":"2648","transborder":"158","international":"169"},{"date":"2016-02","domestic":"2485","transborder":"119","international":"148"},{"date":"2016-03","domestic":"3022","transborder":"136","international":"232"},{"date":"2016-04","domestic":"2918","transborder":"151","international":"245"},{"date":"2016-05","domestic":"3730","transborder":"180","international":"386"},{"date":"2016-06","domestic":"3776","transborder":"163","international":"369"},{"date":"2016-07","domestic":"3917","transborder":"209","international":"397"},{"date":"2016-08","domestic":"4214","transborder":"171","international":"360"},{"date":"2016-09","domestic":"3718","transborder":"176","international":"360"},{"date":"2016-10","domestic":"3604","transborder":"157","international":"316"},{"date":"2016-11","domestic":"3102","transborder":"81","international":"157"},{"date":"2016-12","domestic":"2879","transborder":"78","international":"146"},{"date":"2017-01","domestic":"2754","transborder":"79","international":"148"},{"date":"2017-02","domestic":"2295","transborder":"83","international":"126"},{"date":"2017-03","domestic":"2770","transborder":"121","international":"209"},{"date":"2017-04","domestic":"2809","transborder":"109","international":"213"},{"date":"2017-05","domestic":"3322","transborder":"136","international":"370"},{"date":"2017-06","domestic":"3573","transborder":"146","international":"365"},{"date":"2017-07","domestic":"3807","transborder":"183","international":"397"},{"date":"2017-08","domestic":"3954","transborder":"149","international":"371"},{"date":"2017-09","domestic":"3423","transborder":"133","international":"385"},{"date":"2017-10","domestic":"3443","transborder":"129","international":"320"},{"date":"2017-11","domestic":"3038","transborder":"102","international":"164"},{"date":"2017-12","domestic":"2733","transborder":"85","international":"148"},{"date":"2018-01","domestic":"2615","transborder":"101","international":"171"},{"date":"2018-02","domestic":"2502","transborder":"77","international":"144"},{"date":"2018-03","domestic":"2820","transborder":"76","international":"173"},{"date":"2018-04","domestic":"2906","transborder":"88","international":"188"},{"date":"2018-05","domestic":"3379","transborder":"153","international":"300"},{"date":"2018-06","domestic":"3456","transborder":"162","international":"309"},{"date":"2018-07","domestic":"3638","transborder":"163","international":"318"},{"date":"2018-08","domestic":"3901","transborder":"131","international":"302"},{"date":"2018-09","domestic":"3322","transborder":"188","international":"353"},{"date":"2018-10","domestic":"3236","transborder":"128","international":"270"},{"date":"2018-11","domestic":"2681","transborder":"86","international":"156"},{"date":"2018-12","domestic":"2906","transborder":"96","international":"161"},{"date":"2019-01","domestic":"2597","transborder":"95","international":"169"},{"date":"2019-02","domestic":"2461","transborder":"78","international":"131"}]