[{"date":"2010-01","domestic":"318","transborder":"0","international":"0"},{"date":"2010-02","domestic":"337","transborder":"0","international":"0"},{"date":"2010-03","domestic":"374","transborder":"1","international":"0"},{"date":"2010-04","domestic":"360","transborder":"0","international":"0"},{"date":"2010-05","domestic":"448","transborder":"1","international":"0"},{"date":"2010-06","domestic":"579","transborder":"1","international":"0"},{"date":"2010-07","domestic":"494","transborder":"2","international":"0"},{"date":"2010-08","domestic":"545","transborder":"2","international":"0"},{"date":"2010-09","domestic":"729","transborder":"1","international":"0"},{"date":"2010-10","domestic":"568","transborder":"0","international":"0"},{"date":"2010-11","domestic":"519","transborder":"0","international":"0"},{"date":"2010-12","domestic":"387","transborder":"0","international":"0"},{"date":"2011-01","domestic":"345","transborder":"0","international":"0"},{"date":"2011-02","domestic":"401","transborder":"0","international":"0"},{"date":"2011-03","domestic":"429","transborder":"0","international":"0"},{"date":"2011-04","domestic":"440","transborder":"0","international":"0"},{"date":"2011-05","domestic":"501","transborder":"0","international":"0"},{"date":"2011-06","domestic":"651","transborder":"2","international":"0"},{"date":"2011-07","domestic":"659","transborder":"1","international":"0"},{"date":"2011-08","domestic":"688","transborder":"2","international":"0"},{"date":"2011-09","domestic":"808","transborder":"1","international":"0"},{"date":"2011-10","domestic":"773","transborder":"2","international":"0"},{"date":"2011-11","domestic":"713","transborder":"2","international":"0"},{"date":"2011-12","domestic":"555","transborder":"3","international":"0"},{"date":"2012-01","domestic":"495","transborder":"0","international":"0"},{"date":"2012-02","domestic":"590","transborder":"0","international":"0"},{"date":"2012-03","domestic":"642","transborder":"0","international":"0"},{"date":"2012-04","domestic":"586","transborder":"0","international":"0"},{"date":"2012-05","domestic":"768","transborder":"0","international":"0"},{"date":"2012-06","domestic":"779","transborder":"2","international":"0"},{"date":"2012-07","domestic":"815","transborder":"4","international":"0"},{"date":"2012-08","domestic":"799","transborder":"0","international":"0"},{"date":"2012-09","domestic":"1021","transborder":"2","international":"0"},{"date":"2012-10","domestic":"905","transborder":"0","international":"0"},{"date":"2012-11","domestic":"883","transborder":"0","international":"0"},{"date":"2012-12","domestic":"676","transborder":"0","international":"0"},{"date":"2013-01","domestic":"615","transborder":"0","international":"0"},{"date":"2013-02","domestic":"595","transborder":"0","international":"0"},{"date":"2013-03","domestic":"670","transborder":"1","international":"0"},{"date":"2013-04","domestic":"670","transborder":"0","international":"0"},{"date":"2013-05","domestic":"730","transborder":"1","international":"0"},{"date":"2013-06","domestic":"703","transborder":"1","international":"0"},{"date":"2013-07","domestic":"822","transborder":"5","international":"0"},{"date":"2013-08","domestic":"897","transborder":"1","international":"0"},{"date":"2013-09","domestic":"996","transborder":"0","international":"0"},{"date":"2013-10","domestic":"811","transborder":"0","international":"0"},{"date":"2013-11","domestic":"724","transborder":"0","international":"0"},{"date":"2013-12","domestic":"558","transborder":"0","international":"0"},{"date":"2014-01","domestic":"504","transborder":"0","international":"0"},{"date":"2014-02","domestic":"457","transborder":"0","international":"0"},{"date":"2014-03","domestic":"495","transborder":"0","international":"0"},{"date":"2014-04","domestic":"468","transborder":"0","international":"0"},{"date":"2014-05","domestic":"566","transborder":"0","international":"0"},{"date":"2014-06","domestic":"823","transborder":"0","international":"0"},{"date":"2014-07","domestic":"668","transborder":"2","international":"0"},{"date":"2014-08","domestic":"732","transborder":"2","international":"0"},{"date":"2014-09","domestic":"859","transborder":"1","international":"0"},{"date":"2014-10","domestic":"806","transborder":"1","international":"0"},{"date":"2014-11","domestic":"682","transborder":"0","international":"0"},{"date":"2014-12","domestic":"524","transborder":"0","international":"0"},{"date":"2015-01","domestic":"439","transborder":"0","international":"0"},{"date":"2015-02","domestic":"427","transborder":"0","international":"0"},{"date":"2015-03","domestic":"516","transborder":"0","international":"0"},{"date":"2015-04","domestic":"498","transborder":"0","international":"0"},{"date":"2015-05","domestic":"452","transborder":"0","international":"0"},{"date":"2015-06","domestic":"815","transborder":"0","international":"2"},{"date":"2015-07","domestic":"434","transborder":"2","international":"0"},{"date":"2015-08","domestic":"530","transborder":"2","international":"1"},{"date":"2015-09","domestic":"591","transborder":"3","international":"0"},{"date":"2015-10","domestic":"569","transborder":"0","international":"0"},{"date":"2015-11","domestic":"538","transborder":"0","international":"0"},{"date":"2015-12","domestic":"422","transborder":"1","international":"0"},{"date":"2016-01","domestic":"307","transborder":"0","international":"0"},{"date":"2016-02","domestic":"297","transborder":"0","international":"0"},{"date":"2016-03","domestic":"373","transborder":"2","international":"0"},{"date":"2016-04","domestic":"356","transborder":"0","international":"0"},{"date":"2016-05","domestic":"481","transborder":"0","international":"0"},{"date":"2016-06","domestic":"727","transborder":"0","international":"0"},{"date":"2016-07","domestic":"416","transborder":"1","international":"0"},{"date":"2016-08","domestic":"458","transborder":"0","international":"0"},{"date":"2016-09","domestic":"748","transborder":"0","international":"0"},{"date":"2016-10","domestic":"453","transborder":"0","international":"0"},{"date":"2016-11","domestic":"500","transborder":"1","international":"0"},{"date":"2016-12","domestic":"405","transborder":"0","international":"0"},{"date":"2017-01","domestic":"280","transborder":"2","international":"0"},{"date":"2017-02","domestic":"296","transborder":"0","international":"0"},{"date":"2017-03","domestic":"389","transborder":"1","international":"0"},{"date":"2017-04","domestic":"316","transborder":"0","international":"0"},{"date":"2017-05","domestic":"640","transborder":"0","international":"0"},{"date":"2017-06","domestic":"1134","transborder":"0","international":"0"},{"date":"2017-07","domestic":"540","transborder":"3","international":"0"},{"date":"2017-08","domestic":"513","transborder":"3","international":"0"},{"date":"2017-09","domestic":"527","transborder":"3","international":"0"},{"date":"2017-10","domestic":"636","transborder":"1","international":"1"},{"date":"2017-11","domestic":"696","transborder":"0","international":"0"},{"date":"2017-12","domestic":"502","transborder":"2","international":"0"},{"date":"2018-01","domestic":"420","transborder":"0","international":"0"},{"date":"2018-02","domestic":"475","transborder":"1","international":"1"},{"date":"2018-03","domestic":"481","transborder":"0","international":"0"},{"date":"2018-04","domestic":"462","transborder":"1","international":"0"},{"date":"2018-05","domestic":"630","transborder":"0","international":"0"},{"date":"2018-06","domestic":"950","transborder":"1","international":"0"},{"date":"2018-07","domestic":"538","transborder":"1","international":"0"},{"date":"2018-08","domestic":"626","transborder":"3","international":"0"},{"date":"2018-09","domestic":"830","transborder":"1","international":"0"},{"date":"2018-10","domestic":"667","transborder":"0","international":"0"},{"date":"2018-11","domestic":"670","transborder":"0","international":"0"},{"date":"2018-12","domestic":"609","transborder":"0","international":"0"},{"date":"2019-01","domestic":"583","transborder":"0","international":"0"},{"date":"2019-02","domestic":"571","transborder":"0","international":"0"}]