[{"date":"2010-01","domestic":"2874","transborder":"5","international":"84"},{"date":"2010-02","domestic":"2747","transborder":"2","international":"79"},{"date":"2010-03","domestic":"3519","transborder":"1","international":"110"},{"date":"2010-04","domestic":"3919","transborder":"2","international":"177"},{"date":"2010-05","domestic":"3695","transborder":"0","international":"211"},{"date":"2010-06","domestic":"3668","transborder":"2","international":"360"},{"date":"2010-07","domestic":"3898","transborder":"9","international":"301"},{"date":"2010-08","domestic":"4155","transborder":"10","international":"7"},{"date":"2010-09","domestic":"3859","transborder":"4","international":"6"},{"date":"2010-10","domestic":"3335","transborder":"1","international":"0"},{"date":"2010-11","domestic":"3430","transborder":"2","international":"0"},{"date":"2010-12","domestic":"2999","transborder":"1","international":"0"},{"date":"2011-01","domestic":"3319","transborder":"3","international":"4"},{"date":"2011-02","domestic":"3107","transborder":"1","international":"2"},{"date":"2011-03","domestic":"4397","transborder":"7","international":"7"},{"date":"2011-04","domestic":"4194","transborder":"3","international":"3"},{"date":"2011-05","domestic":"4635","transborder":"2","international":"1"},{"date":"2011-06","domestic":"4428","transborder":"11","international":"3"},{"date":"2011-07","domestic":"4509","transborder":"9","international":"2"},{"date":"2011-08","domestic":"4581","transborder":"10","international":"1"},{"date":"2011-09","domestic":"4121","transborder":"9","international":"3"},{"date":"2011-10","domestic":"3493","transborder":"6","international":"3"},{"date":"2011-11","domestic":"3483","transborder":"3","international":"0"},{"date":"2011-12","domestic":"3316","transborder":"2","international":"1"},{"date":"2012-01","domestic":"3427","transborder":"2","international":"0"},{"date":"2012-02","domestic":"4035","transborder":"0","international":"0"},{"date":"2012-03","domestic":"4460","transborder":"1","international":"0"},{"date":"2012-04","domestic":"4382","transborder":"3","international":"3"},{"date":"2012-05","domestic":"4622","transborder":"9","international":"0"},{"date":"2012-06","domestic":"4820","transborder":"4","international":"2"},{"date":"2012-07","domestic":"4945","transborder":"9","international":"1"},{"date":"2012-08","domestic":"4558","transborder":"10","international":"1"},{"date":"2012-09","domestic":"3768","transborder":"5","international":"0"},{"date":"2012-10","domestic":"3699","transborder":"2","international":"0"},{"date":"2012-11","domestic":"3261","transborder":"1","international":"1"},{"date":"2012-12","domestic":"2761","transborder":"2","international":"0"},{"date":"2013-01","domestic":"3065","transborder":"3","international":"0"},{"date":"2013-02","domestic":"3173","transborder":"0","international":"0"},{"date":"2013-03","domestic":"3852","transborder":"0","international":"0"},{"date":"2013-04","domestic":"3804","transborder":"2","international":"1"},{"date":"2013-05","domestic":"3815","transborder":"2","international":"1"},{"date":"2013-06","domestic":"4107","transborder":"11","international":"0"},{"date":"2013-07","domestic":"4182","transborder":"14","international":"0"},{"date":"2013-08","domestic":"3937","transborder":"15","international":"2"},{"date":"2013-09","domestic":"3300","transborder":"6","international":"1"},{"date":"2013-10","domestic":"3190","transborder":"2","international":"4"},{"date":"2013-11","domestic":"3078","transborder":"0","international":"1"},{"date":"2013-12","domestic":"2974","transborder":"0","international":"1"},{"date":"2014-01","domestic":"3116","transborder":"0","international":"0"},{"date":"2014-02","domestic":"2805","transborder":"2","international":"0"},{"date":"2014-03","domestic":"3077","transborder":"20","international":"1"},{"date":"2014-04","domestic":"3495","transborder":"3","international":"2"},{"date":"2014-05","domestic":"3554","transborder":"0","international":"0"},{"date":"2014-06","domestic":"4144","transborder":"0","international":"0"},{"date":"2014-07","domestic":"5848","transborder":"6","international":"1"},{"date":"2014-08","domestic":"5480","transborder":"48","international":"1"},{"date":"2014-09","domestic":"3726","transborder":"23","international":"2"},{"date":"2014-10","domestic":"3295","transborder":"0","international":"0"},{"date":"2014-11","domestic":"3163","transborder":"4","international":"0"},{"date":"2014-12","domestic":"2867","transborder":"0","international":"0"},{"date":"2015-01","domestic":"2896","transborder":"0","international":"0"},{"date":"2015-02","domestic":"2702","transborder":"3","international":"1"},{"date":"2015-03","domestic":"3173","transborder":"6","international":"0"},{"date":"2015-04","domestic":"3439","transborder":"7","international":"1"},{"date":"2015-05","domestic":"3855","transborder":"10","international":"1"},{"date":"2015-06","domestic":"4147","transborder":"9","international":"0"},{"date":"2015-07","domestic":"4617","transborder":"16","international":"0"},{"date":"2015-08","domestic":"4772","transborder":"3","international":"0"},{"date":"2015-09","domestic":"4099","transborder":"3","international":"2"},{"date":"2015-10","domestic":"3478","transborder":"6","international":"0"},{"date":"2015-11","domestic":"3067","transborder":"4","international":"0"},{"date":"2015-12","domestic":"3137","transborder":"0","international":"0"},{"date":"2016-01","domestic":"3046","transborder":"0","international":"0"},{"date":"2016-02","domestic":"2948","transborder":"4","international":"1"},{"date":"2016-03","domestic":"3157","transborder":"1","international":"7"},{"date":"2016-04","domestic":"3765","transborder":"0","international":"1"},{"date":"2016-05","domestic":"3794","transborder":"0","international":"0"},{"date":"2016-06","domestic":"3817","transborder":"6","international":"1"},{"date":"2016-07","domestic":"4954","transborder":"7","international":"1"},{"date":"2016-08","domestic":"4375","transborder":"7","international":"1"},{"date":"2016-09","domestic":"4155","transborder":"4","international":"0"},{"date":"2016-10","domestic":"3494","transborder":"29","international":"2"},{"date":"2016-11","domestic":"2955","transborder":"2","international":"0"},{"date":"2016-12","domestic":"2922","transborder":"2","international":"1"},{"date":"2017-01","domestic":"3056","transborder":"1","international":"0"},{"date":"2017-02","domestic":"2917","transborder":"1","international":"0"},{"date":"2017-03","domestic":"3409","transborder":"1","international":"3"},{"date":"2017-04","domestic":"3425","transborder":"5","international":"4"},{"date":"2017-05","domestic":"4049","transborder":"6","international":"1"},{"date":"2017-06","domestic":"4270","transborder":"8","international":"0"},{"date":"2017-07","domestic":"4659","transborder":"15","international":"2"},{"date":"2017-08","domestic":"4930","transborder":"11","international":"0"},{"date":"2017-09","domestic":"4038","transborder":"11","international":"2"},{"date":"2017-10","domestic":"3691","transborder":"6","international":"4"},{"date":"2017-11","domestic":"3328","transborder":"1","international":"0"},{"date":"2017-12","domestic":"3030","transborder":"0","international":"0"},{"date":"2018-01","domestic":"3154","transborder":"2","international":"0"},{"date":"2018-02","domestic":"3159","transborder":"1","international":"0"},{"date":"2018-03","domestic":"3638","transborder":"18","international":"5"},{"date":"2018-04","domestic":"3592","transborder":"4","international":"0"},{"date":"2018-05","domestic":"4133","transborder":"2","international":"0"},{"date":"2018-06","domestic":"4086","transborder":"10","international":"1"},{"date":"2018-07","domestic":"4411","transborder":"20","international":"1"},{"date":"2018-08","domestic":"4409","transborder":"21","international":"1"},{"date":"2018-09","domestic":"3885","transborder":"4","international":"0"},{"date":"2018-10","domestic":"3328","transborder":"8","international":"0"},{"date":"2018-11","domestic":"3324","transborder":"1","international":"0"},{"date":"2018-12","domestic":"3187","transborder":"5","international":"0"},{"date":"2019-01","domestic":"3295","transborder":"10","international":"0"},{"date":"2019-02","domestic":"3124","transborder":"2","international":"0"}]