[{"date":"2010-01","domestic":"475","transborder":"4","international":"0"},{"date":"2010-02","domestic":"483","transborder":"1","international":"0"},{"date":"2010-03","domestic":"654","transborder":"5","international":"0"},{"date":"2010-04","domestic":"678","transborder":"12","international":"0"},{"date":"2010-05","domestic":"797","transborder":"27","international":"0"},{"date":"2010-06","domestic":"831","transborder":"50","international":"0"},{"date":"2010-07","domestic":"1392","transborder":"72","international":"0"},{"date":"2010-08","domestic":"1691","transborder":"84","international":"0"},{"date":"2010-09","domestic":"902","transborder":"27","international":"0"},{"date":"2010-10","domestic":"596","transborder":"6","international":"0"},{"date":"2010-11","domestic":"498","transborder":"1","international":"0"},{"date":"2010-12","domestic":"417","transborder":"2","international":"1"},{"date":"2011-01","domestic":"472","transborder":"4","international":"0"},{"date":"2011-02","domestic":"423","transborder":"2","international":"0"},{"date":"2011-03","domestic":"527","transborder":"3","international":"0"},{"date":"2011-04","domestic":"586","transborder":"7","international":"0"},{"date":"2011-05","domestic":"738","transborder":"23","international":"0"},{"date":"2011-06","domestic":"861","transborder":"50","international":"0"},{"date":"2011-07","domestic":"1327","transborder":"84","international":"0"},{"date":"2011-08","domestic":"1636","transborder":"86","international":"0"},{"date":"2011-09","domestic":"817","transborder":"30","international":"0"},{"date":"2011-10","domestic":"522","transborder":"8","international":"0"},{"date":"2011-11","domestic":"543","transborder":"6","international":"0"},{"date":"2011-12","domestic":"412","transborder":"2","international":"0"},{"date":"2012-01","domestic":"507","transborder":"1","international":"0"},{"date":"2012-02","domestic":"564","transborder":"2","international":"0"},{"date":"2012-03","domestic":"698","transborder":"7","international":"0"},{"date":"2012-04","domestic":"773","transborder":"14","international":"0"},{"date":"2012-05","domestic":"947","transborder":"9","international":"0"},{"date":"2012-06","domestic":"867","transborder":"34","international":"0"},{"date":"2012-07","domestic":"1435","transborder":"77","international":"0"},{"date":"2012-08","domestic":"1740","transborder":"83","international":"0"},{"date":"2012-09","domestic":"1019","transborder":"13","international":"0"},{"date":"2012-10","domestic":"699","transborder":"7","international":"0"},{"date":"2012-11","domestic":"514","transborder":"1","international":"0"},{"date":"2012-12","domestic":"445","transborder":"2","international":"0"},{"date":"2013-01","domestic":"450","transborder":"0","international":"0"},{"date":"2013-02","domestic":"511","transborder":"7","international":"0"},{"date":"2013-03","domestic":"639","transborder":"13","international":"0"},{"date":"2013-04","domestic":"725","transborder":"14","international":"0"},{"date":"2013-05","domestic":"733","transborder":"20","international":"0"},{"date":"2013-06","domestic":"756","transborder":"24","international":"0"},{"date":"2013-07","domestic":"1101","transborder":"47","international":"0"},{"date":"2013-08","domestic":"1180","transborder":"65","international":"0"},{"date":"2013-09","domestic":"823","transborder":"24","international":"0"},{"date":"2013-10","domestic":"520","transborder":"4","international":"0"},{"date":"2013-11","domestic":"508","transborder":"4","international":"0"},{"date":"2013-12","domestic":"426","transborder":"0","international":"0"},{"date":"2014-01","domestic":"434","transborder":"6","international":"0"},{"date":"2014-02","domestic":"485","transborder":"7","international":"0"},{"date":"2014-03","domestic":"471","transborder":"6","international":"0"},{"date":"2014-04","domestic":"617","transborder":"15","international":"0"},{"date":"2014-05","domestic":"714","transborder":"17","international":"0"},{"date":"2014-06","domestic":"759","transborder":"29","international":"0"},{"date":"2014-07","domestic":"1021","transborder":"42","international":"0"},{"date":"2014-08","domestic":"1113","transborder":"69","international":"0"},{"date":"2014-09","domestic":"815","transborder":"27","international":"0"},{"date":"2014-10","domestic":"596","transborder":"11","international":"0"},{"date":"2014-11","domestic":"495","transborder":"4","international":"0"},{"date":"2014-12","domestic":"436","transborder":"1","international":"0"},{"date":"2015-01","domestic":"483","transborder":"0","international":"0"},{"date":"2015-02","domestic":"530","transborder":"6","international":"0"},{"date":"2015-03","domestic":"576","transborder":"9","international":"0"},{"date":"2015-04","domestic":"598","transborder":"11","international":"0"},{"date":"2015-05","domestic":"697","transborder":"24","international":"0"},{"date":"2015-06","domestic":"803","transborder":"41","international":"0"},{"date":"2015-07","domestic":"1119","transborder":"54","international":"0"},{"date":"2015-08","domestic":"1247","transborder":"78","international":"0"},{"date":"2015-09","domestic":"926","transborder":"47","international":"0"},{"date":"2015-10","domestic":"655","transborder":"22","international":"0"},{"date":"2015-11","domestic":"540","transborder":"0","international":"0"},{"date":"2015-12","domestic":"400","transborder":"1","international":"0"},{"date":"2016-01","domestic":"510","transborder":"5","international":"0"},{"date":"2016-02","domestic":"502","transborder":"4","international":"0"},{"date":"2016-03","domestic":"602","transborder":"6","international":"0"},{"date":"2016-04","domestic":"551","transborder":"12","international":"0"},{"date":"2016-05","domestic":"615","transborder":"11","international":"0"},{"date":"2016-06","domestic":"715","transborder":"42","international":"0"},{"date":"2016-07","domestic":"1023","transborder":"54","international":"0"},{"date":"2016-08","domestic":"1151","transborder":"69","international":"0"},{"date":"2016-09","domestic":"928","transborder":"29","international":"0"},{"date":"2016-10","domestic":"721","transborder":"11","international":"0"},{"date":"2016-11","domestic":"517","transborder":"8","international":"0"},{"date":"2016-12","domestic":"417","transborder":"0","international":"0"},{"date":"2017-01","domestic":"502","transborder":"0","international":"0"},{"date":"2017-02","domestic":"450","transborder":"8","international":"0"},{"date":"2017-03","domestic":"561","transborder":"9","international":"0"},{"date":"2017-04","domestic":"530","transborder":"9","international":"0"},{"date":"2017-05","domestic":"696","transborder":"22","international":"0"},{"date":"2017-06","domestic":"791","transborder":"39","international":"0"},{"date":"2017-07","domestic":"1012","transborder":"69","international":"0"},{"date":"2017-08","domestic":"1169","transborder":"68","international":"0"},{"date":"2017-09","domestic":"874","transborder":"33","international":"0"},{"date":"2017-10","domestic":"682","transborder":"20","international":"0"},{"date":"2017-11","domestic":"527","transborder":"8","international":"0"},{"date":"2017-12","domestic":"473","transborder":"1","international":"0"},{"date":"2018-01","domestic":"495","transborder":"6","international":"0"},{"date":"2018-02","domestic":"546","transborder":"6","international":"0"},{"date":"2018-03","domestic":"581","transborder":"7","international":"0"},{"date":"2018-04","domestic":"579","transborder":"5","international":"0"},{"date":"2018-05","domestic":"615","transborder":"17","international":"0"},{"date":"2018-06","domestic":"827","transborder":"29","international":"0"},{"date":"2018-07","domestic":"1038","transborder":"65","international":"0"},{"date":"2018-08","domestic":"1178","transborder":"43","international":"0"},{"date":"2018-09","domestic":"821","transborder":"34","international":"0"},{"date":"2018-10","domestic":"610","transborder":"16","international":"0"},{"date":"2018-11","domestic":"503","transborder":"4","international":"0"},{"date":"2018-12","domestic":"396","transborder":"2","international":"0"},{"date":"2019-01","domestic":"481","transborder":"1","international":"0"},{"date":"2019-02","domestic":"401","transborder":"7","international":"0"}]