[{"date":"2010-01","domestic":"537","transborder":"0","international":"0"},{"date":"2010-02","domestic":"542","transborder":"0","international":"0"},{"date":"2010-03","domestic":"643","transborder":"0","international":"0"},{"date":"2010-04","domestic":"908","transborder":"0","international":"0"},{"date":"2010-05","domestic":"965","transborder":"0","international":"0"},{"date":"2010-06","domestic":"1124","transborder":"3","international":"0"},{"date":"2010-07","domestic":"819","transborder":"2","international":"0"},{"date":"2010-08","domestic":"855","transborder":"0","international":"0"},{"date":"2010-09","domestic":"792","transborder":"0","international":"0"},{"date":"2010-10","domestic":"632","transborder":"0","international":"0"},{"date":"2010-11","domestic":"587","transborder":"0","international":"0"},{"date":"2010-12","domestic":"379","transborder":"0","international":"0"},{"date":"2011-01","domestic":"425","transborder":"0","international":"0"},{"date":"2011-02","domestic":"486","transborder":"0","international":"0"},{"date":"2011-03","domestic":"468","transborder":"1","international":"0"},{"date":"2011-04","domestic":"583","transborder":"1","international":"0"},{"date":"2011-05","domestic":"1638","transborder":"2","international":"0"},{"date":"2011-06","domestic":"936","transborder":"0","international":"0"},{"date":"2011-07","domestic":"985","transborder":"1","international":"0"},{"date":"2011-08","domestic":"947","transborder":"0","international":"0"},{"date":"2011-09","domestic":"1012","transborder":"0","international":"0"},{"date":"2011-10","domestic":"618","transborder":"0","international":"0"},{"date":"2011-11","domestic":"691","transborder":"0","international":"0"},{"date":"2011-12","domestic":"441","transborder":"0","international":"0"},{"date":"2012-01","domestic":"615","transborder":"0","international":"0"},{"date":"2012-02","domestic":"521","transborder":"0","international":"0"},{"date":"2012-03","domestic":"544","transborder":"0","international":"0"},{"date":"2012-04","domestic":"632","transborder":"0","international":"0"},{"date":"2012-05","domestic":"1091","transborder":"0","international":"0"},{"date":"2012-06","domestic":"747","transborder":"3","international":"0"},{"date":"2012-07","domestic":"1112","transborder":"3","international":"0"},{"date":"2012-08","domestic":"1080","transborder":"2","international":"0"},{"date":"2012-09","domestic":"796","transborder":"0","international":"0"},{"date":"2012-10","domestic":"540","transborder":"0","international":"0"},{"date":"2012-11","domestic":"596","transborder":"0","international":"0"},{"date":"2012-12","domestic":"456","transborder":"0","international":"0"},{"date":"2013-01","domestic":"506","transborder":"0","international":"0"},{"date":"2013-02","domestic":"521","transborder":"1","international":"0"},{"date":"2013-03","domestic":"601","transborder":"1","international":"0"},{"date":"2013-04","domestic":"748","transborder":"0","international":"0"},{"date":"2013-05","domestic":"1688","transborder":"1","international":"0"},{"date":"2013-06","domestic":"1000","transborder":"0","international":"0"},{"date":"2013-07","domestic":"1015","transborder":"1","international":"0"},{"date":"2013-08","domestic":"943","transborder":"1","international":"0"},{"date":"2013-09","domestic":"1006","transborder":"1","international":"0"},{"date":"2013-10","domestic":"861","transborder":"3","international":"0"},{"date":"2013-11","domestic":"560","transborder":"2","international":"0"},{"date":"2013-12","domestic":"385","transborder":"1","international":"0"},{"date":"2014-01","domestic":"544","transborder":"0","international":"0"},{"date":"2014-02","domestic":"620","transborder":"1","international":"0"},{"date":"2014-03","domestic":"636","transborder":"0","international":"0"},{"date":"2014-04","domestic":"712","transborder":"1","international":"0"},{"date":"2014-05","domestic":"1210","transborder":"3","international":"0"},{"date":"2014-06","domestic":"1122","transborder":"3","international":"0"},{"date":"2014-07","domestic":"1526","transborder":"5","international":"0"},{"date":"2014-08","domestic":"1024","transborder":"1","international":"0"},{"date":"2014-09","domestic":"960","transborder":"3","international":"0"},{"date":"2014-10","domestic":"717","transborder":"0","international":"0"},{"date":"2014-11","domestic":"580","transborder":"2","international":"0"},{"date":"2014-12","domestic":"488","transborder":"0","international":"0"},{"date":"2015-01","domestic":"579","transborder":"0","international":"0"},{"date":"2015-02","domestic":"622","transborder":"1","international":"0"},{"date":"2015-03","domestic":"572","transborder":"0","international":"0"},{"date":"2015-04","domestic":"1105","transborder":"0","international":"0"},{"date":"2015-05","domestic":"1741","transborder":"0","international":"0"},{"date":"2015-06","domestic":"1505","transborder":"0","international":"0"},{"date":"2015-07","domestic":"1456","transborder":"3","international":"0"},{"date":"2015-08","domestic":"949","transborder":"2","international":"0"},{"date":"2015-09","domestic":"898","transborder":"1","international":"0"},{"date":"2015-10","domestic":"931","transborder":"1","international":"0"},{"date":"2015-11","domestic":"650","transborder":"0","international":"0"},{"date":"2015-12","domestic":"472","transborder":"0","international":"0"},{"date":"2016-01","domestic":"713","transborder":"1","international":"0"},{"date":"2016-02","domestic":"694","transborder":"0","international":"0"},{"date":"2016-03","domestic":"645","transborder":"1","international":"0"},{"date":"2016-04","domestic":"1037","transborder":"1","international":"0"},{"date":"2016-05","domestic":"1808","transborder":"3","international":"0"},{"date":"2016-06","domestic":"1130","transborder":"0","international":"0"},{"date":"2016-07","domestic":"1023","transborder":"1","international":"0"},{"date":"2016-08","domestic":"769","transborder":"0","international":"0"},{"date":"2016-09","domestic":"869","transborder":"1","international":"0"},{"date":"2016-10","domestic":"403","transborder":"0","international":"0"},{"date":"2016-11","domestic":"681","transborder":"2","international":"0"},{"date":"2016-12","domestic":"356","transborder":"0","international":"0"},{"date":"2017-01","domestic":"449","transborder":"0","international":"0"},{"date":"2017-02","domestic":"423","transborder":"4","international":"0"},{"date":"2017-03","domestic":"573","transborder":"0","international":"0"},{"date":"2017-04","domestic":"599","transborder":"0","international":"0"},{"date":"2017-05","domestic":"1091","transborder":"0","international":"0"},{"date":"2017-06","domestic":"818","transborder":"2","international":"0"},{"date":"2017-07","domestic":"699","transborder":"1","international":"0"},{"date":"2017-08","domestic":"772","transborder":"1","international":"0"},{"date":"2017-09","domestic":"617","transborder":"0","international":"0"},{"date":"2017-10","domestic":"578","transborder":"0","international":"0"},{"date":"2017-11","domestic":"413","transborder":"0","international":"0"},{"date":"2017-12","domestic":"391","transborder":"0","international":"0"},{"date":"2018-01","domestic":"494","transborder":"0","international":"0"},{"date":"2018-02","domestic":"493","transborder":"0","international":"0"},{"date":"2018-03","domestic":"576","transborder":"0","international":"0"},{"date":"2018-04","domestic":"595","transborder":"0","international":"0"},{"date":"2018-05","domestic":"1283","transborder":"0","international":"0"},{"date":"2018-06","domestic":"1076","transborder":"1","international":"0"},{"date":"2018-07","domestic":"966","transborder":"1","international":"0"},{"date":"2018-08","domestic":"936","transborder":"2","international":"1"},{"date":"2018-09","domestic":"738","transborder":"0","international":"0"},{"date":"2018-10","domestic":"578","transborder":"1","international":"0"},{"date":"2018-11","domestic":"305","transborder":"0","international":"0"},{"date":"2018-12","domestic":"319","transborder":"0","international":"0"},{"date":"2019-01","domestic":"340","transborder":"0","international":"0"},{"date":"2019-02","domestic":"378","transborder":"0","international":"0"}]