[{"date":"2010-01","domestic":"1578","transborder":"3","international":"0"},{"date":"2010-02","domestic":"1580","transborder":"7","international":"1"},{"date":"2010-03","domestic":"1664","transborder":"5","international":"1"},{"date":"2010-04","domestic":"1729","transborder":"3","international":"0"},{"date":"2010-05","domestic":"2084","transborder":"2","international":"1"},{"date":"2010-06","domestic":"2038","transborder":"39","international":"0"},{"date":"2010-07","domestic":"2462","transborder":"15","international":"3"},{"date":"2010-08","domestic":"2481","transborder":"5","international":"0"},{"date":"2010-09","domestic":"2426","transborder":"8","international":"0"},{"date":"2010-10","domestic":"2365","transborder":"6","international":"1"},{"date":"2010-11","domestic":"2269","transborder":"4","international":"2"},{"date":"2010-12","domestic":"1871","transborder":"4","international":"2"},{"date":"2011-01","domestic":"1866","transborder":"4","international":"3"},{"date":"2011-02","domestic":"1894","transborder":"3","international":"0"},{"date":"2011-03","domestic":"2164","transborder":"10","international":"0"},{"date":"2011-04","domestic":"2031","transborder":"9","international":"1"},{"date":"2011-05","domestic":"2284","transborder":"7","international":"0"},{"date":"2011-06","domestic":"2715","transborder":"54","international":"2"},{"date":"2011-07","domestic":"2787","transborder":"22","international":"1"},{"date":"2011-08","domestic":"2522","transborder":"5","international":"1"},{"date":"2011-09","domestic":"2512","transborder":"9","international":"1"},{"date":"2011-10","domestic":"2422","transborder":"8","international":"3"},{"date":"2011-11","domestic":"2239","transborder":"6","international":"1"},{"date":"2011-12","domestic":"1864","transborder":"2","international":"0"},{"date":"2012-01","domestic":"1878","transborder":"1","international":"0"},{"date":"2012-02","domestic":"2225","transborder":"2","international":"1"},{"date":"2012-03","domestic":"2489","transborder":"9","international":"0"},{"date":"2012-04","domestic":"2235","transborder":"7","international":"3"},{"date":"2012-05","domestic":"2693","transborder":"9","international":"4"},{"date":"2012-06","domestic":"3173","transborder":"47","international":"0"},{"date":"2012-07","domestic":"3143","transborder":"22","international":"4"},{"date":"2012-08","domestic":"2646","transborder":"7","international":"1"},{"date":"2012-09","domestic":"2489","transborder":"4","international":"2"},{"date":"2012-10","domestic":"2596","transborder":"5","international":"0"},{"date":"2012-11","domestic":"2324","transborder":"6","international":"2"},{"date":"2012-12","domestic":"1889","transborder":"5","international":"2"},{"date":"2013-01","domestic":"1891","transborder":"2","international":"1"},{"date":"2013-02","domestic":"2046","transborder":"4","international":"2"},{"date":"2013-03","domestic":"2125","transborder":"6","international":"0"},{"date":"2013-04","domestic":"2072","transborder":"3","international":"0"},{"date":"2013-05","domestic":"2388","transborder":"4","international":"1"},{"date":"2013-06","domestic":"3020","transborder":"48","international":"2"},{"date":"2013-07","domestic":"3152","transborder":"11","international":"0"},{"date":"2013-08","domestic":"2397","transborder":"2","international":"1"},{"date":"2013-09","domestic":"2315","transborder":"5","international":"0"},{"date":"2013-10","domestic":"2284","transborder":"9","international":"0"},{"date":"2013-11","domestic":"2030","transborder":"7","international":"0"},{"date":"2013-12","domestic":"1921","transborder":"3","international":"0"},{"date":"2014-01","domestic":"1788","transborder":"1","international":"0"},{"date":"2014-02","domestic":"1813","transborder":"1","international":"0"},{"date":"2014-03","domestic":"2031","transborder":"3","international":"2"},{"date":"2014-04","domestic":"2030","transborder":"1","international":"0"},{"date":"2014-05","domestic":"2286","transborder":"6","international":"2"},{"date":"2014-06","domestic":"2739","transborder":"48","international":"1"},{"date":"2014-07","domestic":"2744","transborder":"8","international":"1"},{"date":"2014-08","domestic":"2502","transborder":"8","international":"0"},{"date":"2014-09","domestic":"2456","transborder":"6","international":"0"},{"date":"2014-10","domestic":"2326","transborder":"6","international":"0"},{"date":"2014-11","domestic":"2594","transborder":"1","international":"1"},{"date":"2014-12","domestic":"1916","transborder":"3","international":"1"},{"date":"2015-01","domestic":"1789","transborder":"1","international":"0"},{"date":"2015-02","domestic":"1776","transborder":"3","international":"0"},{"date":"2015-03","domestic":"2150","transborder":"1","international":"0"},{"date":"2015-04","domestic":"1957","transborder":"5","international":"0"},{"date":"2015-05","domestic":"2073","transborder":"3","international":"1"},{"date":"2015-06","domestic":"2606","transborder":"27","international":"1"},{"date":"2015-07","domestic":"2352","transborder":"9","international":"2"},{"date":"2015-08","domestic":"2414","transborder":"2","international":"0"},{"date":"2015-09","domestic":"2352","transborder":"6","international":"3"},{"date":"2015-10","domestic":"2237","transborder":"2","international":"2"},{"date":"2015-11","domestic":"2012","transborder":"4","international":"2"},{"date":"2015-12","domestic":"1797","transborder":"2","international":"1"},{"date":"2016-01","domestic":"1767","transborder":"0","international":"0"},{"date":"2016-02","domestic":"1722","transborder":"0","international":"0"},{"date":"2016-03","domestic":"1949","transborder":"2","international":"1"},{"date":"2016-04","domestic":"1903","transborder":"2","international":"0"},{"date":"2016-05","domestic":"2188","transborder":"3","international":"1"},{"date":"2016-06","domestic":"2443","transborder":"42","international":"4"},{"date":"2016-07","domestic":"2502","transborder":"7","international":"1"},{"date":"2016-08","domestic":"2342","transborder":"2","international":"0"},{"date":"2016-09","domestic":"2225","transborder":"3","international":"3"},{"date":"2016-10","domestic":"2340","transborder":"4","international":"3"},{"date":"2016-11","domestic":"1976","transborder":"1","international":"1"},{"date":"2016-12","domestic":"1618","transborder":"2","international":"1"},{"date":"2017-01","domestic":"1568","transborder":"2","international":"1"},{"date":"2017-02","domestic":"1573","transborder":"0","international":"0"},{"date":"2017-03","domestic":"1809","transborder":"1","international":"1"},{"date":"2017-04","domestic":"1741","transborder":"1","international":"0"},{"date":"2017-05","domestic":"2151","transborder":"3","international":"3"},{"date":"2017-06","domestic":"2368","transborder":"44","international":"6"},{"date":"2017-07","domestic":"2488","transborder":"7","international":"1"},{"date":"2017-08","domestic":"2303","transborder":"6","international":"0"},{"date":"2017-09","domestic":"2352","transborder":"2","international":"0"},{"date":"2017-10","domestic":"2336","transborder":"3","international":"1"},{"date":"2017-11","domestic":"2204","transborder":"2","international":"1"},{"date":"2017-12","domestic":"1666","transborder":"1","international":"2"},{"date":"2018-01","domestic":"1765","transborder":"3","international":"2"},{"date":"2018-02","domestic":"1833","transborder":"4","international":"2"},{"date":"2018-03","domestic":"1969","transborder":"1","international":"0"},{"date":"2018-04","domestic":"1850","transborder":"2","international":"1"},{"date":"2018-05","domestic":"2176","transborder":"3","international":"0"},{"date":"2018-06","domestic":"2547","transborder":"32","international":"3"},{"date":"2018-07","domestic":"2461","transborder":"4","international":"1"},{"date":"2018-08","domestic":"2388","transborder":"1","international":"1"},{"date":"2018-09","domestic":"2048","transborder":"1","international":"1"},{"date":"2018-10","domestic":"2080","transborder":"4","international":"2"},{"date":"2018-11","domestic":"1915","transborder":"4","international":"1"},{"date":"2018-12","domestic":"1608","transborder":"0","international":"1"},{"date":"2019-01","domestic":"1601","transborder":"2","international":"2"},{"date":"2019-02","domestic":"1566","transborder":"1","international":"0"}]