{"2010":{"All":91,"AT":0,"QC":0,"ON":0,"MB":0,"SK":91,"AB":0,"BC":0,"USA-MX":0},"2011":{"All":0,"AT":0,"QC":0,"ON":0,"MB":0,"SK":0,"AB":0,"BC":0,"USA-MX":0},"2012":{"All":0,"AT":0,"QC":0,"ON":0,"MB":0,"SK":0,"AB":0,"BC":0,"USA-MX":0},"2013":{"All":1510,"AT":0,"QC":0,"ON":0,"MB":0,"SK":0,"AB":0,"BC":0,"USA-MX":1510},"2014":{"All":0,"AT":0,"QC":0,"ON":0,"MB":0,"SK":0,"AB":0,"BC":0,"USA-MX":0},"2015":{"All":36,"AT":0,"QC":0,"ON":0,"MB":0,"SK":0,"AB":0,"BC":36,"USA-MX":0},"2016":{"All":350,"AT":0,"QC":0,"ON":0,"MB":0,"SK":45,"AB":0,"BC":0,"USA-MX":305}}