{"2010":{"All":463072,"AT":463072,"QC":0,"ON":0,"MB":0,"SK":0,"AB":0,"BC":0,"USA-MX":0},"2011":{"All":70543,"AT":70526,"QC":0,"ON":0,"MB":0,"SK":0,"AB":0,"BC":0,"USA-MX":17},"2012":{"All":0,"AT":0,"QC":0,"ON":0,"MB":0,"SK":0,"AB":0,"BC":0,"USA-MX":0},"2013":{"All":0,"AT":0,"QC":0,"ON":0,"MB":0,"SK":0,"AB":0,"BC":0,"USA-MX":0},"2014":{"All":0,"AT":0,"QC":0,"ON":0,"MB":0,"SK":0,"AB":0,"BC":0,"USA-MX":0},"2015":{"All":0,"AT":0,"QC":0,"ON":0,"MB":0,"SK":0,"AB":0,"BC":0,"USA-MX":0},"2016":{"All":0,"AT":0,"QC":0,"ON":0,"MB":0,"SK":0,"AB":0,"BC":0,"USA-MX":0}}