{"2010":{"All":20908995,"AT":0,"QC":20908995,"ON":0,"MB":0,"SK":0,"AB":0,"BC":0,"USA-MX":0},"2011":{"All":23312468,"AT":0,"QC":23312468,"ON":0,"MB":0,"SK":0,"AB":0,"BC":0,"USA-MX":0},"2012":{"All":24049331,"AT":0,"QC":24049331,"ON":0,"MB":0,"SK":0,"AB":0,"BC":0,"USA-MX":0},"2013":{"All":19200840,"AT":0,"QC":19200840,"ON":0,"MB":0,"SK":0,"AB":0,"BC":0,"USA-MX":0},"2014":{"All":14993810,"AT":0,"QC":14993810,"ON":0,"MB":0,"SK":0,"AB":0,"BC":0,"USA-MX":0},"2015":{"All":17879738,"AT":0,"QC":17879738,"ON":0,"MB":0,"SK":0,"AB":0,"BC":0,"USA-MX":0},"2016":{"All":16561792,"AT":0,"QC":16561792,"ON":0,"MB":0,"SK":0,"AB":0,"BC":0,"USA-MX":0}}