{"2010":{"All":6857,"AT":5308,"QC":1549,"ON":0,"MB":0,"SK":0,"AB":0,"BC":0,"USA-MX":0},"2011":{"All":4131,"AT":4002,"QC":90,"ON":39,"MB":0,"SK":0,"AB":0,"BC":0,"USA-MX":0},"2012":{"All":1727,"AT":103,"QC":136,"ON":270,"MB":0,"SK":959,"AB":259,"BC":0,"USA-MX":0},"2013":{"All":3225,"AT":40,"QC":350,"ON":272,"MB":0,"SK":1279,"AB":245,"BC":0,"USA-MX":1039},"2014":{"All":10746,"AT":167,"QC":249,"ON":45,"MB":0,"SK":0,"AB":232,"BC":0,"USA-MX":10053},"2015":{"All":593,"AT":0,"QC":504,"ON":89,"MB":0,"SK":0,"AB":0,"BC":0,"USA-MX":0},"2016":{"All":0,"AT":0,"QC":0,"ON":0,"MB":0,"SK":0,"AB":0,"BC":0,"USA-MX":0}}