{"2010":{"All":363499,"AT":73665,"QC":14564,"ON":115903,"MB":0,"SK":0,"AB":0,"BC":0,"USA-MX":159367},"2011":{"All":285305,"AT":40615,"QC":9327,"ON":101348,"MB":0,"SK":0,"AB":0,"BC":0,"USA-MX":134015},"2012":{"All":279820,"AT":29889,"QC":6930,"ON":104010,"MB":0,"SK":0,"AB":0,"BC":0,"USA-MX":138991},"2013":{"All":170682,"AT":38564,"QC":85,"ON":90223,"MB":0,"SK":0,"AB":0,"BC":0,"USA-MX":41810},"2014":{"All":164027,"AT":39868,"QC":0,"ON":86848,"MB":0,"SK":0,"AB":0,"BC":0,"USA-MX":37311},"2015":{"All":148703,"AT":2070,"QC":2699,"ON":94708,"MB":0,"SK":0,"AB":0,"BC":0,"USA-MX":49226},"2016":{"All":164104,"AT":2079,"QC":25,"ON":94887,"MB":0,"SK":0,"AB":0,"BC":0,"USA-MX":67113}}