{"2010":{"All":90,"AT":90,"QC":0,"ON":0,"MB":0,"SK":0,"AB":0,"BC":0,"USA-MX":0},"2011":{"All":590,"AT":0,"QC":590,"ON":0,"MB":0,"SK":0,"AB":0,"BC":0,"USA-MX":0},"2012":{"All":0,"AT":0,"QC":0,"ON":0,"MB":0,"SK":0,"AB":0,"BC":0,"USA-MX":0},"2013":{"All":2632,"AT":0,"QC":2632,"ON":0,"MB":0,"SK":0,"AB":0,"BC":0,"USA-MX":0},"2014":{"All":282,"AT":0,"QC":91,"ON":0,"MB":0,"SK":0,"AB":0,"BC":0,"USA-MX":191},"2015":{"All":25,"AT":0,"QC":0,"ON":0,"MB":0,"SK":0,"AB":0,"BC":25,"USA-MX":0},"2016":{"All":0,"AT":0,"QC":0,"ON":0,"MB":0,"SK":0,"AB":0,"BC":0,"USA-MX":0}}