{"2010":{"All":71625,"AT":0,"QC":0,"ON":0,"MB":0,"SK":11,"AB":40,"BC":71574,"USA-MX":0},"2011":{"All":70743,"AT":0,"QC":0,"ON":0,"MB":0,"SK":27,"AB":80,"BC":70636,"USA-MX":0},"2012":{"All":97366,"AT":0,"QC":0,"ON":0,"MB":0,"SK":0,"AB":87,"BC":97279,"USA-MX":0},"2013":{"All":87723,"AT":0,"QC":0,"ON":0,"MB":0,"SK":93,"AB":0,"BC":87630,"USA-MX":0},"2014":{"All":141891,"AT":0,"QC":0,"ON":0,"MB":0,"SK":5,"AB":0,"BC":141886,"USA-MX":0},"2015":{"All":132296,"AT":0,"QC":0,"ON":0,"MB":0,"SK":0,"AB":0,"BC":132296,"USA-MX":0},"2016":{"All":109075,"AT":0,"QC":0,"ON":0,"MB":0,"SK":62,"AB":48,"BC":108085,"USA-MX":880}}