{"2010":{"All":0,"AT":0,"QC":0,"ON":0,"MB":0,"SK":0,"AB":0,"BC":0,"USA-MX":0},"2011":{"All":0,"AT":0,"QC":0,"ON":0,"MB":0,"SK":0,"AB":0,"BC":0,"USA-MX":0},"2012":{"All":16,"AT":0,"QC":0,"ON":0,"MB":0,"SK":0,"AB":0,"BC":0,"USA-MX":16},"2013":{"All":28727,"AT":0,"QC":0,"ON":0,"MB":0,"SK":0,"AB":0,"BC":28727,"USA-MX":0},"2014":{"All":28659,"AT":0,"QC":0,"ON":0,"MB":0,"SK":0,"AB":0,"BC":28659,"USA-MX":0},"2015":{"All":11383,"AT":0,"QC":0,"ON":0,"MB":0,"SK":0,"AB":1612,"BC":9039,"USA-MX":732},"2016":{"All":0,"AT":0,"QC":0,"ON":0,"MB":0,"SK":0,"AB":0,"BC":0,"USA-MX":0}}