{"2010":{"All":37,"AT":0,"QC":0,"ON":0,"MB":0,"SK":37,"AB":0,"BC":0,"USA-MX":0},"2011":{"All":617,"AT":0,"QC":0,"ON":0,"MB":0,"SK":617,"AB":0,"BC":0,"USA-MX":0},"2012":{"All":0,"AT":0,"QC":0,"ON":0,"MB":0,"SK":0,"AB":0,"BC":0,"USA-MX":0},"2013":{"All":139,"AT":0,"QC":0,"ON":0,"MB":0,"SK":103,"AB":0,"BC":36,"USA-MX":0},"2014":{"All":0,"AT":0,"QC":0,"ON":0,"MB":0,"SK":0,"AB":0,"BC":0,"USA-MX":0},"2015":{"All":93,"AT":0,"QC":0,"ON":0,"MB":0,"SK":0,"AB":0,"BC":0,"USA-MX":93},"2016":{"All":104,"AT":0,"QC":0,"ON":0,"MB":0,"SK":0,"AB":0,"BC":104,"USA-MX":0}}