{"2010":{"All":109980,"AT":0,"QC":0,"ON":26,"MB":0,"SK":0,"AB":0,"BC":109954,"USA-MX":0},"2011":{"All":92173,"AT":0,"QC":0,"ON":24,"MB":26,"SK":0,"AB":0,"BC":92123,"USA-MX":0},"2012":{"All":227542,"AT":0,"QC":0,"ON":0,"MB":51,"SK":0,"AB":0,"BC":227402,"USA-MX":89},"2013":{"All":140762,"AT":0,"QC":41,"ON":0,"MB":0,"SK":0,"AB":90,"BC":140631,"USA-MX":0},"2014":{"All":220908,"AT":0,"QC":103,"ON":0,"MB":24,"SK":533,"AB":90,"BC":220158,"USA-MX":0},"2015":{"All":226727,"AT":0,"QC":68,"ON":17,"MB":14,"SK":27,"AB":0,"BC":226601,"USA-MX":0},"2016":{"All":138634,"AT":0,"QC":43,"ON":21,"MB":0,"SK":0,"AB":34,"BC":138277,"USA-MX":259}}