{"2010":{"All":542,"AT":0,"QC":0,"ON":29,"MB":0,"SK":0,"AB":0,"BC":19,"USA-MX":494},"2011":{"All":64,"AT":0,"QC":0,"ON":0,"MB":0,"SK":0,"AB":0,"BC":64,"USA-MX":0},"2012":{"All":108,"AT":0,"QC":35,"ON":34,"MB":0,"SK":0,"AB":0,"BC":39,"USA-MX":0},"2013":{"All":132,"AT":0,"QC":22,"ON":0,"MB":0,"SK":0,"AB":0,"BC":23,"USA-MX":87},"2014":{"All":371,"AT":0,"QC":0,"ON":5,"MB":0,"SK":0,"AB":20,"BC":0,"USA-MX":346},"2015":{"All":1093,"AT":0,"QC":40,"ON":0,"MB":0,"SK":0,"AB":0,"BC":80,"USA-MX":973},"2016":{"All":9971,"AT":0,"QC":0,"ON":296,"MB":0,"SK":0,"AB":89,"BC":0,"USA-MX":9586}}