{"2010":{"All":177,"AT":0,"QC":0,"ON":0,"MB":0,"SK":132,"AB":0,"BC":0,"USA-MX":45},"2011":{"All":29,"AT":0,"QC":0,"ON":0,"MB":0,"SK":29,"AB":0,"BC":0,"USA-MX":0},"2012":{"All":20062,"AT":0,"QC":1095,"ON":90,"MB":0,"SK":0,"AB":0,"BC":0,"USA-MX":18877},"2013":{"All":237648,"AT":0,"QC":2822,"ON":11046,"MB":56,"SK":62,"AB":0,"BC":0,"USA-MX":223662},"2014":{"All":56182,"AT":0,"QC":0,"ON":1265,"MB":0,"SK":902,"AB":0,"BC":0,"USA-MX":54015},"2015":{"All":177047,"AT":0,"QC":91,"ON":41107,"MB":0,"SK":935,"AB":0,"BC":0,"USA-MX":134914},"2016":{"All":300415,"AT":0,"QC":7168,"ON":23373,"MB":0,"SK":23,"AB":0,"BC":103,"USA-MX":269748}}