{"2010":{"All":657,"AT":0,"QC":0,"ON":0,"MB":0,"SK":0,"AB":256,"BC":252,"USA-MX":149},"2011":{"All":3871,"AT":0,"QC":0,"ON":0,"MB":0,"SK":0,"AB":0,"BC":79,"USA-MX":3792},"2012":{"All":717,"AT":0,"QC":0,"ON":0,"MB":0,"SK":0,"AB":0,"BC":86,"USA-MX":631},"2013":{"All":429,"AT":0,"QC":53,"ON":0,"MB":0,"SK":0,"AB":84,"BC":87,"USA-MX":205},"2014":{"All":462,"AT":0,"QC":192,"ON":0,"MB":0,"SK":0,"AB":0,"BC":270,"USA-MX":0},"2015":{"All":252,"AT":0,"QC":0,"ON":0,"MB":0,"SK":0,"AB":252,"BC":0,"USA-MX":0},"2016":{"All":0,"AT":0,"QC":0,"ON":0,"MB":0,"SK":0,"AB":0,"BC":0,"USA-MX":0}}