{
  "2010": {
    "All": 560588,
    "AT": 55024,
    "QC": 44854,
    "ON": 49324,
    "MB": 22980,
    "SK": 14092,
    "AB": 38395,
    "BC": 19092,
    "USA-MX": 316827
  },
  "2011": {
    "All": 501910,
    "AT": 52520,
    "QC": 38711,
    "ON": 33775,
    "MB": 22027,
    "SK": 9597,
    "AB": 40523,
    "BC": 22063,
    "USA-MX": 282694
  },
  "2012": {
    "All": 464591,
    "AT": 50919,
    "QC": 46525,
    "ON": 25580,
    "MB": 19159,
    "SK": 5393,
    "AB": 36170,
    "BC": 20632,
    "USA-MX": 260213
  },
  "2013": {
    "All": 547654,
    "AT": 57679,
    "QC": 35455,
    "ON": 29791,
    "MB": 18114,
    "SK": 4585,
    "AB": 44229,
    "BC": 22857,
    "USA-MX": 334944
  },
  "2014": {
    "All": 557433,
    "AT": 58553,
    "QC": 38343,
    "ON": 24812,
    "MB": 14823,
    "SK": 5563,
    "AB": 42261,
    "BC": 19935,
    "USA-MX": 353143
  },
  "2015": {
    "All": 532239,
    "AT": 52847,
    "QC": 26547,
    "ON": 24568,
    "MB": 16053,
    "SK": 3281,
    "AB": 45267,
    "BC": 19186,
    "USA-MX": 344490
  },
  "2016": {
    "All": 554860,
    "AT": 44488,
    "QC": 41690,
    "ON": 30933,
    "MB": 15154,
    "SK": 3617,
    "AB": 33575,
    "BC": 19853,
    "USA-MX": 365550
  }
}
