{"2010":{"All":261,"AT":0,"QC":247,"ON":0,"MB":0,"SK":0,"AB":0,"BC":0,"USA-MX":14},"2011":{"All":10335,"AT":0,"QC":9944,"ON":391,"MB":0,"SK":0,"AB":0,"BC":0,"USA-MX":0},"2012":{"All":28453,"AT":0,"QC":25230,"ON":1423,"MB":0,"SK":1800,"AB":0,"BC":0,"USA-MX":0},"2013":{"All":2139,"AT":0,"QC":1981,"ON":158,"MB":0,"SK":0,"AB":0,"BC":0,"USA-MX":0},"2014":{"All":12734,"AT":0,"QC":4724,"ON":8010,"MB":0,"SK":0,"AB":0,"BC":0,"USA-MX":0},"2015":{"All":19,"AT":0,"QC":0,"ON":19,"MB":0,"SK":0,"AB":0,"BC":0,"USA-MX":0},"2016":{"All":24,"AT":0,"QC":0,"ON":24,"MB":0,"SK":0,"AB":0,"BC":0,"USA-MX":0}}