{"2010":{"All":6958,"AT":0,"QC":0,"ON":6958,"MB":0,"SK":0,"AB":0,"BC":0,"USA-MX":0},"2011":{"All":16,"AT":0,"QC":0,"ON":0,"MB":0,"SK":0,"AB":16,"BC":0,"USA-MX":0},"2012":{"All":6,"AT":0,"QC":0,"ON":0,"MB":0,"SK":6,"AB":0,"BC":0,"USA-MX":0},"2013":{"All":0,"AT":0,"QC":0,"ON":0,"MB":0,"SK":0,"AB":0,"BC":0,"USA-MX":0},"2014":{"All":0,"AT":0,"QC":0,"ON":0,"MB":0,"SK":0,"AB":0,"BC":0,"USA-MX":0},"2015":{"All":0,"AT":0,"QC":0,"ON":0,"MB":0,"SK":0,"AB":0,"BC":0,"USA-MX":0},"2016":{"All":0,"AT":0,"QC":0,"ON":0,"MB":0,"SK":0,"AB":0,"BC":0,"USA-MX":0}}