{"2010":{"All":20,"AT":0,"QC":0,"ON":0,"MB":0,"SK":0,"AB":0,"BC":0,"USA-MX":20},"2011":{"All":0,"AT":0,"QC":0,"ON":0,"MB":0,"SK":0,"AB":0,"BC":0,"USA-MX":0},"2012":{"All":0,"AT":0,"QC":0,"ON":0,"MB":0,"SK":0,"AB":0,"BC":0,"USA-MX":0},"2013":{"All":20,"AT":0,"QC":0,"ON":0,"MB":0,"SK":0,"AB":0,"BC":20,"USA-MX":0},"2014":{"All":67,"AT":0,"QC":0,"ON":0,"MB":20,"SK":0,"AB":38,"BC":9,"USA-MX":0},"2015":{"All":0,"AT":0,"QC":0,"ON":0,"MB":0,"SK":0,"AB":0,"BC":0,"USA-MX":0},"2016":{"All":0,"AT":0,"QC":0,"ON":0,"MB":0,"SK":0,"AB":0,"BC":0,"USA-MX":0}}