{"2010":{"All":906,"AT":0,"QC":0,"ON":182,"MB":0,"SK":0,"AB":0,"BC":0,"USA-MX":724},"2011":{"All":607,"AT":0,"QC":0,"ON":269,"MB":0,"SK":0,"AB":0,"BC":0,"USA-MX":338},"2012":{"All":91,"AT":0,"QC":0,"ON":91,"MB":0,"SK":0,"AB":0,"BC":0,"USA-MX":0},"2013":{"All":724,"AT":0,"QC":0,"ON":543,"MB":91,"SK":0,"AB":0,"BC":0,"USA-MX":90},"2014":{"All":2379,"AT":0,"QC":0,"ON":2379,"MB":0,"SK":0,"AB":0,"BC":0,"USA-MX":0},"2015":{"All":4227,"AT":0,"QC":1464,"ON":2489,"MB":0,"SK":274,"AB":0,"BC":0,"USA-MX":0},"2016":{"All":7638,"AT":0,"QC":2011,"ON":5627,"MB":0,"SK":0,"AB":0,"BC":0,"USA-MX":0}}