{"2010":{"All":613,"AT":0,"QC":0,"ON":613,"MB":0,"SK":0,"AB":0,"BC":0,"USA-MX":0},"2011":{"All":53,"AT":0,"QC":53,"ON":0,"MB":0,"SK":0,"AB":0,"BC":0,"USA-MX":0},"2012":{"All":210,"AT":0,"QC":210,"ON":0,"MB":0,"SK":0,"AB":0,"BC":0,"USA-MX":0},"2013":{"All":0,"AT":0,"QC":0,"ON":0,"MB":0,"SK":0,"AB":0,"BC":0,"USA-MX":0},"2014":{"All":516,"AT":0,"QC":0,"ON":0,"MB":0,"SK":0,"AB":0,"BC":0,"USA-MX":516},"2015":{"All":525,"AT":0,"QC":0,"ON":0,"MB":0,"SK":0,"AB":0,"BC":0,"USA-MX":525},"2016":{"All":0,"AT":0,"QC":0,"ON":0,"MB":0,"SK":0,"AB":0,"BC":0,"USA-MX":0}}