{"2010":{"All":0,"AT":0,"QC":0,"ON":0,"MB":0,"SK":0,"AB":0,"BC":0,"USA-MX":0},"2011":{"All":19,"AT":0,"QC":0,"ON":0,"MB":0,"SK":0,"AB":0,"BC":0,"USA-MX":19},"2012":{"All":17,"AT":0,"QC":0,"ON":0,"MB":0,"SK":0,"AB":0,"BC":17,"USA-MX":0},"2013":{"All":18,"AT":0,"QC":0,"ON":0,"MB":0,"SK":0,"AB":18,"BC":0,"USA-MX":0},"2014":{"All":28,"AT":0,"QC":0,"ON":0,"MB":0,"SK":0,"AB":0,"BC":0,"USA-MX":28},"2015":{"All":115,"AT":0,"QC":0,"ON":0,"MB":0,"SK":0,"AB":38,"BC":0,"USA-MX":77},"2016":{"All":0,"AT":0,"QC":0,"ON":0,"MB":0,"SK":0,"AB":0,"BC":0,"USA-MX":0}}