{"2010":{"All":20,"AT":0,"QC":0,"ON":0,"MB":0,"SK":0,"AB":0,"BC":20,"USA-MX":0},"2011":{"All":36,"AT":0,"QC":36,"ON":0,"MB":0,"SK":0,"AB":0,"BC":0,"USA-MX":0},"2012":{"All":13984,"AT":0,"QC":409,"ON":0,"MB":0,"SK":0,"AB":0,"BC":0,"USA-MX":13575},"2013":{"All":79899,"AT":0,"QC":0,"ON":0,"MB":0,"SK":0,"AB":0,"BC":0,"USA-MX":79899},"2014":{"All":78838,"AT":0,"QC":64,"ON":0,"MB":0,"SK":0,"AB":0,"BC":0,"USA-MX":78774},"2015":{"All":2239600,"AT":0,"QC":2239600,"ON":0,"MB":0,"SK":0,"AB":0,"BC":0,"USA-MX":0},"2016":{"All":2673368,"AT":541821,"QC":2131547,"ON":0,"MB":0,"SK":0,"AB":0,"BC":0,"USA-MX":0}}