{"2010":{"All":11,"AT":0,"QC":0,"ON":0,"MB":0,"SK":11,"AB":0,"BC":0,"USA-MX":0},"2011":{"All":0,"AT":0,"QC":0,"ON":0,"MB":0,"SK":0,"AB":0,"BC":0,"USA-MX":0},"2012":{"All":181,"AT":0,"QC":181,"ON":0,"MB":0,"SK":0,"AB":0,"BC":0,"USA-MX":0},"2013":{"All":82,"AT":0,"QC":0,"ON":82,"MB":0,"SK":0,"AB":0,"BC":0,"USA-MX":0},"2014":{"All":0,"AT":0,"QC":0,"ON":0,"MB":0,"SK":0,"AB":0,"BC":0,"USA-MX":0},"2015":{"All":0,"AT":0,"QC":0,"ON":0,"MB":0,"SK":0,"AB":0,"BC":0,"USA-MX":0},"2016":{"All":2744,"AT":0,"QC":2744,"ON":0,"MB":0,"SK":0,"AB":0,"BC":0,"USA-MX":0}}