{"2010":{"All":1659,"AT":0,"QC":866,"ON":539,"MB":26,"SK":0,"AB":0,"BC":0,"USA-MX":228},"2011":{"All":3511,"AT":95,"QC":363,"ON":2533,"MB":0,"SK":13,"AB":0,"BC":0,"USA-MX":507},"2012":{"All":14356,"AT":0,"QC":13824,"ON":473,"MB":0,"SK":0,"AB":0,"BC":0,"USA-MX":59},"2013":{"All":1092,"AT":271,"QC":364,"ON":176,"MB":0,"SK":0,"AB":0,"BC":0,"USA-MX":281},"2014":{"All":3709,"AT":0,"QC":1505,"ON":1367,"MB":201,"SK":191,"AB":0,"BC":0,"USA-MX":445},"2015":{"All":9622,"AT":2299,"QC":4431,"ON":0,"MB":341,"SK":1223,"AB":19,"BC":35,"USA-MX":1274},"2016":{"All":10623,"AT":0,"QC":10175,"ON":0,"MB":0,"SK":0,"AB":0,"BC":0,"USA-MX":448}}