{"2010":{"All":321086,"AT":0,"QC":0,"ON":282393,"MB":0,"SK":0,"AB":0,"BC":0,"USA-MX":38693},"2011":{"All":51672,"AT":0,"QC":0,"ON":9438,"MB":0,"SK":28,"AB":0,"BC":0,"USA-MX":42206},"2012":{"All":22857,"AT":0,"QC":0,"ON":0,"MB":0,"SK":0,"AB":0,"BC":0,"USA-MX":22857},"2013":{"All":41395,"AT":0,"QC":0,"ON":0,"MB":0,"SK":0,"AB":0,"BC":0,"USA-MX":41395},"2014":{"All":42923,"AT":0,"QC":0,"ON":0,"MB":0,"SK":84,"AB":0,"BC":0,"USA-MX":42839},"2015":{"All":40285,"AT":0,"QC":0,"ON":0,"MB":0,"SK":0,"AB":0,"BC":0,"USA-MX":40285},"2016":{"All":39249,"AT":0,"QC":0,"ON":0,"MB":0,"SK":0,"AB":0,"BC":0,"USA-MX":39249}}