{"2010":{"All":1073,"AT":0,"QC":0,"ON":0,"MB":0,"SK":0,"AB":0,"BC":0,"USA-MX":1073},"2011":{"All":985,"AT":0,"QC":0,"ON":23,"MB":0,"SK":0,"AB":15,"BC":0,"USA-MX":947},"2012":{"All":10763,"AT":0,"QC":0,"ON":87,"MB":0,"SK":0,"AB":0,"BC":396,"USA-MX":10280},"2013":{"All":8677,"AT":0,"QC":0,"ON":0,"MB":0,"SK":0,"AB":0,"BC":273,"USA-MX":8404},"2014":{"All":20645,"AT":188,"QC":0,"ON":21,"MB":0,"SK":0,"AB":0,"BC":409,"USA-MX":20027},"2015":{"All":55653,"AT":2968,"QC":123,"ON":330,"MB":0,"SK":0,"AB":0,"BC":676,"USA-MX":51556},"2016":{"All":72183,"AT":4497,"QC":154,"ON":126,"MB":0,"SK":0,"AB":0,"BC":234,"USA-MX":67172}}