{"2010":{"All":0,"AT":0,"QC":0,"ON":0,"MB":0,"SK":0,"AB":0,"BC":0,"USA-MX":0},"2011":{"All":0,"AT":0,"QC":0,"ON":0,"MB":0,"SK":0,"AB":0,"BC":0,"USA-MX":0},"2012":{"All":0,"AT":0,"QC":0,"ON":0,"MB":0,"SK":0,"AB":0,"BC":0,"USA-MX":0},"2013":{"All":0,"AT":0,"QC":0,"ON":0,"MB":0,"SK":0,"AB":0,"BC":0,"USA-MX":0},"2014":{"All":17,"AT":0,"QC":0,"ON":0,"MB":17,"SK":0,"AB":0,"BC":0,"USA-MX":0},"2015":{"All":1361,"AT":0,"QC":0,"ON":0,"MB":0,"SK":1361,"AB":0,"BC":0,"USA-MX":0},"2016":{"All":49,"AT":0,"QC":0,"ON":0,"MB":0,"SK":49,"AB":0,"BC":0,"USA-MX":0}}