{"2010":{"All":370469,"AT":0,"QC":0,"ON":0,"MB":0,"SK":0,"AB":0,"BC":370469,"USA-MX":0},"2011":{"All":356631,"AT":0,"QC":0,"ON":0,"MB":0,"SK":0,"AB":0,"BC":356205,"USA-MX":426},"2012":{"All":350967,"AT":0,"QC":0,"ON":0,"MB":0,"SK":0,"AB":0,"BC":350717,"USA-MX":250},"2013":{"All":338026,"AT":0,"QC":0,"ON":0,"MB":0,"SK":0,"AB":0,"BC":338026,"USA-MX":0},"2014":{"All":302727,"AT":0,"QC":0,"ON":0,"MB":0,"SK":0,"AB":0,"BC":302223,"USA-MX":504},"2015":{"All":266311,"AT":0,"QC":0,"ON":0,"MB":0,"SK":0,"AB":0,"BC":262059,"USA-MX":4252},"2016":{"All":395823,"AT":0,"QC":0,"ON":0,"MB":0,"SK":0,"AB":0,"BC":394333,"USA-MX":1490}}