{"2010":{"All":5552,"AT":0,"QC":0,"ON":5552,"MB":0,"SK":0,"AB":0,"BC":0,"USA-MX":0},"2011":{"All":6396,"AT":0,"QC":651,"ON":5716,"MB":29,"SK":0,"AB":0,"BC":0,"USA-MX":0},"2012":{"All":0,"AT":0,"QC":0,"ON":0,"MB":0,"SK":0,"AB":0,"BC":0,"USA-MX":0},"2013":{"All":1848,"AT":0,"QC":0,"ON":23,"MB":0,"SK":1825,"AB":0,"BC":0,"USA-MX":0},"2014":{"All":39,"AT":0,"QC":0,"ON":0,"MB":0,"SK":0,"AB":0,"BC":39,"USA-MX":0},"2015":{"All":0,"AT":0,"QC":0,"ON":0,"MB":0,"SK":0,"AB":0,"BC":0,"USA-MX":0},"2016":{"All":0,"AT":0,"QC":0,"ON":0,"MB":0,"SK":0,"AB":0,"BC":0,"USA-MX":0}}