{"2010":{"All":25761,"AT":181,"QC":5263,"ON":16847,"MB":45,"SK":789,"AB":0,"BC":0,"USA-MX":2636},"2011":{"All":37728,"AT":91,"QC":8500,"ON":28146,"MB":0,"SK":719,"AB":0,"BC":0,"USA-MX":272},"2012":{"All":61179,"AT":0,"QC":4116,"ON":43213,"MB":0,"SK":435,"AB":0,"BC":0,"USA-MX":13415},"2013":{"All":13369,"AT":0,"QC":91,"ON":9225,"MB":0,"SK":1932,"AB":0,"BC":0,"USA-MX":2121},"2014":{"All":12361,"AT":0,"QC":0,"ON":8191,"MB":0,"SK":2512,"AB":0,"BC":0,"USA-MX":1658},"2015":{"All":3539,"AT":90,"QC":0,"ON":1824,"MB":113,"SK":964,"AB":0,"BC":0,"USA-MX":548},"2016":{"All":1471,"AT":0,"QC":0,"ON":0,"MB":27,"SK":1264,"AB":0,"BC":0,"USA-MX":180}}