{"2010":{"All":27373,"AT":0,"QC":0,"ON":0,"MB":0,"SK":4735,"AB":1117,"BC":21521,"USA-MX":0},"2011":{"All":107452,"AT":0,"QC":609,"ON":0,"MB":0,"SK":14658,"AB":11546,"BC":80639,"USA-MX":0},"2012":{"All":105985,"AT":0,"QC":1569,"ON":0,"MB":0,"SK":19743,"AB":11147,"BC":73526,"USA-MX":0},"2013":{"All":16624,"AT":0,"QC":0,"ON":0,"MB":0,"SK":16624,"AB":0,"BC":0,"USA-MX":0},"2014":{"All":10124,"AT":0,"QC":0,"ON":0,"MB":0,"SK":10105,"AB":0,"BC":19,"USA-MX":0},"2015":{"All":646521,"AT":0,"QC":738,"ON":603779,"MB":555,"SK":17035,"AB":1637,"BC":22777,"USA-MX":0},"2016":{"All":1356367,"AT":0,"QC":86,"ON":1307553,"MB":0,"SK":13616,"AB":18,"BC":35094,"USA-MX":0}}