{"2010":{"All":1174795,"AT":0,"QC":20,"ON":27866,"MB":91,"SK":0,"AB":37,"BC":24,"USA-MX":1146757},"2011":{"All":1113677,"AT":75,"QC":553,"ON":24141,"MB":0,"SK":0,"AB":48,"BC":6,"USA-MX":1088854},"2012":{"All":1048524,"AT":0,"QC":13400,"ON":23114,"MB":0,"SK":0,"AB":0,"BC":9118,"USA-MX":1002892},"2013":{"All":786761,"AT":0,"QC":769,"ON":3084,"MB":0,"SK":0,"AB":0,"BC":660,"USA-MX":782248},"2014":{"All":945300,"AT":0,"QC":4813,"ON":3552,"MB":5,"SK":367,"AB":486,"BC":25463,"USA-MX":910614},"2015":{"All":703362,"AT":0,"QC":23,"ON":2755,"MB":44,"SK":181,"AB":0,"BC":12109,"USA-MX":688250},"2016":{"All":1017890,"AT":19,"QC":0,"ON":4296,"MB":0,"SK":92,"AB":210,"BC":17254,"USA-MX":996019}}