[{"date":"2013","total":"0","enplaned":"0","deplaned":"0","domestic":"0","transborder":"0","international":"0"},{"date":"2014","total":"x","enplaned":"x","deplaned":"x","domestic":"0","transborder":"x","international":"0"},{"date":"2015","total":"0","enplaned":"0","deplaned":"0","domestic":"0","transborder":"0","international":"0"},{"date":"2016","total":"x","enplaned":"x","deplaned":"x","domestic":"0","transborder":"x","international":"0"},{"date":"2017","total":"0","enplaned":"0","deplaned":"0","domestic":"0","transborder":"0","international":"0"}]