[{"date":"2010","total":"18951579","domestic":"13987660","transborder":"3381969","international":"1581950"},{"date":"2011","total":"19503277","domestic":"14299620","transborder":"3580773","international":"1622884"},{"date":"2012","total":"21196761","domestic":"15588188","transborder":"3946398","international":"1662175"},{"date":"2013","total":"23361144","domestic":"17556164","transborder":"4114340","international":"1690640"},{"date":"2014","total":"24500393","domestic":"18278518","transborder":"4387423","international":"1834452"},{"date":"2015","total":"24277427","domestic":"18245099","transborder":"4152682","international":"1879646"},{"date":"2016","total":"23841408","domestic":"18164601","transborder":"x","international":"x"},{"date":"2017","total":"25230473","domestic":"19265447","transborder":"x","international":"x"}]