[{"date":"2010","total":"22308734","domestic":"14159153","transborder":"4381687","international":"3767894"},{"date":"2011","total":"22650257","domestic":"14257257","transborder":"4469281","international":"3923719"},{"date":"2012","total":"23488322","domestic":"14822126","transborder":"4631186","international":"4035010"},{"date":"2013","total":"24249269","domestic":"15449709","transborder":"4669698","international":"4129862"},{"date":"2014","total":"25751997","domestic":"16218383","transborder":"5100835","international":"4432779"},{"date":"2015","total":"26759452","domestic":"16737337","transborder":"5290293","international":"4731822"},{"date":"2016","total":"28932158","domestic":"17772387","transborder":"5581600","international":"5578171"},{"date":"2017","total":"31355709","domestic":"18925701","transborder":"6112540","international":"6317468"}]