[{"date":"2010","total":"109099196","domestic":"65755357","transborder":"21964479","international":"21379360"},{"date":"2011","total":"113471763","domestic":"67786272","transborder":"22752987","international":"22932504"},{"date":"2012","total":"119197489","domestic":"71547205","transborder":"24022456","international":"23627828"},{"date":"2013","total":"123909945","domestic":"75221558","transborder":"24671714","international":"24016673"},{"date":"2014","total":"129868870","domestic":"77969562","transborder":"26198902","international":"25700406"},{"date":"2015","total":"133426703","domestic":"79524002","transborder":"26499377","international":"27403324"},{"date":"2016","total":"140892544","domestic":"83694751","transborder":"27221599","international":"29976194"},{"date":"2017","total":"149641672","domestic":"88229824","transborder":"28559297","international":"32852551"}]