[{"date":"2010","total":"312418","enplaned":"156663","deplaned":"155755","domestic":"312418","transborder":"0","international":"0"},{"date":"2011","total":"299083","enplaned":"150424","deplaned":"148659","domestic":"299083","transborder":"0","international":"0"},{"date":"2012","total":"276849","enplaned":"139859","deplaned":"136990","domestic":"276849","transborder":"0","international":"0"},{"date":"2013","total":"256025","enplaned":"129413","deplaned":"126612","domestic":"256025","transborder":"0","international":"0"},{"date":"2014","total":"247739","enplaned":"124480","deplaned":"123259","domestic":"x","transborder":"0","international":"x"},{"date":"2015","total":"252143","enplaned":"127195","deplaned":"124948","domestic":"x","transborder":"0","international":"x"},{"date":"2016","total":"258028","enplaned":"130402","deplaned":"127626","domestic":"x","transborder":"0","international":"x"},{"date":"2017","total":"x","enplaned":"x","deplaned":"x","domestic":"x","transborder":"x","international":"x"}]