[{"date":"2010","total":"3802301","domestic":"3201113","transborder":"449790","international":"151398"},{"date":"2011","total":"3788911","domestic":"3180867","transborder":"454348","international":"153696"},{"date":"2012","total":"3823175","domestic":"3213781","transborder":"x","international":"x"},{"date":"2013","total":"3835339","domestic":"3213604","transborder":"x","international":"x"},{"date":"2014","total":"3959936","domestic":"3313507","transborder":"x","international":"x"},{"date":"2015","total":"4000670","domestic":"3383796","transborder":"x","international":"x"},{"date":"2016","total":"4355453","domestic":"3749351","transborder":"x","international":"x"},{"date":"2017","total":"4597969","domestic":"x","transborder":"x","international":"174915"}]