{"2010":{"YDF":"hasData","YQX":"hasData","YAY":"noData","YYT":"hasData","YWK":"hasData","YYG":"hasData","YHZ":"hasData","YQY":"noData","QYI":"hasData","YCL":"noData","YFC":"noData","YQM":"hasData","YSJ":"hasData","YGP":"noData","YGR":"noData","YVP":"noData","YGW":"noData","YGL":"noData","YYY":"noData","YMX":"noData","YUL":"hasData","YHU":"noData","YND":"noData","YQB":"hasData","YRJ":"noData","YUY":"noData","YKL":"noData","YZV":"hasData","YVO":"hasData","YHM":"noData","YQK":"noData","YGK":"noData","YKF":"noData","YXU":"hasData","YYB":"noData","YOO":"hasData","YOW":"hasData","YAM":"noData","YXL":"noData","YCM":"hasData","YSB":"hasData","YQT":"hasData","YTS":"hasData","YTZ":"noData","YKZ":"noData","YYZ":"hasData","YQG":"noData","YBR":"noData","YYQ":"noData","YTH":"noData","YWG":"hasData","2DCI":"noData","YVC":"noData","YPA":"noData","YQR":"hasData","YXE":"hasData","YYC":"hasData","YXD":"hasData","YEG":"hasData","YMM":"hasData","YQU":"noData","YOJ":"noData","YQL":"hasData","YLL":"noData","YXH":"noData","YPE":"noData","YQF":"hasData","YXX":"noData","YDT":"noData","YBL":"noData","YCG":"noData","YXC":"hasData","YDQ":"noData","YYE":"noData","YXJ":"noData","YKA":"noData","YLW":"hasData","YLY":"noData","YCD":"noData","YYF":"noData","YZT":"noData","YXS":"hasData","YPR":"noData","YYD":"noData","YXT":"noData","CXH":"hasData","YVR":"hasData","YWH":"hasData","YYJ":"hasData","YWL":"noData","YXY":"hasData","YFS":"noData","YSM":"noData","YHY":"hasData","YEV":"hasData","YVQ":"noData","YZF":"hasData","YBK":"hasData","YFB":"hasData","YRT":"hasData","YRB":"noData"},"2011":{"YDF":"hasData","YQX":"hasData","YAY":"noData","YYT":"hasData","YWK":"hasData","YYG":"hasData","YHZ":"hasData","YQY":"noData","QYI":"noData","YCL":"noData","YFC":"noData","YQM":"hasData","YSJ":"noData","YGP":"noData","YGR":"noData","YVP":"noData","YGW":"noData","YGL":"hasData","YYY":"noData","YMX":"noData","YUL":"hasData","YHU":"noData","YND":"noData","YQB":"hasData","YRJ":"noData","YUY":"noData","YKL":"noData","YZV":"hasData","YVO":"hasData","YHM":"noData","YQK":"noData","YGK":"noData","YKF":"noData","YXU":"hasData","YYB":"noData","YOO":"noData","YOW":"hasData","YAM":"hasData","YXL":"noData","YCM":"hasData","YSB":"hasData","YQT":"hasData","YTS":"hasData","YTZ":"noData","YKZ":"noData","YYZ":"hasData","YQG":"hasData","YBR":"hasData","YYQ":"noData","YTH":"noData","YWG":"hasData","2DCI":"noData","YVC":"noData","YPA":"noData","YQR":"hasData","YXE":"hasData","YYC":"hasData","YXD":"noData","YEG":"hasData","YMM":"hasData","YQU":"noData","YOJ":"noData","YQL":"hasData","YLL":"noData","YXH":"noData","YPE":"noData","YQF":"hasData","YXX":"noData","YDT":"hasData","YBL":"noData","YCG":"noData","YXC":"hasData","YDQ":"noData","YYE":"hasData","YXJ":"noData","YKA":"noData","YLW":"hasData","YLY":"noData","YCD":"noData","YYF":"noData","YZT":"noData","YXS":"hasData","YPR":"noData","YYD":"noData","YXT":"hasData","CXH":"hasData","YVR":"hasData","YWH":"hasData","YYJ":"hasData","YWL":"noData","YXY":"hasData","YFS":"noData","YSM":"noData","YHY":"hasData","YEV":"hasData","YVQ":"hasData","YZF":"hasData","YBK":"noData","YFB":"hasData","YRT":"hasData","YRB":"noData"},"2012":{"YDF":"hasData","YQX":"hasData","YAY":"noData","YYT":"hasData","YWK":"hasData","YYG":"hasData","YHZ":"hasData","YQY":"noData","QYI":"noData","YCL":"noData","YFC":"noData","YQM":"hasData","YSJ":"noData","YGP":"noData","YGR":"noData","YVP":"noData","YGW":"noData","YGL":"noData","YYY":"hasData","YMX":"noData","YUL":"hasData","YHU":"noData","YND":"noData","YQB":"hasData","YRJ":"noData","YUY":"noData","YKL":"noData","YZV":"hasData","YVO":"hasData","YHM":"noData","YQK":"noData","YGK":"noData","YKF":"hasData","YXU":"hasData","YYB":"hasData","YOO":"hasData","YOW":"hasData","YAM":"hasData","YXL":"noData","YCM":"noData","YSB":"hasData","YQT":"hasData","YTS":"hasData","YTZ":"noData","YKZ":"hasData","YYZ":"hasData","YQG":"hasData","YBR":"noData","YYQ":"noData","YTH":"noData","YWG":"hasData","2DCI":"noData","YVC":"noData","YPA":"noData","YQR":"hasData","YXE":"hasData","YYC":"hasData","YXD":"noData","YEG":"hasData","YMM":"hasData","YQU":"noData","YOJ":"noData","YQL":"hasData","YLL":"noData","YXH":"noData","YPE":"noData","YQF":"hasData","YXX":"noData","YDT":"noData","YBL":"noData","YCG":"noData","YXC":"hasData","YDQ":"noData","YYE":"hasData","YXJ":"noData","YKA":"noData","YLW":"hasData","YLY":"noData","YCD":"noData","YYF":"noData","YZT":"noData","YXS":"hasData","YPR":"noData","YYD":"noData","YXT":"noData","CXH":"hasData","YVR":"hasData","YWH":"hasData","YYJ":"hasData","YWL":"noData","YXY":"hasData","YFS":"noData","YSM":"noData","YHY":"hasData","YEV":"hasData","YVQ":"hasData","YZF":"hasData","YBK":"noData","YFB":"noData","YRT":"hasData","YRB":"noData"},"2013":{"YDF":"hasData","YQX":"hasData","YAY":"noData","YYT":"hasData","YWK":"hasData","YYG":"hasData","YHZ":"hasData","YQY":"noData","QYI":"noData","YCL":"noData","YFC":"noData","YQM":"hasData","YSJ":"noData","YGP":"noData","YGR":"noData","YVP":"noData","YGW":"noData","YGL":"noData","YYY":"noData","YMX":"noData","YUL":"hasData","YHU":"hasData","YND":"noData","YQB":"hasData","YRJ":"noData","YUY":"hasData","YKL":"noData","YZV":"hasData","YVO":"hasData","YHM":"noData","YQK":"noData","YGK":"noData","YKF":"hasData","YXU":"hasData","YYB":"hasData","YOO":"noData","YOW":"hasData","YAM":"hasData","YXL":"noData","YCM":"noData","YSB":"hasData","YQT":"hasData","YTS":"hasData","YTZ":"noData","YKZ":"noData","YYZ":"hasData","YQG":"hasData","YBR":"noData","YYQ":"noData","YTH":"noData","YWG":"hasData","2DCI":"noData","YVC":"noData","YPA":"noData","YQR":"hasData","YXE":"hasData","YYC":"hasData","1YSB":"hasData","YXD":"noData","YEG":"hasData","YMM":"hasData","YQU":"noData","YOJ":"noData","YQL":"noData","YLL":"noData","YXH":"noData","YPE":"noData","YQF":"noData","YXX":"noData","YDT":"noData","YBL":"noData","YCG":"noData","YXC":"hasData","YDQ":"noData","YYE":"noData","YXJ":"hasData","YKA":"noData","YLW":"hasData","YLY":"noData","YCD":"noData","YYF":"noData","YPK":"hasData","YZT":"noData","YXS":"hasData","YPR":"noData","YYD":"noData","YXT":"hasData","CXH":"hasData","YVR":"hasData","YWH":"hasData","YYJ":"hasData","YWL":"noData","YXY":"hasData","YFS":"noData","YSM":"noData","YHY":"hasData","YEV":"hasData","YVQ":"hasData","YZF":"hasData","YBK":"noData","YFB":"noData","YRT":"noData","YRB":"noData"},"2014":{"YDF":"hasData","YQX":"hasData","YAY":"noData","YYT":"hasData","YWK":"hasData","YYG":"hasData","YHZ":"hasData","YQY":"noData","QYI":"hasData","YCL":"noData","YFC":"noData","YQM":"hasData","YSJ":"noData","YGP":"noData","YGR":"noData","YVP":"noData","YGW":"noData","YGL":"noData","YYY":"noData","YMX":"noData","YUL":"hasData","YHU":"noData","YND":"noData","YQB":"hasData","YRJ":"noData","YUY":"noData","YKL":"noData","YZV":"hasData","YVO":"hasData","YHM":"noData","YQK":"noData","YGK":"noData","YKF":"hasData","YXU":"hasData","YYB":"noData","YOO":"noData","YOW":"hasData","YAM":"noData","YXL":"noData","YCM":"noData","YSB":"hasData","YQT":"hasData","YTS":"hasData","YTZ":"noData","YKZ":"noData","YYZ":"hasData","YQG":"hasData","YBR":"noData","YYQ":"noData","YTH":"noData","YWG":"hasData","2DCI":"noData","YVC":"noData","YPA":"noData","YQR":"hasData","YXE":"hasData","YYC":"hasData","1YSB":"noData","YXD":"noData","YEG":"hasData","YMM":"hasData","YQU":"noData","YOJ":"noData","YQL":"noData","YLL":"noData","YXH":"noData","YPE":"noData","YQF":"noData","YZU":"hasData","YXX":"noData","YDT":"noData","YBL":"noData","YCG":"noData","YXC":"hasData","YDQ":"noData","YYE":"noData","YXJ":"hasData","YKA":"noData","YLW":"hasData","YLY":"noData","YCD":"noData","YYF":"noData","YPK":"noData","YZT":"noData","YXS":"hasData","YPR":"noData","YYD":"noData","YXT":"hasData","CXH":"hasData","YVR":"hasData","YWH":"hasData","YYJ":"hasData","YWL":"noData","YXY":"hasData","YFS":"noData","YSM":"noData","YHY":"hasData","YEV":"hasData","YVQ":"hasData","YZF":"hasData","YBK":"noData","YFB":"noData","YRT":"noData","YRB":"noData"},"2015":{"YDF":"hasData","YQX":"hasData","YAY":"noData","YYT":"hasData","YWK":"hasData","YYG":"hasData","YHZ":"hasData","YQY":"hasData","QYI":"noData","YCL":"noData","YFC":"hasData","YQM":"hasData","YSJ":"noData","YGP":"noData","YGR":"noData","YVP":"noData","YGW":"noData","YGL":"noData","YYY":"noData","YMX":"noData","YUL":"hasData","YHU":"noData","YND":"noData","YQB":"hasData","YRJ":"hasData","YUY":"noData","YKL":"noData","YZV":"hasData","YVO":"hasData","YHM":"noData","YQK":"noData","YGK":"noData","YKF":"hasData","YXU":"hasData","YYB":"noData","YOO":"noData","YOW":"hasData","YAM":"noData","YXL":"noData","YCM":"noData","YSB":"hasData","YQT":"hasData","YTS":"hasData","YTZ":"noData","YKZ":"noData","YYZ":"hasData","YQG":"hasData","YBR":"noData","YYQ":"noData","YTH":"noData","YWG":"hasData","2DCI":"noData","YVC":"noData","YPA":"noData","YQR":"hasData","YXE":"hasData","YYC":"hasData","1YSB":"hasData","YXD":"noData","YEG":"hasData","CZVL":"hasData","YMM":"hasData","YQU":"noData","YOJ":"noData","YQL":"noData","YLL":"noData","YXH":"noData","YPE":"hasData","YQF":"noData","YZU":"noData","YXX":"noData","YDT":"noData","YBL":"noData","YCG":"noData","YXC":"hasData","YDQ":"noData","YYE":"noData","YXJ":"hasData","YKA":"noData","YLW":"hasData","YLY":"noData","YCD":"noData","YYF":"noData","YPK":"noData","YZT":"noData","YXS":"hasData","YPR":"noData","YYD":"noData","YXT":"hasData","CXH":"hasData","YVR":"hasData","YWH":"hasData","YYJ":"hasData","YWL":"noData","YXY":"hasData","YFS":"noData","YSM":"noData","YHY":"hasData","YEV":"hasData","YVQ":"hasData","YZF":"hasData","YBK":"noData","YFB":"hasData","YRT":"noData","YRB":"hasData"},"2016":{"YDF":"hasData","YQX":"hasData","YAY":"noData","YYT":"hasData","YWK":"hasData","YYG":"hasData","YHZ":"hasData","YQY":"noData","QYI":"noData","YCL":"noData","YFC":"hasData","YQM":"hasData","YSJ":"noData","YGP":"noData","YGR":"noData","YVP":"noData","YGW":"noData","YGL":"noData","YYY":"noData","YMX":"noData","YUL":"hasData","YHU":"noData","YND":"noData","YQB":"hasData","YRJ":"noData","YUY":"noData","YKL":"noData","YZV":"hasData","YVO":"hasData","YHM":"hasData","YQK":"noData","YGK":"noData","YKF":"noData","YXU":"hasData","YYB":"noData","YOO":"noData","YOW":"hasData","YAM":"noData","YXL":"noData","YCM":"noData","YSB":"hasData","YQT":"hasData","YTS":"hasData","YTZ":"noData","YKZ":"noData","YYZ":"hasData","YQG":"hasData","YBR":"noData","YYQ":"noData","YTH":"noData","YWG":"hasData","2DCI":"noData","YVC":"noData","YPA":"noData","YQR":"hasData","YXE":"hasData","YYC":"hasData","1YSB":"noData","YXD":"noData","YEG":"hasData","CZVL":"noData","YMM":"hasData","YQU":"hasData","YOJ":"noData","YQL":"noData","YLL":"noData","YXH":"noData","YPE":"noData","YQF":"noData","YZU":"noData","YXX":"noData","YDT":"noData","YBL":"noData","YCG":"noData","YXC":"hasData","YDQ":"noData","YYE":"noData","YXJ":"hasData","YKA":"noData","YLW":"hasData","YLY":"noData","YCD":"noData","YYF":"noData","YPK":"noData","YZT":"noData","YXS":"hasData","YPR":"noData","YYD":"noData","YXT":"hasData","CXH":"hasData","YVR":"hasData","YWH":"hasData","YYJ":"hasData","YWL":"noData","YXY":"hasData","YFS":"noData","YSM":"noData","YHY":"hasData","YEV":"hasData","YVQ":"noData","YZF":"hasData","YBK":"noData","YFB":"noData","YRT":"noData","YRB":"hasData"},"2017":{"YDF":"hasData","YQX":"hasData","YAY":"noData","YYT":"hasData","YWK":"noData","YYG":"hasData","YHZ":"hasData","YQY":"hasData","QYI":"noData","YCL":"noData","YFC":"hasData","YQM":"hasData","YSJ":"noData","YGP":"noData","YGR":"noData","YVP":"noData","YGW":"noData","YGL":"noData","YYY":"hasData","YMX":"noData","YUL":"hasData","YHU":"noData","YND":"noData","YQB":"hasData","YRJ":"noData","YUY":"noData","YKL":"noData","YZV":"hasData","YVO":"hasData","YHM":"hasData","YQK":"noData","YGK":"noData","YKF":"noData","YXU":"hasData","YYB":"noData","YOO":"noData","YOW":"hasData","YAM":"noData","YXL":"noData","YCM":"noData","YSB":"hasData","YQT":"hasData","YTS":"hasData","YTZ":"noData","YKZ":"noData","YYZ":"hasData","YQG":"hasData","YBR":"noData","YYQ":"noData","YTH":"noData","YWG":"hasData","2DCI":"noData","YVC":"noData","YPA":"noData","YQR":"hasData","YXE":"hasData","YYC":"hasData","1YSB":"hasData","YEG":"hasData","CZVL":"noData","YMM":"hasData","YQU":"hasData","YOJ":"noData","YQL":"noData","YLL":"noData","YXH":"noData","YPE":"noData","YQF":"noData","YZU":"noData","YXX":"hasData","YDT":"noData","YBL":"noData","YCG":"noData","YXC":"hasData","YDQ":"noData","YYE":"noData","YXJ":"hasData","YKA":"noData","YLW":"hasData","YCD":"noData","YYF":"noData","YPK":"noData","YZT":"noData","YXS":"hasData","YPR":"noData","YYD":"noData","YXT":"noData","CXH":"noData","YVR":"hasData","YWH":"hasData","YYJ":"hasData","YWL":"noData","YXY":"hasData","YFS":"noData","YSM":"noData","YHY":"hasData","YEV":"hasData","YVQ":"noData","YZF":"hasData","YBK":"noData","YFB":"noData","YRT":"noData","YRB":"hasData"}}