[{"date":"2010","total":"1913998","domestic":"1814888","transborder":"37310","international":"61800"},{"date":"2011","total":"2038333","domestic":"1943527","transborder":"40349","international":"54457"},{"date":"2012","total":"2206602","domestic":"2082371","transborder":"56775","international":"67456"},{"date":"2013","total":"2285259","domestic":"2142579","transborder":"60099","international":"82581"},{"date":"2014","total":"2372704","domestic":"2199109","transborder":"65804","international":"107791"},{"date":"2015","total":"2316622","domestic":"2156938","transborder":"44220","international":"115464"},{"date":"2016","total":"2443056","domestic":"2294660","transborder":"22418","international":"125978"},{"date":"2017","total":"2411101","domestic":"2271232","transborder":"21354","international":"118515"}]