[{"date":"2010","total":"x","domestic":"x","transborder":"x","international":"x"},{"date":"2011","total":"x","domestic":"x","transborder":"x","international":"x"},{"date":"2012","total":"x","domestic":"x","transborder":"x","international":"x"},{"date":"2013","total":"3714298","domestic":"x","transborder":"x","international":"x"},{"date":"2014","total":"3764017","domestic":"x","transborder":"x","international":"x"},{"date":"2015","total":"3783709","domestic":"x","transborder":"x","international":"x"},{"date":"2016","total":"3992666","domestic":"x","transborder":"x","international":"x"},{"date":"2017","total":"4156694","domestic":"x","transborder":"x","international":"x"}]