[{"date":"2010","total":"503284","domestic":"503261","transborder":"12","international":"11"},{"date":"2011","total":"517193","domestic":"517193","transborder":"x","international":"x"},{"date":"2012","total":"545612","domestic":"545606","transborder":"x","international":"x"},{"date":"2013","total":"571252","domestic":"570961","transborder":"x","international":"x"},{"date":"2014","total":"555445","domestic":"x","transborder":"x","international":"0"},{"date":"2015","total":"571308","domestic":"x","transborder":"x","international":"0"},{"date":"2016","total":"649315","domestic":"x","transborder":"x","international":"0"},{"date":"2017","total":"628038","domestic":"x","transborder":"x","international":"0"}]