[{"date":"2010","total":"346511","domestic":"346384","transborder":"10","international":"117"},{"date":"2011","total":"406275","domestic":"406261","transborder":"x","international":"x"},{"date":"2012","total":"375669","domestic":"375626","transborder":"x","international":"x"},{"date":"2013","total":"369178","domestic":"369166","transborder":"x","international":"x"},{"date":"2014","total":"367746","domestic":"367527","transborder":"x","international":"x"},{"date":"2015","total":"375111","domestic":"374724","transborder":"x","international":"x"},{"date":"2016","total":"384139","domestic":"383611","transborder":"x","international":"x"},{"date":"2017","total":"439882","domestic":"438942","transborder":"x","international":"x"}]