[{"date":"2010","total":"39131340","domestic":"19218172","transborder":"9702786","international":"10210382"},{"date":"2011","total":"41464980","domestic":"20248350","transborder":"10090218","international":"11126412"},{"date":"2012","total":"43938266","domestic":"21469845","transborder":"10801046","international":"11667375"},{"date":"2013","total":"45201729","domestic":"22200387","transborder":"11177038","international":"11824304"},{"date":"2014","total":"47409214","domestic":"22821773","transborder":"11779963","international":"12807478"},{"date":"2015","total":"49588424","domestic":"23508579","transborder":"12314856","international":"13764989"},{"date":"2016","total":"53373591","domestic":"25096001","transborder":"13164255","international":"15113335"},{"date":"2017","total":"56272307","domestic":"26100634","transborder":"13744434","international":"16427239"}]