[{"date":"2010","total":"284622","domestic":"278549","transborder":"3523","international":"2550"},{"date":"2011","total":"x","domestic":"x","transborder":"x","international":"x"},{"date":"2012","total":"296509","domestic":"290113","transborder":"3568","international":"2828"},{"date":"2013","total":"300754","domestic":"296878","transborder":"x","international":"x"},{"date":"2014","total":"308351","domestic":"304049","transborder":"x","international":"x"},{"date":"2015","total":"310821","domestic":"305900","transborder":"x","international":"x"},{"date":"2016","total":"x","domestic":"x","transborder":"x","international":"x"},{"date":"2017","total":"x","domestic":"x","transborder":"x","international":"x"}]