[{"date":"2010","total":"14630199","domestic":"6188657","transborder":"3313882","international":"5127660"},{"date":"2011","total":"15463268","domestic":"6544374","transborder":"3355887","international":"5563007"},{"date":"2012","total":"15721211","domestic":"6803642","transborder":"3390395","international":"5527174"},{"date":"2013","total":"15808531","domestic":"6772151","transborder":"3436707","international":"5599673"},{"date":"2014","total":"16515529","domestic":"7089123","transborder":"3620531","international":"5805875"},{"date":"2015","total":"17132964","domestic":"7297459","transborder":"3657126","international":"6178379"},{"date":"2016","total":"18146887","domestic":"7888934","transborder":"3751299","international":"6506654"},{"date":"2017","total":"19749648","domestic":"8624757","transborder":"3917111","international":"7207780"}]