[{"date":"2010","total":"2362986","domestic":"1936754","transborder":"286144","international":"140088"},{"date":"2011","total":"2395849","domestic":"1958144","transborder":"311036","international":"126669"},{"date":"2012","total":"2545588","domestic":"2066370","transborder":"340941","international":"138277"},{"date":"2013","total":"2716607","domestic":"2212754","transborder":"364594","international":"139259"},{"date":"2014","total":"2787392","domestic":"2256535","transborder":"383739","international":"147118"},{"date":"2015","total":"2743763","domestic":"2320609","transborder":"265943","international":"157211"},{"date":"2016","total":"2792872","domestic":"2437694","transborder":"213587","international":"141591"},{"date":"2017","total":"2738742","domestic":"2427077","transborder":"x","international":"x"}]