[{"date":"2010","total":"x","enplaned":"x","deplaned":"x","domestic":"x","transborder":"x","international":"x"},{"date":"2011","total":"155931","enplaned":"78067","deplaned":"77864","domestic":"x","transborder":"x","international":"x"},{"date":"2012","total":"187407","enplaned":"93417","deplaned":"93990","domestic":"x","transborder":"x","international":"x"},{"date":"2013","total":"187834","enplaned":"93473","deplaned":"94361","domestic":"x","transborder":"x","international":"x"},{"date":"2014","total":"x","enplaned":"x","deplaned":"x","domestic":"x","transborder":"x","international":"x"},{"date":"2015","total":"x","enplaned":"x","deplaned":"x","domestic":"x","transborder":"x","international":"x"},{"date":"2016","total":"x","enplaned":"x","deplaned":"x","domestic":"x","transborder":"x","international":"x"},{"date":"2017","total":"x","enplaned":"x","deplaned":"x","domestic":"x","transborder":"x","international":"x"}]