[{"date":"2010","total":"15774","enplaned":"7837","deplaned":"7937","domestic":"15774","transborder":"0","international":"0"},{"date":"2011","total":"x","enplaned":"x","deplaned":"x","domestic":"x","transborder":"0","international":"0"},{"date":"2012","total":"x","enplaned":"x","deplaned":"x","domestic":"x","transborder":"0","international":"0"},{"date":"2013","total":"x","enplaned":"x","deplaned":"x","domestic":"x","transborder":"0","international":"0"},{"date":"2014","total":"x","enplaned":"x","deplaned":"x","domestic":"x","transborder":"0","international":"0"},{"date":"2015","total":"x","enplaned":"x","deplaned":"x","domestic":"x","transborder":"0","international":"0"},{"date":"2016","total":"x","enplaned":"x","deplaned":"x","domestic":"x","transborder":"0","international":"0"},{"date":"2017","total":"x","enplaned":"x","deplaned":"x","domestic":"x","transborder":"0","international":"0"}]