[{"date":"2010","total":"259397","enplaned":"130759","deplaned":"128638","domestic":"258374","transborder":"0","international":"1023"},{"date":"2011","total":"279297","enplaned":"139831","deplaned":"139466","domestic":"x","transborder":"0","international":"x"},{"date":"2012","total":"289017","enplaned":"145072","deplaned":"143945","domestic":"x","transborder":"x","international":"x"},{"date":"2013","total":"295430","enplaned":"148169","deplaned":"147261","domestic":"x","transborder":"x","international":"x"},{"date":"2014","total":"319791","enplaned":"159384","deplaned":"160407","domestic":"x","transborder":"x","international":"x"},{"date":"2015","total":"324531","enplaned":"161156","deplaned":"163375","domestic":"x","transborder":"x","international":"x"},{"date":"2016","total":"349967","enplaned":"174870","deplaned":"175097","domestic":"x","transborder":"x","international":"x"},{"date":"2017","total":"354503","enplaned":"176503","deplaned":"178000","domestic":"x","transborder":"x","international":"x"}]