[{"date":"2010","total":"5981256","enplaned":"2989680","deplaned":"2991576","domestic":"4642808","transborder":"997960","international":"340488"},{"date":"2011","total":"6156639","enplaned":"3085635","deplaned":"3071004","domestic":"4712703","transborder":"1084583","international":"359353"},{"date":"2012","total":"6725280","enplaned":"3355984","deplaned":"3369296","domestic":"5158680","transborder":"1196224","international":"370376"},{"date":"2013","total":"7380826","enplaned":"3675723","deplaned":"3705103","domestic":"5755785","transborder":"1239564","international":"385477"},{"date":"2014","total":"7634926","enplaned":"3814693","deplaned":"3820233","domestic":"5873637","transborder":"1340550","international":"420739"},{"date":"2015","total":"7465525","enplaned":"3729317","deplaned":"3736208","domestic":"5807983","transborder":"1183431","international":"474111"},{"date":"2016","total":"7023052","enplaned":"3512244","deplaned":"3510808","domestic":"5746687","transborder":"868049","international":"408316"},{"date":"2017","total":"7449265","enplaned":"3736708","deplaned":"3712557","domestic":"6217172","transborder":"818023","international":"414070"}]