[{"date":"2010","total":"59609","enplaned":"29643","deplaned":"29966","domestic":"59609","transborder":"0","international":"0"},{"date":"2011","total":"58355","enplaned":"29002","deplaned":"29353","domestic":"58355","transborder":"0","international":"0"},{"date":"2012","total":"56217","enplaned":"28186","deplaned":"28031","domestic":"56217","transborder":"0","international":"0"},{"date":"2013","total":"54712","enplaned":"27291","deplaned":"27421","domestic":"54712","transborder":"0","international":"0"},{"date":"2014","total":"56813","enplaned":"28404","deplaned":"28409","domestic":"56813","transborder":"0","international":"0"},{"date":"2015","total":"56118","enplaned":"28097","deplaned":"28021","domestic":"56118","transborder":"0","international":"0"},{"date":"2016","total":"54356","enplaned":"27274","deplaned":"27082","domestic":"54356","transborder":"0","international":"0"},{"date":"2017","total":"57635","enplaned":"28797","deplaned":"28838","domestic":"57635","transborder":"0","international":"0"}]