[{"date":"2010","total":"128544","enplaned":"64881","deplaned":"63663","domestic":"128417","transborder":"10","international":"117"},{"date":"2011","total":"140331","enplaned":"70528","deplaned":"69803","domestic":"x","transborder":"x","international":"x"},{"date":"2012","total":"x","enplaned":"x","deplaned":"x","domestic":"x","transborder":"0","international":"x"},{"date":"2013","total":"x","enplaned":"x","deplaned":"x","domestic":"x","transborder":"0","international":"x"},{"date":"2014","total":"x","enplaned":"x","deplaned":"x","domestic":"x","transborder":"x","international":"x"},{"date":"2015","total":"156641","enplaned":"69456","deplaned":"87185","domestic":"x","transborder":"x","international":"x"},{"date":"2016","total":"x","enplaned":"x","deplaned":"x","domestic":"x","transborder":"x","international":"x"},{"date":"2017","total":"x","enplaned":"x","deplaned":"x","domestic":"x","transborder":"x","international":"x"}]