[{"date":"2010","total":"x","enplaned":"x","deplaned":"x","domestic":"x","transborder":"x","international":"x"},{"date":"2011","total":"x","enplaned":"x","deplaned":"x","domestic":"x","transborder":"x","international":"x"},{"date":"2012","total":"x","enplaned":"x","deplaned":"x","domestic":"x","transborder":"330","international":"x"},{"date":"2013","total":"x","enplaned":"x","deplaned":"x","domestic":"x","transborder":"x","international":"x"},{"date":"2014","total":"x","enplaned":"x","deplaned":"x","domestic":"x","transborder":"x","international":"x"},{"date":"2015","total":"337443","enplaned":"168884","deplaned":"168559","domestic":"337404","transborder":"x","international":"x"},{"date":"2016","total":"365703","enplaned":"183023","deplaned":"182680","domestic":"359617","transborder":"x","international":"x"},{"date":"2017","total":"383228","enplaned":"191503","deplaned":"191725","domestic":"x","transborder":"x","international":"x"}]