[{"date":"2010","total":"x","enplaned":"x","deplaned":"x","domestic":"x","transborder":"x","international":"x"},{"date":"2011","total":"x","enplaned":"x","deplaned":"x","domestic":"x","transborder":"x","international":"x"},{"date":"2012","total":"x","enplaned":"x","deplaned":"x","domestic":"x","transborder":"x","international":"x"},{"date":"2013","total":"x","enplaned":"x","deplaned":"x","domestic":"x","transborder":"x","international":"x"},{"date":"2014","total":"x","enplaned":"x","deplaned":"x","domestic":"x","transborder":"x","international":"x"},{"date":"2015","total":"x","enplaned":"x","deplaned":"x","domestic":"x","transborder":"x","international":"x"},{"date":"2016","total":"319980","enplaned":"160570","deplaned":"159410","domestic":"263925","transborder":"x","international":"x"},{"date":"2017","total":"599596","enplaned":"300937","deplaned":"298659","domestic":"549448","transborder":"9968","international":"40180"}]