[{"date":"2010","total":"x","enplaned":"x","deplaned":"x","domestic":"x","transborder":"1552","international":"x"},{"date":"2011","total":"x","enplaned":"x","deplaned":"x","domestic":"x","transborder":"x","international":"0"},{"date":"2012","total":"x","enplaned":"x","deplaned":"x","domestic":"x","transborder":"x","international":"0"},{"date":"2013","total":"26982","enplaned":"13432","deplaned":"13550","domestic":"x","transborder":"x","international":"x"},{"date":"2014","total":"x","enplaned":"x","deplaned":"x","domestic":"x","transborder":"x","international":"0"},{"date":"2015","total":"x","enplaned":"x","deplaned":"x","domestic":"x","transborder":"x","international":"0"},{"date":"2016","total":"x","enplaned":"x","deplaned":"x","domestic":"x","transborder":"x","international":"x"},{"date":"2017","total":"x","enplaned":"x","deplaned":"x","domestic":"x","transborder":"x","international":"x"}]