[{"date":"2010","total":"25922","enplaned":"13131","deplaned":"12791","domestic":"25922","transborder":"0","international":"0"},{"date":"2011","total":"25054","enplaned":"12693","deplaned":"12361","domestic":"25054","transborder":"0","international":"0"},{"date":"2012","total":"25691","enplaned":"12818","deplaned":"12873","domestic":"25691","transborder":"0","international":"0"},{"date":"2013","total":"24183","enplaned":"12033","deplaned":"12150","domestic":"24183","transborder":"0","international":"0"},{"date":"2014","total":"24803","enplaned":"12309","deplaned":"12494","domestic":"24803","transborder":"0","international":"0"},{"date":"2015","total":"21707","enplaned":"10953","deplaned":"10754","domestic":"21707","transborder":"0","international":"0"},{"date":"2016","total":"30516","enplaned":"15237","deplaned":"15279","domestic":"30516","transborder":"0","international":"0"},{"date":"2017","total":"30568","enplaned":"15278","deplaned":"15290","domestic":"30568","transborder":"0","international":"0"}]