[{"date":"2010","total":"3427865","enplaned":"1717391","deplaned":"1710474","domestic":"2758512","transborder":"372435","international":"296918"},{"date":"2011","total":"3493595","enplaned":"1745007","deplaned":"1748588","domestic":"2759438","transborder":"410116","international":"324041"},{"date":"2012","total":"3506303","enplaned":"1751518","deplaned":"1754785","domestic":"2801269","transborder":"369622","international":"335412"},{"date":"2013","total":"3540594","enplaned":"1772840","deplaned":"1767754","domestic":"2850809","transborder":"361196","international":"328589"},{"date":"2014","total":"3579850","enplaned":"1790484","deplaned":"1789366","domestic":"2892127","transborder":"366750","international":"320973"},{"date":"2015","total":"3600534","enplaned":"1801722","deplaned":"1798812","domestic":"2948463","transborder":"325748","international":"326323"},{"date":"2016","total":"3805573","enplaned":"1901475","deplaned":"1904098","domestic":"3171899","transborder":"324506","international":"309168"},{"date":"2017","total":"3966228","enplaned":"1982783","deplaned":"1983445","domestic":"3388154","transborder":"269784","international":"308290"}]