[{"date":"2010","domestic":"x","trans_border":"x","other_intl":"x"},{"date":"2011","domestic":"x","trans_border":"x","other_intl":"x"},{"date":"2012","domestic":"x","trans_border":"x","other_intl":"x"},{"date":"2013","domestic":"x","trans_border":"x","other_intl":"x"},{"date":"2014","domestic":"x","trans_border":"x","other_intl":"x"},{"date":"2015","domestic":"x","trans_border":"x","other_intl":"x"},{"date":"2016","domestic":"x","trans_border":"x","other_intl":"x"},{"date":"2017","domestic":"x","trans_border":"x","other_intl":"x"}]