[{"date":"2010","total":"1364496","enplaned":"678948","deplaned":"685548","domestic":"1224143","transborder":"108319","international":"32034"},{"date":"2011","total":"1355975","enplaned":"674205","deplaned":"681770","domestic":"1209629","transborder":"115143","international":"31203"},{"date":"2012","total":"1409799","enplaned":"703335","deplaned":"706464","domestic":"1266537","transborder":"112030","international":"31232"},{"date":"2013","total":"1589476","enplaned":"771994","deplaned":"817482","domestic":"1405908","transborder":"150285","international":"33283"},{"date":"2014","total":"1562546","enplaned":"785236","deplaned":"777310","domestic":"1376309","transborder":"152059","international":"34178"},{"date":"2015","total":"1551510","enplaned":"776778","deplaned":"774732","domestic":"1389392","transborder":"127395","international":"34723"},{"date":"2016","total":"1701038","enplaned":"852462","deplaned":"848576","domestic":"1551699","transborder":"111322","international":"38017"},{"date":"2017","total":"1865172","enplaned":"937293","deplaned":"927879","domestic":"1717336","transborder":"x","international":"x"}]