[{"date":"2010","total":"662105","enplaned":"331759","deplaned":"330346","domestic":"662105","transborder":"0","international":"0"},{"date":"2011","total":"708008","enplaned":"353990","deplaned":"354018","domestic":"708008","transborder":"0","international":"0"},{"date":"2012","total":"856137","enplaned":"428348","deplaned":"427789","domestic":"x","transborder":"x","international":"x"},{"date":"2013","total":"1097457","enplaned":"544656","deplaned":"552801","domestic":"x","transborder":"x","international":"x"},{"date":"2014","total":"1164761","enplaned":"584648","deplaned":"580113","domestic":"x","transborder":"x","international":"x"},{"date":"2015","total":"1006541","enplaned":"508110","deplaned":"498431","domestic":"x","transborder":"x","international":"x"},{"date":"2016","total":"718267","enplaned":"359190","deplaned":"359077","domestic":"x","transborder":"x","international":"x"},{"date":"2017","total":"705809","enplaned":"352671","deplaned":"353138","domestic":"x","transborder":"x","international":"x"}]