[{"date":"2010","total":"4239168","enplaned":"2118424","deplaned":"2120744","domestic":"3078136","transborder":"727231","international":"433801"},{"date":"2011","total":"4361929","enplaned":"2181879","deplaned":"2180050","domestic":"3205990","transborder":"725524","international":"430415"},{"date":"2012","total":"4482675","enplaned":"2238888","deplaned":"2243787","domestic":"3257491","transborder":"763380","international":"461804"},{"date":"2013","total":"4480895","enplaned":"2238646","deplaned":"2242249","domestic":"3271644","transborder":"761507","international":"447744"},{"date":"2014","total":"4467467","enplaned":"2232049","deplaned":"2235418","domestic":"3313170","transborder":"715222","international":"439075"},{"date":"2015","total":"4427954","enplaned":"2223546","deplaned":"2204408","domestic":"3374009","transborder":"623261","international":"430684"},{"date":"2016","total":"4610476","enplaned":"2304691","deplaned":"2305785","domestic":"3606424","transborder":"611914","international":"392138"},{"date":"2017","total":"4734997","enplaned":"2366413","deplaned":"2368584","domestic":"3787639","transborder":"568204","international":"379154"}]