[{"date":"2010","total":"1252119","enplaned":"627656","deplaned":"624463","domestic":"706263","transborder":"211528","international":"334328"},{"date":"2011","total":"1343227","enplaned":"672807","deplaned":"670420","domestic":"738729","transborder":"238122","international":"366376"},{"date":"2012","total":"1411282","enplaned":"707981","deplaned":"703301","domestic":"801626","transborder":"265252","international":"344404"},{"date":"2013","total":"1420271","enplaned":"712198","deplaned":"708073","domestic":"810763","transborder":"257317","international":"352191"},{"date":"2014","total":"1449044","enplaned":"726380","deplaned":"722664","domestic":"862574","transborder":"233579","international":"352891"},{"date":"2015","total":"1489458","enplaned":"746347","deplaned":"743111","domestic":"897844","transborder":"220393","international":"371221"},{"date":"2016","total":"1532798","enplaned":"765532","deplaned":"767266","domestic":"976778","transborder":"198637","international":"357383"},{"date":"2017","total":"1585798","enplaned":"793653","deplaned":"792145","domestic":"1149457","transborder":"157402","international":"278939"}]