[{"date":"2010","total":"1390","enplaned":"x","deplaned":"x","domestic":"1390","transborder":"0","international":"0"},{"date":"2011","total":"1164","enplaned":"592","deplaned":"572","domestic":"1164","transborder":"0","international":"0"},{"date":"2012","total":"1796","enplaned":"x","deplaned":"x","domestic":"x","transborder":"x","international":"0"},{"date":"2013","total":"x","enplaned":"x","deplaned":"x","domestic":"x","transborder":"0","international":"0"},{"date":"2014","total":"x","enplaned":"x","deplaned":"x","domestic":"x","transborder":"x","international":"0"},{"date":"2015","total":"x","enplaned":"x","deplaned":"x","domestic":"x","transborder":"0","international":"0"},{"date":"2016","total":"x","enplaned":"x","deplaned":"x","domestic":"x","transborder":"x","international":"0"},{"date":"2017","total":"x","enplaned":"x","deplaned":"x","domestic":"x","transborder":"0","international":"0"}]