[{"date":"2010","total":"x","enplaned":"x","deplaned":"x","domestic":"x","transborder":"x","international":"x"},{"date":"2011","total":"189600","enplaned":"94298","deplaned":"95302","domestic":"x","transborder":"x","international":"x"},{"date":"2012","total":"215047","enplaned":"107882","deplaned":"107165","domestic":"x","transborder":"x","international":"x"},{"date":"2013","total":"241684","enplaned":"127200","deplaned":"114484","domestic":"x","transborder":"x","international":"x"},{"date":"2014","total":"248586","enplaned":"124682","deplaned":"123904","domestic":"x","transborder":"x","international":"x"},{"date":"2015","total":"267628","enplaned":"134684","deplaned":"132944","domestic":"x","transborder":"x","international":"x"},{"date":"2016","total":"319866","enplaned":"160392","deplaned":"159474","domestic":"x","transborder":"x","international":"x"},{"date":"2017","total":"307283","enplaned":"154166","deplaned":"153117","domestic":"x","transborder":"x","international":"x"}]