[{"date":"2010","total":"55154","enplaned":"27625","deplaned":"27529","domestic":"x","transborder":"x","international":"0"},{"date":"2011","total":"53782","enplaned":"27088","deplaned":"26694","domestic":"53782","transborder":"0","international":"0"},{"date":"2012","total":"52505","enplaned":"26398","deplaned":"26107","domestic":"x","transborder":"x","international":"0"},{"date":"2013","total":"x","enplaned":"x","deplaned":"x","domestic":"x","transborder":"0","international":"0"},{"date":"2014","total":"x","enplaned":"x","deplaned":"x","domestic":"x","transborder":"0","international":"0"},{"date":"2015","total":"x","enplaned":"x","deplaned":"x","domestic":"x","transborder":"x","international":"x"},{"date":"2016","total":"x","enplaned":"x","deplaned":"x","domestic":"x","transborder":"x","international":"0"},{"date":"2017","total":"x","enplaned":"x","deplaned":"x","domestic":"x","transborder":"x","international":"0"}]