[{"date":"2010","total":"536172","enplaned":"269370","deplaned":"266802","domestic":"485709","transborder":"30233","international":"20230"},{"date":"2011","total":"556576","enplaned":"278609","deplaned":"277967","domestic":"506520","transborder":"34138","international":"15918"},{"date":"2012","total":"589186","enplaned":"295285","deplaned":"293901","domestic":"542814","transborder":"29503","international":"16869"},{"date":"2013","total":"644273","enplaned":"324146","deplaned":"320127","domestic":"585313","transborder":"29127","international":"29833"},{"date":"2014","total":"648547","enplaned":"325544","deplaned":"323003","domestic":"585870","transborder":"24909","international":"37768"},{"date":"2015","total":"627978","enplaned":"315510","deplaned":"312468","domestic":"576422","transborder":"11192","international":"40364"},{"date":"2016","total":"637955","enplaned":"319506","deplaned":"318449","domestic":"586222","transborder":"9956","international":"41777"},{"date":"2017","total":"648229","enplaned":"324681","deplaned":"323548","domestic":"597337","transborder":"10539","international":"40353"}]