[{"date":"2010","total":"1101152","enplaned":"546979","deplaned":"554173","domestic":"888066","transborder":"139652","international":"73434"},{"date":"2011","total":"1107486","enplaned":"549490","deplaned":"557996","domestic":"888937","transborder":"151708","international":"66841"},{"date":"2012","total":"1172804","enplaned":"583386","deplaned":"589418","domestic":"930178","transborder":"170636","international":"71990"},{"date":"2013","total":"1238358","enplaned":"626889","deplaned":"611469","domestic":"992657","transborder":"177300","international":"68401"},{"date":"2014","total":"1244888","enplaned":"620568","deplaned":"624320","domestic":"990946","transborder":"x","international":"x"},{"date":"2015","total":"1241781","enplaned":"618939","deplaned":"622842","domestic":"1039158","transborder":"x","international":"x"},{"date":"2016","total":"1248432","enplaned":"622132","deplaned":"626300","domestic":"1083633","transborder":"x","international":"x"},{"date":"2017","total":"1203713","enplaned":"599377","deplaned":"604336","domestic":"1085695","transborder":"x","international":"x"}]