[{"date":"2010","total":"660408","enplaned":"331320","deplaned":"329088","domestic":"639528","transborder":"15462","international":"5418"},{"date":"2011","total":"688836","enplaned":"347896","deplaned":"340940","domestic":"675871","transborder":"x","international":"x"},{"date":"2012","total":"725359","enplaned":"364528","deplaned":"360831","domestic":"710117","transborder":"x","international":"x"},{"date":"2013","total":"742192","enplaned":"372585","deplaned":"369607","domestic":"709259","transborder":"x","international":"x"},{"date":"2014","total":"739028","enplaned":"370228","deplaned":"368800","domestic":"x","transborder":"x","international":"x"},{"date":"2015","total":"732205","enplaned":"365855","deplaned":"366350","domestic":"x","transborder":"x","international":"x"},{"date":"2016","total":"760882","enplaned":"380581","deplaned":"380301","domestic":"x","transborder":"x","international":"x"},{"date":"2017","total":"763283","enplaned":"382910","deplaned":"380373","domestic":"x","transborder":"x","international":"x"}]