[{"date":"2010","total":"x","enplaned":"x","deplaned":"x","domestic":"x","transborder":"x","international":"x"},{"date":"2011","total":"x","enplaned":"x","deplaned":"x","domestic":"x","transborder":"0","international":"0"},{"date":"2012","total":"x","enplaned":"x","deplaned":"x","domestic":"x","transborder":"x","international":"x"},{"date":"2013","total":"x","enplaned":"x","deplaned":"x","domestic":"x","transborder":"0","international":"x"},{"date":"2014","total":"x","enplaned":"x","deplaned":"x","domestic":"x","transborder":"x","international":"x"},{"date":"2015","total":"x","enplaned":"x","deplaned":"x","domestic":"x","transborder":"x","international":"0"},{"date":"2016","total":"387551","enplaned":"193771","deplaned":"193780","domestic":"387551","transborder":"0","international":"0"},{"date":"2017","total":"405178","enplaned":"203512","deplaned":"201666","domestic":"x","transborder":"x","international":"0"}]