[{"date":"2010","total":"97772","enplaned":"50188","deplaned":"47584","domestic":"94642","transborder":"515","international":"2615"},{"date":"2011","total":"115382","enplaned":"58530","deplaned":"56852","domestic":"110640","transborder":"724","international":"4018"},{"date":"2012","total":"124722","enplaned":"63357","deplaned":"61365","domestic":"119133","transborder":"1846","international":"3743"},{"date":"2013","total":"132613","enplaned":"64773","deplaned":"67840","domestic":"124910","transborder":"1046","international":"6657"},{"date":"2014","total":"141134","enplaned":"70029","deplaned":"71105","domestic":"131617","transborder":"3335","international":"6182"},{"date":"2015","total":"171722","enplaned":"85131","deplaned":"86591","domestic":"160489","transborder":"3934","international":"7299"},{"date":"2016","total":"167998","enplaned":"84810","deplaned":"83188","domestic":"158463","transborder":"x","international":"x"},{"date":"2017","total":"171558","enplaned":"85301","deplaned":"86257","domestic":"162236","transborder":"x","international":"x"}]