[{"date":"2010","total":"x","enplaned":"x","deplaned":"x","domestic":"x","transborder":"0","international":"0"},{"date":"2011","total":"x","enplaned":"x","deplaned":"x","domestic":"x","transborder":"0","international":"0"},{"date":"2012","total":"x","enplaned":"x","deplaned":"x","domestic":"x","transborder":"0","international":"0"},{"date":"2013","total":"x","enplaned":"x","deplaned":"x","domestic":"x","transborder":"0","international":"0"},{"date":"2014","total":"x","enplaned":"x","deplaned":"x","domestic":"x","transborder":"0","international":"0"},{"date":"2015","total":"4261","enplaned":"2081","deplaned":"2180","domestic":"4261","transborder":"0","international":"0"},{"date":"2016","total":"4653","enplaned":"2298","deplaned":"2355","domestic":"4653","transborder":"0","international":"0"},{"date":"2017","total":"5387","enplaned":"2726","deplaned":"2661","domestic":"5387","transborder":"0","international":"0"}]