[{"date":"2010","total":"61410","enplaned":"30912","deplaned":"30498","domestic":"61410","transborder":"0","international":"0"},{"date":"2011","total":"72456","enplaned":"36532","deplaned":"35924","domestic":"72456","transborder":"0","international":"0"},{"date":"2012","total":"80632","enplaned":"40660","deplaned":"39972","domestic":"80632","transborder":"0","international":"0"},{"date":"2013","total":"x","enplaned":"x","deplaned":"x","domestic":"x","transborder":"0","international":"0"},{"date":"2014","total":"x","enplaned":"x","deplaned":"x","domestic":"x","transborder":"0","international":"0"},{"date":"2015","total":"x","enplaned":"x","deplaned":"x","domestic":"x","transborder":"0","international":"0"},{"date":"2016","total":"x","enplaned":"x","deplaned":"x","domestic":"x","transborder":"0","international":"0"},{"date":"2017","total":"x","enplaned":"x","deplaned":"x","domestic":"x","transborder":"0","international":"0"}]