[{"date":"2010","total":"127895","enplaned":"64451","deplaned":"63444","domestic":"127895","transborder":"0","international":"0"},{"date":"2011","total":"139964","enplaned":"70466","deplaned":"69498","domestic":"139964","transborder":"0","international":"0"},{"date":"2012","total":"205537","enplaned":"103959","deplaned":"101578","domestic":"205537","transborder":"0","international":"0"},{"date":"2013","total":"207132","enplaned":"104095","deplaned":"103037","domestic":"207132","transborder":"0","international":"0"},{"date":"2014","total":"210448","enplaned":"105791","deplaned":"104657","domestic":"210448","transborder":"0","international":"0"},{"date":"2015","total":"210831","enplaned":"106016","deplaned":"104815","domestic":"210831","transborder":"0","international":"0"},{"date":"2016","total":"209536","enplaned":"105074","deplaned":"104462","domestic":"209536","transborder":"0","international":"0"},{"date":"2017","total":"203444","enplaned":"102069","deplaned":"101375","domestic":"x","transborder":"x","international":"0"}]