[{"date":"2010","total":"12609493","enplaned":"6278709","deplaned":"6330784","domestic":"4733512","transborder":"3098999","international":"4776982"},{"date":"2011","total":"13288383","enplaned":"6614623","deplaned":"6673760","domestic":"4992799","transborder":"3115045","international":"5180539"},{"date":"2012","total":"13433387","enplaned":"6683575","deplaned":"6749812","domestic":"5145418","transborder":"3123019","international":"5164950"},{"date":"2013","total":"13514047","enplaned":"6735532","deplaned":"6778515","domestic":"5107078","transborder":"3177548","international":"5229421"},{"date":"2014","total":"14211942","enplaned":"7087431","deplaned":"7124511","domestic":"5388605","transborder":"3385698","international":"5437639"},{"date":"2015","total":"14751913","enplaned":"7366822","deplaned":"7385091","domestic":"5519997","transborder":"3436641","international":"5795275"},{"date":"2016","total":"15752804","enplaned":"7866485","deplaned":"7886319","domestic":"6060901","transborder":"3552444","international":"6139459"},{"date":"2017","total":"17258472","enplaned":"8609350","deplaned":"8649122","domestic":"6585633","transborder":"3759434","international":"6913405"}]