[{"date":"2010","total":"x","enplaned":"x","deplaned":"x","domestic":"x","transborder":"0","international":"0"},{"date":"2011","total":"x","enplaned":"x","deplaned":"x","domestic":"x","transborder":"0","international":"x"},{"date":"2012","total":"x","enplaned":"x","deplaned":"x","domestic":"x","transborder":"0","international":"x"},{"date":"2013","total":"64322","enplaned":"x","deplaned":"x","domestic":"x","transborder":"0","international":"x"},{"date":"2014","total":"x","enplaned":"x","deplaned":"x","domestic":"x","transborder":"0","international":"x"},{"date":"2015","total":"x","enplaned":"x","deplaned":"x","domestic":"x","transborder":"0","international":"x"},{"date":"2016","total":"x","enplaned":"x","deplaned":"x","domestic":"x","transborder":"0","international":"0"},{"date":"2017","total":"x","enplaned":"x","deplaned":"x","domestic":"x","transborder":"0","international":"0"}]