[{"date":"2010","total":"52552","enplaned":"27233","deplaned":"25319","domestic":"x","transborder":"0","international":"x"},{"date":"2011","total":"55417","enplaned":"28311","deplaned":"27106","domestic":"x","transborder":"0","international":"x"},{"date":"2012","total":"53370","enplaned":"27661","deplaned":"25709","domestic":"x","transborder":"0","international":"x"},{"date":"2013","total":"51431","enplaned":"26032","deplaned":"25399","domestic":"x","transborder":"0","international":"x"},{"date":"2014","total":"54009","enplaned":"27139","deplaned":"26870","domestic":"x","transborder":"x","international":"x"},{"date":"2015","total":"60498","enplaned":"30514","deplaned":"29984","domestic":"60498","transborder":"0","international":"0"},{"date":"2016","total":"58142","enplaned":"29057","deplaned":"29085","domestic":"x","transborder":"x","international":"x"},{"date":"2017","total":"69997","enplaned":"36356","deplaned":"33641","domestic":"x","transborder":"0","international":"x"}]