[{"date":"2010","total":"x","enplaned":"x","deplaned":"x","domestic":"x","transborder":"0","international":"0"},{"date":"2011","total":"36808","enplaned":"18011","deplaned":"18797","domestic":"36808","transborder":"0","international":"0"},{"date":"2012","total":"33967","enplaned":"16625","deplaned":"17342","domestic":"33967","transborder":"0","international":"0"},{"date":"2013","total":"37829","enplaned":"19053","deplaned":"18776","domestic":"37829","transborder":"0","international":"0"},{"date":"2014","total":"32656","enplaned":"16210","deplaned":"16446","domestic":"32656","transborder":"0","international":"0"},{"date":"2015","total":"27626","enplaned":"13816","deplaned":"13810","domestic":"27626","transborder":"0","international":"0"},{"date":"2016","total":"x","enplaned":"x","deplaned":"x","domestic":"x","transborder":"0","international":"0"},{"date":"2017","total":"x","enplaned":"x","deplaned":"x","domestic":"x","transborder":"0","international":"0"}]