[{"date":"2010","total":"16255724","enplaned":"8136185","deplaned":"8119539","domestic":"8568901","transborder":"3996407","international":"3690416"},{"date":"2011","total":"16555981","enplaned":"8263919","deplaned":"8292062","domestic":"8643081","transborder":"4074607","international":"3838293"},{"date":"2012","total":"17180848","enplaned":"8571349","deplaned":"8609499","domestic":"8981483","transborder":"4253280","international":"3946085"},{"date":"2013","total":"17644195","enplaned":"8778839","deplaned":"8865356","domestic":"9345280","transborder":"4243850","international":"4055065"},{"date":"2014","total":"18876470","enplaned":"9423501","deplaned":"9452969","domestic":"9857724","transborder":"4660325","international":"4358421"},{"date":"2015","total":"19695004","enplaned":"9878553","deplaned":"9816451","domestic":"10176621","transborder":"4863196","international":"4655187"},{"date":"2016","total":"21515629","enplaned":"10812225","deplaned":"10703404","domestic":"10859002","transborder":"5161108","international":"5495519"},{"date":"2017","total":"23410812","enplaned":"11749398","deplaned":"11661414","domestic":"11475381","transborder":"5705903","international":"6229528"}]