[{"date":"2010","total":"3384991","enplaned":"1691367","deplaned":"1693624","domestic":"2783817","transborder":"449776","international":"151398"},{"date":"2011","total":"3383671","enplaned":"1685753","deplaned":"1697918","domestic":"2775728","transborder":"454323","international":"153620"},{"date":"2012","total":"3423267","enplaned":"1707073","deplaned":"1716194","domestic":"2813877","transborder":"451861","international":"157529"},{"date":"2013","total":"3448823","enplaned":"1723734","deplaned":"1725089","domestic":"2827093","transborder":"457996","international":"163734"},{"date":"2014","total":"3538056","enplaned":"1764116","deplaned":"1773940","domestic":"2891878","transborder":"467767","international":"178411"},{"date":"2015","total":"3597274","enplaned":"1793234","deplaned":"1804040","domestic":"2980400","transborder":"436372","international":"180502"},{"date":"2016","total":"3888854","enplaned":"1941276","deplaned":"1947578","domestic":"3282788","transborder":"422346","international":"183720"},{"date":"2017","total":"4146275","enplaned":"2063499","deplaned":"2082776","domestic":"3540739","transborder":"430621","international":"174915"}]