[{"date":"2010","total":"261712","enplaned":"130420","deplaned":"131292","domestic":"243431","transborder":"18281","international":"0"},{"date":"2011","total":"248484","enplaned":"124242","deplaned":"124242","domestic":"230908","transborder":"17576","international":"0"},{"date":"2012","total":"232128","enplaned":"118861","deplaned":"113267","domestic":"214093","transborder":"18035","international":"0"},{"date":"2013","total":"208726","enplaned":"103839","deplaned":"104887","domestic":"x","transborder":"x","international":"0"},{"date":"2014","total":"203534","enplaned":"101448","deplaned":"102086","domestic":"x","transborder":"x","international":"x"},{"date":"2015","total":"203027","enplaned":"103934","deplaned":"99093","domestic":"x","transborder":"x","international":"x"},{"date":"2016","total":"211666","enplaned":"108541","deplaned":"103125","domestic":"x","transborder":"x","international":"x"},{"date":"2017","total":"235137","enplaned":"120759","deplaned":"114378","domestic":"x","transborder":"x","international":"x"}]