[{"date":"2010","total":"93674","enplaned":"47025","deplaned":"46649","domestic":"93659","transborder":"x","international":"x"},{"date":"2011","total":"134280","enplaned":"67324","deplaned":"66956","domestic":"x","transborder":"x","international":"0"},{"date":"2012","total":"201329","enplaned":"101739","deplaned":"99590","domestic":"x","transborder":"x","international":"0"},{"date":"2013","total":"183836","enplaned":"93060","deplaned":"90776","domestic":"x","transborder":"x","international":"0"},{"date":"2014","total":"153628","enplaned":"77438","deplaned":"76190","domestic":"153628","transborder":"0","international":"0"},{"date":"2015","total":"123148","enplaned":"61501","deplaned":"61647","domestic":"123148","transborder":"0","international":"0"},{"date":"2016","total":"119132","enplaned":"59555","deplaned":"59577","domestic":"119132","transborder":"0","international":"0"},{"date":"2017","total":"x","enplaned":"x","deplaned":"x","domestic":"x","transborder":"0","international":"0"}]