[{"date":"2010","total":"7902","enplaned":"3933","deplaned":"3969","domestic":"x","transborder":"x","international":"0"},{"date":"2011","total":"x","enplaned":"x","deplaned":"x","domestic":"x","transborder":"x","international":"0"},{"date":"2012","total":"x","enplaned":"x","deplaned":"x","domestic":"x","transborder":"0","international":"0"},{"date":"2013","total":"x","enplaned":"x","deplaned":"x","domestic":"x","transborder":"0","international":"0"},{"date":"2014","total":"..","enplaned":"..","deplaned":"..","domestic":"..","transborder":"..","international":".."},{"date":"2015","total":"..","enplaned":"..","deplaned":"..","domestic":"..","transborder":"..","international":".."},{"date":"2016","total":"..","enplaned":"..","deplaned":"..","domestic":"..","transborder":"..","international":".."}]