[{"date":"2010","total":"x","enplaned":"x","deplaned":"x","domestic":"x","transborder":"x","international":"x"},{"date":"2011","total":"x","enplaned":"x","deplaned":"x","domestic":"x","transborder":"x","international":"x"},{"date":"2012","total":"x","enplaned":"x","deplaned":"x","domestic":"x","transborder":"x","international":"x"},{"date":"2013","total":"174773","enplaned":"87855","deplaned":"86918","domestic":"174773","transborder":"0","international":"0"},{"date":"2014","total":"245800","enplaned":"123600","deplaned":"122200","domestic":"245800","transborder":"0","international":"0"},{"date":"2015","total":"256629","enplaned":"128618","deplaned":"128011","domestic":"256629","transborder":"0","international":"0"},{"date":"2016","total":"240636","enplaned":"120192","deplaned":"120444","domestic":"240636","transborder":"0","international":"0"},{"date":"2017","total":"256731","enplaned":"128756","deplaned":"127975","domestic":"256731","transborder":"0","international":"0"}]