[{"date":"2010","total":"375000","enplaned":"187838","deplaned":"187162","domestic":"368951","transborder":"12","international":"6037"},{"date":"2011","total":"394458","enplaned":"197826","deplaned":"196632","domestic":"x","transborder":"x","international":"x"},{"date":"2012","total":"411221","enplaned":"205924","deplaned":"205297","domestic":"x","transborder":"x","international":"x"},{"date":"2013","total":"442314","enplaned":"219485","deplaned":"222829","domestic":"x","transborder":"0","international":"x"},{"date":"2014","total":"428288","enplaned":"213889","deplaned":"214399","domestic":"x","transborder":"x","international":"x"},{"date":"2015","total":"432119","enplaned":"215824","deplaned":"216295","domestic":"x","transborder":"x","international":"x"},{"date":"2016","total":"476174","enplaned":"237683","deplaned":"238491","domestic":"x","transborder":"x","international":"x"},{"date":"2017","total":"487647","enplaned":"244327","deplaned":"243320","domestic":"x","transborder":"x","international":"x"}]