[{"date":"2010","total":"509415","enplaned":"255310","deplaned":"254105","domestic":"411993","transborder":"82227","international":"15195"},{"date":"2011","total":"458482","enplaned":"232091","deplaned":"226391","domestic":"x","transborder":"x","international":"10595"},{"date":"2012","total":"466412","enplaned":"236173","deplaned":"230239","domestic":"x","transborder":"x","international":"18219"},{"date":"2013","total":"456545","enplaned":"231545","deplaned":"225000","domestic":"x","transborder":"x","international":"24611"},{"date":"2014","total":"478713","enplaned":"242412","deplaned":"236301","domestic":"x","transborder":"x","international":"28397"},{"date":"2015","total":"477704","enplaned":"241330","deplaned":"236374","domestic":"x","transborder":"x","international":"25776"},{"date":"2016","total":"508647","enplaned":"257789","deplaned":"250858","domestic":"467040","transborder":"17793","international":"23814"},{"date":"2017","total":"513273","enplaned":"261781","deplaned":"251492","domestic":"481392","transborder":"x","international":"x"}]