[{"date":"2010","total":"229731","enplaned":"115353","deplaned":"114378","domestic":"220665","transborder":"4206","international":"4860"},{"date":"2011","total":"247350","enplaned":"124389","deplaned":"122961","domestic":"237717","transborder":"x","international":"x"},{"date":"2012","total":"271904","enplaned":"136562","deplaned":"135342","domestic":"264833","transborder":"x","international":"x"},{"date":"2013","total":"269326","enplaned":"136182","deplaned":"133144","domestic":"262162","transborder":"x","international":"x"},{"date":"2014","total":"304871","enplaned":"153127","deplaned":"151744","domestic":"297858","transborder":"x","international":"x"},{"date":"2015","total":"286406","enplaned":"142928","deplaned":"143478","domestic":"279571","transborder":"x","international":"x"},{"date":"2016","total":"325324","enplaned":"162465","deplaned":"162859","domestic":"318780","transborder":"x","international":"x"},{"date":"2017","total":"349447","enplaned":"175286","deplaned":"174161","domestic":"x","transborder":"x","international":"x"}]