[{"date":"2010","total":"11775287","enplaned":"5894912","deplaned":"5880375","domestic":"8149984","transborder":"2383841","international":"1241462"},{"date":"2011","total":"12074563","enplaned":"6029727","deplaned":"6044836","domestic":"8315100","transborder":"2495932","international":"1263531"},{"date":"2012","total":"12910111","enplaned":"6437684","deplaned":"6472427","domestic":"8868868","transborder":"2749931","international":"1291312"},{"date":"2013","total":"13788879","enplaned":"6876375","deplaned":"6912504","domestic":"9629648","transborder":"2858647","international":"1300584"},{"date":"2014","total":"14446981","enplaned":"7201862","deplaned":"7245119","domestic":"10001496","transborder":"3034590","international":"1410895"},{"date":"2015","total":"14577832","enplaned":"7266767","deplaned":"7311065","domestic":"10205759","transborder":"2969082","international":"1402991"},{"date":"2016","total":"14854145","enplaned":"7399530","deplaned":"7454615","domestic":"10453754","transborder":"2857199","international":"1543192"},{"date":"2017","total":"15565055","enplaned":"7755458","deplaned":"7809597","domestic":"10832174","transborder":"3062964","international":"1669917"}]