[{"date":"2010","total":"x","enplaned":"x","deplaned":"x","domestic":"x","transborder":"0","international":"0"},{"date":"2011","total":"44282","enplaned":"22543","deplaned":"21739","domestic":"44282","transborder":"0","international":"0"},{"date":"2012","total":"67550","enplaned":"34431","deplaned":"33119","domestic":"x","transborder":"x","international":"0"},{"date":"2013","total":"x","enplaned":"x","deplaned":"x","domestic":"x","transborder":"0","international":"0"},{"date":"2014","total":"x","enplaned":"x","deplaned":"x","domestic":"x","transborder":"0","international":"0"},{"date":"2015","total":"x","enplaned":"x","deplaned":"x","domestic":"x","transborder":"0","international":"0"},{"date":"2016","total":"x","enplaned":"x","deplaned":"x","domestic":"x","transborder":"0","international":"0"},{"date":"2017","total":"x","enplaned":"x","deplaned":"x","domestic":"x","transborder":"0","international":"0"}]