[{"date":"2010","total":"284622","enplaned":"143183","deplaned":"141439","domestic":"278549","transborder":"3523","international":"2550"},{"date":"2011","total":"280965","enplaned":"141125","deplaned":"139840","domestic":"275159","transborder":"3865","international":"1941"},{"date":"2012","total":"296509","enplaned":"148707","deplaned":"147802","domestic":"290113","transborder":"3568","international":"2828"},{"date":"2013","total":"300754","enplaned":"157018","deplaned":"143736","domestic":"296878","transborder":"x","international":"x"},{"date":"2014","total":"308351","enplaned":"155183","deplaned":"153168","domestic":"304049","transborder":"x","international":"x"},{"date":"2015","total":"310821","enplaned":"155515","deplaned":"155306","domestic":"305900","transborder":"x","international":"x"},{"date":"2016","total":"344620","enplaned":"173228","deplaned":"171392","domestic":"x","transborder":"x","international":"x"},{"date":"2017","total":"363957","enplaned":"181668","deplaned":"182289","domestic":"x","transborder":"x","international":"x"}]