[{"date":"2010","total":"1464349","enplaned":"730080","deplaned":"734269","domestic":"1189747","transborder":"251007","international":"23595"},{"date":"2011","total":"1456782","enplaned":"720900","deplaned":"735882","domestic":"1177582","transborder":"251736","international":"27464"},{"date":"2012","total":"1470070","enplaned":"730658","deplaned":"739412","domestic":"1202246","transborder":"241883","international":"25941"},{"date":"2013","total":"1563656","enplaned":"756377","deplaned":"807279","domestic":"1287256","transborder":"252200","international":"24200"},{"date":"2014","total":"1610512","enplaned":"801388","deplaned":"809124","domestic":"1321293","transborder":"265322","international":"23897"},{"date":"2015","total":"1662437","enplaned":"826613","deplaned":"835824","domestic":"1367893","transborder":"270221","international":"24323"},{"date":"2016","total":"1801936","enplaned":"895296","deplaned":"906640","domestic":"1497939","transborder":"278448","international":"25549"},{"date":"2017","total":"1886906","enplaned":"939806","deplaned":"947100","domestic":"1585640","transborder":"275845","international":"25421"}]