[{"date":"2010","total":"1305924","enplaned":"655820","deplaned":"650104","domestic":"1213331","transborder":"35506","international":"57087"},{"date":"2011","total":"1340861","enplaned":"671100","deplaned":"669761","domestic":"1255369","transborder":"39528","international":"45964"},{"date":"2012","total":"1414276","enplaned":"712387","deplaned":"701889","domestic":"1299273","transborder":"54810","international":"60193"},{"date":"2013","total":"1481037","enplaned":"737773","deplaned":"743264","domestic":"1354956","transborder":"58319","international":"67762"},{"date":"2014","total":"1519600","enplaned":"762268","deplaned":"757332","domestic":"1365652","transborder":"60649","international":"93299"},{"date":"2015","total":"1444572","enplaned":"726287","deplaned":"718285","domestic":"1304398","transborder":"38346","international":"101828"},{"date":"2016","total":"1521560","enplaned":"763062","deplaned":"758498","domestic":"1390319","transborder":"16066","international":"115175"},{"date":"2017","total":"1507720","enplaned":"753079","deplaned":"754641","domestic":"1382019","transborder":"16789","international":"108912"}]