[{"date":"2010","total":"30856749","enplaned":"15406165","deplaned":"15450584","domestic":"12657303","transborder":"8472364","international":"9727082"},{"date":"2011","total":"32396667","enplaned":"16154307","deplaned":"16242360","domestic":"13016006","transborder":"8744898","international":"10635763"},{"date":"2012","total":"34085509","enplaned":"16968335","deplaned":"17117174","domestic":"13674681","transborder":"9285040","international":"11125788"},{"date":"2013","total":"35261531","enplaned":"17587042","deplaned":"17674489","domestic":"14400866","transborder":"9579873","international":"11280792"},{"date":"2014","total":"37457812","enplaned":"18683049","deplaned":"18774763","domestic":"15021121","transborder":"10165869","international":"12270822"},{"date":"2015","total":"39640129","enplaned":"19775200","deplaned":"19864929","domestic":"15660962","transborder":"10753683","international":"13225484"},{"date":"2016","total":"42889733","enplaned":"21390329","deplaned":"21499404","domestic":"16695470","transborder":"11575750","international":"14618513"},{"date":"2017","total":"45440557","enplaned":"22621586","deplaned":"22818971","domestic":"17239072","transborder":"12259907","international":"15941578"}]