[{"date":"2010","total":"318772","enplaned":"159913","deplaned":"158859","domestic":"318760","transborder":"x","international":"x"},{"date":"2011","total":"327339","enplaned":"161033","deplaned":"166306","domestic":"327339","transborder":"0","international":"0"},{"date":"2012","total":"347362","enplaned":"172977","deplaned":"174385","domestic":"x","transborder":"x","international":"0"},{"date":"2013","total":"356227","enplaned":"179679","deplaned":"176548","domestic":"x","transborder":"x","international":"x"},{"date":"2014","total":"358699","enplaned":"182494","deplaned":"176205","domestic":"358699","transborder":"0","international":"0"},{"date":"2015","total":"393779","enplaned":"196778","deplaned":"197001","domestic":"393779","transborder":"0","international":"0"},{"date":"2016","total":"438684","enplaned":"219639","deplaned":"219045","domestic":"438684","transborder":"0","international":"0"},{"date":"2017","total":"434282","enplaned":"218627","deplaned":"215655","domestic":"434282","transborder":"0","international":"0"}]