{"Canada":[{"target":1,"source":0,"value":3165878},{"target":2,"source":0,"value":665043},{"target":3,"source":0,"value":4745877},{"target":4,"source":0,"value":642502},{"target":5,"source":1,"value":487156},{"target":6,"source":1,"value":219090},{"target":7,"source":1,"value":2459632},{"target":8,"source":2,"value":545692},{"target":9,"source":2,"value":23982},{"target":10,"source":2,"value":95369},{"target":11,"source":3,"value":476289},{"target":12,"source":3,"value":33406},{"target":13,"source":3,"value":4236182},{"target":14,"source":4,"value":640161},{"target":15,"source":4,"value":1825},{"target":16,"source":4,"value":516},{"target":17,"source":7,"value":2262039},{"target":18,"source":7,"value":105111},{"target":19,"source":7,"value":27569},{"target":20,"source":7,"value":64913},{"target":21,"source":13,"value":4097989},{"target":22,"source":13,"value":69296},{"target":23,"source":13,"value":4436},{"target":24,"source":13,"value":64461}],"Newfoundland and Labrador":[{"target":1,"source":0,"value":6221},{"target":2,"source":0,"value":3364},{"target":3,"source":0,"value":1544},{"target":4,"source":0,"value":3756},{"target":5,"source":1,"value":4847},{"target":6,"source":1,"value":1374},{"target":7,"source":1,"value":0},{"target":8,"source":2,"value":2216},{"target":9,"source":2,"value":1148},{"target":10,"source":2,"value":0},{"target":11,"source":3,"value":1521},{"target":12,"source":3,"value":23},{"target":13,"source":3,"value":0},{"target":14,"source":4,"value":1951},{"target":15,"source":4,"value":1805},{"target":16,"source":4,"value":0},{"target":17,"source":7,"value":0},{"target":18,"source":7,"value":0},{"target":19,"source":7,"value":0},{"target":20,"source":7,"value":0},{"target":21,"source":13,"value":0},{"target":22,"source":13,"value":0},{"target":23,"source":13,"value":0},{"target":24,"source":13,"value":0}],"Prince Edward Island":[{"target":1,"source":0,"value":1017},{"target":2,"source":0,"value":97},{"target":3,"source":0,"value":158},{"target":4,"source":0,"value":17},{"target":5,"source":1,"value":1017},{"target":6,"source":1,"value":0},{"target":7,"source":1,"value":0},{"target":8,"source":2,"value":97},{"target":9,"source":2,"value":0},{"target":10,"source":2,"value":0},{"target":11,"source":3,"value":158},{"target":12,"source":3,"value":0},{"target":13,"source":3,"value":0},{"target":14,"source":4,"value":17},{"target":15,"source":4,"value":0},{"target":16,"source":4,"value":0},{"target":17,"source":7,"value":0},{"target":18,"source":7,"value":0},{"target":19,"source":7,"value":0},{"target":20,"source":7,"value":0},{"target":21,"source":13,"value":0},{"target":22,"source":13,"value":0},{"target":23,"source":13,"value":0},{"target":24,"source":13,"value":0}],"Nova Scotia":[{"target":1,"source":0,"value":16347},{"target":2,"source":0,"value":9934},{"target":3,"source":0,"value":5658},{"target":4,"source":0,"value":5408},{"target":5,"source":1,"value":13710},{"target":6,"source":1,"value":2637},{"target":7,"source":1,"value":0},{"target":8,"source":2,"value":9095},{"target":9,"source":2,"value":839},{"target":10,"source":2,"value":0},{"target":11,"source":3,"value":5397},{"target":12,"source":3,"value":261},{"target":13,"source":3,"value":0},{"target":14,"source":4,"value":5407},{"target":15,"source":4,"value":1},{"target":16,"source":4,"value":0},{"target":17,"source":7,"value":0},{"target":18,"source":7,"value":0},{"target":19,"source":7,"value":0},{"target":20,"source":7,"value":0},{"target":21,"source":13,"value":0},{"target":22,"source":13,"value":0},{"target":23,"source":13,"value":0},{"target":24,"source":13,"value":0}],"New Brunswick":[{"target":1,"source":0,"value":173543},{"target":2,"source":0,"value":2573},{"target":3,"source":0,"value":348694},{"target":4,"source":0,"value":107},{"target":5,"source":1,"value":1110},{"target":6,"source":1,"value":24959},{"target":7,"source":1,"value":147474},{"target":8,"source":2,"value":134},{"target":9,"source":2,"value":1475},{"target":10,"source":2,"value":964},{"target":11,"source":3,"value":655},{"target":12,"source":3,"value":1160},{"target":13,"source":3,"value":346879},{"target":14,"source":4,"value":107},{"target":15,"source":4,"value":0},{"target":16,"source":4,"value":0},{"target":17,"source":7,"value":143600},{"target":18,"source":7,"value":1519},{"target":19,"source":7,"value":0},{"target":20,"source":7,"value":2355},{"target":21,"source":13,"value":341459},{"target":22,"source":13,"value":1046},{"target":23,"source":13,"value":0},{"target":24,"source":13,"value":4374}],"Quebec":[{"target":1,"source":0,"value":276837},{"target":2,"source":0,"value":128594},{"target":3,"source":0,"value":681951},{"target":4,"source":0,"value":184717},{"target":5,"source":1,"value":68529},{"target":6,"source":1,"value":728},{"target":7,"source":1,"value":207580},{"target":8,"source":2,"value":113935},{"target":9,"source":2,"value":26},{"target":10,"source":2,"value":14633},{"target":11,"source":3,"value":71595},{"target":12,"source":3,"value":3391},{"target":13,"source":3,"value":606965},{"target":14,"source":4,"value":184717},{"target":15,"source":4,"value":0},{"target":16,"source":4,"value":0},{"target":17,"source":7,"value":189208},{"target":18,"source":7,"value":14670},{"target":19,"source":7,"value":2124},{"target":20,"source":7,"value":1578},{"target":21,"source":13,"value":573956},{"target":22,"source":13,"value":18738},{"target":23,"source":13,"value":1291},{"target":24,"source":13,"value":12980}],"Ontario":[{"target":1,"source":0,"value":1724493},{"target":2,"source":0,"value":248011},{"target":3,"source":0,"value":2177950},{"target":4,"source":0,"value":315902},{"target":5,"source":1,"value":192472},{"target":6,"source":1,"value":26766},{"target":7,"source":1,"value":1505255},{"target":8,"source":2,"value":230761},{"target":9,"source":2,"value":113},{"target":10,"source":2,"value":17137},{"target":11,"source":3,"value":229873},{"target":12,"source":3,"value":10430},{"target":13,"source":3,"value":1937647},{"target":14,"source":4,"value":315883},{"target":15,"source":4,"value":19},{"target":16,"source":4,"value":0},{"target":17,"source":7,"value":1426660},{"target":18,"source":7,"value":50431},{"target":19,"source":7,"value":1757},{"target":20,"source":7,"value":26407},{"target":21,"source":13,"value":1878253},{"target":22,"source":13,"value":29305},{"target":23,"source":13,"value":1196},{"target":24,"source":13,"value":28893}],"Manitoba":[{"target":1,"source":0,"value":52860},{"target":2,"source":0,"value":2050},{"target":3,"source":0,"value":171228},{"target":4,"source":0,"value":1850},{"target":5,"source":1,"value":9610},{"target":6,"source":1,"value":0},{"target":7,"source":1,"value":43250},{"target":8,"source":2,"value":1537},{"target":9,"source":2,"value":0},{"target":10,"source":2,"value":513},{"target":11,"source":3,"value":8000},{"target":12,"source":3,"value":0},{"target":13,"source":3,"value":163228},{"target":14,"source":4,"value":1850},{"target":15,"source":4,"value":0},{"target":16,"source":4,"value":0},{"target":17,"source":7,"value":42176},{"target":18,"source":7,"value":866},{"target":19,"source":7,"value":10},{"target":20,"source":7,"value":198},{"target":21,"source":13,"value":159246},{"target":22,"source":13,"value":2809},{"target":23,"source":13,"value":3},{"target":24,"source":13,"value":1170}],"Saskatchewan":[{"target":1,"source":0,"value":19715},{"target":2,"source":0,"value":610},{"target":3,"source":0,"value":49805},{"target":4,"source":0,"value":769},{"target":5,"source":1,"value":5018},{"target":6,"source":1,"value":0},{"target":7,"source":1,"value":14697},{"target":8,"source":2,"value":507},{"target":9,"source":2,"value":0},{"target":10,"source":2,"value":103},{"target":11,"source":3,"value":5559},{"target":12,"source":3,"value":0},{"target":13,"source":3,"value":44246},{"target":14,"source":4,"value":769},{"target":15,"source":4,"value":0},{"target":16,"source":4,"value":0},{"target":17,"source":7,"value":14381},{"target":18,"source":7,"value":143},{"target":19,"source":7,"value":0},{"target":20,"source":7,"value":173},{"target":21,"source":13,"value":42317},{"target":22,"source":13,"value":698},{"target":23,"source":13,"value":0},{"target":24,"source":13,"value":1231}],"Alberta":[{"target":1,"source":0,"value":109240},{"target":2,"source":0,"value":48242},{"target":3,"source":0,"value":144009},{"target":4,"source":0,"value":46027},{"target":5,"source":1,"value":60444},{"target":6,"source":1,"value":0},{"target":7,"source":1,"value":48796},{"target":8,"source":2,"value":46194},{"target":9,"source":2,"value":0},{"target":10,"source":2,"value":2048},{"target":11,"source":3,"value":72311},{"target":12,"source":3,"value":0},{"target":13,"source":3,"value":71698},{"target":14,"source":4,"value":46027},{"target":15,"source":4,"value":0},{"target":16,"source":4,"value":0},{"target":17,"source":7,"value":45390},{"target":18,"source":7,"value":2655},{"target":19,"source":7,"value":0},{"target":20,"source":7,"value":751},{"target":21,"source":13,"value":69181},{"target":22,"source":13,"value":1132},{"target":23,"source":13,"value":0},{"target":24,"source":13,"value":1385}],"British Columbia":[{"target":1,"source":0,"value":715074},{"target":2,"source":0,"value":213523},{"target":3,"source":0,"value":1149573},{"target":4,"source":0,"value":83741},{"target":5,"source":1,"value":129646},{"target":6,"source":1,"value":162149},{"target":7,"source":1,"value":423279},{"target":8,"source":2,"value":139747},{"target":9,"source":2,"value":20359},{"target":10,"source":2,"value":53417},{"target":11,"source":3,"value":81011},{"target":12,"source":3,"value":18052},{"target":13,"source":3,"value":1050510},{"target":14,"source":4,"value":83225},{"target":15,"source":4,"value":0},{"target":16,"source":4,"value":516},{"target":17,"source":7,"value":373989},{"target":18,"source":7,"value":11487},{"target":19,"source":7,"value":5368},{"target":20,"source":7,"value":32435},{"target":21,"source":13,"value":1021056},{"target":22,"source":13,"value":13324},{"target":23,"source":13,"value":1946},{"target":24,"source":13,"value":14184}],"Yukon":[{"target":1,"source":0,"value":70259},{"target":2,"source":0,"value":7922},{"target":3,"source":0,"value":15290},{"target":4,"source":0,"value":61},{"target":5,"source":1,"value":481},{"target":6,"source":1,"value":477},{"target":7,"source":1,"value":69301},{"target":8,"source":2,"value":1346},{"target":9,"source":2,"value":22},{"target":10,"source":2,"value":6554},{"target":11,"source":3,"value":192},{"target":12,"source":3,"value":89},{"target":13,"source":3,"value":15009},{"target":14,"source":4,"value":61},{"target":15,"source":4,"value":0},{"target":16,"source":4,"value":0},{"target":17,"source":7,"value":26635},{"target":18,"source":7,"value":23340},{"target":19,"source":7,"value":18310},{"target":20,"source":7,"value":1016},{"target":21,"source":13,"value":12521},{"target":22,"source":13,"value":2244},{"target":23,"source":13,"value":0},{"target":24,"source":13,"value":244}],"Nunavut":[{"target":1,"source":0,"value":272},{"target":2,"source":0,"value":123},{"target":3,"source":0,"value":17},{"target":4,"source":0,"value":147},{"target":5,"source":1,"value":272},{"target":6,"source":1,"value":0},{"target":7,"source":1,"value":0},{"target":8,"source":2,"value":123},{"target":9,"source":2,"value":0},{"target":10,"source":2,"value":".."},{"target":11,"source":3,"value":17},{"target":12,"source":3,"value":0},{"target":13,"source":3,"value":0},{"target":14,"source":4,"value":147},{"target":15,"source":4,"value":0},{"target":16,"source":4,"value":".."},{"target":17,"source":7,"value":".."},{"target":18,"source":7,"value":".."},{"target":19,"source":7,"value":".."},{"target":20,"source":7,"value":0},{"target":21,"source":13,"value":".."},{"target":22,"source":13,"value":".."},{"target":23,"source":13,"value":".."},{"target":24,"source":13,"value":0}],"nodes":[{"node":0,"name":"intl"},{"node":1,"name":"USres"},{"node":2,"name":"nonUSres"},{"node":3,"name":"cdnFromUS"},{"node":4,"name":"cdnFromOther"},{"node":5,"name":"USres_air"},{"node":6,"name":"USres_marine"},{"node":7,"name":"USres_land"},{"node":8,"name":"nonUSres_air"},{"node":9,"name":"nonUSres_marine"},{"node":10,"name":"nonUSres_land"},{"node":11,"name":"cdnFromUS_air"},{"node":12,"name":"cdnFromUS_marine"},{"node":13,"name":"cdnFromUS_land"},{"node":14,"name":"cdnFromOther_air"},{"node":15,"name":"cdnFromOther_marine"},{"node":16,"name":"cdnFromOther_land"},{"node":17,"name":"USres_car"},{"node":18,"name":"USres_bus"},{"node":19,"name":"USres_train"},{"node":20,"name":"USres_other"},{"node":21,"name":"cdnFromUS_car"},{"node":22,"name":"cdnFromUS_bus"},{"node":23,"name":"cdnFromUS_train"},{"node":24,"name":"cdnFromUS_other"}]}