{"Canada":[{"target":1,"source":0,"value":1342974},{"target":2,"source":0,"value":282953},{"target":3,"source":0,"value":3755179},{"target":4,"source":0,"value":681686},{"target":5,"source":1,"value":268488},{"target":6,"source":1,"value":207},{"target":7,"source":1,"value":1074279},{"target":8,"source":2,"value":255102},{"target":9,"source":2,"value":181},{"target":10,"source":2,"value":27670},{"target":11,"source":3,"value":571402},{"target":12,"source":3,"value":155},{"target":13,"source":3,"value":3183622},{"target":14,"source":4,"value":680324},{"target":15,"source":4,"value":23},{"target":16,"source":4,"value":1339},{"target":17,"source":7,"value":1014466},{"target":18,"source":7,"value":43370},{"target":19,"source":7,"value":4414},{"target":20,"source":7,"value":12029},{"target":21,"source":13,"value":3096785},{"target":22,"source":13,"value":72060},{"target":23,"source":13,"value":3265},{"target":24,"source":13,"value":11512}],"Newfoundland and Labrador":[{"target":1,"source":0,"value":2019},{"target":2,"source":0,"value":1122},{"target":3,"source":0,"value":603},{"target":4,"source":0,"value":160},{"target":5,"source":1,"value":2019},{"target":6,"source":1,"value":0},{"target":7,"source":1,"value":0},{"target":8,"source":2,"value":994},{"target":9,"source":2,"value":128},{"target":10,"source":2,"value":0},{"target":11,"source":3,"value":602},{"target":12,"source":3,"value":1},{"target":13,"source":3,"value":0},{"target":14,"source":4,"value":138},{"target":15,"source":4,"value":22},{"target":16,"source":4,"value":0},{"target":17,"source":7,"value":0},{"target":18,"source":7,"value":0},{"target":19,"source":7,"value":0},{"target":20,"source":7,"value":0},{"target":21,"source":13,"value":0},{"target":22,"source":13,"value":0},{"target":23,"source":13,"value":0},{"target":24,"source":13,"value":0}],"Prince Edward Island":[{"target":1,"source":0,"value":13},{"target":2,"source":0,"value":0},{"target":3,"source":0,"value":0},{"target":4,"source":0,"value":0},{"target":5,"source":1,"value":13},{"target":6,"source":1,"value":0},{"target":7,"source":1,"value":0},{"target":8,"source":2,"value":0},{"target":9,"source":2,"value":0},{"target":10,"source":2,"value":0},{"target":11,"source":3,"value":0},{"target":12,"source":3,"value":0},{"target":13,"source":3,"value":0},{"target":14,"source":4,"value":0},{"target":15,"source":4,"value":0},{"target":16,"source":4,"value":0},{"target":17,"source":7,"value":0},{"target":18,"source":7,"value":0},{"target":19,"source":7,"value":0},{"target":20,"source":7,"value":0},{"target":21,"source":13,"value":0},{"target":22,"source":13,"value":0},{"target":23,"source":13,"value":0},{"target":24,"source":13,"value":0}],"Nova Scotia":[{"target":1,"source":0,"value":3966},{"target":2,"source":0,"value":2508},{"target":3,"source":0,"value":6638},{"target":4,"source":0,"value":3758},{"target":5,"source":1,"value":3966},{"target":6,"source":1,"value":0},{"target":7,"source":1,"value":0},{"target":8,"source":2,"value":2486},{"target":9,"source":2,"value":22},{"target":10,"source":2,"value":0},{"target":11,"source":3,"value":6638},{"target":12,"source":3,"value":0},{"target":13,"source":3,"value":0},{"target":14,"source":4,"value":3758},{"target":15,"source":4,"value":0},{"target":16,"source":4,"value":0},{"target":17,"source":7,"value":0},{"target":18,"source":7,"value":0},{"target":19,"source":7,"value":0},{"target":20,"source":7,"value":0},{"target":21,"source":13,"value":0},{"target":22,"source":13,"value":0},{"target":23,"source":13,"value":0},{"target":24,"source":13,"value":0}],"New Brunswick":[{"target":1,"source":0,"value":63907},{"target":2,"source":0,"value":202},{"target":3,"source":0,"value":280221},{"target":4,"source":0,"value":186},{"target":5,"source":1,"value":516},{"target":6,"source":1,"value":0},{"target":7,"source":1,"value":63391},{"target":8,"source":2,"value":100},{"target":9,"source":2,"value":3},{"target":10,"source":2,"value":99},{"target":11,"source":3,"value":945},{"target":12,"source":3,"value":18},{"target":13,"source":3,"value":279258},{"target":14,"source":4,"value":186},{"target":15,"source":4,"value":0},{"target":16,"source":4,"value":0},{"target":17,"source":7,"value":62403},{"target":18,"source":7,"value":611},{"target":19,"source":7,"value":0},{"target":20,"source":7,"value":377},{"target":21,"source":13,"value":276911},{"target":22,"source":13,"value":1721},{"target":23,"source":13,"value":0},{"target":24,"source":13,"value":626}],"Quebec":[{"target":1,"source":0,"value":148273},{"target":2,"source":0,"value":56476},{"target":3,"source":0,"value":299195},{"target":4,"source":0,"value":145899},{"target":5,"source":1,"value":39750},{"target":6,"source":1,"value":0},{"target":7,"source":1,"value":108523},{"target":8,"source":2,"value":52443},{"target":9,"source":2,"value":19},{"target":10,"source":2,"value":4014},{"target":11,"source":3,"value":75489},{"target":12,"source":3,"value":0},{"target":13,"source":3,"value":223706},{"target":14,"source":4,"value":145899},{"target":15,"source":4,"value":0},{"target":16,"source":4,"value":0},{"target":17,"source":7,"value":100114},{"target":18,"source":7,"value":6838},{"target":19,"source":7,"value":1428},{"target":20,"source":7,"value":143},{"target":21,"source":13,"value":206752},{"target":22,"source":13,"value":15406},{"target":23,"source":13,"value":1134},{"target":24,"source":13,"value":414}],"Ontario":[{"target":1,"source":0,"value":754974},{"target":2,"source":0,"value":116975},{"target":3,"source":0,"value":1951072},{"target":4,"source":0,"value":338017},{"target":5,"source":1,"value":128079},{"target":6,"source":1,"value":35},{"target":7,"source":1,"value":626860},{"target":8,"source":2,"value":112139},{"target":9,"source":2,"value":0},{"target":10,"source":2,"value":4836},{"target":11,"source":3,"value":258163},{"target":12,"source":3,"value":10},{"target":13,"source":3,"value":1692899},{"target":14,"source":4,"value":338017},{"target":15,"source":4,"value":0},{"target":16,"source":4,"value":0},{"target":17,"source":7,"value":593143},{"target":18,"source":7,"value":30472},{"target":19,"source":7,"value":692},{"target":20,"source":7,"value":2553},{"target":21,"source":13,"value":1648746},{"target":22,"source":13,"value":38876},{"target":23,"source":13,"value":817},{"target":24,"source":13,"value":4460}],"Manitoba":[{"target":1,"source":0,"value":20246},{"target":2,"source":0,"value":886},{"target":3,"source":0,"value":96501},{"target":4,"source":0,"value":8470},{"target":5,"source":1,"value":4889},{"target":6,"source":1,"value":0},{"target":7,"source":1,"value":15357},{"target":8,"source":2,"value":842},{"target":9,"source":2,"value":0},{"target":10,"source":2,"value":44},{"target":11,"source":3,"value":11245},{"target":12,"source":3,"value":0},{"target":13,"source":3,"value":85256},{"target":14,"source":4,"value":8470},{"target":15,"source":4,"value":0},{"target":16,"source":4,"value":0},{"target":17,"source":7,"value":15086},{"target":18,"source":7,"value":258},{"target":19,"source":7,"value":0},{"target":20,"source":7,"value":13},{"target":21,"source":13,"value":82869},{"target":22,"source":13,"value":2363},{"target":23,"source":13,"value":0},{"target":24,"source":13,"value":24}],"Saskatchewan":[{"target":1,"source":0,"value":8475},{"target":2,"source":0,"value":394},{"target":3,"source":0,"value":34931},{"target":4,"source":0,"value":7590},{"target":5,"source":1,"value":3082},{"target":6,"source":1,"value":0},{"target":7,"source":1,"value":5393},{"target":8,"source":2,"value":367},{"target":9,"source":2,"value":0},{"target":10,"source":2,"value":27},{"target":11,"source":3,"value":10117},{"target":12,"source":3,"value":0},{"target":13,"source":3,"value":24814},{"target":14,"source":4,"value":7590},{"target":15,"source":4,"value":0},{"target":16,"source":4,"value":0},{"target":17,"source":7,"value":5313},{"target":18,"source":7,"value":0},{"target":19,"source":7,"value":0},{"target":20,"source":7,"value":80},{"target":21,"source":13,"value":24525},{"target":22,"source":13,"value":175},{"target":23,"source":13,"value":0},{"target":24,"source":13,"value":114}],"Alberta":[{"target":1,"source":0,"value":38769},{"target":2,"source":0,"value":17678},{"target":3,"source":0,"value":127318},{"target":4,"source":0,"value":69958},{"target":5,"source":1,"value":31526},{"target":6,"source":1,"value":0},{"target":7,"source":1,"value":7243},{"target":8,"source":2,"value":17612},{"target":9,"source":2,"value":0},{"target":10,"source":2,"value":66},{"target":11,"source":3,"value":96073},{"target":12,"source":3,"value":0},{"target":13,"source":3,"value":31245},{"target":14,"source":4,"value":69958},{"target":15,"source":4,"value":0},{"target":16,"source":4,"value":0},{"target":17,"source":7,"value":7212},{"target":18,"source":7,"value":26},{"target":19,"source":7,"value":0},{"target":20,"source":7,"value":5},{"target":21,"source":13,"value":30939},{"target":22,"source":13,"value":289},{"target":23,"source":13,"value":0},{"target":24,"source":13,"value":17}],"British Columbia":[{"target":1,"source":0,"value":300178},{"target":2,"source":0,"value":86663},{"target":3,"source":0,"value":957900},{"target":4,"source":0,"value":107630},{"target":5,"source":1,"value":54588},{"target":6,"source":1,"value":172},{"target":7,"source":1,"value":245418},{"target":8,"source":2,"value":68094},{"target":9,"source":2,"value":9},{"target":10,"source":2,"value":18560},{"target":11,"source":3,"value":112088},{"target":12,"source":3,"value":126},{"target":13,"source":3,"value":845686},{"target":14,"source":4,"value":106290},{"target":15,"source":4,"value":1},{"target":16,"source":4,"value":1339},{"target":17,"source":7,"value":229107},{"target":18,"source":7,"value":5159},{"target":19,"source":7,"value":2294},{"target":20,"source":7,"value":8858},{"target":21,"source":13,"value":825298},{"target":22,"source":13,"value":13217},{"target":23,"source":13,"value":1314},{"target":24,"source":13,"value":5857}],"Yukon":[{"target":1,"source":0,"value":2101},{"target":2,"source":0,"value":24},{"target":3,"source":0,"value":791},{"target":4,"source":0,"value":0},{"target":5,"source":1,"value":7},{"target":6,"source":1,"value":0},{"target":7,"source":1,"value":2094},{"target":8,"source":2,"value":0},{"target":9,"source":2,"value":0},{"target":10,"source":2,"value":24},{"target":11,"source":3,"value":33},{"target":12,"source":3,"value":0},{"target":13,"source":3,"value":758},{"target":14,"source":4,"value":0},{"target":15,"source":4,"value":0},{"target":16,"source":4,"value":0},{"target":17,"source":7,"value":2088},{"target":18,"source":7,"value":6},{"target":19,"source":7,"value":0},{"target":20,"source":7,"value":0},{"target":21,"source":13,"value":745},{"target":22,"source":13,"value":13},{"target":23,"source":13,"value":0},{"target":24,"source":13,"value":0}],"Nunavut":[{"target":1,"source":0,"value":53},{"target":2,"source":0,"value":25},{"target":3,"source":0,"value":9},{"target":4,"source":0,"value":18},{"target":5,"source":1,"value":53},{"target":6,"source":1,"value":0},{"target":7,"source":1,"value":0},{"target":8,"source":2,"value":25},{"target":9,"source":2,"value":0},{"target":10,"source":2,"value":".."},{"target":11,"source":3,"value":9},{"target":12,"source":3,"value":0},{"target":13,"source":3,"value":0},{"target":14,"source":4,"value":18},{"target":15,"source":4,"value":0},{"target":16,"source":4,"value":".."},{"target":17,"source":7,"value":".."},{"target":18,"source":7,"value":".."},{"target":19,"source":7,"value":".."},{"target":20,"source":7,"value":0},{"target":21,"source":13,"value":".."},{"target":22,"source":13,"value":".."},{"target":23,"source":13,"value":".."},{"target":24,"source":13,"value":0}],"nodes":[{"node":0,"name":"intl"},{"node":1,"name":"USres"},{"node":2,"name":"nonUSres"},{"node":3,"name":"cdnFromUS"},{"node":4,"name":"cdnFromOther"},{"node":5,"name":"USres_air"},{"node":6,"name":"USres_marine"},{"node":7,"name":"USres_land"},{"node":8,"name":"nonUSres_air"},{"node":9,"name":"nonUSres_marine"},{"node":10,"name":"nonUSres_land"},{"node":11,"name":"cdnFromUS_air"},{"node":12,"name":"cdnFromUS_marine"},{"node":13,"name":"cdnFromUS_land"},{"node":14,"name":"cdnFromOther_air"},{"node":15,"name":"cdnFromOther_marine"},{"node":16,"name":"cdnFromOther_land"},{"node":17,"name":"USres_car"},{"node":18,"name":"USres_bus"},{"node":19,"name":"USres_train"},{"node":20,"name":"USres_other"},{"node":21,"name":"cdnFromUS_car"},{"node":22,"name":"cdnFromUS_bus"},{"node":23,"name":"cdnFromUS_train"},{"node":24,"name":"cdnFromUS_other"}]}