{"Canada":[{"target":1,"source":0,"value":2869457},{"target":2,"source":0,"value":622270},{"target":3,"source":0,"value":5313264},{"target":4,"source":0,"value":751052},{"target":5,"source":1,"value":437970},{"target":6,"source":1,"value":200915},{"target":7,"source":1,"value":2230572},{"target":8,"source":2,"value":499345},{"target":9,"source":2,"value":23517},{"target":10,"source":2,"value":99408},{"target":11,"source":3,"value":536647},{"target":12,"source":3,"value":37445},{"target":13,"source":3,"value":4739172},{"target":14,"source":4,"value":747743},{"target":15,"source":4,"value":2756},{"target":16,"source":4,"value":553},{"target":17,"source":7,"value":2036862},{"target":18,"source":7,"value":92791},{"target":19,"source":7,"value":28664},{"target":20,"source":7,"value":72255},{"target":21,"source":13,"value":4581313},{"target":22,"source":13,"value":79718},{"target":23,"source":13,"value":5264},{"target":24,"source":13,"value":72877}],"Newfoundland and Labrador":[{"target":1,"source":0,"value":5658},{"target":2,"source":0,"value":4649},{"target":3,"source":0,"value":1626},{"target":4,"source":0,"value":5081},{"target":5,"source":1,"value":3451},{"target":6,"source":1,"value":2207},{"target":7,"source":1,"value":0},{"target":8,"source":2,"value":2701},{"target":9,"source":2,"value":1948},{"target":10,"source":2,"value":0},{"target":11,"source":3,"value":1579},{"target":12,"source":3,"value":47},{"target":13,"source":3,"value":0},{"target":14,"source":4,"value":2384},{"target":15,"source":4,"value":2697},{"target":16,"source":4,"value":0},{"target":17,"source":7,"value":0},{"target":18,"source":7,"value":0},{"target":19,"source":7,"value":0},{"target":20,"source":7,"value":0},{"target":21,"source":13,"value":0},{"target":22,"source":13,"value":0},{"target":23,"source":13,"value":0},{"target":24,"source":13,"value":0}],"Prince Edward Island":[{"target":1,"source":0,"value":542},{"target":2,"source":0,"value":75},{"target":3,"source":0,"value":68},{"target":4,"source":0,"value":19},{"target":5,"source":1,"value":542},{"target":6,"source":1,"value":0},{"target":7,"source":1,"value":0},{"target":8,"source":2,"value":75},{"target":9,"source":2,"value":0},{"target":10,"source":2,"value":0},{"target":11,"source":3,"value":68},{"target":12,"source":3,"value":0},{"target":13,"source":3,"value":0},{"target":14,"source":4,"value":19},{"target":15,"source":4,"value":0},{"target":16,"source":4,"value":0},{"target":17,"source":7,"value":0},{"target":18,"source":7,"value":0},{"target":19,"source":7,"value":0},{"target":20,"source":7,"value":0},{"target":21,"source":13,"value":0},{"target":22,"source":13,"value":0},{"target":23,"source":13,"value":0},{"target":24,"source":13,"value":0}],"Nova Scotia":[{"target":1,"source":0,"value":24859},{"target":2,"source":0,"value":8955},{"target":3,"source":0,"value":6683},{"target":4,"source":0,"value":5791},{"target":5,"source":1,"value":13523},{"target":6,"source":1,"value":11336},{"target":7,"source":1,"value":0},{"target":8,"source":2,"value":8171},{"target":9,"source":2,"value":784},{"target":10,"source":2,"value":0},{"target":11,"source":3,"value":6212},{"target":12,"source":3,"value":471},{"target":13,"source":3,"value":0},{"target":14,"source":4,"value":5791},{"target":15,"source":4,"value":0},{"target":16,"source":4,"value":0},{"target":17,"source":7,"value":0},{"target":18,"source":7,"value":0},{"target":19,"source":7,"value":0},{"target":20,"source":7,"value":0},{"target":21,"source":13,"value":0},{"target":22,"source":13,"value":0},{"target":23,"source":13,"value":0},{"target":24,"source":13,"value":0}],"New Brunswick":[{"target":1,"source":0,"value":165865},{"target":2,"source":0,"value":3024},{"target":3,"source":0,"value":368523},{"target":4,"source":0,"value":70},{"target":5,"source":1,"value":896},{"target":6,"source":1,"value":25969},{"target":7,"source":1,"value":139000},{"target":8,"source":2,"value":86},{"target":9,"source":2,"value":1903},{"target":10,"source":2,"value":1035},{"target":11,"source":3,"value":641},{"target":12,"source":3,"value":1951},{"target":13,"source":3,"value":365931},{"target":14,"source":4,"value":70},{"target":15,"source":4,"value":0},{"target":16,"source":4,"value":0},{"target":17,"source":7,"value":135226},{"target":18,"source":7,"value":1187},{"target":19,"source":7,"value":0},{"target":20,"source":7,"value":2587},{"target":21,"source":13,"value":360320},{"target":22,"source":13,"value":1218},{"target":23,"source":13,"value":0},{"target":24,"source":13,"value":4393}],"Quebec":[{"target":1,"source":0,"value":270406},{"target":2,"source":0,"value":123045},{"target":3,"source":0,"value":778562},{"target":4,"source":0,"value":200808},{"target":5,"source":1,"value":68086},{"target":6,"source":1,"value":567},{"target":7,"source":1,"value":201753},{"target":8,"source":2,"value":104621},{"target":9,"source":2,"value":54},{"target":10,"source":2,"value":18370},{"target":11,"source":3,"value":81888},{"target":12,"source":3,"value":4567},{"target":13,"source":3,"value":692107},{"target":14,"source":4,"value":200751},{"target":15,"source":4,"value":57},{"target":16,"source":4,"value":0},{"target":17,"source":7,"value":184230},{"target":18,"source":7,"value":13223},{"target":19,"source":7,"value":2667},{"target":20,"source":7,"value":1633},{"target":21,"source":13,"value":653989},{"target":22,"source":13,"value":22358},{"target":23,"source":13,"value":1989},{"target":24,"source":13,"value":13771}],"Ontario":[{"target":1,"source":0,"value":1524710},{"target":2,"source":0,"value":226600},{"target":3,"source":0,"value":2441479},{"target":4,"source":0,"value":380646},{"target":5,"source":1,"value":165816},{"target":6,"source":1,"value":21750},{"target":7,"source":1,"value":1337144},{"target":8,"source":2,"value":209065},{"target":9,"source":2,"value":107},{"target":10,"source":2,"value":17428},{"target":11,"source":3,"value":267631},{"target":12,"source":3,"value":11423},{"target":13,"source":3,"value":2162425},{"target":14,"source":4,"value":380646},{"target":15,"source":4,"value":0},{"target":16,"source":4,"value":0},{"target":17,"source":7,"value":1264077},{"target":18,"source":7,"value":40064},{"target":19,"source":7,"value":1963},{"target":20,"source":7,"value":31040},{"target":21,"source":13,"value":2092815},{"target":22,"source":13,"value":34161},{"target":23,"source":13,"value":1326},{"target":24,"source":13,"value":34123}],"Manitoba":[{"target":1,"source":0,"value":38799},{"target":2,"source":0,"value":2319},{"target":3,"source":0,"value":193188},{"target":4,"source":0,"value":2466},{"target":5,"source":1,"value":7648},{"target":6,"source":1,"value":4},{"target":7,"source":1,"value":31147},{"target":8,"source":2,"value":1725},{"target":9,"source":2,"value":123},{"target":10,"source":2,"value":471},{"target":11,"source":3,"value":9190},{"target":12,"source":3,"value":0},{"target":13,"source":3,"value":183998},{"target":14,"source":4,"value":2464},{"target":15,"source":4,"value":2},{"target":16,"source":4,"value":0},{"target":17,"source":7,"value":30351},{"target":18,"source":7,"value":685},{"target":19,"source":7,"value":0},{"target":20,"source":7,"value":111},{"target":21,"source":13,"value":179564},{"target":22,"source":13,"value":3042},{"target":23,"source":13,"value":0},{"target":24,"source":13,"value":1392}],"Saskatchewan":[{"target":1,"source":0,"value":14690},{"target":2,"source":0,"value":654},{"target":3,"source":0,"value":54621},{"target":4,"source":0,"value":791},{"target":5,"source":1,"value":4446},{"target":6,"source":1,"value":0},{"target":7,"source":1,"value":10244},{"target":8,"source":2,"value":525},{"target":9,"source":2,"value":0},{"target":10,"source":2,"value":129},{"target":11,"source":3,"value":6390},{"target":12,"source":3,"value":0},{"target":13,"source":3,"value":48231},{"target":14,"source":4,"value":791},{"target":15,"source":4,"value":0},{"target":16,"source":4,"value":0},{"target":17,"source":7,"value":10046},{"target":18,"source":7,"value":31},{"target":19,"source":7,"value":0},{"target":20,"source":7,"value":167},{"target":21,"source":13,"value":46150},{"target":22,"source":13,"value":372},{"target":23,"source":13,"value":0},{"target":24,"source":13,"value":1709}],"Alberta":[{"target":1,"source":0,"value":85862},{"target":2,"source":0,"value":39542},{"target":3,"source":0,"value":164706},{"target":4,"source":0,"value":56326},{"target":5,"source":1,"value":50372},{"target":6,"source":1,"value":0},{"target":7,"source":1,"value":35490},{"target":8,"source":2,"value":37831},{"target":9,"source":2,"value":0},{"target":10,"source":2,"value":1711},{"target":11,"source":3,"value":80323},{"target":12,"source":3,"value":0},{"target":13,"source":3,"value":84383},{"target":14,"source":4,"value":56326},{"target":15,"source":4,"value":0},{"target":16,"source":4,"value":0},{"target":17,"source":7,"value":32621},{"target":18,"source":7,"value":2394},{"target":19,"source":7,"value":0},{"target":20,"source":7,"value":475},{"target":21,"source":13,"value":82218},{"target":22,"source":13,"value":570},{"target":23,"source":13,"value":0},{"target":24,"source":13,"value":1595}],"British Columbia":[{"target":1,"source":0,"value":668521},{"target":2,"source":0,"value":204567},{"target":3,"source":0,"value":1290848},{"target":4,"source":0,"value":98913},{"target":5,"source":1,"value":122882},{"target":6,"source":1,"value":139082},{"target":7,"source":1,"value":406557},{"target":8,"source":2,"value":133316},{"target":9,"source":2,"value":18598},{"target":10,"source":2,"value":52653},{"target":11,"source":3,"value":82573},{"target":12,"source":3,"value":18986},{"target":13,"source":3,"value":1189289},{"target":14,"source":4,"value":98360},{"target":15,"source":4,"value":0},{"target":16,"source":4,"value":553},{"target":17,"source":7,"value":354671},{"target":18,"source":7,"value":11524},{"target":19,"source":7,"value":4606},{"target":20,"source":7,"value":35756},{"target":21,"source":13,"value":1155944},{"target":22,"source":13,"value":15603},{"target":23,"source":13,"value":1949},{"target":24,"source":13,"value":15793}],"Yukon":[{"target":1,"source":0,"value":69500},{"target":2,"source":0,"value":8808},{"target":3,"source":0,"value":12935},{"target":4,"source":0,"value":112},{"target":5,"source":1,"value":263},{"target":6,"source":1,"value":0},{"target":7,"source":1,"value":69237},{"target":8,"source":2,"value":1197},{"target":9,"source":2,"value":0},{"target":10,"source":2,"value":7611},{"target":11,"source":3,"value":127},{"target":12,"source":3,"value":0},{"target":13,"source":3,"value":12808},{"target":14,"source":4,"value":112},{"target":15,"source":4,"value":0},{"target":16,"source":4,"value":0},{"target":17,"source":7,"value":25640},{"target":18,"source":7,"value":23683},{"target":19,"source":7,"value":19428},{"target":20,"source":7,"value":486},{"target":21,"source":13,"value":10313},{"target":22,"source":13,"value":2394},{"target":23,"source":13,"value":0},{"target":24,"source":13,"value":101}],"Nunavut":[{"target":1,"source":0,"value":45},{"target":2,"source":0,"value":32},{"target":3,"source":0,"value":25},{"target":4,"source":0,"value":29},{"target":5,"source":1,"value":45},{"target":6,"source":1,"value":0},{"target":7,"source":1,"value":0},{"target":8,"source":2,"value":32},{"target":9,"source":2,"value":0},{"target":10,"source":2,"value":".."},{"target":11,"source":3,"value":25},{"target":12,"source":3,"value":0},{"target":13,"source":3,"value":0},{"target":14,"source":4,"value":29},{"target":15,"source":4,"value":0},{"target":16,"source":4,"value":".."},{"target":17,"source":7,"value":".."},{"target":18,"source":7,"value":".."},{"target":19,"source":7,"value":".."},{"target":20,"source":7,"value":0},{"target":21,"source":13,"value":".."},{"target":22,"source":13,"value":".."},{"target":23,"source":13,"value":".."},{"target":24,"source":13,"value":0}],"nodes":[{"node":0,"name":"intl"},{"node":1,"name":"USres"},{"node":2,"name":"nonUSres"},{"node":3,"name":"cdnFromUS"},{"node":4,"name":"cdnFromOther"},{"node":5,"name":"USres_air"},{"node":6,"name":"USres_marine"},{"node":7,"name":"USres_land"},{"node":8,"name":"nonUSres_air"},{"node":9,"name":"nonUSres_marine"},{"node":10,"name":"nonUSres_land"},{"node":11,"name":"cdnFromUS_air"},{"node":12,"name":"cdnFromUS_marine"},{"node":13,"name":"cdnFromUS_land"},{"node":14,"name":"cdnFromOther_air"},{"node":15,"name":"cdnFromOther_marine"},{"node":16,"name":"cdnFromOther_land"},{"node":17,"name":"USres_car"},{"node":18,"name":"USres_bus"},{"node":19,"name":"USres_train"},{"node":20,"name":"USres_other"},{"node":21,"name":"cdnFromUS_car"},{"node":22,"name":"cdnFromUS_bus"},{"node":23,"name":"cdnFromUS_train"},{"node":24,"name":"cdnFromUS_other"}]}