{"Canada":[{"target":1,"source":0,"value":1152076},{"target":2,"source":0,"value":220529},{"target":3,"source":0,"value":2805243},{"target":4,"source":0,"value":835396},{"target":5,"source":1,"value":201918},{"target":6,"source":1,"value":304},{"target":7,"source":1,"value":949854},{"target":8,"source":2,"value":195627},{"target":9,"source":2,"value":131},{"target":10,"source":2,"value":24771},{"target":11,"source":3,"value":610154},{"target":12,"source":3,"value":256},{"target":13,"source":3,"value":2194833},{"target":14,"source":4,"value":834774},{"target":15,"source":4,"value":4},{"target":16,"source":4,"value":618},{"target":17,"source":7,"value":883697},{"target":18,"source":7,"value":48020},{"target":19,"source":7,"value":6659},{"target":20,"source":7,"value":11478},{"target":21,"source":13,"value":2121720},{"target":22,"source":13,"value":57234},{"target":23,"source":13,"value":2697},{"target":24,"source":13,"value":13182}],"Newfoundland and Labrador":[{"target":1,"source":0,"value":1040},{"target":2,"source":0,"value":1969},{"target":3,"source":0,"value":901},{"target":4,"source":0,"value":130},{"target":5,"source":1,"value":1040},{"target":6,"source":1,"value":0},{"target":7,"source":1,"value":0},{"target":8,"source":2,"value":1871},{"target":9,"source":2,"value":98},{"target":10,"source":2,"value":0},{"target":11,"source":3,"value":898},{"target":12,"source":3,"value":3},{"target":13,"source":3,"value":0},{"target":14,"source":4,"value":129},{"target":15,"source":4,"value":1},{"target":16,"source":4,"value":0},{"target":17,"source":7,"value":0},{"target":18,"source":7,"value":0},{"target":19,"source":7,"value":0},{"target":20,"source":7,"value":0},{"target":21,"source":13,"value":0},{"target":22,"source":13,"value":0},{"target":23,"source":13,"value":0},{"target":24,"source":13,"value":0}],"Prince Edward Island":[{"target":1,"source":0,"value":6},{"target":2,"source":0,"value":0},{"target":3,"source":0,"value":0},{"target":4,"source":0,"value":0},{"target":5,"source":1,"value":6},{"target":6,"source":1,"value":0},{"target":7,"source":1,"value":0},{"target":8,"source":2,"value":0},{"target":9,"source":2,"value":0},{"target":10,"source":2,"value":0},{"target":11,"source":3,"value":0},{"target":12,"source":3,"value":0},{"target":13,"source":3,"value":0},{"target":14,"source":4,"value":0},{"target":15,"source":4,"value":0},{"target":16,"source":4,"value":0},{"target":17,"source":7,"value":0},{"target":18,"source":7,"value":0},{"target":19,"source":7,"value":0},{"target":20,"source":7,"value":0},{"target":21,"source":13,"value":0},{"target":22,"source":13,"value":0},{"target":23,"source":13,"value":0},{"target":24,"source":13,"value":0}],"Nova Scotia":[{"target":1,"source":0,"value":1699},{"target":2,"source":0,"value":1859},{"target":3,"source":0,"value":6622},{"target":4,"source":0,"value":8579},{"target":5,"source":1,"value":1699},{"target":6,"source":1,"value":0},{"target":7,"source":1,"value":0},{"target":8,"source":2,"value":1840},{"target":9,"source":2,"value":19},{"target":10,"source":2,"value":0},{"target":11,"source":3,"value":6622},{"target":12,"source":3,"value":0},{"target":13,"source":3,"value":0},{"target":14,"source":4,"value":8576},{"target":15,"source":4,"value":3},{"target":16,"source":4,"value":0},{"target":17,"source":7,"value":0},{"target":18,"source":7,"value":0},{"target":19,"source":7,"value":0},{"target":20,"source":7,"value":0},{"target":21,"source":13,"value":0},{"target":22,"source":13,"value":0},{"target":23,"source":13,"value":0},{"target":24,"source":13,"value":0}],"New Brunswick":[{"target":1,"source":0,"value":54578},{"target":2,"source":0,"value":62},{"target":3,"source":0,"value":204181},{"target":4,"source":0,"value":760},{"target":5,"source":1,"value":238},{"target":6,"source":1,"value":0},{"target":7,"source":1,"value":54340},{"target":8,"source":2,"value":40},{"target":9,"source":2,"value":2},{"target":10,"source":2,"value":20},{"target":11,"source":3,"value":740},{"target":12,"source":3,"value":2},{"target":13,"source":3,"value":203439},{"target":14,"source":4,"value":759},{"target":15,"source":4,"value":0},{"target":16,"source":4,"value":1},{"target":17,"source":7,"value":53671},{"target":18,"source":7,"value":132},{"target":19,"source":7,"value":0},{"target":20,"source":7,"value":537},{"target":21,"source":13,"value":201855},{"target":22,"source":13,"value":906},{"target":23,"source":13,"value":0},{"target":24,"source":13,"value":678}],"Quebec":[{"target":1,"source":0,"value":121563},{"target":2,"source":0,"value":41814},{"target":3,"source":0,"value":258805},{"target":4,"source":0,"value":188210},{"target":5,"source":1,"value":28382},{"target":6,"source":1,"value":0},{"target":7,"source":1,"value":93181},{"target":8,"source":2,"value":39524},{"target":9,"source":2,"value":10},{"target":10,"source":2,"value":2280},{"target":11,"source":3,"value":88109},{"target":12,"source":3,"value":0},{"target":13,"source":3,"value":170696},{"target":14,"source":4,"value":188210},{"target":15,"source":4,"value":0},{"target":16,"source":4,"value":0},{"target":17,"source":7,"value":82489},{"target":18,"source":7,"value":8747},{"target":19,"source":7,"value":784},{"target":20,"source":7,"value":1161},{"target":21,"source":13,"value":157490},{"target":22,"source":13,"value":11727},{"target":23,"source":13,"value":1082},{"target":24,"source":13,"value":397}],"Ontario":[{"target":1,"source":0,"value":570328},{"target":2,"source":0,"value":69256},{"target":3,"source":0,"value":1440125},{"target":4,"source":0,"value":393832},{"target":5,"source":1,"value":81536},{"target":6,"source":1,"value":8},{"target":7,"source":1,"value":488784},{"target":8,"source":2,"value":66054},{"target":9,"source":2,"value":0},{"target":10,"source":2,"value":3202},{"target":11,"source":3,"value":268526},{"target":12,"source":3,"value":4},{"target":13,"source":3,"value":1171595},{"target":14,"source":4,"value":393832},{"target":15,"source":4,"value":0},{"target":16,"source":4,"value":0},{"target":17,"source":7,"value":453970},{"target":18,"source":7,"value":31700},{"target":19,"source":7,"value":403},{"target":20,"source":7,"value":2711},{"target":21,"source":13,"value":1138276},{"target":22,"source":13,"value":29603},{"target":23,"source":13,"value":444},{"target":24,"source":13,"value":3272}],"Manitoba":[{"target":1,"source":0,"value":14334},{"target":2,"source":0,"value":662},{"target":3,"source":0,"value":94995},{"target":4,"source":0,"value":23254},{"target":5,"source":1,"value":2748},{"target":6,"source":1,"value":0},{"target":7,"source":1,"value":11586},{"target":8,"source":2,"value":342},{"target":9,"source":2,"value":0},{"target":10,"source":2,"value":320},{"target":11,"source":3,"value":17326},{"target":12,"source":3,"value":0},{"target":13,"source":3,"value":77669},{"target":14,"source":4,"value":23254},{"target":15,"source":4,"value":0},{"target":16,"source":4,"value":0},{"target":17,"source":7,"value":11063},{"target":18,"source":7,"value":499},{"target":19,"source":7,"value":0},{"target":20,"source":7,"value":24},{"target":21,"source":13,"value":73338},{"target":22,"source":13,"value":4096},{"target":23,"source":13,"value":0},{"target":24,"source":13,"value":235}],"Saskatchewan":[{"target":1,"source":0,"value":5235},{"target":2,"source":0,"value":110},{"target":3,"source":0,"value":31204},{"target":4,"source":0,"value":24385},{"target":5,"source":1,"value":1514},{"target":6,"source":1,"value":0},{"target":7,"source":1,"value":3721},{"target":8,"source":2,"value":88},{"target":9,"source":2,"value":0},{"target":10,"source":2,"value":22},{"target":11,"source":3,"value":9663},{"target":12,"source":3,"value":0},{"target":13,"source":3,"value":21541},{"target":14,"source":4,"value":24385},{"target":15,"source":4,"value":0},{"target":16,"source":4,"value":0},{"target":17,"source":7,"value":3684},{"target":18,"source":7,"value":0},{"target":19,"source":7,"value":0},{"target":20,"source":7,"value":37},{"target":21,"source":13,"value":20901},{"target":22,"source":13,"value":568},{"target":23,"source":13,"value":0},{"target":24,"source":13,"value":72}],"Alberta":[{"target":1,"source":0,"value":27080},{"target":2,"source":0,"value":21727},{"target":3,"source":0,"value":144207},{"target":4,"source":0,"value":82562},{"target":5,"source":1,"value":22268},{"target":6,"source":1,"value":0},{"target":7,"source":1,"value":4812},{"target":8,"source":2,"value":21682},{"target":9,"source":2,"value":0},{"target":10,"source":2,"value":45},{"target":11,"source":3,"value":111642},{"target":12,"source":3,"value":0},{"target":13,"source":3,"value":32565},{"target":14,"source":4,"value":82562},{"target":15,"source":4,"value":0},{"target":16,"source":4,"value":0},{"target":17,"source":7,"value":4660},{"target":18,"source":7,"value":150},{"target":19,"source":7,"value":0},{"target":20,"source":7,"value":2},{"target":21,"source":13,"value":31735},{"target":22,"source":13,"value":802},{"target":23,"source":13,"value":0},{"target":24,"source":13,"value":28}],"British Columbia":[{"target":1,"source":0,"value":353722},{"target":2,"source":0,"value":82861},{"target":3,"source":0,"value":623115},{"target":4,"source":0,"value":113677},{"target":5,"source":1,"value":62305},{"target":6,"source":1,"value":296},{"target":7,"source":1,"value":291121},{"target":8,"source":2,"value":64036},{"target":9,"source":2,"value":2},{"target":10,"source":2,"value":18823},{"target":11,"source":3,"value":106550},{"target":12,"source":3,"value":247},{"target":13,"source":3,"value":516318},{"target":14,"source":4,"value":113060},{"target":15,"source":4,"value":0},{"target":16,"source":4,"value":617},{"target":17,"source":7,"value":271871},{"target":18,"source":7,"value":6792},{"target":19,"source":7,"value":5472},{"target":20,"source":7,"value":6986},{"target":21,"source":13,"value":497181},{"target":22,"source":13,"value":9481},{"target":23,"source":13,"value":1171},{"target":24,"source":13,"value":8485}],"Yukon":[{"target":1,"source":0,"value":2408},{"target":2,"source":0,"value":70},{"target":3,"source":0,"value":1071},{"target":4,"source":0,"value":0},{"target":5,"source":1,"value":99},{"target":6,"source":1,"value":0},{"target":7,"source":1,"value":2309},{"target":8,"source":2,"value":11},{"target":9,"source":2,"value":0},{"target":10,"source":2,"value":59},{"target":11,"source":3,"value":61},{"target":12,"source":3,"value":0},{"target":13,"source":3,"value":1010},{"target":14,"source":4,"value":0},{"target":15,"source":4,"value":0},{"target":16,"source":4,"value":0},{"target":17,"source":7,"value":2289},{"target":18,"source":7,"value":0},{"target":19,"source":7,"value":0},{"target":20,"source":7,"value":20},{"target":21,"source":13,"value":944},{"target":22,"source":13,"value":51},{"target":23,"source":13,"value":0},{"target":24,"source":13,"value":15}],"Nunavut":[{"target":1,"source":0,"value":83},{"target":2,"source":0,"value":139},{"target":3,"source":0,"value":17},{"target":4,"source":0,"value":7},{"target":5,"source":1,"value":83},{"target":6,"source":1,"value":0},{"target":7,"source":1,"value":0},{"target":8,"source":2,"value":139},{"target":9,"source":2,"value":0},{"target":10,"source":2,"value":".."},{"target":11,"source":3,"value":17},{"target":12,"source":3,"value":0},{"target":13,"source":3,"value":0},{"target":14,"source":4,"value":7},{"target":15,"source":4,"value":0},{"target":16,"source":4,"value":".."},{"target":17,"source":7,"value":".."},{"target":18,"source":7,"value":".."},{"target":19,"source":7,"value":".."},{"target":20,"source":7,"value":0},{"target":21,"source":13,"value":".."},{"target":22,"source":13,"value":".."},{"target":23,"source":13,"value":".."},{"target":24,"source":13,"value":0}],"nodes":[{"node":0,"name":"intl"},{"node":1,"name":"USres"},{"node":2,"name":"nonUSres"},{"node":3,"name":"cdnFromUS"},{"node":4,"name":"cdnFromOther"},{"node":5,"name":"USres_air"},{"node":6,"name":"USres_marine"},{"node":7,"name":"USres_land"},{"node":8,"name":"nonUSres_air"},{"node":9,"name":"nonUSres_marine"},{"node":10,"name":"nonUSres_land"},{"node":11,"name":"cdnFromUS_air"},{"node":12,"name":"cdnFromUS_marine"},{"node":13,"name":"cdnFromUS_land"},{"node":14,"name":"cdnFromOther_air"},{"node":15,"name":"cdnFromOther_marine"},{"node":16,"name":"cdnFromOther_land"},{"node":17,"name":"USres_car"},{"node":18,"name":"USres_bus"},{"node":19,"name":"USres_train"},{"node":20,"name":"USres_other"},{"node":21,"name":"cdnFromUS_car"},{"node":22,"name":"cdnFromUS_bus"},{"node":23,"name":"cdnFromUS_train"},{"node":24,"name":"cdnFromUS_other"}]}