{"Canada":[{"target":1,"source":0,"value":2044834},{"target":2,"source":0,"value":508255},{"target":3,"source":0,"value":3902461},{"target":4,"source":0,"value":614166},{"target":5,"source":1,"value":349420},{"target":6,"source":1,"value":179415},{"target":7,"source":1,"value":1515999},{"target":8,"source":2,"value":399738},{"target":9,"source":2,"value":46317},{"target":10,"source":2,"value":62200},{"target":11,"source":3,"value":481108},{"target":12,"source":3,"value":33637},{"target":13,"source":3,"value":3387716},{"target":14,"source":4,"value":612513},{"target":15,"source":4,"value":1073},{"target":16,"source":4,"value":580},{"target":17,"source":7,"value":1388453},{"target":18,"source":7,"value":70052},{"target":19,"source":7,"value":16270},{"target":20,"source":7,"value":41224},{"target":21,"source":13,"value":3268420},{"target":22,"source":13,"value":78768},{"target":23,"source":13,"value":3615},{"target":24,"source":13,"value":36913}],"Newfoundland and Labrador":[{"target":1,"source":0,"value":4910},{"target":2,"source":0,"value":5682},{"target":3,"source":0,"value":1080},{"target":4,"source":0,"value":2710},{"target":5,"source":1,"value":2574},{"target":6,"source":1,"value":2336},{"target":7,"source":1,"value":0},{"target":8,"source":2,"value":1836},{"target":9,"source":2,"value":3846},{"target":10,"source":2,"value":0},{"target":11,"source":3,"value":1075},{"target":12,"source":3,"value":5},{"target":13,"source":3,"value":0},{"target":14,"source":4,"value":1686},{"target":15,"source":4,"value":1024},{"target":16,"source":4,"value":0},{"target":17,"source":7,"value":0},{"target":18,"source":7,"value":0},{"target":19,"source":7,"value":0},{"target":20,"source":7,"value":0},{"target":21,"source":13,"value":0},{"target":22,"source":13,"value":0},{"target":23,"source":13,"value":0},{"target":24,"source":13,"value":0}],"Prince Edward Island":[{"target":1,"source":0,"value":89},{"target":2,"source":0,"value":14},{"target":3,"source":0,"value":21},{"target":4,"source":0,"value":0},{"target":5,"source":1,"value":89},{"target":6,"source":1,"value":0},{"target":7,"source":1,"value":0},{"target":8,"source":2,"value":14},{"target":9,"source":2,"value":0},{"target":10,"source":2,"value":0},{"target":11,"source":3,"value":21},{"target":12,"source":3,"value":0},{"target":13,"source":3,"value":0},{"target":14,"source":4,"value":0},{"target":15,"source":4,"value":0},{"target":16,"source":4,"value":0},{"target":17,"source":7,"value":0},{"target":18,"source":7,"value":0},{"target":19,"source":7,"value":0},{"target":20,"source":7,"value":0},{"target":21,"source":13,"value":0},{"target":22,"source":13,"value":0},{"target":23,"source":13,"value":0},{"target":24,"source":13,"value":0}],"Nova Scotia":[{"target":1,"source":0,"value":43615},{"target":2,"source":0,"value":19332},{"target":3,"source":0,"value":7765},{"target":4,"source":0,"value":5271},{"target":5,"source":1,"value":8841},{"target":6,"source":1,"value":34774},{"target":7,"source":1,"value":0},{"target":8,"source":2,"value":7007},{"target":9,"source":2,"value":12325},{"target":10,"source":2,"value":0},{"target":11,"source":3,"value":5471},{"target":12,"source":3,"value":2294},{"target":13,"source":3,"value":0},{"target":14,"source":4,"value":5222},{"target":15,"source":4,"value":49},{"target":16,"source":4,"value":0},{"target":17,"source":7,"value":0},{"target":18,"source":7,"value":0},{"target":19,"source":7,"value":0},{"target":20,"source":7,"value":0},{"target":21,"source":13,"value":0},{"target":22,"source":13,"value":0},{"target":23,"source":13,"value":0},{"target":24,"source":13,"value":0}],"New Brunswick":[{"target":1,"source":0,"value":127832},{"target":2,"source":0,"value":6507},{"target":3,"source":0,"value":290168},{"target":4,"source":0,"value":94},{"target":5,"source":1,"value":513},{"target":6,"source":1,"value":30234},{"target":7,"source":1,"value":97085},{"target":8,"source":2,"value":103},{"target":9,"source":2,"value":5625},{"target":10,"source":2,"value":779},{"target":11,"source":3,"value":746},{"target":12,"source":3,"value":2702},{"target":13,"source":3,"value":286720},{"target":14,"source":4,"value":94},{"target":15,"source":4,"value":0},{"target":16,"source":4,"value":0},{"target":17,"source":7,"value":93799},{"target":18,"source":7,"value":2419},{"target":19,"source":7,"value":0},{"target":20,"source":7,"value":867},{"target":21,"source":13,"value":283310},{"target":22,"source":13,"value":1639},{"target":23,"source":13,"value":0},{"target":24,"source":13,"value":1771}],"Quebec":[{"target":1,"source":0,"value":191918},{"target":2,"source":0,"value":101750},{"target":3,"source":0,"value":430312},{"target":4,"source":0,"value":147220},{"target":5,"source":1,"value":61049},{"target":6,"source":1,"value":372},{"target":7,"source":1,"value":130497},{"target":8,"source":2,"value":87305},{"target":9,"source":2,"value":27},{"target":10,"source":2,"value":14418},{"target":11,"source":3,"value":60942},{"target":12,"source":3,"value":2041},{"target":13,"source":3,"value":367329},{"target":14,"source":4,"value":147220},{"target":15,"source":4,"value":0},{"target":16,"source":4,"value":0},{"target":17,"source":7,"value":120119},{"target":18,"source":7,"value":8225},{"target":19,"source":7,"value":1323},{"target":20,"source":7,"value":830},{"target":21,"source":13,"value":339325},{"target":22,"source":13,"value":20507},{"target":23,"source":13,"value":840},{"target":24,"source":13,"value":6657}],"Ontario":[{"target":1,"source":0,"value":1071737},{"target":2,"source":0,"value":182079},{"target":3,"source":0,"value":1892460},{"target":4,"source":0,"value":313388},{"target":5,"source":1,"value":150109},{"target":6,"source":1,"value":8390},{"target":7,"source":1,"value":913238},{"target":8,"source":2,"value":171589},{"target":9,"source":2,"value":30},{"target":10,"source":2,"value":10460},{"target":11,"source":3,"value":228214},{"target":12,"source":3,"value":3917},{"target":13,"source":3,"value":1660329},{"target":14,"source":4,"value":313388},{"target":15,"source":4,"value":0},{"target":16,"source":4,"value":0},{"target":17,"source":7,"value":855216},{"target":18,"source":7,"value":40263},{"target":19,"source":7,"value":893},{"target":20,"source":7,"value":16866},{"target":21,"source":13,"value":1606666},{"target":22,"source":13,"value":35934},{"target":23,"source":13,"value":813},{"target":24,"source":13,"value":16916}],"Manitoba":[{"target":1,"source":0,"value":30658},{"target":2,"source":0,"value":1337},{"target":3,"source":0,"value":132659},{"target":4,"source":0,"value":1920},{"target":5,"source":1,"value":5995},{"target":6,"source":1,"value":0},{"target":7,"source":1,"value":24663},{"target":8,"source":2,"value":977},{"target":9,"source":2,"value":0},{"target":10,"source":2,"value":360},{"target":11,"source":3,"value":8703},{"target":12,"source":3,"value":0},{"target":13,"source":3,"value":123956},{"target":14,"source":4,"value":1920},{"target":15,"source":4,"value":0},{"target":16,"source":4,"value":0},{"target":17,"source":7,"value":24125},{"target":18,"source":7,"value":477},{"target":19,"source":7,"value":0},{"target":20,"source":7,"value":61},{"target":21,"source":13,"value":119467},{"target":22,"source":13,"value":4043},{"target":23,"source":13,"value":0},{"target":24,"source":13,"value":446}],"Saskatchewan":[{"target":1,"source":0,"value":13208},{"target":2,"source":0,"value":457},{"target":3,"source":0,"value":36018},{"target":4,"source":0,"value":589},{"target":5,"source":1,"value":4586},{"target":6,"source":1,"value":0},{"target":7,"source":1,"value":8622},{"target":8,"source":2,"value":383},{"target":9,"source":2,"value":0},{"target":10,"source":2,"value":74},{"target":11,"source":3,"value":7293},{"target":12,"source":3,"value":0},{"target":13,"source":3,"value":28725},{"target":14,"source":4,"value":589},{"target":15,"source":4,"value":0},{"target":16,"source":4,"value":0},{"target":17,"source":7,"value":8475},{"target":18,"source":7,"value":44},{"target":19,"source":7,"value":0},{"target":20,"source":7,"value":103},{"target":21,"source":13,"value":27953},{"target":22,"source":13,"value":333},{"target":23,"source":13,"value":0},{"target":24,"source":13,"value":439}],"Alberta":[{"target":1,"source":0,"value":61333},{"target":2,"source":0,"value":32238},{"target":3,"source":0,"value":118695},{"target":4,"source":0,"value":42987},{"target":5,"source":1,"value":42063},{"target":6,"source":1,"value":0},{"target":7,"source":1,"value":19270},{"target":8,"source":2,"value":30879},{"target":9,"source":2,"value":0},{"target":10,"source":2,"value":1359},{"target":11,"source":3,"value":75727},{"target":12,"source":3,"value":0},{"target":13,"source":3,"value":42968},{"target":14,"source":4,"value":42987},{"target":15,"source":4,"value":0},{"target":16,"source":4,"value":0},{"target":17,"source":7,"value":18109},{"target":18,"source":7,"value":1020},{"target":19,"source":7,"value":0},{"target":20,"source":7,"value":141},{"target":21,"source":13,"value":41641},{"target":22,"source":13,"value":704},{"target":23,"source":13,"value":0},{"target":24,"source":13,"value":623}],"British Columbia":[{"target":1,"source":0,"value":463158},{"target":2,"source":0,"value":152919},{"target":3,"source":0,"value":985774},{"target":4,"source":0,"value":99863},{"target":5,"source":1,"value":73402},{"target":6,"source":1,"value":103309},{"target":7,"source":1,"value":286447},{"target":8,"source":2,"value":99025},{"target":9,"source":2,"value":24464},{"target":10,"source":2,"value":29430},{"target":11,"source":3,"value":92847},{"target":12,"source":3,"value":22678},{"target":13,"source":3,"value":870249},{"target":14,"source":4,"value":99283},{"target":15,"source":4,"value":0},{"target":16,"source":4,"value":580},{"target":17,"source":7,"value":252734},{"target":18,"source":7,"value":7197},{"target":19,"source":7,"value":4323},{"target":20,"source":7,"value":22193},{"target":21,"source":13,"value":844003},{"target":22,"source":13,"value":14284},{"target":23,"source":13,"value":1952},{"target":24,"source":13,"value":10010}],"Yukon":[{"target":1,"source":0,"value":36336},{"target":2,"source":0,"value":5867},{"target":3,"source":0,"value":7496},{"target":4,"source":0,"value":113},{"target":5,"source":1,"value":159},{"target":6,"source":1,"value":0},{"target":7,"source":1,"value":36177},{"target":8,"source":2,"value":547},{"target":9,"source":2,"value":0},{"target":10,"source":2,"value":5320},{"target":11,"source":3,"value":56},{"target":12,"source":3,"value":0},{"target":13,"source":3,"value":7440},{"target":14,"source":4,"value":113},{"target":15,"source":4,"value":0},{"target":16,"source":4,"value":0},{"target":17,"source":7,"value":15876},{"target":18,"source":7,"value":10407},{"target":19,"source":7,"value":9731},{"target":20,"source":7,"value":163},{"target":21,"source":13,"value":6055},{"target":22,"source":13,"value":1324},{"target":23,"source":13,"value":10},{"target":24,"source":13,"value":51}],"Nunavut":[{"target":1,"source":0,"value":40},{"target":2,"source":0,"value":73},{"target":3,"source":0,"value":13},{"target":4,"source":0,"value":11},{"target":5,"source":1,"value":40},{"target":6,"source":1,"value":0},{"target":7,"source":1,"value":0},{"target":8,"source":2,"value":73},{"target":9,"source":2,"value":0},{"target":10,"source":2,"value":".."},{"target":11,"source":3,"value":13},{"target":12,"source":3,"value":0},{"target":13,"source":3,"value":0},{"target":14,"source":4,"value":11},{"target":15,"source":4,"value":0},{"target":16,"source":4,"value":".."},{"target":17,"source":7,"value":".."},{"target":18,"source":7,"value":".."},{"target":19,"source":7,"value":".."},{"target":20,"source":7,"value":0},{"target":21,"source":13,"value":".."},{"target":22,"source":13,"value":".."},{"target":23,"source":13,"value":".."},{"target":24,"source":13,"value":0}],"nodes":[{"node":0,"name":"intl"},{"node":1,"name":"USres"},{"node":2,"name":"nonUSres"},{"node":3,"name":"cdnFromUS"},{"node":4,"name":"cdnFromOther"},{"node":5,"name":"USres_air"},{"node":6,"name":"USres_marine"},{"node":7,"name":"USres_land"},{"node":8,"name":"nonUSres_air"},{"node":9,"name":"nonUSres_marine"},{"node":10,"name":"nonUSres_land"},{"node":11,"name":"cdnFromUS_air"},{"node":12,"name":"cdnFromUS_marine"},{"node":13,"name":"cdnFromUS_land"},{"node":14,"name":"cdnFromOther_air"},{"node":15,"name":"cdnFromOther_marine"},{"node":16,"name":"cdnFromOther_land"},{"node":17,"name":"USres_car"},{"node":18,"name":"USres_bus"},{"node":19,"name":"USres_train"},{"node":20,"name":"USres_other"},{"node":21,"name":"cdnFromUS_car"},{"node":22,"name":"cdnFromUS_bus"},{"node":23,"name":"cdnFromUS_train"},{"node":24,"name":"cdnFromUS_other"}]}