{"Canada":[{"target":1,"source":0,"value":1365298},{"target":2,"source":0,"value":267739},{"target":3,"source":0,"value":3967980},{"target":4,"source":0,"value":830162},{"target":5,"source":1,"value":241057},{"target":6,"source":1,"value":5142},{"target":7,"source":1,"value":1119099},{"target":8,"source":2,"value":225534},{"target":9,"source":2,"value":2367},{"target":10,"source":2,"value":39838},{"target":11,"source":3,"value":699550},{"target":12,"source":3,"value":2051},{"target":13,"source":3,"value":3266379},{"target":14,"source":4,"value":829304},{"target":15,"source":4,"value":272},{"target":16,"source":4,"value":586},{"target":17,"source":7,"value":1045902},{"target":18,"source":7,"value":51230},{"target":19,"source":7,"value":4189},{"target":20,"source":7,"value":17778},{"target":21,"source":13,"value":3144289},{"target":22,"source":13,"value":98094},{"target":23,"source":13,"value":3366},{"target":24,"source":13,"value":20630}],"Newfoundland and Labrador":[{"target":1,"source":0,"value":1203},{"target":2,"source":0,"value":1797},{"target":3,"source":0,"value":1211},{"target":4,"source":0,"value":6109},{"target":5,"source":1,"value":1203},{"target":6,"source":1,"value":0},{"target":7,"source":1,"value":0},{"target":8,"source":2,"value":1539},{"target":9,"source":2,"value":258},{"target":10,"source":2,"value":0},{"target":11,"source":3,"value":1208},{"target":12,"source":3,"value":3},{"target":13,"source":3,"value":0},{"target":14,"source":4,"value":5979},{"target":15,"source":4,"value":130},{"target":16,"source":4,"value":0},{"target":17,"source":7,"value":0},{"target":18,"source":7,"value":0},{"target":19,"source":7,"value":0},{"target":20,"source":7,"value":0},{"target":21,"source":13,"value":0},{"target":22,"source":13,"value":0},{"target":23,"source":13,"value":0},{"target":24,"source":13,"value":0}],"Prince Edward Island":[{"target":1,"source":0,"value":17},{"target":2,"source":0,"value":0},{"target":3,"source":0,"value":15},{"target":4,"source":0,"value":287},{"target":5,"source":1,"value":17},{"target":6,"source":1,"value":0},{"target":7,"source":1,"value":0},{"target":8,"source":2,"value":0},{"target":9,"source":2,"value":0},{"target":10,"source":2,"value":0},{"target":11,"source":3,"value":15},{"target":12,"source":3,"value":0},{"target":13,"source":3,"value":0},{"target":14,"source":4,"value":287},{"target":15,"source":4,"value":0},{"target":16,"source":4,"value":0},{"target":17,"source":7,"value":0},{"target":18,"source":7,"value":0},{"target":19,"source":7,"value":0},{"target":20,"source":7,"value":0},{"target":21,"source":13,"value":0},{"target":22,"source":13,"value":0},{"target":23,"source":13,"value":0},{"target":24,"source":13,"value":0}],"Nova Scotia":[{"target":1,"source":0,"value":3556},{"target":2,"source":0,"value":4386},{"target":3,"source":0,"value":15553},{"target":4,"source":0,"value":31088},{"target":5,"source":1,"value":3176},{"target":6,"source":1,"value":380},{"target":7,"source":1,"value":0},{"target":8,"source":2,"value":2673},{"target":9,"source":2,"value":1713},{"target":10,"source":2,"value":0},{"target":11,"source":3,"value":15421},{"target":12,"source":3,"value":132},{"target":13,"source":3,"value":0},{"target":14,"source":4,"value":31088},{"target":15,"source":4,"value":0},{"target":16,"source":4,"value":0},{"target":17,"source":7,"value":0},{"target":18,"source":7,"value":0},{"target":19,"source":7,"value":0},{"target":20,"source":7,"value":0},{"target":21,"source":13,"value":0},{"target":22,"source":13,"value":0},{"target":23,"source":13,"value":0},{"target":24,"source":13,"value":0}],"New Brunswick":[{"target":1,"source":0,"value":68332},{"target":2,"source":0,"value":150},{"target":3,"source":0,"value":293235},{"target":4,"source":0,"value":9110},{"target":5,"source":1,"value":250},{"target":6,"source":1,"value":2},{"target":7,"source":1,"value":68080},{"target":8,"source":2,"value":33},{"target":9,"source":2,"value":6},{"target":10,"source":2,"value":111},{"target":11,"source":3,"value":1200},{"target":12,"source":3,"value":12},{"target":13,"source":3,"value":292023},{"target":14,"source":4,"value":9105},{"target":15,"source":4,"value":0},{"target":16,"source":4,"value":5},{"target":17,"source":7,"value":66926},{"target":18,"source":7,"value":615},{"target":19,"source":7,"value":0},{"target":20,"source":7,"value":539},{"target":21,"source":13,"value":288278},{"target":22,"source":13,"value":2329},{"target":23,"source":13,"value":0},{"target":24,"source":13,"value":1416}],"Quebec":[{"target":1,"source":0,"value":143613},{"target":2,"source":0,"value":49484},{"target":3,"source":0,"value":412678},{"target":4,"source":0,"value":200422},{"target":5,"source":1,"value":38612},{"target":6,"source":1,"value":16},{"target":7,"source":1,"value":104985},{"target":8,"source":2,"value":45112},{"target":9,"source":2,"value":31},{"target":10,"source":2,"value":4341},{"target":11,"source":3,"value":99757},{"target":12,"source":3,"value":0},{"target":13,"source":3,"value":312921},{"target":14,"source":4,"value":200421},{"target":15,"source":4,"value":1},{"target":16,"source":4,"value":0},{"target":17,"source":7,"value":94432},{"target":18,"source":7,"value":9271},{"target":19,"source":7,"value":1048},{"target":20,"source":7,"value":234},{"target":21,"source":13,"value":277014},{"target":22,"source":13,"value":32327},{"target":23,"source":13,"value":1287},{"target":24,"source":13,"value":2293}],"Ontario":[{"target":1,"source":0,"value":795457},{"target":2,"source":0,"value":109650},{"target":3,"source":0,"value":1941202},{"target":4,"source":0,"value":360487},{"target":5,"source":1,"value":119282},{"target":6,"source":1,"value":581},{"target":7,"source":1,"value":675594},{"target":8,"source":2,"value":102460},{"target":9,"source":2,"value":9},{"target":10,"source":2,"value":7181},{"target":11,"source":3,"value":296046},{"target":12,"source":3,"value":317},{"target":13,"source":3,"value":1644839},{"target":14,"source":4,"value":360487},{"target":15,"source":4,"value":0},{"target":16,"source":4,"value":0},{"target":17,"source":7,"value":632763},{"target":18,"source":7,"value":35420},{"target":19,"source":7,"value":606},{"target":20,"source":7,"value":6805},{"target":21,"source":13,"value":1594697},{"target":22,"source":13,"value":39674},{"target":23,"source":13,"value":683},{"target":24,"source":13,"value":9785}],"Manitoba":[{"target":1,"source":0,"value":17802},{"target":2,"source":0,"value":577},{"target":3,"source":0,"value":137234},{"target":4,"source":0,"value":9564},{"target":5,"source":1,"value":3436},{"target":6,"source":1,"value":0},{"target":7,"source":1,"value":14366},{"target":8,"source":2,"value":482},{"target":9,"source":2,"value":0},{"target":10,"source":2,"value":95},{"target":11,"source":3,"value":17436},{"target":12,"source":3,"value":0},{"target":13,"source":3,"value":119798},{"target":14,"source":4,"value":9564},{"target":15,"source":4,"value":0},{"target":16,"source":4,"value":0},{"target":17,"source":7,"value":14101},{"target":18,"source":7,"value":246},{"target":19,"source":7,"value":0},{"target":20,"source":7,"value":19},{"target":21,"source":13,"value":115765},{"target":22,"source":13,"value":3769},{"target":23,"source":13,"value":0},{"target":24,"source":13,"value":264}],"Saskatchewan":[{"target":1,"source":0,"value":7334},{"target":2,"source":0,"value":160},{"target":3,"source":0,"value":46581},{"target":4,"source":0,"value":5501},{"target":5,"source":1,"value":2111},{"target":6,"source":1,"value":0},{"target":7,"source":1,"value":5223},{"target":8,"source":2,"value":141},{"target":9,"source":2,"value":0},{"target":10,"source":2,"value":19},{"target":11,"source":3,"value":10362},{"target":12,"source":3,"value":0},{"target":13,"source":3,"value":36219},{"target":14,"source":4,"value":5501},{"target":15,"source":4,"value":0},{"target":16,"source":4,"value":0},{"target":17,"source":7,"value":5161},{"target":18,"source":7,"value":11},{"target":19,"source":7,"value":0},{"target":20,"source":7,"value":51},{"target":21,"source":13,"value":34871},{"target":22,"source":13,"value":1132},{"target":23,"source":13,"value":0},{"target":24,"source":13,"value":216}],"Alberta":[{"target":1,"source":0,"value":32631},{"target":2,"source":0,"value":16567},{"target":3,"source":0,"value":193923},{"target":4,"source":0,"value":85092},{"target":5,"source":1,"value":25198},{"target":6,"source":1,"value":0},{"target":7,"source":1,"value":7433},{"target":8,"source":2,"value":16513},{"target":9,"source":2,"value":0},{"target":10,"source":2,"value":54},{"target":11,"source":3,"value":126723},{"target":12,"source":3,"value":0},{"target":13,"source":3,"value":67200},{"target":14,"source":4,"value":85092},{"target":15,"source":4,"value":0},{"target":16,"source":4,"value":0},{"target":17,"source":7,"value":7273},{"target":18,"source":7,"value":150},{"target":19,"source":7,"value":0},{"target":20,"source":7,"value":10},{"target":21,"source":13,"value":65907},{"target":22,"source":13,"value":1216},{"target":23,"source":13,"value":0},{"target":24,"source":13,"value":77}],"British Columbia":[{"target":1,"source":0,"value":290784},{"target":2,"source":0,"value":84736},{"target":3,"source":0,"value":922129},{"target":4,"source":0,"value":122457},{"target":5,"source":1,"value":47668},{"target":6,"source":1,"value":4163},{"target":7,"source":1,"value":238953},{"target":8,"source":2,"value":56531},{"target":9,"source":2,"value":350},{"target":10,"source":2,"value":27855},{"target":11,"source":3,"value":131263},{"target":12,"source":3,"value":1587},{"target":13,"source":3,"value":789279},{"target":14,"source":4,"value":121735},{"target":15,"source":4,"value":141},{"target":16,"source":4,"value":581},{"target":17,"source":7,"value":220829},{"target":18,"source":7,"value":5478},{"target":19,"source":7,"value":2535},{"target":20,"source":7,"value":10111},{"target":21,"source":13,"value":763690},{"target":22,"source":13,"value":17629},{"target":23,"source":13,"value":1396},{"target":24,"source":13,"value":6564}],"Yukon":[{"target":1,"source":0,"value":4529},{"target":2,"source":0,"value":182},{"target":3,"source":0,"value":4207},{"target":4,"source":0,"value":0},{"target":5,"source":1,"value":64},{"target":6,"source":1,"value":0},{"target":7,"source":1,"value":4465},{"target":8,"source":2,"value":0},{"target":9,"source":2,"value":0},{"target":10,"source":2,"value":182},{"target":11,"source":3,"value":107},{"target":12,"source":3,"value":0},{"target":13,"source":3,"value":4100},{"target":14,"source":4,"value":0},{"target":15,"source":4,"value":0},{"target":16,"source":4,"value":0},{"target":17,"source":7,"value":4417},{"target":18,"source":7,"value":39},{"target":19,"source":7,"value":0},{"target":20,"source":7,"value":9},{"target":21,"source":13,"value":4067},{"target":22,"source":13,"value":18},{"target":23,"source":13,"value":0},{"target":24,"source":13,"value":15}],"Nunavut":[{"target":1,"source":0,"value":40},{"target":2,"source":0,"value":50},{"target":3,"source":0,"value":12},{"target":4,"source":0,"value":45},{"target":5,"source":1,"value":40},{"target":6,"source":1,"value":0},{"target":7,"source":1,"value":0},{"target":8,"source":2,"value":50},{"target":9,"source":2,"value":0},{"target":10,"source":2,"value":".."},{"target":11,"source":3,"value":12},{"target":12,"source":3,"value":0},{"target":13,"source":3,"value":0},{"target":14,"source":4,"value":45},{"target":15,"source":4,"value":0},{"target":16,"source":4,"value":".."},{"target":17,"source":7,"value":".."},{"target":18,"source":7,"value":".."},{"target":19,"source":7,"value":".."},{"target":20,"source":7,"value":0},{"target":21,"source":13,"value":".."},{"target":22,"source":13,"value":".."},{"target":23,"source":13,"value":".."},{"target":24,"source":13,"value":0}],"nodes":[{"node":0,"name":"intl"},{"node":1,"name":"USres"},{"node":2,"name":"nonUSres"},{"node":3,"name":"cdnFromUS"},{"node":4,"name":"cdnFromOther"},{"node":5,"name":"USres_air"},{"node":6,"name":"USres_marine"},{"node":7,"name":"USres_land"},{"node":8,"name":"nonUSres_air"},{"node":9,"name":"nonUSres_marine"},{"node":10,"name":"nonUSres_land"},{"node":11,"name":"cdnFromUS_air"},{"node":12,"name":"cdnFromUS_marine"},{"node":13,"name":"cdnFromUS_land"},{"node":14,"name":"cdnFromOther_air"},{"node":15,"name":"cdnFromOther_marine"},{"node":16,"name":"cdnFromOther_land"},{"node":17,"name":"USres_car"},{"node":18,"name":"USres_bus"},{"node":19,"name":"USres_train"},{"node":20,"name":"USres_other"},{"node":21,"name":"cdnFromUS_car"},{"node":22,"name":"cdnFromUS_bus"},{"node":23,"name":"cdnFromUS_train"},{"node":24,"name":"cdnFromUS_other"}]}