{"Canada":[{"target":1,"source":0,"value":2357460},{"target":2,"source":0,"value":535815},{"target":3,"source":0,"value":3523454},{"target":4,"source":0,"value":533492},{"target":5,"source":1,"value":438906},{"target":6,"source":1,"value":165172},{"target":7,"source":1,"value":1753382},{"target":8,"source":2,"value":442904},{"target":9,"source":2,"value":25056},{"target":10,"source":2,"value":67855},{"target":11,"source":3,"value":444340},{"target":12,"source":3,"value":18391},{"target":13,"source":3,"value":3060723},{"target":14,"source":4,"value":532219},{"target":15,"source":4,"value":932},{"target":16,"source":4,"value":341},{"target":17,"source":7,"value":1591496},{"target":18,"source":7,"value":94475},{"target":19,"source":7,"value":25661},{"target":20,"source":7,"value":41750},{"target":21,"source":13,"value":2932279},{"target":22,"source":13,"value":79235},{"target":23,"source":13,"value":3111},{"target":24,"source":13,"value":46098}],"Newfoundland and Labrador":[{"target":1,"source":0,"value":3228},{"target":2,"source":0,"value":2645},{"target":3,"source":0,"value":736},{"target":4,"source":0,"value":2535},{"target":5,"source":1,"value":3173},{"target":6,"source":1,"value":55},{"target":7,"source":1,"value":0},{"target":8,"source":2,"value":2219},{"target":9,"source":2,"value":426},{"target":10,"source":2,"value":0},{"target":11,"source":3,"value":734},{"target":12,"source":3,"value":2},{"target":13,"source":3,"value":0},{"target":14,"source":4,"value":1613},{"target":15,"source":4,"value":922},{"target":16,"source":4,"value":0},{"target":17,"source":7,"value":0},{"target":18,"source":7,"value":0},{"target":19,"source":7,"value":0},{"target":20,"source":7,"value":0},{"target":21,"source":13,"value":0},{"target":22,"source":13,"value":0},{"target":23,"source":13,"value":0},{"target":24,"source":13,"value":0}],"Prince Edward Island":[{"target":1,"source":0,"value":269},{"target":2,"source":0,"value":57},{"target":3,"source":0,"value":59},{"target":4,"source":0,"value":0},{"target":5,"source":1,"value":262},{"target":6,"source":1,"value":7},{"target":7,"source":1,"value":0},{"target":8,"source":2,"value":57},{"target":9,"source":2,"value":0},{"target":10,"source":2,"value":0},{"target":11,"source":3,"value":59},{"target":12,"source":3,"value":0},{"target":13,"source":3,"value":0},{"target":14,"source":4,"value":0},{"target":15,"source":4,"value":0},{"target":16,"source":4,"value":0},{"target":17,"source":7,"value":0},{"target":18,"source":7,"value":0},{"target":19,"source":7,"value":0},{"target":20,"source":7,"value":0},{"target":21,"source":13,"value":0},{"target":22,"source":13,"value":0},{"target":23,"source":13,"value":0},{"target":24,"source":13,"value":0}],"Nova Scotia":[{"target":1,"source":0,"value":15491},{"target":2,"source":0,"value":7008},{"target":3,"source":0,"value":6050},{"target":4,"source":0,"value":4772},{"target":5,"source":1,"value":9584},{"target":6,"source":1,"value":5907},{"target":7,"source":1,"value":0},{"target":8,"source":2,"value":6420},{"target":9,"source":2,"value":588},{"target":10,"source":2,"value":0},{"target":11,"source":3,"value":5557},{"target":12,"source":3,"value":493},{"target":13,"source":3,"value":0},{"target":14,"source":4,"value":4762},{"target":15,"source":4,"value":10},{"target":16,"source":4,"value":0},{"target":17,"source":7,"value":0},{"target":18,"source":7,"value":0},{"target":19,"source":7,"value":0},{"target":20,"source":7,"value":0},{"target":21,"source":13,"value":0},{"target":22,"source":13,"value":0},{"target":23,"source":13,"value":0},{"target":24,"source":13,"value":0}],"New Brunswick":[{"target":1,"source":0,"value":118193},{"target":2,"source":0,"value":1525},{"target":3,"source":0,"value":290351},{"target":4,"source":0,"value":77},{"target":5,"source":1,"value":667},{"target":6,"source":1,"value":18178},{"target":7,"source":1,"value":99348},{"target":8,"source":2,"value":73},{"target":9,"source":2,"value":963},{"target":10,"source":2,"value":489},{"target":11,"source":3,"value":597},{"target":12,"source":3,"value":596},{"target":13,"source":3,"value":289158},{"target":14,"source":4,"value":77},{"target":15,"source":4,"value":0},{"target":16,"source":4,"value":0},{"target":17,"source":7,"value":96937},{"target":18,"source":7,"value":1095},{"target":19,"source":7,"value":0},{"target":20,"source":7,"value":1316},{"target":21,"source":13,"value":284777},{"target":22,"source":13,"value":1674},{"target":23,"source":13,"value":0},{"target":24,"source":13,"value":2707}],"Quebec":[{"target":1,"source":0,"value":219119},{"target":2,"source":0,"value":95185},{"target":3,"source":0,"value":407567},{"target":4,"source":0,"value":130732},{"target":5,"source":1,"value":73265},{"target":6,"source":1,"value":309},{"target":7,"source":1,"value":145545},{"target":8,"source":2,"value":86461},{"target":9,"source":2,"value":54},{"target":10,"source":2,"value":8670},{"target":11,"source":3,"value":57651},{"target":12,"source":3,"value":1246},{"target":13,"source":3,"value":348670},{"target":14,"source":4,"value":130732},{"target":15,"source":4,"value":0},{"target":16,"source":4,"value":0},{"target":17,"source":7,"value":130890},{"target":18,"source":7,"value":11654},{"target":19,"source":7,"value":2000},{"target":20,"source":7,"value":1001},{"target":21,"source":13,"value":314992},{"target":22,"source":13,"value":21471},{"target":23,"source":13,"value":941},{"target":24,"source":13,"value":11266}],"Ontario":[{"target":1,"source":0,"value":1251323},{"target":2,"source":0,"value":206499},{"target":3,"source":0,"value":1688933},{"target":4,"source":0,"value":266925},{"target":5,"source":1,"value":177663},{"target":6,"source":1,"value":13473},{"target":7,"source":1,"value":1060187},{"target":8,"source":2,"value":193599},{"target":9,"source":2,"value":70},{"target":10,"source":2,"value":12830},{"target":11,"source":3,"value":217745},{"target":12,"source":3,"value":3854},{"target":13,"source":3,"value":1467334},{"target":14,"source":4,"value":266925},{"target":15,"source":4,"value":0},{"target":16,"source":4,"value":0},{"target":17,"source":7,"value":994205},{"target":18,"source":7,"value":47713},{"target":19,"source":7,"value":1000},{"target":20,"source":7,"value":17269},{"target":21,"source":13,"value":1408819},{"target":22,"source":13,"value":37533},{"target":23,"source":13,"value":926},{"target":24,"source":13,"value":20056}],"Manitoba":[{"target":1,"source":0,"value":45729},{"target":2,"source":0,"value":1497},{"target":3,"source":0,"value":104243},{"target":4,"source":0,"value":1544},{"target":5,"source":1,"value":9876},{"target":6,"source":1,"value":0},{"target":7,"source":1,"value":35853},{"target":8,"source":2,"value":1125},{"target":9,"source":2,"value":0},{"target":10,"source":2,"value":372},{"target":11,"source":3,"value":7398},{"target":12,"source":3,"value":0},{"target":13,"source":3,"value":96845},{"target":14,"source":4,"value":1544},{"target":15,"source":4,"value":0},{"target":16,"source":4,"value":0},{"target":17,"source":7,"value":35502},{"target":18,"source":7,"value":261},{"target":19,"source":7,"value":0},{"target":20,"source":7,"value":90},{"target":21,"source":13,"value":93075},{"target":22,"source":13,"value":2907},{"target":23,"source":13,"value":0},{"target":24,"source":13,"value":863}],"Saskatchewan":[{"target":1,"source":0,"value":16886},{"target":2,"source":0,"value":423},{"target":3,"source":0,"value":32198},{"target":4,"source":0,"value":553},{"target":5,"source":1,"value":4698},{"target":6,"source":1,"value":0},{"target":7,"source":1,"value":12188},{"target":8,"source":2,"value":347},{"target":9,"source":2,"value":0},{"target":10,"source":2,"value":76},{"target":11,"source":3,"value":5023},{"target":12,"source":3,"value":0},{"target":13,"source":3,"value":27175},{"target":14,"source":4,"value":553},{"target":15,"source":4,"value":0},{"target":16,"source":4,"value":0},{"target":17,"source":7,"value":11942},{"target":18,"source":7,"value":118},{"target":19,"source":7,"value":0},{"target":20,"source":7,"value":128},{"target":21,"source":13,"value":25942},{"target":22,"source":13,"value":472},{"target":23,"source":13,"value":0},{"target":24,"source":13,"value":761}],"Alberta":[{"target":1,"source":0,"value":83275},{"target":2,"source":0,"value":37710},{"target":3,"source":0,"value":107685},{"target":4,"source":0,"value":42487},{"target":5,"source":1,"value":52945},{"target":6,"source":1,"value":0},{"target":7,"source":1,"value":30330},{"target":8,"source":2,"value":36490},{"target":9,"source":2,"value":0},{"target":10,"source":2,"value":1220},{"target":11,"source":3,"value":69855},{"target":12,"source":3,"value":0},{"target":13,"source":3,"value":37830},{"target":14,"source":4,"value":42487},{"target":15,"source":4,"value":0},{"target":16,"source":4,"value":0},{"target":17,"source":7,"value":28567},{"target":18,"source":7,"value":1509},{"target":19,"source":7,"value":0},{"target":20,"source":7,"value":254},{"target":21,"source":13,"value":36887},{"target":22,"source":13,"value":318},{"target":23,"source":13,"value":0},{"target":24,"source":13,"value":625}],"British Columbia":[{"target":1,"source":0,"value":540677},{"target":2,"source":0,"value":174885},{"target":3,"source":0,"value":873649},{"target":4,"source":0,"value":83718},{"target":5,"source":1,"value":106512},{"target":6,"source":1,"value":125746},{"target":7,"source":1,"value":308419},{"target":8,"source":2,"value":115100},{"target":9,"source":2,"value":22635},{"target":10,"source":2,"value":37150},{"target":11,"source":3,"value":79586},{"target":12,"source":3,"value":11949},{"target":13,"source":3,"value":782114},{"target":14,"source":4,"value":83377},{"target":15,"source":4,"value":0},{"target":16,"source":4,"value":341},{"target":17,"source":7,"value":273543},{"target":18,"source":7,"value":10239},{"target":19,"source":7,"value":3659},{"target":20,"source":7,"value":20978},{"target":21,"source":13,"value":758715},{"target":22,"source":13,"value":12515},{"target":23,"source":13,"value":1244},{"target":24,"source":13,"value":9640}],"Yukon":[{"target":1,"source":0,"value":63173},{"target":2,"source":0,"value":8340},{"target":3,"source":0,"value":11931},{"target":4,"source":0,"value":106},{"target":5,"source":1,"value":164},{"target":6,"source":1,"value":1497},{"target":7,"source":1,"value":61512},{"target":8,"source":2,"value":972},{"target":9,"source":2,"value":320},{"target":10,"source":2,"value":7048},{"target":11,"source":3,"value":83},{"target":12,"source":3,"value":251},{"target":13,"source":3,"value":11597},{"target":14,"source":4,"value":106},{"target":15,"source":4,"value":0},{"target":16,"source":4,"value":0},{"target":17,"source":7,"value":19910},{"target":18,"source":7,"value":21886},{"target":19,"source":7,"value":19002},{"target":20,"source":7,"value":714},{"target":21,"source":13,"value":9072},{"target":22,"source":13,"value":2345},{"target":23,"source":13,"value":0},{"target":24,"source":13,"value":180}],"Nunavut":[{"target":1,"source":0,"value":97},{"target":2,"source":0,"value":41},{"target":3,"source":0,"value":52},{"target":4,"source":0,"value":43},{"target":5,"source":1,"value":97},{"target":6,"source":1,"value":0},{"target":7,"source":1,"value":0},{"target":8,"source":2,"value":41},{"target":9,"source":2,"value":0},{"target":10,"source":2,"value":".."},{"target":11,"source":3,"value":52},{"target":12,"source":3,"value":0},{"target":13,"source":3,"value":0},{"target":14,"source":4,"value":43},{"target":15,"source":4,"value":0},{"target":16,"source":4,"value":".."},{"target":17,"source":7,"value":".."},{"target":18,"source":7,"value":".."},{"target":19,"source":7,"value":".."},{"target":20,"source":7,"value":0},{"target":21,"source":13,"value":".."},{"target":22,"source":13,"value":".."},{"target":23,"source":13,"value":".."},{"target":24,"source":13,"value":0}],"nodes":[{"node":0,"name":"intl"},{"node":1,"name":"USres"},{"node":2,"name":"nonUSres"},{"node":3,"name":"cdnFromUS"},{"node":4,"name":"cdnFromOther"},{"node":5,"name":"USres_air"},{"node":6,"name":"USres_marine"},{"node":7,"name":"USres_land"},{"node":8,"name":"nonUSres_air"},{"node":9,"name":"nonUSres_marine"},{"node":10,"name":"nonUSres_land"},{"node":11,"name":"cdnFromUS_air"},{"node":12,"name":"cdnFromUS_marine"},{"node":13,"name":"cdnFromUS_land"},{"node":14,"name":"cdnFromOther_air"},{"node":15,"name":"cdnFromOther_marine"},{"node":16,"name":"cdnFromOther_land"},{"node":17,"name":"USres_car"},{"node":18,"name":"USres_bus"},{"node":19,"name":"USres_train"},{"node":20,"name":"USres_other"},{"node":21,"name":"cdnFromUS_car"},{"node":22,"name":"cdnFromUS_bus"},{"node":23,"name":"cdnFromUS_train"},{"node":24,"name":"cdnFromUS_other"}]}