{"Canada":[{"target":1,"source":0,"value":1214303},{"target":2,"source":0,"value":183194},{"target":3,"source":0,"value":3811008},{"target":4,"source":0,"value":574110},{"target":5,"source":1,"value":240883},{"target":6,"source":1,"value":511},{"target":7,"source":1,"value":972909},{"target":8,"source":2,"value":159163},{"target":9,"source":2,"value":252},{"target":10,"source":2,"value":23779},{"target":11,"source":3,"value":588956},{"target":12,"source":3,"value":406},{"target":13,"source":3,"value":3221646},{"target":14,"source":4,"value":573509},{"target":15,"source":4,"value":43},{"target":16,"source":4,"value":558},{"target":17,"source":7,"value":916536},{"target":18,"source":7,"value":39443},{"target":19,"source":7,"value":3433},{"target":20,"source":7,"value":13497},{"target":21,"source":13,"value":3113319},{"target":22,"source":13,"value":89958},{"target":23,"source":13,"value":2826},{"target":24,"source":13,"value":15543}],"Newfoundland and Labrador":[{"target":1,"source":0,"value":2265},{"target":2,"source":0,"value":1660},{"target":3,"source":0,"value":1137},{"target":4,"source":0,"value":210},{"target":5,"source":1,"value":2265},{"target":6,"source":1,"value":0},{"target":7,"source":1,"value":0},{"target":8,"source":2,"value":1470},{"target":9,"source":2,"value":190},{"target":10,"source":2,"value":0},{"target":11,"source":3,"value":1137},{"target":12,"source":3,"value":0},{"target":13,"source":3,"value":0},{"target":14,"source":4,"value":167},{"target":15,"source":4,"value":43},{"target":16,"source":4,"value":0},{"target":17,"source":7,"value":0},{"target":18,"source":7,"value":0},{"target":19,"source":7,"value":0},{"target":20,"source":7,"value":0},{"target":21,"source":13,"value":0},{"target":22,"source":13,"value":0},{"target":23,"source":13,"value":0},{"target":24,"source":13,"value":0}],"Prince Edward Island":[{"target":1,"source":0,"value":14},{"target":2,"source":0,"value":1},{"target":3,"source":0,"value":15},{"target":4,"source":0,"value":0},{"target":5,"source":1,"value":14},{"target":6,"source":1,"value":0},{"target":7,"source":1,"value":0},{"target":8,"source":2,"value":1},{"target":9,"source":2,"value":0},{"target":10,"source":2,"value":0},{"target":11,"source":3,"value":15},{"target":12,"source":3,"value":0},{"target":13,"source":3,"value":0},{"target":14,"source":4,"value":0},{"target":15,"source":4,"value":0},{"target":16,"source":4,"value":0},{"target":17,"source":7,"value":0},{"target":18,"source":7,"value":0},{"target":19,"source":7,"value":0},{"target":20,"source":7,"value":0},{"target":21,"source":13,"value":0},{"target":22,"source":13,"value":0},{"target":23,"source":13,"value":0},{"target":24,"source":13,"value":0}],"Nova Scotia":[{"target":1,"source":0,"value":3023},{"target":2,"source":0,"value":1556},{"target":3,"source":0,"value":8317},{"target":4,"source":0,"value":2858},{"target":5,"source":1,"value":3023},{"target":6,"source":1,"value":0},{"target":7,"source":1,"value":0},{"target":8,"source":2,"value":1546},{"target":9,"source":2,"value":10},{"target":10,"source":2,"value":0},{"target":11,"source":3,"value":8317},{"target":12,"source":3,"value":0},{"target":13,"source":3,"value":0},{"target":14,"source":4,"value":2858},{"target":15,"source":4,"value":0},{"target":16,"source":4,"value":0},{"target":17,"source":7,"value":0},{"target":18,"source":7,"value":0},{"target":19,"source":7,"value":0},{"target":20,"source":7,"value":0},{"target":21,"source":13,"value":0},{"target":22,"source":13,"value":0},{"target":23,"source":13,"value":0},{"target":24,"source":13,"value":0}],"New Brunswick":[{"target":1,"source":0,"value":59862},{"target":2,"source":0,"value":132},{"target":3,"source":0,"value":295601},{"target":4,"source":0,"value":102},{"target":5,"source":1,"value":289},{"target":6,"source":1,"value":3},{"target":7,"source":1,"value":59570},{"target":8,"source":2,"value":33},{"target":9,"source":2,"value":1},{"target":10,"source":2,"value":98},{"target":11,"source":3,"value":905},{"target":12,"source":3,"value":21},{"target":13,"source":3,"value":294675},{"target":14,"source":4,"value":102},{"target":15,"source":4,"value":0},{"target":16,"source":4,"value":0},{"target":17,"source":7,"value":58671},{"target":18,"source":7,"value":465},{"target":19,"source":7,"value":0},{"target":20,"source":7,"value":434},{"target":21,"source":13,"value":288036},{"target":22,"source":13,"value":5741},{"target":23,"source":13,"value":0},{"target":24,"source":13,"value":898}],"Quebec":[{"target":1,"source":0,"value":130007},{"target":2,"source":0,"value":35675},{"target":3,"source":0,"value":310889},{"target":4,"source":0,"value":121893},{"target":5,"source":1,"value":39432},{"target":6,"source":1,"value":6},{"target":7,"source":1,"value":90569},{"target":8,"source":2,"value":32094},{"target":9,"source":2,"value":31},{"target":10,"source":2,"value":3550},{"target":11,"source":3,"value":77153},{"target":12,"source":3,"value":0},{"target":13,"source":3,"value":233736},{"target":14,"source":4,"value":121893},{"target":15,"source":4,"value":0},{"target":16,"source":4,"value":0},{"target":17,"source":7,"value":82963},{"target":18,"source":7,"value":6518},{"target":19,"source":7,"value":938},{"target":20,"source":7,"value":150},{"target":21,"source":13,"value":218557},{"target":22,"source":13,"value":13895},{"target":23,"source":13,"value":738},{"target":24,"source":13,"value":546}],"Ontario":[{"target":1,"source":0,"value":729169},{"target":2,"source":0,"value":80284},{"target":3,"source":0,"value":2005944},{"target":4,"source":0,"value":284545},{"target":5,"source":1,"value":118487},{"target":6,"source":1,"value":351},{"target":7,"source":1,"value":610331},{"target":8,"source":2,"value":75172},{"target":9,"source":2,"value":1},{"target":10,"source":2,"value":5111},{"target":11,"source":3,"value":266178},{"target":12,"source":3,"value":196},{"target":13,"source":3,"value":1739570},{"target":14,"source":4,"value":284545},{"target":15,"source":4,"value":0},{"target":16,"source":4,"value":0},{"target":17,"source":7,"value":576104},{"target":18,"source":7,"value":28278},{"target":19,"source":7,"value":501},{"target":20,"source":7,"value":5448},{"target":21,"source":13,"value":1681689},{"target":22,"source":13,"value":49656},{"target":23,"source":13,"value":579},{"target":24,"source":13,"value":7646}],"Manitoba":[{"target":1,"source":0,"value":17993},{"target":2,"source":0,"value":665},{"target":3,"source":0,"value":119982},{"target":4,"source":0,"value":4016},{"target":5,"source":1,"value":4210},{"target":6,"source":1,"value":0},{"target":7,"source":1,"value":13783},{"target":8,"source":2,"value":437},{"target":9,"source":2,"value":0},{"target":10,"source":2,"value":228},{"target":11,"source":3,"value":12453},{"target":12,"source":3,"value":0},{"target":13,"source":3,"value":107529},{"target":14,"source":4,"value":4016},{"target":15,"source":4,"value":0},{"target":16,"source":4,"value":0},{"target":17,"source":7,"value":13544},{"target":18,"source":7,"value":230},{"target":19,"source":7,"value":0},{"target":20,"source":7,"value":9},{"target":21,"source":13,"value":102082},{"target":22,"source":13,"value":5412},{"target":23,"source":13,"value":0},{"target":24,"source":13,"value":35}],"Saskatchewan":[{"target":1,"source":0,"value":8963},{"target":2,"source":0,"value":218},{"target":3,"source":0,"value":39917},{"target":4,"source":0,"value":3433},{"target":5,"source":1,"value":3946},{"target":6,"source":1,"value":0},{"target":7,"source":1,"value":5017},{"target":8,"source":2,"value":202},{"target":9,"source":2,"value":0},{"target":10,"source":2,"value":16},{"target":11,"source":3,"value":10073},{"target":12,"source":3,"value":0},{"target":13,"source":3,"value":29844},{"target":14,"source":4,"value":3433},{"target":15,"source":4,"value":0},{"target":16,"source":4,"value":0},{"target":17,"source":7,"value":4935},{"target":18,"source":7,"value":11},{"target":19,"source":7,"value":0},{"target":20,"source":7,"value":71},{"target":21,"source":13,"value":27917},{"target":22,"source":13,"value":1796},{"target":23,"source":13,"value":0},{"target":24,"source":13,"value":131}],"Alberta":[{"target":1,"source":0,"value":33160},{"target":2,"source":0,"value":8494},{"target":3,"source":0,"value":138876},{"target":4,"source":0,"value":56480},{"target":5,"source":1,"value":27308},{"target":6,"source":1,"value":0},{"target":7,"source":1,"value":5852},{"target":8,"source":2,"value":8451},{"target":9,"source":2,"value":0},{"target":10,"source":2,"value":43},{"target":11,"source":3,"value":102815},{"target":12,"source":3,"value":0},{"target":13,"source":3,"value":36061},{"target":14,"source":4,"value":56480},{"target":15,"source":4,"value":0},{"target":16,"source":4,"value":0},{"target":17,"source":7,"value":5775},{"target":18,"source":7,"value":67},{"target":19,"source":7,"value":0},{"target":20,"source":7,"value":10},{"target":21,"source":13,"value":35198},{"target":22,"source":13,"value":818},{"target":23,"source":13,"value":0},{"target":24,"source":13,"value":45}],"British Columbia":[{"target":1,"source":0,"value":227411},{"target":2,"source":0,"value":54422},{"target":3,"source":0,"value":889203},{"target":4,"source":0,"value":100540},{"target":5,"source":1,"value":41863},{"target":6,"source":1,"value":151},{"target":7,"source":1,"value":185397},{"target":8,"source":2,"value":39723},{"target":9,"source":2,"value":19},{"target":10,"source":2,"value":14680},{"target":11,"source":3,"value":109872},{"target":12,"source":3,"value":189},{"target":13,"source":3,"value":779142},{"target":14,"source":4,"value":99982},{"target":15,"source":4,"value":0},{"target":16,"source":4,"value":558},{"target":17,"source":7,"value":172160},{"target":18,"source":7,"value":3868},{"target":19,"source":7,"value":1994},{"target":20,"source":7,"value":7375},{"target":21,"source":13,"value":758811},{"target":22,"source":13,"value":12580},{"target":23,"source":13,"value":1509},{"target":24,"source":13,"value":6242}],"Yukon":[{"target":1,"source":0,"value":2420},{"target":2,"source":0,"value":57},{"target":3,"source":0,"value":1102},{"target":4,"source":0,"value":0},{"target":5,"source":1,"value":30},{"target":6,"source":1,"value":0},{"target":7,"source":1,"value":2390},{"target":8,"source":2,"value":4},{"target":9,"source":2,"value":0},{"target":10,"source":2,"value":53},{"target":11,"source":3,"value":13},{"target":12,"source":3,"value":0},{"target":13,"source":3,"value":1089},{"target":14,"source":4,"value":0},{"target":15,"source":4,"value":0},{"target":16,"source":4,"value":0},{"target":17,"source":7,"value":2384},{"target":18,"source":7,"value":6},{"target":19,"source":7,"value":0},{"target":20,"source":7,"value":0},{"target":21,"source":13,"value":1029},{"target":22,"source":13,"value":60},{"target":23,"source":13,"value":0},{"target":24,"source":13,"value":0}],"Nunavut":[{"target":1,"source":0,"value":16},{"target":2,"source":0,"value":30},{"target":3,"source":0,"value":25},{"target":4,"source":0,"value":33},{"target":5,"source":1,"value":16},{"target":6,"source":1,"value":0},{"target":7,"source":1,"value":0},{"target":8,"source":2,"value":30},{"target":9,"source":2,"value":0},{"target":10,"source":2,"value":".."},{"target":11,"source":3,"value":25},{"target":12,"source":3,"value":0},{"target":13,"source":3,"value":0},{"target":14,"source":4,"value":33},{"target":15,"source":4,"value":0},{"target":16,"source":4,"value":".."},{"target":17,"source":7,"value":".."},{"target":18,"source":7,"value":".."},{"target":19,"source":7,"value":".."},{"target":20,"source":7,"value":0},{"target":21,"source":13,"value":".."},{"target":22,"source":13,"value":".."},{"target":23,"source":13,"value":".."},{"target":24,"source":13,"value":0}],"nodes":[{"node":0,"name":"intl"},{"node":1,"name":"USres"},{"node":2,"name":"nonUSres"},{"node":3,"name":"cdnFromUS"},{"node":4,"name":"cdnFromOther"},{"node":5,"name":"USres_air"},{"node":6,"name":"USres_marine"},{"node":7,"name":"USres_land"},{"node":8,"name":"nonUSres_air"},{"node":9,"name":"nonUSres_marine"},{"node":10,"name":"nonUSres_land"},{"node":11,"name":"cdnFromUS_air"},{"node":12,"name":"cdnFromUS_marine"},{"node":13,"name":"cdnFromUS_land"},{"node":14,"name":"cdnFromOther_air"},{"node":15,"name":"cdnFromOther_marine"},{"node":16,"name":"cdnFromOther_land"},{"node":17,"name":"USres_car"},{"node":18,"name":"USres_bus"},{"node":19,"name":"USres_train"},{"node":20,"name":"USres_other"},{"node":21,"name":"cdnFromUS_car"},{"node":22,"name":"cdnFromUS_bus"},{"node":23,"name":"cdnFromUS_train"},{"node":24,"name":"cdnFromUS_other"}]}