{"Canada":[{"target":1,"source":0,"value":1220989},{"target":2,"source":0,"value":239620},{"target":3,"source":0,"value":3987507},{"target":4,"source":0,"value":1009875},{"target":5,"source":1,"value":232897},{"target":6,"source":1,"value":362},{"target":7,"source":1,"value":987730},{"target":8,"source":2,"value":202951},{"target":9,"source":2,"value":196},{"target":10,"source":2,"value":36473},{"target":11,"source":3,"value":753262},{"target":12,"source":3,"value":326},{"target":13,"source":3,"value":3233919},{"target":14,"source":4,"value":1008939},{"target":15,"source":4,"value":5},{"target":16,"source":4,"value":931},{"target":17,"source":7,"value":918008},{"target":18,"source":7,"value":50235},{"target":19,"source":7,"value":4333},{"target":20,"source":7,"value":15154},{"target":21,"source":13,"value":3135367},{"target":22,"source":13,"value":80154},{"target":23,"source":13,"value":3514},{"target":24,"source":13,"value":14884}],"Newfoundland and Labrador":[{"target":1,"source":0,"value":1689},{"target":2,"source":0,"value":1767},{"target":3,"source":0,"value":2033},{"target":4,"source":0,"value":3485},{"target":5,"source":1,"value":1689},{"target":6,"source":1,"value":0},{"target":7,"source":1,"value":0},{"target":8,"source":2,"value":1629},{"target":9,"source":2,"value":138},{"target":10,"source":2,"value":0},{"target":11,"source":3,"value":2033},{"target":12,"source":3,"value":0},{"target":13,"source":3,"value":0},{"target":14,"source":4,"value":3483},{"target":15,"source":4,"value":2},{"target":16,"source":4,"value":0},{"target":17,"source":7,"value":0},{"target":18,"source":7,"value":0},{"target":19,"source":7,"value":0},{"target":20,"source":7,"value":0},{"target":21,"source":13,"value":0},{"target":22,"source":13,"value":0},{"target":23,"source":13,"value":0},{"target":24,"source":13,"value":0}],"Prince Edward Island":[{"target":1,"source":0,"value":11},{"target":2,"source":0,"value":1},{"target":3,"source":0,"value":14},{"target":4,"source":0,"value":201},{"target":5,"source":1,"value":11},{"target":6,"source":1,"value":0},{"target":7,"source":1,"value":0},{"target":8,"source":2,"value":1},{"target":9,"source":2,"value":0},{"target":10,"source":2,"value":0},{"target":11,"source":3,"value":14},{"target":12,"source":3,"value":0},{"target":13,"source":3,"value":0},{"target":14,"source":4,"value":201},{"target":15,"source":4,"value":0},{"target":16,"source":4,"value":0},{"target":17,"source":7,"value":0},{"target":18,"source":7,"value":0},{"target":19,"source":7,"value":0},{"target":20,"source":7,"value":0},{"target":21,"source":13,"value":0},{"target":22,"source":13,"value":0},{"target":23,"source":13,"value":0},{"target":24,"source":13,"value":0}],"Nova Scotia":[{"target":1,"source":0,"value":2401},{"target":2,"source":0,"value":1954},{"target":3,"source":0,"value":14635},{"target":4,"source":0,"value":27492},{"target":5,"source":1,"value":2399},{"target":6,"source":1,"value":2},{"target":7,"source":1,"value":0},{"target":8,"source":2,"value":1929},{"target":9,"source":2,"value":25},{"target":10,"source":2,"value":0},{"target":11,"source":3,"value":14634},{"target":12,"source":3,"value":1},{"target":13,"source":3,"value":0},{"target":14,"source":4,"value":27489},{"target":15,"source":4,"value":3},{"target":16,"source":4,"value":0},{"target":17,"source":7,"value":0},{"target":18,"source":7,"value":0},{"target":19,"source":7,"value":0},{"target":20,"source":7,"value":0},{"target":21,"source":13,"value":0},{"target":22,"source":13,"value":0},{"target":23,"source":13,"value":0},{"target":24,"source":13,"value":0}],"New Brunswick":[{"target":1,"source":0,"value":64037},{"target":2,"source":0,"value":130},{"target":3,"source":0,"value":284846},{"target":4,"source":0,"value":5379},{"target":5,"source":1,"value":232},{"target":6,"source":1,"value":0},{"target":7,"source":1,"value":63805},{"target":8,"source":2,"value":48},{"target":9,"source":2,"value":2},{"target":10,"source":2,"value":80},{"target":11,"source":3,"value":1616},{"target":12,"source":3,"value":15},{"target":13,"source":3,"value":283215},{"target":14,"source":4,"value":5370},{"target":15,"source":4,"value":0},{"target":16,"source":4,"value":9},{"target":17,"source":7,"value":62717},{"target":18,"source":7,"value":600},{"target":19,"source":7,"value":0},{"target":20,"source":7,"value":488},{"target":21,"source":13,"value":280276},{"target":22,"source":13,"value":1841},{"target":23,"source":13,"value":0},{"target":24,"source":13,"value":1098}],"Quebec":[{"target":1,"source":0,"value":126421},{"target":2,"source":0,"value":38953},{"target":3,"source":0,"value":393403},{"target":4,"source":0,"value":248349},{"target":5,"source":1,"value":35117},{"target":6,"source":1,"value":0},{"target":7,"source":1,"value":91304},{"target":8,"source":2,"value":36288},{"target":9,"source":2,"value":22},{"target":10,"source":2,"value":2643},{"target":11,"source":3,"value":116500},{"target":12,"source":3,"value":0},{"target":13,"source":3,"value":276903},{"target":14,"source":4,"value":248349},{"target":15,"source":4,"value":0},{"target":16,"source":4,"value":0},{"target":17,"source":7,"value":80954},{"target":18,"source":7,"value":8415},{"target":19,"source":7,"value":1537},{"target":20,"source":7,"value":398},{"target":21,"source":13,"value":258246},{"target":22,"source":13,"value":16630},{"target":23,"source":13,"value":1359},{"target":24,"source":13,"value":668}],"Ontario":[{"target":1,"source":0,"value":690127},{"target":2,"source":0,"value":87375},{"target":3,"source":0,"value":2097886},{"target":4,"source":0,"value":461794},{"target":5,"source":1,"value":107801},{"target":6,"source":1,"value":81},{"target":7,"source":1,"value":582245},{"target":8,"source":2,"value":81840},{"target":9,"source":2,"value":0},{"target":10,"source":2,"value":5535},{"target":11,"source":3,"value":337150},{"target":12,"source":3,"value":10},{"target":13,"source":3,"value":1760726},{"target":14,"source":4,"value":461794},{"target":15,"source":4,"value":0},{"target":16,"source":4,"value":0},{"target":17,"source":7,"value":541092},{"target":18,"source":7,"value":35886},{"target":19,"source":7,"value":484},{"target":20,"source":7,"value":4783},{"target":21,"source":13,"value":1711108},{"target":22,"source":13,"value":43137},{"target":23,"source":13,"value":754},{"target":24,"source":13,"value":5727}],"Manitoba":[{"target":1,"source":0,"value":19497},{"target":2,"source":0,"value":475},{"target":3,"source":0,"value":115713},{"target":4,"source":0,"value":20496},{"target":5,"source":1,"value":4000},{"target":6,"source":1,"value":0},{"target":7,"source":1,"value":15497},{"target":8,"source":2,"value":359},{"target":9,"source":2,"value":0},{"target":10,"source":2,"value":116},{"target":11,"source":3,"value":18175},{"target":12,"source":3,"value":0},{"target":13,"source":3,"value":97538},{"target":14,"source":4,"value":20496},{"target":15,"source":4,"value":0},{"target":16,"source":4,"value":0},{"target":17,"source":7,"value":15080},{"target":18,"source":7,"value":385},{"target":19,"source":7,"value":0},{"target":20,"source":7,"value":32},{"target":21,"source":13,"value":93991},{"target":22,"source":13,"value":3448},{"target":23,"source":13,"value":0},{"target":24,"source":13,"value":99}],"Saskatchewan":[{"target":1,"source":0,"value":6442},{"target":2,"source":0,"value":113},{"target":3,"source":0,"value":35871},{"target":4,"source":0,"value":12763},{"target":5,"source":1,"value":1851},{"target":6,"source":1,"value":0},{"target":7,"source":1,"value":4591},{"target":8,"source":2,"value":103},{"target":9,"source":2,"value":0},{"target":10,"source":2,"value":10},{"target":11,"source":3,"value":10149},{"target":12,"source":3,"value":0},{"target":13,"source":3,"value":25722},{"target":14,"source":4,"value":12763},{"target":15,"source":4,"value":0},{"target":16,"source":4,"value":0},{"target":17,"source":7,"value":4455},{"target":18,"source":7,"value":53},{"target":19,"source":7,"value":0},{"target":20,"source":7,"value":83},{"target":21,"source":13,"value":24703},{"target":22,"source":13,"value":801},{"target":23,"source":13,"value":0},{"target":24,"source":13,"value":218}],"Alberta":[{"target":1,"source":0,"value":36610},{"target":2,"source":0,"value":20979},{"target":3,"source":0,"value":165650},{"target":4,"source":0,"value":87184},{"target":5,"source":1,"value":29635},{"target":6,"source":1,"value":0},{"target":7,"source":1,"value":6975},{"target":8,"source":2,"value":20906},{"target":9,"source":2,"value":0},{"target":10,"source":2,"value":73},{"target":11,"source":3,"value":120679},{"target":12,"source":3,"value":0},{"target":13,"source":3,"value":44971},{"target":14,"source":4,"value":87184},{"target":15,"source":4,"value":0},{"target":16,"source":4,"value":0},{"target":17,"source":7,"value":6971},{"target":18,"source":7,"value":0},{"target":19,"source":7,"value":0},{"target":20,"source":7,"value":4},{"target":21,"source":13,"value":43849},{"target":22,"source":13,"value":1017},{"target":23,"source":13,"value":0},{"target":24,"source":13,"value":105}],"British Columbia":[{"target":1,"source":0,"value":269959},{"target":2,"source":0,"value":87667},{"target":3,"source":0,"value":875542},{"target":4,"source":0,"value":142712},{"target":5,"source":1,"value":50130},{"target":6,"source":1,"value":279},{"target":7,"source":1,"value":219550},{"target":8,"source":2,"value":59778},{"target":9,"source":2,"value":9},{"target":10,"source":2,"value":27880},{"target":11,"source":3,"value":132307},{"target":12,"source":3,"value":300},{"target":13,"source":3,"value":742935},{"target":14,"source":4,"value":141790},{"target":15,"source":4,"value":0},{"target":16,"source":4,"value":922},{"target":17,"source":7,"value":203246},{"target":18,"source":7,"value":4890},{"target":19,"source":7,"value":2312},{"target":20,"source":7,"value":9102},{"target":21,"source":13,"value":721311},{"target":22,"source":13,"value":13275},{"target":23,"source":13,"value":1401},{"target":24,"source":13,"value":6948}],"Yukon":[{"target":1,"source":0,"value":3781},{"target":2,"source":0,"value":138},{"target":3,"source":0,"value":1911},{"target":4,"source":0,"value":0},{"target":5,"source":1,"value":18},{"target":6,"source":1,"value":0},{"target":7,"source":1,"value":3763},{"target":8,"source":2,"value":2},{"target":9,"source":2,"value":0},{"target":10,"source":2,"value":136},{"target":11,"source":3,"value":2},{"target":12,"source":3,"value":0},{"target":13,"source":3,"value":1909},{"target":14,"source":4,"value":0},{"target":15,"source":4,"value":0},{"target":16,"source":4,"value":0},{"target":17,"source":7,"value":3493},{"target":18,"source":7,"value":6},{"target":19,"source":7,"value":0},{"target":20,"source":7,"value":264},{"target":21,"source":13,"value":1883},{"target":22,"source":13,"value":5},{"target":23,"source":13,"value":0},{"target":24,"source":13,"value":21}],"Nunavut":[{"target":1,"source":0,"value":14},{"target":2,"source":0,"value":68},{"target":3,"source":0,"value":3},{"target":4,"source":0,"value":20},{"target":5,"source":1,"value":14},{"target":6,"source":1,"value":0},{"target":7,"source":1,"value":0},{"target":8,"source":2,"value":68},{"target":9,"source":2,"value":0},{"target":10,"source":2,"value":".."},{"target":11,"source":3,"value":3},{"target":12,"source":3,"value":0},{"target":13,"source":3,"value":0},{"target":14,"source":4,"value":20},{"target":15,"source":4,"value":0},{"target":16,"source":4,"value":".."},{"target":17,"source":7,"value":".."},{"target":18,"source":7,"value":".."},{"target":19,"source":7,"value":".."},{"target":20,"source":7,"value":0},{"target":21,"source":13,"value":".."},{"target":22,"source":13,"value":".."},{"target":23,"source":13,"value":".."},{"target":24,"source":13,"value":0}],"nodes":[{"node":0,"name":"intl"},{"node":1,"name":"USres"},{"node":2,"name":"nonUSres"},{"node":3,"name":"cdnFromUS"},{"node":4,"name":"cdnFromOther"},{"node":5,"name":"USres_air"},{"node":6,"name":"USres_marine"},{"node":7,"name":"USres_land"},{"node":8,"name":"nonUSres_air"},{"node":9,"name":"nonUSres_marine"},{"node":10,"name":"nonUSres_land"},{"node":11,"name":"cdnFromUS_air"},{"node":12,"name":"cdnFromUS_marine"},{"node":13,"name":"cdnFromUS_land"},{"node":14,"name":"cdnFromOther_air"},{"node":15,"name":"cdnFromOther_marine"},{"node":16,"name":"cdnFromOther_land"},{"node":17,"name":"USres_car"},{"node":18,"name":"USres_bus"},{"node":19,"name":"USres_train"},{"node":20,"name":"USres_other"},{"node":21,"name":"cdnFromUS_car"},{"node":22,"name":"cdnFromUS_bus"},{"node":23,"name":"cdnFromUS_train"},{"node":24,"name":"cdnFromUS_other"}]}