{"Canada":[{"target":1,"source":0,"value":1600191},{"target":2,"source":0,"value":329960},{"target":3,"source":0,"value":3937499},{"target":4,"source":0,"value":596449},{"target":5,"source":1,"value":300888},{"target":6,"source":1,"value":53143},{"target":7,"source":1,"value":1246160},{"target":8,"source":2,"value":279572},{"target":9,"source":2,"value":13420},{"target":10,"source":2,"value":36968},{"target":11,"source":3,"value":573960},{"target":12,"source":3,"value":6245},{"target":13,"source":3,"value":3357294},{"target":14,"source":4,"value":596038},{"target":15,"source":4,"value":233},{"target":16,"source":4,"value":178},{"target":17,"source":7,"value":1164684},{"target":18,"source":7,"value":52106},{"target":19,"source":7,"value":4385},{"target":20,"source":7,"value":24985},{"target":21,"source":13,"value":3238716},{"target":22,"source":13,"value":91318},{"target":23,"source":13,"value":3365},{"target":24,"source":13,"value":23895}],"Newfoundland and Labrador":[{"target":1,"source":0,"value":2021},{"target":2,"source":0,"value":1663},{"target":3,"source":0,"value":1311},{"target":4,"source":0,"value":270},{"target":5,"source":1,"value":1982},{"target":6,"source":1,"value":39},{"target":7,"source":1,"value":0},{"target":8,"source":2,"value":1189},{"target":9,"source":2,"value":474},{"target":10,"source":2,"value":0},{"target":11,"source":3,"value":1311},{"target":12,"source":3,"value":0},{"target":13,"source":3,"value":0},{"target":14,"source":4,"value":230},{"target":15,"source":4,"value":40},{"target":16,"source":4,"value":0},{"target":17,"source":7,"value":0},{"target":18,"source":7,"value":0},{"target":19,"source":7,"value":0},{"target":20,"source":7,"value":0},{"target":21,"source":13,"value":0},{"target":22,"source":13,"value":0},{"target":23,"source":13,"value":0},{"target":24,"source":13,"value":0}],"Prince Edward Island":[{"target":1,"source":0,"value":33},{"target":2,"source":0,"value":0},{"target":3,"source":0,"value":9},{"target":4,"source":0,"value":0},{"target":5,"source":1,"value":33},{"target":6,"source":1,"value":0},{"target":7,"source":1,"value":0},{"target":8,"source":2,"value":0},{"target":9,"source":2,"value":0},{"target":10,"source":2,"value":0},{"target":11,"source":3,"value":9},{"target":12,"source":3,"value":0},{"target":13,"source":3,"value":0},{"target":14,"source":4,"value":0},{"target":15,"source":4,"value":0},{"target":16,"source":4,"value":0},{"target":17,"source":7,"value":0},{"target":18,"source":7,"value":0},{"target":19,"source":7,"value":0},{"target":20,"source":7,"value":0},{"target":21,"source":13,"value":0},{"target":22,"source":13,"value":0},{"target":23,"source":13,"value":0},{"target":24,"source":13,"value":0}],"Nova Scotia":[{"target":1,"source":0,"value":21848},{"target":2,"source":0,"value":10215},{"target":3,"source":0,"value":10165},{"target":4,"source":0,"value":5008},{"target":5,"source":1,"value":6244},{"target":6,"source":1,"value":15604},{"target":7,"source":1,"value":0},{"target":8,"source":2,"value":3679},{"target":9,"source":2,"value":6536},{"target":10,"source":2,"value":0},{"target":11,"source":3,"value":8635},{"target":12,"source":3,"value":1530},{"target":13,"source":3,"value":0},{"target":14,"source":4,"value":4815},{"target":15,"source":4,"value":193},{"target":16,"source":4,"value":0},{"target":17,"source":7,"value":0},{"target":18,"source":7,"value":0},{"target":19,"source":7,"value":0},{"target":20,"source":7,"value":0},{"target":21,"source":13,"value":0},{"target":22,"source":13,"value":0},{"target":23,"source":13,"value":0},{"target":24,"source":13,"value":0}],"New Brunswick":[{"target":1,"source":0,"value":113048},{"target":2,"source":0,"value":6703},{"target":3,"source":0,"value":304523},{"target":4,"source":0,"value":128},{"target":5,"source":1,"value":442},{"target":6,"source":1,"value":33092},{"target":7,"source":1,"value":79514},{"target":8,"source":2,"value":69},{"target":9,"source":2,"value":6277},{"target":10,"source":2,"value":357},{"target":11,"source":3,"value":933},{"target":12,"source":3,"value":1697},{"target":13,"source":3,"value":301893},{"target":14,"source":4,"value":128},{"target":15,"source":4,"value":0},{"target":16,"source":4,"value":0},{"target":17,"source":7,"value":78120},{"target":18,"source":7,"value":802},{"target":19,"source":7,"value":0},{"target":20,"source":7,"value":592},{"target":21,"source":13,"value":298216},{"target":22,"source":13,"value":2683},{"target":23,"source":13,"value":0},{"target":24,"source":13,"value":994}],"Quebec":[{"target":1,"source":0,"value":173181},{"target":2,"source":0,"value":70253},{"target":3,"source":0,"value":399199},{"target":4,"source":0,"value":151005},{"target":5,"source":1,"value":52443},{"target":6,"source":1,"value":33},{"target":7,"source":1,"value":120705},{"target":8,"source":2,"value":61438},{"target":9,"source":2,"value":26},{"target":10,"source":2,"value":8789},{"target":11,"source":3,"value":74569},{"target":12,"source":3,"value":725},{"target":13,"source":3,"value":323905},{"target":14,"source":4,"value":151005},{"target":15,"source":4,"value":0},{"target":16,"source":4,"value":0},{"target":17,"source":7,"value":109168},{"target":18,"source":7,"value":9925},{"target":19,"source":7,"value":1287},{"target":20,"source":7,"value":325},{"target":21,"source":13,"value":294132},{"target":22,"source":13,"value":26718},{"target":23,"source":13,"value":1145},{"target":24,"source":13,"value":1910}],"Ontario":[{"target":1,"source":0,"value":921488},{"target":2,"source":0,"value":139202},{"target":3,"source":0,"value":1998118},{"target":4,"source":0,"value":296578},{"target":5,"source":1,"value":140602},{"target":6,"source":1,"value":2819},{"target":7,"source":1,"value":778067},{"target":8,"source":2,"value":130583},{"target":9,"source":2,"value":19},{"target":10,"source":2,"value":8600},{"target":11,"source":3,"value":262503},{"target":12,"source":3,"value":1301},{"target":13,"source":3,"value":1734314},{"target":14,"source":4,"value":296578},{"target":15,"source":4,"value":0},{"target":16,"source":4,"value":0},{"target":17,"source":7,"value":727438},{"target":18,"source":7,"value":37829},{"target":19,"source":7,"value":704},{"target":20,"source":7,"value":12096},{"target":21,"source":13,"value":1674711},{"target":22,"source":13,"value":45737},{"target":23,"source":13,"value":707},{"target":24,"source":13,"value":13159}],"Manitoba":[{"target":1,"source":0,"value":28268},{"target":2,"source":0,"value":914},{"target":3,"source":0,"value":118793},{"target":4,"source":0,"value":1779},{"target":5,"source":1,"value":6286},{"target":6,"source":1,"value":0},{"target":7,"source":1,"value":21982},{"target":8,"source":2,"value":736},{"target":9,"source":2,"value":0},{"target":10,"source":2,"value":178},{"target":11,"source":3,"value":10461},{"target":12,"source":3,"value":0},{"target":13,"source":3,"value":108332},{"target":14,"source":4,"value":1779},{"target":15,"source":4,"value":0},{"target":16,"source":4,"value":0},{"target":17,"source":7,"value":21609},{"target":18,"source":7,"value":342},{"target":19,"source":7,"value":0},{"target":20,"source":7,"value":31},{"target":21,"source":13,"value":103002},{"target":22,"source":13,"value":5023},{"target":23,"source":13,"value":0},{"target":24,"source":13,"value":307}],"Saskatchewan":[{"target":1,"source":0,"value":13375},{"target":2,"source":0,"value":312},{"target":3,"source":0,"value":40349},{"target":4,"source":0,"value":716},{"target":5,"source":1,"value":4733},{"target":6,"source":1,"value":0},{"target":7,"source":1,"value":8642},{"target":8,"source":2,"value":282},{"target":9,"source":2,"value":0},{"target":10,"source":2,"value":30},{"target":11,"source":3,"value":10088},{"target":12,"source":3,"value":0},{"target":13,"source":3,"value":30261},{"target":14,"source":4,"value":716},{"target":15,"source":4,"value":0},{"target":16,"source":4,"value":0},{"target":17,"source":7,"value":8511},{"target":18,"source":7,"value":65},{"target":19,"source":7,"value":0},{"target":20,"source":7,"value":66},{"target":21,"source":13,"value":27687},{"target":22,"source":13,"value":2301},{"target":23,"source":13,"value":0},{"target":24,"source":13,"value":273}],"Alberta":[{"target":1,"source":0,"value":40262},{"target":2,"source":0,"value":17558},{"target":3,"source":0,"value":134552},{"target":4,"source":0,"value":47137},{"target":5,"source":1,"value":31343},{"target":6,"source":1,"value":0},{"target":7,"source":1,"value":8919},{"target":8,"source":2,"value":17369},{"target":9,"source":2,"value":0},{"target":10,"source":2,"value":189},{"target":11,"source":3,"value":95425},{"target":12,"source":3,"value":0},{"target":13,"source":3,"value":39127},{"target":14,"source":4,"value":47137},{"target":15,"source":4,"value":0},{"target":16,"source":4,"value":0},{"target":17,"source":7,"value":8840},{"target":18,"source":7,"value":44},{"target":19,"source":7,"value":0},{"target":20,"source":7,"value":35},{"target":21,"source":13,"value":38100},{"target":22,"source":13,"value":851},{"target":23,"source":13,"value":0},{"target":24,"source":13,"value":176}],"British Columbia":[{"target":1,"source":0,"value":280448},{"target":2,"source":0,"value":82945},{"target":3,"source":0,"value":928373},{"target":4,"source":0,"value":93721},{"target":5,"source":1,"value":56549},{"target":6,"source":1,"value":1556},{"target":7,"source":1,"value":222343},{"target":8,"source":2,"value":64173},{"target":9,"source":2,"value":88},{"target":10,"source":2,"value":18684},{"target":11,"source":3,"value":110009},{"target":12,"source":3,"value":992},{"target":13,"source":3,"value":817372},{"target":14,"source":4,"value":93543},{"target":15,"source":4,"value":0},{"target":16,"source":4,"value":178},{"target":17,"source":7,"value":205120},{"target":18,"source":7,"value":3048},{"target":19,"source":7,"value":2336},{"target":20,"source":7,"value":11839},{"target":21,"source":13,"value":800782},{"target":22,"source":13,"value":8001},{"target":23,"source":13,"value":1513},{"target":24,"source":13,"value":7076}],"Yukon":[{"target":1,"source":0,"value":6150},{"target":2,"source":0,"value":147},{"target":3,"source":0,"value":2093},{"target":4,"source":0,"value":76},{"target":5,"source":1,"value":162},{"target":6,"source":1,"value":0},{"target":7,"source":1,"value":5988},{"target":8,"source":2,"value":6},{"target":9,"source":2,"value":0},{"target":10,"source":2,"value":141},{"target":11,"source":3,"value":3},{"target":12,"source":3,"value":0},{"target":13,"source":3,"value":2090},{"target":14,"source":4,"value":76},{"target":15,"source":4,"value":0},{"target":16,"source":4,"value":0},{"target":17,"source":7,"value":5878},{"target":18,"source":7,"value":51},{"target":19,"source":7,"value":58},{"target":20,"source":7,"value":1},{"target":21,"source":13,"value":2086},{"target":22,"source":13,"value":4},{"target":23,"source":13,"value":0},{"target":24,"source":13,"value":0}],"Nunavut":[{"target":1,"source":0,"value":69},{"target":2,"source":0,"value":48},{"target":3,"source":0,"value":14},{"target":4,"source":0,"value":31},{"target":5,"source":1,"value":69},{"target":6,"source":1,"value":0},{"target":7,"source":1,"value":0},{"target":8,"source":2,"value":48},{"target":9,"source":2,"value":0},{"target":10,"source":2,"value":".."},{"target":11,"source":3,"value":14},{"target":12,"source":3,"value":0},{"target":13,"source":3,"value":0},{"target":14,"source":4,"value":31},{"target":15,"source":4,"value":0},{"target":16,"source":4,"value":".."},{"target":17,"source":7,"value":".."},{"target":18,"source":7,"value":".."},{"target":19,"source":7,"value":".."},{"target":20,"source":7,"value":0},{"target":21,"source":13,"value":".."},{"target":22,"source":13,"value":".."},{"target":23,"source":13,"value":".."},{"target":24,"source":13,"value":0}],"nodes":[{"node":0,"name":"intl"},{"node":1,"name":"USres"},{"node":2,"name":"nonUSres"},{"node":3,"name":"cdnFromUS"},{"node":4,"name":"cdnFromOther"},{"node":5,"name":"USres_air"},{"node":6,"name":"USres_marine"},{"node":7,"name":"USres_land"},{"node":8,"name":"nonUSres_air"},{"node":9,"name":"nonUSres_marine"},{"node":10,"name":"nonUSres_land"},{"node":11,"name":"cdnFromUS_air"},{"node":12,"name":"cdnFromUS_marine"},{"node":13,"name":"cdnFromUS_land"},{"node":14,"name":"cdnFromOther_air"},{"node":15,"name":"cdnFromOther_marine"},{"node":16,"name":"cdnFromOther_land"},{"node":17,"name":"USres_car"},{"node":18,"name":"USres_bus"},{"node":19,"name":"USres_train"},{"node":20,"name":"USres_other"},{"node":21,"name":"cdnFromUS_car"},{"node":22,"name":"cdnFromUS_bus"},{"node":23,"name":"cdnFromUS_train"},{"node":24,"name":"cdnFromUS_other"}]}