{"Canada":[{"target":1,"source":0,"value":1045322},{"target":2,"source":0,"value":199380},{"target":3,"source":0,"value":3092336},{"target":4,"source":0,"value":995195},{"target":5,"source":1,"value":178505},{"target":6,"source":1,"value":127},{"target":7,"source":1,"value":866690},{"target":8,"source":2,"value":176118},{"target":9,"source":2,"value":92},{"target":10,"source":2,"value":23170},{"target":11,"source":3,"value":638197},{"target":12,"source":3,"value":129},{"target":13,"source":3,"value":2454010},{"target":14,"source":4,"value":994507},{"target":15,"source":4,"value":1},{"target":16,"source":4,"value":687},{"target":17,"source":7,"value":806408},{"target":18,"source":7,"value":49587},{"target":19,"source":7,"value":2708},{"target":20,"source":7,"value":7987},{"target":21,"source":13,"value":2373464},{"target":22,"source":13,"value":66954},{"target":23,"source":13,"value":3462},{"target":24,"source":13,"value":10130}],"Newfoundland and Labrador":[{"target":1,"source":0,"value":1197},{"target":2,"source":0,"value":2193},{"target":3,"source":0,"value":1134},{"target":4,"source":0,"value":205},{"target":5,"source":1,"value":1197},{"target":6,"source":1,"value":0},{"target":7,"source":1,"value":0},{"target":8,"source":2,"value":2159},{"target":9,"source":2,"value":34},{"target":10,"source":2,"value":0},{"target":11,"source":3,"value":1134},{"target":12,"source":3,"value":0},{"target":13,"source":3,"value":0},{"target":14,"source":4,"value":204},{"target":15,"source":4,"value":1},{"target":16,"source":4,"value":0},{"target":17,"source":7,"value":0},{"target":18,"source":7,"value":0},{"target":19,"source":7,"value":0},{"target":20,"source":7,"value":0},{"target":21,"source":13,"value":0},{"target":22,"source":13,"value":0},{"target":23,"source":13,"value":0},{"target":24,"source":13,"value":0}],"Prince Edward Island":[{"target":1,"source":0,"value":7},{"target":2,"source":0,"value":3},{"target":3,"source":0,"value":9},{"target":4,"source":0,"value":0},{"target":5,"source":1,"value":7},{"target":6,"source":1,"value":0},{"target":7,"source":1,"value":0},{"target":8,"source":2,"value":3},{"target":9,"source":2,"value":0},{"target":10,"source":2,"value":0},{"target":11,"source":3,"value":9},{"target":12,"source":3,"value":0},{"target":13,"source":3,"value":0},{"target":14,"source":4,"value":0},{"target":15,"source":4,"value":0},{"target":16,"source":4,"value":0},{"target":17,"source":7,"value":0},{"target":18,"source":7,"value":0},{"target":19,"source":7,"value":0},{"target":20,"source":7,"value":0},{"target":21,"source":13,"value":0},{"target":22,"source":13,"value":0},{"target":23,"source":13,"value":0},{"target":24,"source":13,"value":0}],"Nova Scotia":[{"target":1,"source":0,"value":1850},{"target":2,"source":0,"value":1433},{"target":3,"source":0,"value":5407},{"target":4,"source":0,"value":4908},{"target":5,"source":1,"value":1849},{"target":6,"source":1,"value":1},{"target":7,"source":1,"value":0},{"target":8,"source":2,"value":1417},{"target":9,"source":2,"value":16},{"target":10,"source":2,"value":0},{"target":11,"source":3,"value":5407},{"target":12,"source":3,"value":0},{"target":13,"source":3,"value":0},{"target":14,"source":4,"value":4908},{"target":15,"source":4,"value":0},{"target":16,"source":4,"value":0},{"target":17,"source":7,"value":0},{"target":18,"source":7,"value":0},{"target":19,"source":7,"value":0},{"target":20,"source":7,"value":0},{"target":21,"source":13,"value":0},{"target":22,"source":13,"value":0},{"target":23,"source":13,"value":0},{"target":24,"source":13,"value":0}],"New Brunswick":[{"target":1,"source":0,"value":57901},{"target":2,"source":0,"value":143},{"target":3,"source":0,"value":222654},{"target":4,"source":0,"value":676},{"target":5,"source":1,"value":181},{"target":6,"source":1,"value":0},{"target":7,"source":1,"value":57720},{"target":8,"source":2,"value":41},{"target":9,"source":2,"value":12},{"target":10,"source":2,"value":90},{"target":11,"source":3,"value":1021},{"target":12,"source":3,"value":10},{"target":13,"source":3,"value":221623},{"target":14,"source":4,"value":659},{"target":15,"source":4,"value":0},{"target":16,"source":4,"value":17},{"target":17,"source":7,"value":57051},{"target":18,"source":7,"value":310},{"target":19,"source":7,"value":0},{"target":20,"source":7,"value":359},{"target":21,"source":13,"value":219912},{"target":22,"source":13,"value":1046},{"target":23,"source":13,"value":0},{"target":24,"source":13,"value":665}],"Quebec":[{"target":1,"source":0,"value":104043},{"target":2,"source":0,"value":35103},{"target":3,"source":0,"value":317809},{"target":4,"source":0,"value":243656},{"target":5,"source":1,"value":26295},{"target":6,"source":1,"value":0},{"target":7,"source":1,"value":77748},{"target":8,"source":2,"value":32648},{"target":9,"source":2,"value":12},{"target":10,"source":2,"value":2443},{"target":11,"source":3,"value":99614},{"target":12,"source":3,"value":0},{"target":13,"source":3,"value":218195},{"target":14,"source":4,"value":243656},{"target":15,"source":4,"value":0},{"target":16,"source":4,"value":0},{"target":17,"source":7,"value":68301},{"target":18,"source":7,"value":7896},{"target":19,"source":7,"value":784},{"target":20,"source":7,"value":767},{"target":21,"source":13,"value":200132},{"target":22,"source":13,"value":16320},{"target":23,"source":13,"value":1355},{"target":24,"source":13,"value":388}],"Ontario":[{"target":1,"source":0,"value":602432},{"target":2,"source":0,"value":76006},{"target":3,"source":0,"value":1579716},{"target":4,"source":0,"value":461508},{"target":5,"source":1,"value":83824},{"target":6,"source":1,"value":0},{"target":7,"source":1,"value":518608},{"target":8,"source":2,"value":71366},{"target":9,"source":2,"value":0},{"target":10,"source":2,"value":4640},{"target":11,"source":3,"value":278281},{"target":12,"source":3,"value":2},{"target":13,"source":3,"value":1301433},{"target":14,"source":4,"value":461508},{"target":15,"source":4,"value":0},{"target":16,"source":4,"value":0},{"target":17,"source":7,"value":479074},{"target":18,"source":7,"value":35880},{"target":19,"source":7,"value":565},{"target":20,"source":7,"value":3089},{"target":21,"source":13,"value":1262037},{"target":22,"source":13,"value":35310},{"target":23,"source":13,"value":642},{"target":24,"source":13,"value":3444}],"Manitoba":[{"target":1,"source":0,"value":15923},{"target":2,"source":0,"value":519},{"target":3,"source":0,"value":89798},{"target":4,"source":0,"value":23489},{"target":5,"source":1,"value":2816},{"target":6,"source":1,"value":0},{"target":7,"source":1,"value":13107},{"target":8,"source":2,"value":402},{"target":9,"source":2,"value":0},{"target":10,"source":2,"value":117},{"target":11,"source":3,"value":15655},{"target":12,"source":3,"value":0},{"target":13,"source":3,"value":74143},{"target":14,"source":4,"value":23489},{"target":15,"source":4,"value":0},{"target":16,"source":4,"value":0},{"target":17,"source":7,"value":12283},{"target":18,"source":7,"value":820},{"target":19,"source":7,"value":0},{"target":20,"source":7,"value":4},{"target":21,"source":13,"value":71148},{"target":22,"source":13,"value":2801},{"target":23,"source":13,"value":0},{"target":24,"source":13,"value":194}],"Saskatchewan":[{"target":1,"source":0,"value":5169},{"target":2,"source":0,"value":134},{"target":3,"source":0,"value":28596},{"target":4,"source":0,"value":22542},{"target":5,"source":1,"value":1594},{"target":6,"source":1,"value":0},{"target":7,"source":1,"value":3575},{"target":8,"source":2,"value":118},{"target":9,"source":2,"value":0},{"target":10,"source":2,"value":16},{"target":11,"source":3,"value":10029},{"target":12,"source":3,"value":0},{"target":13,"source":3,"value":18567},{"target":14,"source":4,"value":22542},{"target":15,"source":4,"value":0},{"target":16,"source":4,"value":0},{"target":17,"source":7,"value":3537},{"target":18,"source":7,"value":1},{"target":19,"source":7,"value":0},{"target":20,"source":7,"value":37},{"target":21,"source":13,"value":18085},{"target":22,"source":13,"value":399},{"target":23,"source":13,"value":0},{"target":24,"source":13,"value":83}],"Alberta":[{"target":1,"source":0,"value":26853},{"target":2,"source":0,"value":17504},{"target":3,"source":0,"value":138094},{"target":4,"source":0,"value":91416},{"target":5,"source":1,"value":22213},{"target":6,"source":1,"value":0},{"target":7,"source":1,"value":4640},{"target":8,"source":2,"value":17446},{"target":9,"source":2,"value":0},{"target":10,"source":2,"value":58},{"target":11,"source":3,"value":110013},{"target":12,"source":3,"value":0},{"target":13,"source":3,"value":28081},{"target":14,"source":4,"value":91416},{"target":15,"source":4,"value":0},{"target":16,"source":4,"value":0},{"target":17,"source":7,"value":4638},{"target":18,"source":7,"value":0},{"target":19,"source":7,"value":0},{"target":20,"source":7,"value":2},{"target":21,"source":13,"value":27694},{"target":22,"source":13,"value":362},{"target":23,"source":13,"value":0},{"target":24,"source":13,"value":25}],"British Columbia":[{"target":1,"source":0,"value":227987},{"target":2,"source":0,"value":66279},{"target":3,"source":0,"value":708236},{"target":4,"source":0,"value":146787},{"target":5,"source":1,"value":38505},{"target":6,"source":1,"value":126},{"target":7,"source":1,"value":189356},{"target":8,"source":2,"value":50488},{"target":9,"source":2,"value":18},{"target":10,"source":2,"value":15773},{"target":11,"source":3,"value":117010},{"target":12,"source":3,"value":117},{"target":13,"source":3,"value":591109},{"target":14,"source":4,"value":146117},{"target":15,"source":4,"value":0},{"target":16,"source":4,"value":670},{"target":17,"source":7,"value":179590},{"target":18,"source":7,"value":4680},{"target":19,"source":7,"value":1359},{"target":20,"source":7,"value":3727},{"target":21,"source":13,"value":573657},{"target":22,"source":13,"value":10658},{"target":23,"source":13,"value":1465},{"target":24,"source":13,"value":5329}],"Yukon":[{"target":1,"source":0,"value":1952},{"target":2,"source":0,"value":35},{"target":3,"source":0,"value":869},{"target":4,"source":0,"value":0},{"target":5,"source":1,"value":16},{"target":6,"source":1,"value":0},{"target":7,"source":1,"value":1936},{"target":8,"source":2,"value":2},{"target":9,"source":2,"value":0},{"target":10,"source":2,"value":33},{"target":11,"source":3,"value":10},{"target":12,"source":3,"value":0},{"target":13,"source":3,"value":859},{"target":14,"source":4,"value":0},{"target":15,"source":4,"value":0},{"target":16,"source":4,"value":0},{"target":17,"source":7,"value":1934},{"target":18,"source":7,"value":0},{"target":19,"source":7,"value":0},{"target":20,"source":7,"value":2},{"target":21,"source":13,"value":799},{"target":22,"source":13,"value":58},{"target":23,"source":13,"value":0},{"target":24,"source":13,"value":2}],"Nunavut":[{"target":1,"source":0,"value":8},{"target":2,"source":0,"value":28},{"target":3,"source":0,"value":14},{"target":4,"source":0,"value":8},{"target":5,"source":1,"value":8},{"target":6,"source":1,"value":0},{"target":7,"source":1,"value":0},{"target":8,"source":2,"value":28},{"target":9,"source":2,"value":0},{"target":10,"source":2,"value":".."},{"target":11,"source":3,"value":14},{"target":12,"source":3,"value":0},{"target":13,"source":3,"value":0},{"target":14,"source":4,"value":8},{"target":15,"source":4,"value":0},{"target":16,"source":4,"value":".."},{"target":17,"source":7,"value":".."},{"target":18,"source":7,"value":".."},{"target":19,"source":7,"value":".."},{"target":20,"source":7,"value":0},{"target":21,"source":13,"value":".."},{"target":22,"source":13,"value":".."},{"target":23,"source":13,"value":".."},{"target":24,"source":13,"value":0}],"nodes":[{"node":0,"name":"intl"},{"node":1,"name":"USres"},{"node":2,"name":"nonUSres"},{"node":3,"name":"cdnFromUS"},{"node":4,"name":"cdnFromOther"},{"node":5,"name":"USres_air"},{"node":6,"name":"USres_marine"},{"node":7,"name":"USres_land"},{"node":8,"name":"nonUSres_air"},{"node":9,"name":"nonUSres_marine"},{"node":10,"name":"nonUSres_land"},{"node":11,"name":"cdnFromUS_air"},{"node":12,"name":"cdnFromUS_marine"},{"node":13,"name":"cdnFromUS_land"},{"node":14,"name":"cdnFromOther_air"},{"node":15,"name":"cdnFromOther_marine"},{"node":16,"name":"cdnFromOther_land"},{"node":17,"name":"USres_car"},{"node":18,"name":"USres_bus"},{"node":19,"name":"USres_train"},{"node":20,"name":"USres_other"},{"node":21,"name":"cdnFromUS_car"},{"node":22,"name":"cdnFromUS_bus"},{"node":23,"name":"cdnFromUS_train"},{"node":24,"name":"cdnFromUS_other"}]}