{"Canada":[{"target":1,"source":0,"value":1786776},{"target":2,"source":0,"value":400876},{"target":3,"source":0,"value":4080181},{"target":4,"source":0,"value":652832},{"target":5,"source":1,"value":291932},{"target":6,"source":1,"value":87432},{"target":7,"source":1,"value":1407412},{"target":8,"source":2,"value":315596},{"target":9,"source":2,"value":24318},{"target":10,"source":2,"value":60962},{"target":11,"source":3,"value":597442},{"target":12,"source":3,"value":25313},{"target":13,"source":3,"value":3457426},{"target":14,"source":4,"value":651141},{"target":15,"source":4,"value":979},{"target":16,"source":4,"value":712},{"target":17,"source":7,"value":1285088},{"target":18,"source":7,"value":75373},{"target":19,"source":7,"value":16681},{"target":20,"source":7,"value":30270},{"target":21,"source":13,"value":3300047},{"target":22,"source":13,"value":118270},{"target":23,"source":13,"value":4600},{"target":24,"source":13,"value":34509}],"Newfoundland and Labrador":[{"target":1,"source":0,"value":1566},{"target":2,"source":0,"value":1537},{"target":3,"source":0,"value":1115},{"target":4,"source":0,"value":4181},{"target":5,"source":1,"value":1504},{"target":6,"source":1,"value":62},{"target":7,"source":1,"value":0},{"target":8,"source":2,"value":1253},{"target":9,"source":2,"value":284},{"target":10,"source":2,"value":0},{"target":11,"source":3,"value":1111},{"target":12,"source":3,"value":4},{"target":13,"source":3,"value":0},{"target":14,"source":4,"value":3203},{"target":15,"source":4,"value":978},{"target":16,"source":4,"value":0},{"target":17,"source":7,"value":0},{"target":18,"source":7,"value":0},{"target":19,"source":7,"value":0},{"target":20,"source":7,"value":0},{"target":21,"source":13,"value":0},{"target":22,"source":13,"value":0},{"target":23,"source":13,"value":0},{"target":24,"source":13,"value":0}],"Prince Edward Island":[{"target":1,"source":0,"value":18},{"target":2,"source":0,"value":7},{"target":3,"source":0,"value":4},{"target":4,"source":0,"value":100},{"target":5,"source":1,"value":18},{"target":6,"source":1,"value":0},{"target":7,"source":1,"value":0},{"target":8,"source":2,"value":7},{"target":9,"source":2,"value":0},{"target":10,"source":2,"value":0},{"target":11,"source":3,"value":4},{"target":12,"source":3,"value":0},{"target":13,"source":3,"value":0},{"target":14,"source":4,"value":100},{"target":15,"source":4,"value":0},{"target":16,"source":4,"value":0},{"target":17,"source":7,"value":0},{"target":18,"source":7,"value":0},{"target":19,"source":7,"value":0},{"target":20,"source":7,"value":0},{"target":21,"source":13,"value":0},{"target":22,"source":13,"value":0},{"target":23,"source":13,"value":0},{"target":24,"source":13,"value":0}],"Nova Scotia":[{"target":1,"source":0,"value":5850},{"target":2,"source":0,"value":6368},{"target":3,"source":0,"value":11955},{"target":4,"source":0,"value":17973},{"target":5,"source":1,"value":4223},{"target":6,"source":1,"value":1627},{"target":7,"source":1,"value":0},{"target":8,"source":2,"value":4095},{"target":9,"source":2,"value":2273},{"target":10,"source":2,"value":0},{"target":11,"source":3,"value":11650},{"target":12,"source":3,"value":305},{"target":13,"source":3,"value":0},{"target":14,"source":4,"value":17972},{"target":15,"source":4,"value":1},{"target":16,"source":4,"value":0},{"target":17,"source":7,"value":0},{"target":18,"source":7,"value":0},{"target":19,"source":7,"value":0},{"target":20,"source":7,"value":0},{"target":21,"source":13,"value":0},{"target":22,"source":13,"value":0},{"target":23,"source":13,"value":0},{"target":24,"source":13,"value":0}],"New Brunswick":[{"target":1,"source":0,"value":80973},{"target":2,"source":0,"value":488},{"target":3,"source":0,"value":312936},{"target":4,"source":0,"value":2453},{"target":5,"source":1,"value":389},{"target":6,"source":1,"value":6},{"target":7,"source":1,"value":80578},{"target":8,"source":2,"value":110},{"target":9,"source":2,"value":162},{"target":10,"source":2,"value":216},{"target":11,"source":3,"value":797},{"target":12,"source":3,"value":76},{"target":13,"source":3,"value":312063},{"target":14,"source":4,"value":2439},{"target":15,"source":4,"value":0},{"target":16,"source":4,"value":14},{"target":17,"source":7,"value":79155},{"target":18,"source":7,"value":443},{"target":19,"source":7,"value":0},{"target":20,"source":7,"value":980},{"target":21,"source":13,"value":306976},{"target":22,"source":13,"value":2737},{"target":23,"source":13,"value":0},{"target":24,"source":13,"value":2350}],"Quebec":[{"target":1,"source":0,"value":171815},{"target":2,"source":0,"value":66413},{"target":3,"source":0,"value":440868},{"target":4,"source":0,"value":137992},{"target":5,"source":1,"value":47684},{"target":6,"source":1,"value":189},{"target":7,"source":1,"value":123942},{"target":8,"source":2,"value":58240},{"target":9,"source":2,"value":20},{"target":10,"source":2,"value":8153},{"target":11,"source":3,"value":75961},{"target":12,"source":3,"value":601},{"target":13,"source":3,"value":364306},{"target":14,"source":4,"value":137992},{"target":15,"source":4,"value":0},{"target":16,"source":4,"value":0},{"target":17,"source":7,"value":109772},{"target":18,"source":7,"value":12520},{"target":19,"source":7,"value":1084},{"target":20,"source":7,"value":566},{"target":21,"source":13,"value":311153},{"target":22,"source":13,"value":45735},{"target":23,"source":13,"value":1196},{"target":24,"source":13,"value":6222}],"Ontario":[{"target":1,"source":0,"value":991324},{"target":2,"source":0,"value":151019},{"target":3,"source":0,"value":1987510},{"target":4,"source":0,"value":327656},{"target":5,"source":1,"value":129458},{"target":6,"source":1,"value":5577},{"target":7,"source":1,"value":856289},{"target":8,"source":2,"value":137648},{"target":9,"source":2,"value":12},{"target":10,"source":2,"value":13359},{"target":11,"source":3,"value":276891},{"target":12,"source":3,"value":2510},{"target":13,"source":3,"value":1708109},{"target":14,"source":4,"value":327656},{"target":15,"source":4,"value":0},{"target":16,"source":4,"value":0},{"target":17,"source":7,"value":801135},{"target":18,"source":7,"value":41754},{"target":19,"source":7,"value":787},{"target":20,"source":7,"value":12613},{"target":21,"source":13,"value":1648844},{"target":22,"source":13,"value":42643},{"target":23,"source":13,"value":836},{"target":24,"source":13,"value":15786}],"Manitoba":[{"target":1,"source":0,"value":29604},{"target":2,"source":0,"value":840},{"target":3,"source":0,"value":137904},{"target":4,"source":0,"value":2571},{"target":5,"source":1,"value":5202},{"target":6,"source":1,"value":0},{"target":7,"source":1,"value":24402},{"target":8,"source":2,"value":682},{"target":9,"source":2,"value":0},{"target":10,"source":2,"value":158},{"target":11,"source":3,"value":11210},{"target":12,"source":3,"value":0},{"target":13,"source":3,"value":126694},{"target":14,"source":4,"value":2571},{"target":15,"source":4,"value":0},{"target":16,"source":4,"value":0},{"target":17,"source":7,"value":23550},{"target":18,"source":7,"value":794},{"target":19,"source":7,"value":0},{"target":20,"source":7,"value":58},{"target":21,"source":13,"value":121288},{"target":22,"source":13,"value":5060},{"target":23,"source":13,"value":0},{"target":24,"source":13,"value":346}],"Saskatchewan":[{"target":1,"source":0,"value":10893},{"target":2,"source":0,"value":250},{"target":3,"source":0,"value":41863},{"target":4,"source":0,"value":937},{"target":5,"source":1,"value":3251},{"target":6,"source":1,"value":0},{"target":7,"source":1,"value":7642},{"target":8,"source":2,"value":218},{"target":9,"source":2,"value":0},{"target":10,"source":2,"value":32},{"target":11,"source":3,"value":8565},{"target":12,"source":3,"value":0},{"target":13,"source":3,"value":33298},{"target":14,"source":4,"value":937},{"target":15,"source":4,"value":0},{"target":16,"source":4,"value":0},{"target":17,"source":7,"value":7394},{"target":18,"source":7,"value":165},{"target":19,"source":7,"value":0},{"target":20,"source":7,"value":83},{"target":21,"source":13,"value":31708},{"target":22,"source":13,"value":1274},{"target":23,"source":13,"value":0},{"target":24,"source":13,"value":316}],"Alberta":[{"target":1,"source":0,"value":43769},{"target":2,"source":0,"value":27329},{"target":3,"source":0,"value":149746},{"target":4,"source":0,"value":52828},{"target":5,"source":1,"value":30767},{"target":6,"source":1,"value":0},{"target":7,"source":1,"value":13002},{"target":8,"source":2,"value":26967},{"target":9,"source":2,"value":0},{"target":10,"source":2,"value":362},{"target":11,"source":3,"value":103485},{"target":12,"source":3,"value":0},{"target":13,"source":3,"value":46261},{"target":14,"source":4,"value":52828},{"target":15,"source":4,"value":0},{"target":16,"source":4,"value":0},{"target":17,"source":7,"value":12793},{"target":18,"source":7,"value":115},{"target":19,"source":7,"value":0},{"target":20,"source":7,"value":94},{"target":21,"source":13,"value":45412},{"target":22,"source":13,"value":653},{"target":23,"source":13,"value":0},{"target":24,"source":13,"value":196}],"British Columbia":[{"target":1,"source":0,"value":419972},{"target":2,"source":0,"value":141462},{"target":3,"source":0,"value":987507},{"target":4,"source":0,"value":106065},{"target":5,"source":1,"value":69254},{"target":6,"source":1,"value":79488},{"target":7,"source":1,"value":271230},{"target":8,"source":2,"value":85863},{"target":9,"source":2,"value":21439},{"target":10,"source":2,"value":34160},{"target":11,"source":3,"value":107704},{"target":12,"source":3,"value":21747},{"target":13,"source":3,"value":858056},{"target":14,"source":4,"value":105367},{"target":15,"source":4,"value":0},{"target":16,"source":4,"value":698},{"target":17,"source":7,"value":240580},{"target":18,"source":7,"value":9936},{"target":19,"source":7,"value":4897},{"target":20,"source":7,"value":15817},{"target":21,"source":13,"value":828323},{"target":22,"source":13,"value":17974},{"target":23,"source":13,"value":2542},{"target":24,"source":13,"value":9217}],"Yukon":[{"target":1,"source":0,"value":30869},{"target":2,"source":0,"value":5049},{"target":3,"source":0,"value":8724},{"target":4,"source":0,"value":69},{"target":5,"source":1,"value":59},{"target":6,"source":1,"value":483},{"target":7,"source":1,"value":30327},{"target":8,"source":2,"value":399},{"target":9,"source":2,"value":128},{"target":10,"source":2,"value":4522},{"target":11,"source":3,"value":15},{"target":12,"source":3,"value":70},{"target":13,"source":3,"value":8639},{"target":14,"source":4,"value":69},{"target":15,"source":4,"value":0},{"target":16,"source":4,"value":0},{"target":17,"source":7,"value":10709},{"target":18,"source":7,"value":9646},{"target":19,"source":7,"value":9913},{"target":20,"source":7,"value":59},{"target":21,"source":13,"value":6343},{"target":22,"source":13,"value":2194},{"target":23,"source":13,"value":26},{"target":24,"source":13,"value":76}],"Nunavut":[{"target":1,"source":0,"value":123},{"target":2,"source":0,"value":114},{"target":3,"source":0,"value":49},{"target":4,"source":0,"value":7},{"target":5,"source":1,"value":123},{"target":6,"source":1,"value":0},{"target":7,"source":1,"value":0},{"target":8,"source":2,"value":114},{"target":9,"source":2,"value":0},{"target":10,"source":2,"value":".."},{"target":11,"source":3,"value":49},{"target":12,"source":3,"value":0},{"target":13,"source":3,"value":0},{"target":14,"source":4,"value":7},{"target":15,"source":4,"value":0},{"target":16,"source":4,"value":".."},{"target":17,"source":7,"value":".."},{"target":18,"source":7,"value":".."},{"target":19,"source":7,"value":".."},{"target":20,"source":7,"value":0},{"target":21,"source":13,"value":".."},{"target":22,"source":13,"value":".."},{"target":23,"source":13,"value":".."},{"target":24,"source":13,"value":0}],"nodes":[{"node":0,"name":"intl"},{"node":1,"name":"USres"},{"node":2,"name":"nonUSres"},{"node":3,"name":"cdnFromUS"},{"node":4,"name":"cdnFromOther"},{"node":5,"name":"USres_air"},{"node":6,"name":"USres_marine"},{"node":7,"name":"USres_land"},{"node":8,"name":"nonUSres_air"},{"node":9,"name":"nonUSres_marine"},{"node":10,"name":"nonUSres_land"},{"node":11,"name":"cdnFromUS_air"},{"node":12,"name":"cdnFromUS_marine"},{"node":13,"name":"cdnFromUS_land"},{"node":14,"name":"cdnFromOther_air"},{"node":15,"name":"cdnFromOther_marine"},{"node":16,"name":"cdnFromOther_land"},{"node":17,"name":"USres_car"},{"node":18,"name":"USres_bus"},{"node":19,"name":"USres_train"},{"node":20,"name":"USres_other"},{"node":21,"name":"cdnFromUS_car"},{"node":22,"name":"cdnFromUS_bus"},{"node":23,"name":"cdnFromUS_train"},{"node":24,"name":"cdnFromUS_other"}]}