{"Canada":[{"target":1,"source":0,"value":1726071},{"target":2,"source":0,"value":410826},{"target":3,"source":0,"value":4632761},{"target":4,"source":0,"value":696716},{"target":5,"source":1,"value":327090},{"target":6,"source":1,"value":80380},{"target":7,"source":1,"value":1318601},{"target":8,"source":2,"value":333527},{"target":9,"source":2,"value":25448},{"target":10,"source":2,"value":51851},{"target":11,"source":3,"value":635854},{"target":12,"source":3,"value":28849},{"target":13,"source":3,"value":3968058},{"target":14,"source":4,"value":695857},{"target":15,"source":4,"value":1},{"target":16,"source":4,"value":858},{"target":17,"source":7,"value":1195410},{"target":18,"source":7,"value":75644},{"target":19,"source":7,"value":17296},{"target":20,"source":7,"value":30251},{"target":21,"source":13,"value":3806490},{"target":22,"source":13,"value":124432},{"target":23,"source":13,"value":5362},{"target":24,"source":13,"value":31774}],"Newfoundland and Labrador":[{"target":1,"source":0,"value":2654},{"target":2,"source":0,"value":1999},{"target":3,"source":0,"value":1747},{"target":4,"source":0,"value":3038},{"target":5,"source":1,"value":2643},{"target":6,"source":1,"value":11},{"target":7,"source":1,"value":0},{"target":8,"source":2,"value":1851},{"target":9,"source":2,"value":148},{"target":10,"source":2,"value":0},{"target":11,"source":3,"value":1747},{"target":12,"source":3,"value":0},{"target":13,"source":3,"value":0},{"target":14,"source":4,"value":3038},{"target":15,"source":4,"value":0},{"target":16,"source":4,"value":0},{"target":17,"source":7,"value":0},{"target":18,"source":7,"value":0},{"target":19,"source":7,"value":0},{"target":20,"source":7,"value":0},{"target":21,"source":13,"value":0},{"target":22,"source":13,"value":0},{"target":23,"source":13,"value":0},{"target":24,"source":13,"value":0}],"Prince Edward Island":[{"target":1,"source":0,"value":20},{"target":2,"source":0,"value":1},{"target":3,"source":0,"value":13},{"target":4,"source":0,"value":0},{"target":5,"source":1,"value":20},{"target":6,"source":1,"value":0},{"target":7,"source":1,"value":0},{"target":8,"source":2,"value":0},{"target":9,"source":2,"value":1},{"target":10,"source":2,"value":0},{"target":11,"source":3,"value":13},{"target":12,"source":3,"value":0},{"target":13,"source":3,"value":0},{"target":14,"source":4,"value":0},{"target":15,"source":4,"value":0},{"target":16,"source":4,"value":0},{"target":17,"source":7,"value":0},{"target":18,"source":7,"value":0},{"target":19,"source":7,"value":0},{"target":20,"source":7,"value":0},{"target":21,"source":13,"value":0},{"target":22,"source":13,"value":0},{"target":23,"source":13,"value":0},{"target":24,"source":13,"value":0}],"Nova Scotia":[{"target":1,"source":0,"value":8279},{"target":2,"source":0,"value":4432},{"target":3,"source":0,"value":13974},{"target":4,"source":0,"value":17540},{"target":5,"source":1,"value":3910},{"target":6,"source":1,"value":4369},{"target":7,"source":1,"value":0},{"target":8,"source":2,"value":3737},{"target":9,"source":2,"value":695},{"target":10,"source":2,"value":0},{"target":11,"source":3,"value":12999},{"target":12,"source":3,"value":975},{"target":13,"source":3,"value":0},{"target":14,"source":4,"value":17539},{"target":15,"source":4,"value":1},{"target":16,"source":4,"value":0},{"target":17,"source":7,"value":0},{"target":18,"source":7,"value":0},{"target":19,"source":7,"value":0},{"target":20,"source":7,"value":0},{"target":21,"source":13,"value":0},{"target":22,"source":13,"value":0},{"target":23,"source":13,"value":0},{"target":24,"source":13,"value":0}],"New Brunswick":[{"target":1,"source":0,"value":70571},{"target":2,"source":0,"value":253},{"target":3,"source":0,"value":339205},{"target":4,"source":0,"value":3621},{"target":5,"source":1,"value":380},{"target":6,"source":1,"value":7},{"target":7,"source":1,"value":70184},{"target":8,"source":2,"value":52},{"target":9,"source":2,"value":5},{"target":10,"source":2,"value":196},{"target":11,"source":3,"value":1251},{"target":12,"source":3,"value":47},{"target":13,"source":3,"value":337907},{"target":14,"source":4,"value":3621},{"target":15,"source":4,"value":0},{"target":16,"source":4,"value":0},{"target":17,"source":7,"value":69139},{"target":18,"source":7,"value":443},{"target":19,"source":7,"value":0},{"target":20,"source":7,"value":602},{"target":21,"source":13,"value":332916},{"target":22,"source":13,"value":3342},{"target":23,"source":13,"value":0},{"target":24,"source":13,"value":1649}],"Quebec":[{"target":1,"source":0,"value":168732},{"target":2,"source":0,"value":73359},{"target":3,"source":0,"value":447740},{"target":4,"source":0,"value":144365},{"target":5,"source":1,"value":53025},{"target":6,"source":1,"value":110},{"target":7,"source":1,"value":115597},{"target":8,"source":2,"value":63954},{"target":9,"source":2,"value":26},{"target":10,"source":2,"value":9379},{"target":11,"source":3,"value":82103},{"target":12,"source":3,"value":9},{"target":13,"source":3,"value":365628},{"target":14,"source":4,"value":144365},{"target":15,"source":4,"value":0},{"target":16,"source":4,"value":0},{"target":17,"source":7,"value":101012},{"target":18,"source":7,"value":12492},{"target":19,"source":7,"value":1597},{"target":20,"source":7,"value":496},{"target":21,"source":13,"value":319232},{"target":22,"source":13,"value":41608},{"target":23,"source":13,"value":1414},{"target":24,"source":13,"value":3374}],"Ontario":[{"target":1,"source":0,"value":957508},{"target":2,"source":0,"value":157356},{"target":3,"source":0,"value":2232864},{"target":4,"source":0,"value":356599},{"target":5,"source":1,"value":147094},{"target":6,"source":1,"value":4002},{"target":7,"source":1,"value":806412},{"target":8,"source":2,"value":143616},{"target":9,"source":2,"value":9},{"target":10,"source":2,"value":13731},{"target":11,"source":3,"value":297132},{"target":12,"source":3,"value":1554},{"target":13,"source":3,"value":1934178},{"target":14,"source":4,"value":356599},{"target":15,"source":4,"value":0},{"target":16,"source":4,"value":0},{"target":17,"source":7,"value":749146},{"target":18,"source":7,"value":43292},{"target":19,"source":7,"value":957},{"target":20,"source":7,"value":13017},{"target":21,"source":13,"value":1864852},{"target":22,"source":13,"value":52971},{"target":23,"source":13,"value":931},{"target":24,"source":13,"value":15424}],"Manitoba":[{"target":1,"source":0,"value":26600},{"target":2,"source":0,"value":962},{"target":3,"source":0,"value":135592},{"target":4,"source":0,"value":1989},{"target":5,"source":1,"value":4988},{"target":6,"source":1,"value":0},{"target":7,"source":1,"value":21612},{"target":8,"source":2,"value":691},{"target":9,"source":2,"value":0},{"target":10,"source":2,"value":271},{"target":11,"source":3,"value":11151},{"target":12,"source":3,"value":0},{"target":13,"source":3,"value":124441},{"target":14,"source":4,"value":1989},{"target":15,"source":4,"value":0},{"target":16,"source":4,"value":0},{"target":17,"source":7,"value":20874},{"target":18,"source":7,"value":690},{"target":19,"source":7,"value":0},{"target":20,"source":7,"value":48},{"target":21,"source":13,"value":120015},{"target":22,"source":13,"value":4219},{"target":23,"source":13,"value":0},{"target":24,"source":13,"value":207}],"Saskatchewan":[{"target":1,"source":0,"value":11063},{"target":2,"source":0,"value":240},{"target":3,"source":0,"value":47461},{"target":4,"source":0,"value":1165},{"target":5,"source":1,"value":3621},{"target":6,"source":1,"value":0},{"target":7,"source":1,"value":7442},{"target":8,"source":2,"value":221},{"target":9,"source":2,"value":0},{"target":10,"source":2,"value":19},{"target":11,"source":3,"value":9904},{"target":12,"source":3,"value":0},{"target":13,"source":3,"value":37557},{"target":14,"source":4,"value":1165},{"target":15,"source":4,"value":0},{"target":16,"source":4,"value":0},{"target":17,"source":7,"value":7253},{"target":18,"source":7,"value":130},{"target":19,"source":7,"value":0},{"target":20,"source":7,"value":59},{"target":21,"source":13,"value":36038},{"target":22,"source":13,"value":1257},{"target":23,"source":13,"value":0},{"target":24,"source":13,"value":262}],"Alberta":[{"target":1,"source":0,"value":45541},{"target":2,"source":0,"value":25231},{"target":3,"source":0,"value":161006},{"target":4,"source":0,"value":65084},{"target":5,"source":1,"value":33263},{"target":6,"source":1,"value":0},{"target":7,"source":1,"value":12278},{"target":8,"source":2,"value":25203},{"target":9,"source":2,"value":0},{"target":10,"source":2,"value":28},{"target":11,"source":3,"value":107750},{"target":12,"source":3,"value":0},{"target":13,"source":3,"value":53256},{"target":14,"source":4,"value":65084},{"target":15,"source":4,"value":0},{"target":16,"source":4,"value":0},{"target":17,"source":7,"value":12086},{"target":18,"source":7,"value":145},{"target":19,"source":7,"value":0},{"target":20,"source":7,"value":47},{"target":21,"source":13,"value":52425},{"target":22,"source":13,"value":619},{"target":23,"source":13,"value":0},{"target":24,"source":13,"value":212}],"British Columbia":[{"target":1,"source":0,"value":406402},{"target":2,"source":0,"value":142310},{"target":3,"source":0,"value":1244699},{"target":4,"source":0,"value":103248},{"target":5,"source":1,"value":78038},{"target":6,"source":1,"value":71881},{"target":7,"source":1,"value":256483},{"target":8,"source":2,"value":93723},{"target":9,"source":2,"value":24564},{"target":10,"source":2,"value":24023},{"target":11,"source":3,"value":111764},{"target":12,"source":3,"value":26264},{"target":13,"source":3,"value":1106671},{"target":14,"source":4,"value":102390},{"target":15,"source":4,"value":0},{"target":16,"source":4,"value":858},{"target":17,"source":7,"value":225728},{"target":18,"source":7,"value":8929},{"target":19,"source":7,"value":5931},{"target":20,"source":7,"value":15895},{"target":21,"source":13,"value":1073947},{"target":22,"source":13,"value":19126},{"target":23,"source":13,"value":3017},{"target":24,"source":13,"value":10581}],"Yukon":[{"target":1,"source":0,"value":28638},{"target":2,"source":0,"value":4616},{"target":3,"source":0,"value":8432},{"target":4,"source":0,"value":41},{"target":5,"source":1,"value":45},{"target":6,"source":1,"value":0},{"target":7,"source":1,"value":28593},{"target":8,"source":2,"value":412},{"target":9,"source":2,"value":0},{"target":10,"source":2,"value":4204},{"target":11,"source":3,"value":12},{"target":12,"source":3,"value":0},{"target":13,"source":3,"value":8420},{"target":14,"source":4,"value":41},{"target":15,"source":4,"value":0},{"target":16,"source":4,"value":0},{"target":17,"source":7,"value":10172},{"target":18,"source":7,"value":9523},{"target":19,"source":7,"value":8811},{"target":20,"source":7,"value":87},{"target":21,"source":13,"value":7065},{"target":22,"source":13,"value":1290},{"target":23,"source":13,"value":0},{"target":24,"source":13,"value":65}],"Nunavut":[{"target":1,"source":0,"value":63},{"target":2,"source":0,"value":67},{"target":3,"source":0,"value":28},{"target":4,"source":0,"value":26},{"target":5,"source":1,"value":63},{"target":6,"source":1,"value":0},{"target":7,"source":1,"value":0},{"target":8,"source":2,"value":67},{"target":9,"source":2,"value":0},{"target":10,"source":2,"value":".."},{"target":11,"source":3,"value":28},{"target":12,"source":3,"value":0},{"target":13,"source":3,"value":0},{"target":14,"source":4,"value":26},{"target":15,"source":4,"value":0},{"target":16,"source":4,"value":".."},{"target":17,"source":7,"value":".."},{"target":18,"source":7,"value":".."},{"target":19,"source":7,"value":".."},{"target":20,"source":7,"value":0},{"target":21,"source":13,"value":".."},{"target":22,"source":13,"value":".."},{"target":23,"source":13,"value":".."},{"target":24,"source":13,"value":0}],"nodes":[{"node":0,"name":"intl"},{"node":1,"name":"USres"},{"node":2,"name":"nonUSres"},{"node":3,"name":"cdnFromUS"},{"node":4,"name":"cdnFromOther"},{"node":5,"name":"USres_air"},{"node":6,"name":"USres_marine"},{"node":7,"name":"USres_land"},{"node":8,"name":"nonUSres_air"},{"node":9,"name":"nonUSres_marine"},{"node":10,"name":"nonUSres_land"},{"node":11,"name":"cdnFromUS_air"},{"node":12,"name":"cdnFromUS_marine"},{"node":13,"name":"cdnFromUS_land"},{"node":14,"name":"cdnFromOther_air"},{"node":15,"name":"cdnFromOther_marine"},{"node":16,"name":"cdnFromOther_land"},{"node":17,"name":"USres_car"},{"node":18,"name":"USres_bus"},{"node":19,"name":"USres_train"},{"node":20,"name":"USres_other"},{"node":21,"name":"cdnFromUS_car"},{"node":22,"name":"cdnFromUS_bus"},{"node":23,"name":"cdnFromUS_train"},{"node":24,"name":"cdnFromUS_other"}]}