{"Canada":[{"target":1,"source":0,"value":998865},{"target":2,"source":0,"value":194574},{"target":3,"source":0,"value":3238595},{"target":4,"source":0,"value":889261},{"target":5,"source":1,"value":188555},{"target":6,"source":1,"value":156},{"target":7,"source":1,"value":810154},{"target":8,"source":2,"value":174942},{"target":9,"source":2,"value":91},{"target":10,"source":2,"value":19541},{"target":11,"source":3,"value":647969},{"target":12,"source":3,"value":241},{"target":13,"source":3,"value":2590385},{"target":14,"source":4,"value":888799},{"target":15,"source":4,"value":4},{"target":16,"source":4,"value":458},{"target":17,"source":7,"value":752323},{"target":18,"source":7,"value":42782},{"target":19,"source":7,"value":3309},{"target":20,"source":7,"value":11740},{"target":21,"source":13,"value":2513682},{"target":22,"source":13,"value":62417},{"target":23,"source":13,"value":2879},{"target":24,"source":13,"value":11407}],"Newfoundland and Labrador":[{"target":1,"source":0,"value":1537},{"target":2,"source":0,"value":1315},{"target":3,"source":0,"value":660},{"target":4,"source":0,"value":190},{"target":5,"source":1,"value":1536},{"target":6,"source":1,"value":1},{"target":7,"source":1,"value":0},{"target":8,"source":2,"value":1284},{"target":9,"source":2,"value":31},{"target":10,"source":2,"value":0},{"target":11,"source":3,"value":660},{"target":12,"source":3,"value":0},{"target":13,"source":3,"value":0},{"target":14,"source":4,"value":186},{"target":15,"source":4,"value":4},{"target":16,"source":4,"value":0},{"target":17,"source":7,"value":0},{"target":18,"source":7,"value":0},{"target":19,"source":7,"value":0},{"target":20,"source":7,"value":0},{"target":21,"source":13,"value":0},{"target":22,"source":13,"value":0},{"target":23,"source":13,"value":0},{"target":24,"source":13,"value":0}],"Prince Edward Island":[{"target":1,"source":0,"value":0},{"target":2,"source":0,"value":0},{"target":3,"source":0,"value":3},{"target":4,"source":0,"value":0},{"target":5,"source":1,"value":0},{"target":6,"source":1,"value":0},{"target":7,"source":1,"value":0},{"target":8,"source":2,"value":0},{"target":9,"source":2,"value":0},{"target":10,"source":2,"value":0},{"target":11,"source":3,"value":3},{"target":12,"source":3,"value":0},{"target":13,"source":3,"value":0},{"target":14,"source":4,"value":0},{"target":15,"source":4,"value":0},{"target":16,"source":4,"value":0},{"target":17,"source":7,"value":0},{"target":18,"source":7,"value":0},{"target":19,"source":7,"value":0},{"target":20,"source":7,"value":0},{"target":21,"source":13,"value":0},{"target":22,"source":13,"value":0},{"target":23,"source":13,"value":0},{"target":24,"source":13,"value":0}],"Nova Scotia":[{"target":1,"source":0,"value":1674},{"target":2,"source":0,"value":1536},{"target":3,"source":0,"value":11121},{"target":4,"source":0,"value":13799},{"target":5,"source":1,"value":1674},{"target":6,"source":1,"value":0},{"target":7,"source":1,"value":0},{"target":8,"source":2,"value":1509},{"target":9,"source":2,"value":27},{"target":10,"source":2,"value":0},{"target":11,"source":3,"value":11121},{"target":12,"source":3,"value":0},{"target":13,"source":3,"value":0},{"target":14,"source":4,"value":13799},{"target":15,"source":4,"value":0},{"target":16,"source":4,"value":0},{"target":17,"source":7,"value":0},{"target":18,"source":7,"value":0},{"target":19,"source":7,"value":0},{"target":20,"source":7,"value":0},{"target":21,"source":13,"value":0},{"target":22,"source":13,"value":0},{"target":23,"source":13,"value":0},{"target":24,"source":13,"value":0}],"New Brunswick":[{"target":1,"source":0,"value":47334},{"target":2,"source":0,"value":121},{"target":3,"source":0,"value":219503},{"target":4,"source":0,"value":689},{"target":5,"source":1,"value":185},{"target":6,"source":1,"value":0},{"target":7,"source":1,"value":47149},{"target":8,"source":2,"value":27},{"target":9,"source":2,"value":8},{"target":10,"source":2,"value":86},{"target":11,"source":3,"value":968},{"target":12,"source":3,"value":4},{"target":13,"source":3,"value":218531},{"target":14,"source":4,"value":689},{"target":15,"source":4,"value":0},{"target":16,"source":4,"value":0},{"target":17,"source":7,"value":46507},{"target":18,"source":7,"value":181},{"target":19,"source":7,"value":0},{"target":20,"source":7,"value":461},{"target":21,"source":13,"value":216839},{"target":22,"source":13,"value":957},{"target":23,"source":13,"value":0},{"target":24,"source":13,"value":735}],"Quebec":[{"target":1,"source":0,"value":114688},{"target":2,"source":0,"value":44661},{"target":3,"source":0,"value":279599},{"target":4,"source":0,"value":214866},{"target":5,"source":1,"value":28290},{"target":6,"source":1,"value":0},{"target":7,"source":1,"value":86398},{"target":8,"source":2,"value":42605},{"target":9,"source":2,"value":15},{"target":10,"source":2,"value":2041},{"target":11,"source":3,"value":92409},{"target":12,"source":3,"value":0},{"target":13,"source":3,"value":187190},{"target":14,"source":4,"value":214866},{"target":15,"source":4,"value":0},{"target":16,"source":4,"value":0},{"target":17,"source":7,"value":75781},{"target":18,"source":7,"value":8753},{"target":19,"source":7,"value":991},{"target":20,"source":7,"value":873},{"target":21,"source":13,"value":171621},{"target":22,"source":13,"value":14122},{"target":23,"source":13,"value":1077},{"target":24,"source":13,"value":370}],"Ontario":[{"target":1,"source":0,"value":544430},{"target":2,"source":0,"value":68675},{"target":3,"source":0,"value":1612847},{"target":4,"source":0,"value":420042},{"target":5,"source":1,"value":87538},{"target":6,"source":1,"value":10},{"target":7,"source":1,"value":456882},{"target":8,"source":2,"value":65059},{"target":9,"source":2,"value":0},{"target":10,"source":2,"value":3616},{"target":11,"source":3,"value":286495},{"target":12,"source":3,"value":92},{"target":13,"source":3,"value":1326260},{"target":14,"source":4,"value":420042},{"target":15,"source":4,"value":0},{"target":16,"source":4,"value":0},{"target":17,"source":7,"value":422577},{"target":18,"source":7,"value":29150},{"target":19,"source":7,"value":466},{"target":20,"source":7,"value":4689},{"target":21,"source":13,"value":1287671},{"target":22,"source":13,"value":33297},{"target":23,"source":13,"value":494},{"target":24,"source":13,"value":4798}],"Manitoba":[{"target":1,"source":0,"value":15785},{"target":2,"source":0,"value":413},{"target":3,"source":0,"value":99808},{"target":4,"source":0,"value":21546},{"target":5,"source":1,"value":2835},{"target":6,"source":1,"value":0},{"target":7,"source":1,"value":12950},{"target":8,"source":2,"value":363},{"target":9,"source":2,"value":0},{"target":10,"source":2,"value":50},{"target":11,"source":3,"value":15728},{"target":12,"source":3,"value":0},{"target":13,"source":3,"value":84080},{"target":14,"source":4,"value":21546},{"target":15,"source":4,"value":0},{"target":16,"source":4,"value":0},{"target":17,"source":7,"value":12230},{"target":18,"source":7,"value":719},{"target":19,"source":7,"value":0},{"target":20,"source":7,"value":1},{"target":21,"source":13,"value":80700},{"target":22,"source":13,"value":3194},{"target":23,"source":13,"value":0},{"target":24,"source":13,"value":186}],"Saskatchewan":[{"target":1,"source":0,"value":5078},{"target":2,"source":0,"value":123},{"target":3,"source":0,"value":34904},{"target":4,"source":0,"value":20189},{"target":5,"source":1,"value":1625},{"target":6,"source":1,"value":0},{"target":7,"source":1,"value":3453},{"target":8,"source":2,"value":102},{"target":9,"source":2,"value":0},{"target":10,"source":2,"value":21},{"target":11,"source":3,"value":12146},{"target":12,"source":3,"value":0},{"target":13,"source":3,"value":22758},{"target":14,"source":4,"value":20189},{"target":15,"source":4,"value":0},{"target":16,"source":4,"value":0},{"target":17,"source":7,"value":3434},{"target":18,"source":7,"value":0},{"target":19,"source":7,"value":0},{"target":20,"source":7,"value":19},{"target":21,"source":13,"value":22383},{"target":22,"source":13,"value":308},{"target":23,"source":13,"value":0},{"target":24,"source":13,"value":67}],"Alberta":[{"target":1,"source":0,"value":27394},{"target":2,"source":0,"value":15301},{"target":3,"source":0,"value":144282},{"target":4,"source":0,"value":85225},{"target":5,"source":1,"value":22718},{"target":6,"source":1,"value":0},{"target":7,"source":1,"value":4676},{"target":8,"source":2,"value":15267},{"target":9,"source":2,"value":0},{"target":10,"source":2,"value":34},{"target":11,"source":3,"value":111381},{"target":12,"source":3,"value":0},{"target":13,"source":3,"value":32901},{"target":14,"source":4,"value":85225},{"target":15,"source":4,"value":0},{"target":16,"source":4,"value":0},{"target":17,"source":7,"value":4550},{"target":18,"source":7,"value":114},{"target":19,"source":7,"value":0},{"target":20,"source":7,"value":12},{"target":21,"source":13,"value":31834},{"target":22,"source":13,"value":1043},{"target":23,"source":13,"value":0},{"target":24,"source":13,"value":24}],"British Columbia":[{"target":1,"source":0,"value":238978},{"target":2,"source":0,"value":62285},{"target":3,"source":0,"value":834982},{"target":4,"source":0,"value":112690},{"target":5,"source":1,"value":42082},{"target":6,"source":1,"value":145},{"target":7,"source":1,"value":196751},{"target":8,"source":2,"value":48621},{"target":9,"source":2,"value":10},{"target":10,"source":2,"value":13654},{"target":11,"source":3,"value":116989},{"target":12,"source":3,"value":145},{"target":13,"source":3,"value":717848},{"target":14,"source":4,"value":112232},{"target":15,"source":4,"value":0},{"target":16,"source":4,"value":458},{"target":17,"source":7,"value":185352},{"target":18,"source":7,"value":3863},{"target":19,"source":7,"value":1852},{"target":20,"source":7,"value":5684},{"target":21,"source":13,"value":701905},{"target":22,"source":13,"value":9421},{"target":23,"source":13,"value":1308},{"target":24,"source":13,"value":5214}],"Yukon":[{"target":1,"source":0,"value":1949},{"target":2,"source":0,"value":40},{"target":3,"source":0,"value":870},{"target":4,"source":0,"value":2},{"target":5,"source":1,"value":54},{"target":6,"source":1,"value":0},{"target":7,"source":1,"value":1895},{"target":8,"source":2,"value":1},{"target":9,"source":2,"value":0},{"target":10,"source":2,"value":39},{"target":11,"source":3,"value":53},{"target":12,"source":3,"value":0},{"target":13,"source":3,"value":817},{"target":14,"source":4,"value":2},{"target":15,"source":4,"value":0},{"target":16,"source":4,"value":0},{"target":17,"source":7,"value":1892},{"target":18,"source":7,"value":2},{"target":19,"source":7,"value":0},{"target":20,"source":7,"value":1},{"target":21,"source":13,"value":729},{"target":22,"source":13,"value":75},{"target":23,"source":13,"value":0},{"target":24,"source":13,"value":13}],"Nunavut":[{"target":1,"source":0,"value":18},{"target":2,"source":0,"value":104},{"target":3,"source":0,"value":16},{"target":4,"source":0,"value":23},{"target":5,"source":1,"value":18},{"target":6,"source":1,"value":0},{"target":7,"source":1,"value":0},{"target":8,"source":2,"value":104},{"target":9,"source":2,"value":0},{"target":10,"source":2,"value":".."},{"target":11,"source":3,"value":16},{"target":12,"source":3,"value":0},{"target":13,"source":3,"value":0},{"target":14,"source":4,"value":23},{"target":15,"source":4,"value":0},{"target":16,"source":4,"value":".."},{"target":17,"source":7,"value":".."},{"target":18,"source":7,"value":".."},{"target":19,"source":7,"value":".."},{"target":20,"source":7,"value":0},{"target":21,"source":13,"value":".."},{"target":22,"source":13,"value":".."},{"target":23,"source":13,"value":".."},{"target":24,"source":13,"value":0}],"nodes":[{"node":0,"name":"intl"},{"node":1,"name":"USres"},{"node":2,"name":"nonUSres"},{"node":3,"name":"cdnFromUS"},{"node":4,"name":"cdnFromOther"},{"node":5,"name":"USres_air"},{"node":6,"name":"USres_marine"},{"node":7,"name":"USres_land"},{"node":8,"name":"nonUSres_air"},{"node":9,"name":"nonUSres_marine"},{"node":10,"name":"nonUSres_land"},{"node":11,"name":"cdnFromUS_air"},{"node":12,"name":"cdnFromUS_marine"},{"node":13,"name":"cdnFromUS_land"},{"node":14,"name":"cdnFromOther_air"},{"node":15,"name":"cdnFromOther_marine"},{"node":16,"name":"cdnFromOther_land"},{"node":17,"name":"USres_car"},{"node":18,"name":"USres_bus"},{"node":19,"name":"USres_train"},{"node":20,"name":"USres_other"},{"node":21,"name":"cdnFromUS_car"},{"node":22,"name":"cdnFromUS_bus"},{"node":23,"name":"cdnFromUS_train"},{"node":24,"name":"cdnFromUS_other"}]}