{"Canada":[{"target":1,"source":0,"value":1399238},{"target":2,"source":0,"value":302726},{"target":3,"source":0,"value":4092197},{"target":4,"source":0,"value":690154},{"target":5,"source":1,"value":264323},{"target":6,"source":1,"value":398},{"target":7,"source":1,"value":1134517},{"target":8,"source":2,"value":274979},{"target":9,"source":2,"value":120},{"target":10,"source":2,"value":27627},{"target":11,"source":3,"value":587419},{"target":12,"source":3,"value":135},{"target":13,"source":3,"value":3504643},{"target":14,"source":4,"value":689543},{"target":15,"source":4,"value":5},{"target":16,"source":4,"value":606},{"target":17,"source":7,"value":1064993},{"target":18,"source":7,"value":49521},{"target":19,"source":7,"value":4955},{"target":20,"source":7,"value":15048},{"target":21,"source":13,"value":3411091},{"target":22,"source":13,"value":75826},{"target":23,"source":13,"value":3437},{"target":24,"source":13,"value":14289}],"Newfoundland and Labrador":[{"target":1,"source":0,"value":1282},{"target":2,"source":0,"value":1255},{"target":3,"source":0,"value":853},{"target":4,"source":0,"value":231},{"target":5,"source":1,"value":1281},{"target":6,"source":1,"value":1},{"target":7,"source":1,"value":0},{"target":8,"source":2,"value":1174},{"target":9,"source":2,"value":81},{"target":10,"source":2,"value":0},{"target":11,"source":3,"value":853},{"target":12,"source":3,"value":0},{"target":13,"source":3,"value":0},{"target":14,"source":4,"value":228},{"target":15,"source":4,"value":3},{"target":16,"source":4,"value":0},{"target":17,"source":7,"value":0},{"target":18,"source":7,"value":0},{"target":19,"source":7,"value":0},{"target":20,"source":7,"value":0},{"target":21,"source":13,"value":0},{"target":22,"source":13,"value":0},{"target":23,"source":13,"value":0},{"target":24,"source":13,"value":0}],"Prince Edward Island":[{"target":1,"source":0,"value":14},{"target":2,"source":0,"value":4},{"target":3,"source":0,"value":0},{"target":4,"source":0,"value":0},{"target":5,"source":1,"value":14},{"target":6,"source":1,"value":0},{"target":7,"source":1,"value":0},{"target":8,"source":2,"value":4},{"target":9,"source":2,"value":0},{"target":10,"source":2,"value":0},{"target":11,"source":3,"value":0},{"target":12,"source":3,"value":0},{"target":13,"source":3,"value":0},{"target":14,"source":4,"value":0},{"target":15,"source":4,"value":0},{"target":16,"source":4,"value":0},{"target":17,"source":7,"value":0},{"target":18,"source":7,"value":0},{"target":19,"source":7,"value":0},{"target":20,"source":7,"value":0},{"target":21,"source":13,"value":0},{"target":22,"source":13,"value":0},{"target":23,"source":13,"value":0},{"target":24,"source":13,"value":0}],"Nova Scotia":[{"target":1,"source":0,"value":3804},{"target":2,"source":0,"value":2522},{"target":3,"source":0,"value":8663},{"target":4,"source":0,"value":3918},{"target":5,"source":1,"value":3804},{"target":6,"source":1,"value":0},{"target":7,"source":1,"value":0},{"target":8,"source":2,"value":2509},{"target":9,"source":2,"value":13},{"target":10,"source":2,"value":0},{"target":11,"source":3,"value":8661},{"target":12,"source":3,"value":2},{"target":13,"source":3,"value":0},{"target":14,"source":4,"value":3918},{"target":15,"source":4,"value":0},{"target":16,"source":4,"value":0},{"target":17,"source":7,"value":0},{"target":18,"source":7,"value":0},{"target":19,"source":7,"value":0},{"target":20,"source":7,"value":0},{"target":21,"source":13,"value":0},{"target":22,"source":13,"value":0},{"target":23,"source":13,"value":0},{"target":24,"source":13,"value":0}],"New Brunswick":[{"target":1,"source":0,"value":61040},{"target":2,"source":0,"value":177},{"target":3,"source":0,"value":298159},{"target":4,"source":0,"value":167},{"target":5,"source":1,"value":481},{"target":6,"source":1,"value":0},{"target":7,"source":1,"value":60559},{"target":8,"source":2,"value":98},{"target":9,"source":2,"value":5},{"target":10,"source":2,"value":74},{"target":11,"source":3,"value":912},{"target":12,"source":3,"value":2},{"target":13,"source":3,"value":297245},{"target":14,"source":4,"value":167},{"target":15,"source":4,"value":0},{"target":16,"source":4,"value":0},{"target":17,"source":7,"value":60108},{"target":18,"source":7,"value":123},{"target":19,"source":7,"value":0},{"target":20,"source":7,"value":328},{"target":21,"source":13,"value":294922},{"target":22,"source":13,"value":1632},{"target":23,"source":13,"value":0},{"target":24,"source":13,"value":691}],"Quebec":[{"target":1,"source":0,"value":149293},{"target":2,"source":0,"value":57458},{"target":3,"source":0,"value":320522},{"target":4,"source":0,"value":151346},{"target":5,"source":1,"value":36258},{"target":6,"source":1,"value":0},{"target":7,"source":1,"value":113035},{"target":8,"source":2,"value":53922},{"target":9,"source":2,"value":17},{"target":10,"source":2,"value":3519},{"target":11,"source":3,"value":76322},{"target":12,"source":3,"value":0},{"target":13,"source":3,"value":244200},{"target":14,"source":4,"value":151344},{"target":15,"source":4,"value":2},{"target":16,"source":4,"value":0},{"target":17,"source":7,"value":103930},{"target":18,"source":7,"value":7420},{"target":19,"source":7,"value":1571},{"target":20,"source":7,"value":114},{"target":21,"source":13,"value":228392},{"target":22,"source":13,"value":14275},{"target":23,"source":13,"value":1258},{"target":24,"source":13,"value":275}],"Ontario":[{"target":1,"source":0,"value":801390},{"target":2,"source":0,"value":129052},{"target":3,"source":0,"value":2015497},{"target":4,"source":0,"value":329780},{"target":5,"source":1,"value":128057},{"target":6,"source":1,"value":235},{"target":7,"source":1,"value":673098},{"target":8,"source":2,"value":123819},{"target":9,"source":2,"value":1},{"target":10,"source":2,"value":5232},{"target":11,"source":3,"value":258950},{"target":12,"source":3,"value":27},{"target":13,"source":3,"value":1756520},{"target":14,"source":4,"value":329780},{"target":15,"source":4,"value":0},{"target":16,"source":4,"value":0},{"target":17,"source":7,"value":631373},{"target":18,"source":7,"value":37449},{"target":19,"source":7,"value":642},{"target":20,"source":7,"value":3634},{"target":21,"source":13,"value":1707568},{"target":22,"source":13,"value":42923},{"target":23,"source":13,"value":594},{"target":24,"source":13,"value":5435}],"Manitoba":[{"target":1,"source":0,"value":23835},{"target":2,"source":0,"value":1097},{"target":3,"source":0,"value":108101},{"target":4,"source":0,"value":9717},{"target":5,"source":1,"value":5264},{"target":6,"source":1,"value":0},{"target":7,"source":1,"value":18571},{"target":8,"source":2,"value":871},{"target":9,"source":2,"value":0},{"target":10,"source":2,"value":226},{"target":11,"source":3,"value":11707},{"target":12,"source":3,"value":0},{"target":13,"source":3,"value":96394},{"target":14,"source":4,"value":9717},{"target":15,"source":4,"value":0},{"target":16,"source":4,"value":0},{"target":17,"source":7,"value":18330},{"target":18,"source":7,"value":238},{"target":19,"source":7,"value":0},{"target":20,"source":7,"value":3},{"target":21,"source":13,"value":94116},{"target":22,"source":13,"value":2268},{"target":23,"source":13,"value":0},{"target":24,"source":13,"value":10}],"Saskatchewan":[{"target":1,"source":0,"value":8563},{"target":2,"source":0,"value":307},{"target":3,"source":0,"value":36753},{"target":4,"source":0,"value":10135},{"target":5,"source":1,"value":3153},{"target":6,"source":1,"value":0},{"target":7,"source":1,"value":5410},{"target":8,"source":2,"value":283},{"target":9,"source":2,"value":0},{"target":10,"source":2,"value":24},{"target":11,"source":3,"value":10830},{"target":12,"source":3,"value":0},{"target":13,"source":3,"value":25923},{"target":14,"source":4,"value":10135},{"target":15,"source":4,"value":0},{"target":16,"source":4,"value":0},{"target":17,"source":7,"value":5375},{"target":18,"source":7,"value":10},{"target":19,"source":7,"value":0},{"target":20,"source":7,"value":25},{"target":21,"source":13,"value":25415},{"target":22,"source":13,"value":470},{"target":23,"source":13,"value":0},{"target":24,"source":13,"value":38}],"Alberta":[{"target":1,"source":0,"value":39533},{"target":2,"source":0,"value":18427},{"target":3,"source":0,"value":135816},{"target":4,"source":0,"value":73244},{"target":5,"source":1,"value":31975},{"target":6,"source":1,"value":0},{"target":7,"source":1,"value":7558},{"target":8,"source":2,"value":18402},{"target":9,"source":2,"value":0},{"target":10,"source":2,"value":25},{"target":11,"source":3,"value":102203},{"target":12,"source":3,"value":0},{"target":13,"source":3,"value":33613},{"target":14,"source":4,"value":73244},{"target":15,"source":4,"value":0},{"target":16,"source":4,"value":0},{"target":17,"source":7,"value":7524},{"target":18,"source":7,"value":14},{"target":19,"source":7,"value":0},{"target":20,"source":7,"value":20},{"target":21,"source":13,"value":33395},{"target":22,"source":13,"value":172},{"target":23,"source":13,"value":0},{"target":24,"source":13,"value":46}],"British Columbia":[{"target":1,"source":0,"value":308552},{"target":2,"source":0,"value":92356},{"target":3,"source":0,"value":1166944},{"target":4,"source":0,"value":111608},{"target":5,"source":1,"value":53943},{"target":6,"source":1,"value":162},{"target":7,"source":1,"value":254447},{"target":8,"source":2,"value":73846},{"target":9,"source":2,"value":3},{"target":10,"source":2,"value":18507},{"target":11,"source":3,"value":116953},{"target":12,"source":3,"value":104},{"target":13,"source":3,"value":1049887},{"target":14,"source":4,"value":111002},{"target":15,"source":4,"value":0},{"target":16,"source":4,"value":606},{"target":17,"source":7,"value":236514},{"target":18,"source":7,"value":4267},{"target":19,"source":7,"value":2742},{"target":20,"source":7,"value":10924},{"target":21,"source":13,"value":1026422},{"target":22,"source":13,"value":14086},{"target":23,"source":13,"value":1585},{"target":24,"source":13,"value":7794}],"Yukon":[{"target":1,"source":0,"value":1873},{"target":2,"source":0,"value":20},{"target":3,"source":0,"value":861},{"target":4,"source":0,"value":0},{"target":5,"source":1,"value":34},{"target":6,"source":1,"value":0},{"target":7,"source":1,"value":1839},{"target":8,"source":2,"value":0},{"target":9,"source":2,"value":0},{"target":10,"source":2,"value":20},{"target":11,"source":3,"value":0},{"target":12,"source":3,"value":0},{"target":13,"source":3,"value":861},{"target":14,"source":4,"value":0},{"target":15,"source":4,"value":0},{"target":16,"source":4,"value":0},{"target":17,"source":7,"value":1839},{"target":18,"source":7,"value":0},{"target":19,"source":7,"value":0},{"target":20,"source":7,"value":0},{"target":21,"source":13,"value":861},{"target":22,"source":13,"value":0},{"target":23,"source":13,"value":0},{"target":24,"source":13,"value":0}],"Nunavut":[{"target":1,"source":0,"value":59},{"target":2,"source":0,"value":51},{"target":3,"source":0,"value":28},{"target":4,"source":0,"value":8},{"target":5,"source":1,"value":59},{"target":6,"source":1,"value":0},{"target":7,"source":1,"value":0},{"target":8,"source":2,"value":51},{"target":9,"source":2,"value":0},{"target":10,"source":2,"value":".."},{"target":11,"source":3,"value":28},{"target":12,"source":3,"value":0},{"target":13,"source":3,"value":0},{"target":14,"source":4,"value":8},{"target":15,"source":4,"value":0},{"target":16,"source":4,"value":".."},{"target":17,"source":7,"value":".."},{"target":18,"source":7,"value":".."},{"target":19,"source":7,"value":".."},{"target":20,"source":7,"value":0},{"target":21,"source":13,"value":".."},{"target":22,"source":13,"value":".."},{"target":23,"source":13,"value":".."},{"target":24,"source":13,"value":0}],"nodes":[{"node":0,"name":"intl"},{"node":1,"name":"USres"},{"node":2,"name":"nonUSres"},{"node":3,"name":"cdnFromUS"},{"node":4,"name":"cdnFromOther"},{"node":5,"name":"USres_air"},{"node":6,"name":"USres_marine"},{"node":7,"name":"USres_land"},{"node":8,"name":"nonUSres_air"},{"node":9,"name":"nonUSres_marine"},{"node":10,"name":"nonUSres_land"},{"node":11,"name":"cdnFromUS_air"},{"node":12,"name":"cdnFromUS_marine"},{"node":13,"name":"cdnFromUS_land"},{"node":14,"name":"cdnFromOther_air"},{"node":15,"name":"cdnFromOther_marine"},{"node":16,"name":"cdnFromOther_land"},{"node":17,"name":"USres_car"},{"node":18,"name":"USres_bus"},{"node":19,"name":"USres_train"},{"node":20,"name":"USres_other"},{"node":21,"name":"cdnFromUS_car"},{"node":22,"name":"cdnFromUS_bus"},{"node":23,"name":"cdnFromUS_train"},{"node":24,"name":"cdnFromUS_other"}]}