{"Canada":[{"target":1,"source":0,"value":1322884},{"target":2,"source":0,"value":288496},{"target":3,"source":0,"value":4583046},{"target":4,"source":0,"value":895054},{"target":5,"source":1,"value":239970},{"target":6,"source":1,"value":3060},{"target":7,"source":1,"value":1079854},{"target":8,"source":2,"value":253979},{"target":9,"source":2,"value":1070},{"target":10,"source":2,"value":33447},{"target":11,"source":3,"value":769529},{"target":12,"source":3,"value":1993},{"target":13,"source":3,"value":3811524},{"target":14,"source":4,"value":894060},{"target":15,"source":4,"value":216},{"target":16,"source":4,"value":778},{"target":17,"source":7,"value":1010445},{"target":18,"source":7,"value":46008},{"target":19,"source":7,"value":4950},{"target":20,"source":7,"value":18451},{"target":21,"source":13,"value":3682249},{"target":22,"source":13,"value":106983},{"target":23,"source":13,"value":3678},{"target":24,"source":13,"value":18614}],"Newfoundland and Labrador":[{"target":1,"source":0,"value":2613},{"target":2,"source":0,"value":2364},{"target":3,"source":0,"value":1986},{"target":4,"source":0,"value":5014},{"target":5,"source":1,"value":2613},{"target":6,"source":1,"value":0},{"target":7,"source":1,"value":0},{"target":8,"source":2,"value":2058},{"target":9,"source":2,"value":306},{"target":10,"source":2,"value":0},{"target":11,"source":3,"value":1984},{"target":12,"source":3,"value":2},{"target":13,"source":3,"value":0},{"target":14,"source":4,"value":4798},{"target":15,"source":4,"value":216},{"target":16,"source":4,"value":0},{"target":17,"source":7,"value":0},{"target":18,"source":7,"value":0},{"target":19,"source":7,"value":0},{"target":20,"source":7,"value":0},{"target":21,"source":13,"value":0},{"target":22,"source":13,"value":0},{"target":23,"source":13,"value":0},{"target":24,"source":13,"value":0}],"Prince Edward Island":[{"target":1,"source":0,"value":7},{"target":2,"source":0,"value":5},{"target":3,"source":0,"value":20},{"target":4,"source":0,"value":0},{"target":5,"source":1,"value":7},{"target":6,"source":1,"value":0},{"target":7,"source":1,"value":0},{"target":8,"source":2,"value":5},{"target":9,"source":2,"value":0},{"target":10,"source":2,"value":0},{"target":11,"source":3,"value":20},{"target":12,"source":3,"value":0},{"target":13,"source":3,"value":0},{"target":14,"source":4,"value":0},{"target":15,"source":4,"value":0},{"target":16,"source":4,"value":0},{"target":17,"source":7,"value":0},{"target":18,"source":7,"value":0},{"target":19,"source":7,"value":0},{"target":20,"source":7,"value":0},{"target":21,"source":13,"value":0},{"target":22,"source":13,"value":0},{"target":23,"source":13,"value":0},{"target":24,"source":13,"value":0}],"Nova Scotia":[{"target":1,"source":0,"value":3873},{"target":2,"source":0,"value":3604},{"target":3,"source":0,"value":19433},{"target":4,"source":0,"value":36143},{"target":5,"source":1,"value":3074},{"target":6,"source":1,"value":799},{"target":7,"source":1,"value":0},{"target":8,"source":2,"value":3004},{"target":9,"source":2,"value":600},{"target":10,"source":2,"value":0},{"target":11,"source":3,"value":19218},{"target":12,"source":3,"value":215},{"target":13,"source":3,"value":0},{"target":14,"source":4,"value":36143},{"target":15,"source":4,"value":0},{"target":16,"source":4,"value":0},{"target":17,"source":7,"value":0},{"target":18,"source":7,"value":0},{"target":19,"source":7,"value":0},{"target":20,"source":7,"value":0},{"target":21,"source":13,"value":0},{"target":22,"source":13,"value":0},{"target":23,"source":13,"value":0},{"target":24,"source":13,"value":0}],"New Brunswick":[{"target":1,"source":0,"value":59535},{"target":2,"source":0,"value":146},{"target":3,"source":0,"value":323763},{"target":4,"source":0,"value":7250},{"target":5,"source":1,"value":165},{"target":6,"source":1,"value":0},{"target":7,"source":1,"value":59370},{"target":8,"source":2,"value":36},{"target":9,"source":2,"value":6},{"target":10,"source":2,"value":104},{"target":11,"source":3,"value":1932},{"target":12,"source":3,"value":14},{"target":13,"source":3,"value":321817},{"target":14,"source":4,"value":7250},{"target":15,"source":4,"value":0},{"target":16,"source":4,"value":0},{"target":17,"source":7,"value":58571},{"target":18,"source":7,"value":367},{"target":19,"source":7,"value":0},{"target":20,"source":7,"value":432},{"target":21,"source":13,"value":317827},{"target":22,"source":13,"value":2849},{"target":23,"source":13,"value":0},{"target":24,"source":13,"value":1141}],"Quebec":[{"target":1,"source":0,"value":143921},{"target":2,"source":0,"value":57450},{"target":3,"source":0,"value":465752},{"target":4,"source":0,"value":215350},{"target":5,"source":1,"value":38581},{"target":6,"source":1,"value":0},{"target":7,"source":1,"value":105340},{"target":8,"source":2,"value":53047},{"target":9,"source":2,"value":22},{"target":10,"source":2,"value":4381},{"target":11,"source":3,"value":111696},{"target":12,"source":3,"value":0},{"target":13,"source":3,"value":354056},{"target":14,"source":4,"value":215350},{"target":15,"source":4,"value":0},{"target":16,"source":4,"value":0},{"target":17,"source":7,"value":94351},{"target":18,"source":7,"value":9315},{"target":19,"source":7,"value":1495},{"target":20,"source":7,"value":179},{"target":21,"source":13,"value":314451},{"target":22,"source":13,"value":37289},{"target":23,"source":13,"value":1149},{"target":24,"source":13,"value":1167}],"Ontario":[{"target":1,"source":0,"value":765018},{"target":2,"source":0,"value":126166},{"target":3,"source":0,"value":2200960},{"target":4,"source":0,"value":399646},{"target":5,"source":1,"value":117874},{"target":6,"source":1,"value":244},{"target":7,"source":1,"value":646900},{"target":8,"source":2,"value":117158},{"target":9,"source":2,"value":3},{"target":10,"source":2,"value":9005},{"target":11,"source":3,"value":330949},{"target":12,"source":3,"value":116},{"target":13,"source":3,"value":1869895},{"target":14,"source":4,"value":399646},{"target":15,"source":4,"value":0},{"target":16,"source":4,"value":0},{"target":17,"source":7,"value":610195},{"target":18,"source":7,"value":29997},{"target":19,"source":7,"value":775},{"target":20,"source":7,"value":5933},{"target":21,"source":13,"value":1817337},{"target":22,"source":13,"value":43063},{"target":23,"source":13,"value":675},{"target":24,"source":13,"value":8820}],"Manitoba":[{"target":1,"source":0,"value":18146},{"target":2,"source":0,"value":721},{"target":3,"source":0,"value":131247},{"target":4,"source":0,"value":9341},{"target":5,"source":1,"value":3536},{"target":6,"source":1,"value":0},{"target":7,"source":1,"value":14610},{"target":8,"source":2,"value":548},{"target":9,"source":2,"value":0},{"target":10,"source":2,"value":173},{"target":11,"source":3,"value":16067},{"target":12,"source":3,"value":0},{"target":13,"source":3,"value":115180},{"target":14,"source":4,"value":9341},{"target":15,"source":4,"value":0},{"target":16,"source":4,"value":0},{"target":17,"source":7,"value":14223},{"target":18,"source":7,"value":358},{"target":19,"source":7,"value":0},{"target":20,"source":7,"value":29},{"target":21,"source":13,"value":111584},{"target":22,"source":13,"value":3514},{"target":23,"source":13,"value":0},{"target":24,"source":13,"value":82}],"Saskatchewan":[{"target":1,"source":0,"value":7536},{"target":2,"source":0,"value":237},{"target":3,"source":0,"value":47536},{"target":4,"source":0,"value":5513},{"target":5,"source":1,"value":2292},{"target":6,"source":1,"value":0},{"target":7,"source":1,"value":5244},{"target":8,"source":2,"value":218},{"target":9,"source":2,"value":0},{"target":10,"source":2,"value":19},{"target":11,"source":3,"value":12287},{"target":12,"source":3,"value":0},{"target":13,"source":3,"value":35249},{"target":14,"source":4,"value":5513},{"target":15,"source":4,"value":0},{"target":16,"source":4,"value":0},{"target":17,"source":7,"value":5144},{"target":18,"source":7,"value":49},{"target":19,"source":7,"value":0},{"target":20,"source":7,"value":51},{"target":21,"source":13,"value":34397},{"target":22,"source":13,"value":714},{"target":23,"source":13,"value":0},{"target":24,"source":13,"value":138}],"Alberta":[{"target":1,"source":0,"value":31954},{"target":2,"source":0,"value":16304},{"target":3,"source":0,"value":207591},{"target":4,"source":0,"value":92535},{"target":5,"source":1,"value":24334},{"target":6,"source":1,"value":0},{"target":7,"source":1,"value":7620},{"target":8,"source":2,"value":16232},{"target":9,"source":2,"value":0},{"target":10,"source":2,"value":72},{"target":11,"source":3,"value":133018},{"target":12,"source":3,"value":0},{"target":13,"source":3,"value":74573},{"target":14,"source":4,"value":92535},{"target":15,"source":4,"value":0},{"target":16,"source":4,"value":0},{"target":17,"source":7,"value":7480},{"target":18,"source":7,"value":136},{"target":19,"source":7,"value":0},{"target":20,"source":7,"value":4},{"target":21,"source":13,"value":73974},{"target":22,"source":13,"value":542},{"target":23,"source":13,"value":0},{"target":24,"source":13,"value":57}],"British Columbia":[{"target":1,"source":0,"value":286025},{"target":2,"source":0,"value":81294},{"target":3,"source":0,"value":1180702},{"target":4,"source":0,"value":124188},{"target":5,"source":1,"value":47433},{"target":6,"source":1,"value":2017},{"target":7,"source":1,"value":236575},{"target":8,"source":2,"value":61587},{"target":9,"source":2,"value":133},{"target":10,"source":2,"value":19574},{"target":11,"source":3,"value":142319},{"target":12,"source":3,"value":1646},{"target":13,"source":3,"value":1036737},{"target":14,"source":4,"value":123410},{"target":15,"source":4,"value":0},{"target":16,"source":4,"value":778},{"target":17,"source":7,"value":216359},{"target":18,"source":7,"value":5737},{"target":19,"source":7,"value":2661},{"target":20,"source":7,"value":11818},{"target":21,"source":13,"value":1008676},{"target":22,"source":13,"value":19000},{"target":23,"source":13,"value":1854},{"target":24,"source":13,"value":7207}],"Yukon":[{"target":1,"source":0,"value":4223},{"target":2,"source":0,"value":119},{"target":3,"source":0,"value":4030},{"target":4,"source":0,"value":0},{"target":5,"source":1,"value":28},{"target":6,"source":1,"value":0},{"target":7,"source":1,"value":4195},{"target":8,"source":2,"value":0},{"target":9,"source":2,"value":0},{"target":10,"source":2,"value":119},{"target":11,"source":3,"value":13},{"target":12,"source":3,"value":0},{"target":13,"source":3,"value":4017},{"target":14,"source":4,"value":0},{"target":15,"source":4,"value":0},{"target":16,"source":4,"value":0},{"target":17,"source":7,"value":4122},{"target":18,"source":7,"value":49},{"target":19,"source":7,"value":19},{"target":20,"source":7,"value":5},{"target":21,"source":13,"value":4003},{"target":22,"source":13,"value":12},{"target":23,"source":13,"value":0},{"target":24,"source":13,"value":2}],"Nunavut":[{"target":1,"source":0,"value":33},{"target":2,"source":0,"value":86},{"target":3,"source":0,"value":26},{"target":4,"source":0,"value":74},{"target":5,"source":1,"value":33},{"target":6,"source":1,"value":0},{"target":7,"source":1,"value":0},{"target":8,"source":2,"value":86},{"target":9,"source":2,"value":0},{"target":10,"source":2,"value":".."},{"target":11,"source":3,"value":26},{"target":12,"source":3,"value":0},{"target":13,"source":3,"value":0},{"target":14,"source":4,"value":74},{"target":15,"source":4,"value":0},{"target":16,"source":4,"value":".."},{"target":17,"source":7,"value":".."},{"target":18,"source":7,"value":".."},{"target":19,"source":7,"value":".."},{"target":20,"source":7,"value":0},{"target":21,"source":13,"value":".."},{"target":22,"source":13,"value":".."},{"target":23,"source":13,"value":".."},{"target":24,"source":13,"value":0}],"nodes":[{"node":0,"name":"intl"},{"node":1,"name":"USres"},{"node":2,"name":"nonUSres"},{"node":3,"name":"cdnFromUS"},{"node":4,"name":"cdnFromOther"},{"node":5,"name":"USres_air"},{"node":6,"name":"USres_marine"},{"node":7,"name":"USres_land"},{"node":8,"name":"nonUSres_air"},{"node":9,"name":"nonUSres_marine"},{"node":10,"name":"nonUSres_land"},{"node":11,"name":"cdnFromUS_air"},{"node":12,"name":"cdnFromUS_marine"},{"node":13,"name":"cdnFromUS_land"},{"node":14,"name":"cdnFromOther_air"},{"node":15,"name":"cdnFromOther_marine"},{"node":16,"name":"cdnFromOther_land"},{"node":17,"name":"USres_car"},{"node":18,"name":"USres_bus"},{"node":19,"name":"USres_train"},{"node":20,"name":"USres_other"},{"node":21,"name":"cdnFromUS_car"},{"node":22,"name":"cdnFromUS_bus"},{"node":23,"name":"cdnFromUS_train"},{"node":24,"name":"cdnFromUS_other"}]}