{"Canada":[{"target":1,"source":0,"value":2362694},{"target":2,"source":0,"value":544175},{"target":3,"source":0,"value":4126786},{"target":4,"source":0,"value":556284},{"target":5,"source":1,"value":458160},{"target":6,"source":1,"value":178096},{"target":7,"source":1,"value":1726438},{"target":8,"source":2,"value":451497},{"target":9,"source":2,"value":29748},{"target":10,"source":2,"value":62930},{"target":11,"source":3,"value":481138},{"target":12,"source":3,"value":18913},{"target":13,"source":3,"value":3626735},{"target":14,"source":4,"value":555742},{"target":15,"source":4,"value":12},{"target":16,"source":4,"value":530},{"target":17,"source":7,"value":1562860},{"target":18,"source":7,"value":93878},{"target":19,"source":7,"value":27089},{"target":20,"source":7,"value":42611},{"target":21,"source":13,"value":3488969},{"target":22,"source":13,"value":83615},{"target":23,"source":13,"value":3406},{"target":24,"source":13,"value":50745}],"Newfoundland and Labrador":[{"target":1,"source":0,"value":3373},{"target":2,"source":0,"value":3109},{"target":3,"source":0,"value":833},{"target":4,"source":0,"value":1483},{"target":5,"source":1,"value":3368},{"target":6,"source":1,"value":5},{"target":7,"source":1,"value":0},{"target":8,"source":2,"value":2887},{"target":9,"source":2,"value":222},{"target":10,"source":2,"value":0},{"target":11,"source":3,"value":833},{"target":12,"source":3,"value":0},{"target":13,"source":3,"value":0},{"target":14,"source":4,"value":1472},{"target":15,"source":4,"value":11},{"target":16,"source":4,"value":0},{"target":17,"source":7,"value":0},{"target":18,"source":7,"value":0},{"target":19,"source":7,"value":0},{"target":20,"source":7,"value":0},{"target":21,"source":13,"value":0},{"target":22,"source":13,"value":0},{"target":23,"source":13,"value":0},{"target":24,"source":13,"value":0}],"Prince Edward Island":[{"target":1,"source":0,"value":19},{"target":2,"source":0,"value":0},{"target":3,"source":0,"value":22},{"target":4,"source":0,"value":0},{"target":5,"source":1,"value":19},{"target":6,"source":1,"value":0},{"target":7,"source":1,"value":0},{"target":8,"source":2,"value":0},{"target":9,"source":2,"value":0},{"target":10,"source":2,"value":0},{"target":11,"source":3,"value":22},{"target":12,"source":3,"value":0},{"target":13,"source":3,"value":0},{"target":14,"source":4,"value":0},{"target":15,"source":4,"value":0},{"target":16,"source":4,"value":0},{"target":17,"source":7,"value":0},{"target":18,"source":7,"value":0},{"target":19,"source":7,"value":0},{"target":20,"source":7,"value":0},{"target":21,"source":13,"value":0},{"target":22,"source":13,"value":0},{"target":23,"source":13,"value":0},{"target":24,"source":13,"value":0}],"Nova Scotia":[{"target":1,"source":0,"value":19688},{"target":2,"source":0,"value":8242},{"target":3,"source":0,"value":7600},{"target":4,"source":0,"value":6048},{"target":5,"source":1,"value":8550},{"target":6,"source":1,"value":11138},{"target":7,"source":1,"value":0},{"target":8,"source":2,"value":6998},{"target":9,"source":2,"value":1244},{"target":10,"source":2,"value":0},{"target":11,"source":3,"value":6704},{"target":12,"source":3,"value":896},{"target":13,"source":3,"value":0},{"target":14,"source":4,"value":6048},{"target":15,"source":4,"value":0},{"target":16,"source":4,"value":0},{"target":17,"source":7,"value":0},{"target":18,"source":7,"value":0},{"target":19,"source":7,"value":0},{"target":20,"source":7,"value":0},{"target":21,"source":13,"value":0},{"target":22,"source":13,"value":0},{"target":23,"source":13,"value":0},{"target":24,"source":13,"value":0}],"New Brunswick":[{"target":1,"source":0,"value":110856},{"target":2,"source":0,"value":1656},{"target":3,"source":0,"value":324286},{"target":4,"source":0,"value":85},{"target":5,"source":1,"value":661},{"target":6,"source":1,"value":18409},{"target":7,"source":1,"value":91786},{"target":8,"source":2,"value":44},{"target":9,"source":2,"value":1159},{"target":10,"source":2,"value":453},{"target":11,"source":3,"value":635},{"target":12,"source":3,"value":444},{"target":13,"source":3,"value":323207},{"target":14,"source":4,"value":85},{"target":15,"source":4,"value":0},{"target":16,"source":4,"value":0},{"target":17,"source":7,"value":89546},{"target":18,"source":7,"value":1129},{"target":19,"source":7,"value":0},{"target":20,"source":7,"value":1111},{"target":21,"source":13,"value":319089},{"target":22,"source":13,"value":1382},{"target":23,"source":13,"value":0},{"target":24,"source":13,"value":2736}],"Quebec":[{"target":1,"source":0,"value":220180},{"target":2,"source":0,"value":97709},{"target":3,"source":0,"value":443407},{"target":4,"source":0,"value":137218},{"target":5,"source":1,"value":74267},{"target":6,"source":1,"value":173},{"target":7,"source":1,"value":145740},{"target":8,"source":2,"value":88871},{"target":9,"source":2,"value":43},{"target":10,"source":2,"value":8795},{"target":11,"source":3,"value":67501},{"target":12,"source":3,"value":153},{"target":13,"source":3,"value":375753},{"target":14,"source":4,"value":137217},{"target":15,"source":4,"value":1},{"target":16,"source":4,"value":0},{"target":17,"source":7,"value":129932},{"target":18,"source":7,"value":12247},{"target":19,"source":7,"value":2318},{"target":20,"source":7,"value":1243},{"target":21,"source":13,"value":342105},{"target":22,"source":13,"value":21162},{"target":23,"source":13,"value":1065},{"target":24,"source":13,"value":11421}],"Ontario":[{"target":1,"source":0,"value":1261170},{"target":2,"source":0,"value":217472},{"target":3,"source":0,"value":1963498},{"target":4,"source":0,"value":285420},{"target":5,"source":1,"value":196677},{"target":6,"source":1,"value":13038},{"target":7,"source":1,"value":1051455},{"target":8,"source":2,"value":203093},{"target":9,"source":2,"value":71},{"target":10,"source":2,"value":14308},{"target":11,"source":3,"value":234400},{"target":12,"source":3,"value":4128},{"target":13,"source":3,"value":1724970},{"target":14,"source":4,"value":285420},{"target":15,"source":4,"value":0},{"target":16,"source":4,"value":0},{"target":17,"source":7,"value":987324},{"target":18,"source":7,"value":45257},{"target":19,"source":7,"value":1234},{"target":20,"source":7,"value":17640},{"target":21,"source":13,"value":1661542},{"target":22,"source":13,"value":40521},{"target":23,"source":13,"value":619},{"target":24,"source":13,"value":22288}],"Manitoba":[{"target":1,"source":0,"value":43773},{"target":2,"source":0,"value":1564},{"target":3,"source":0,"value":115857},{"target":4,"source":0,"value":1299},{"target":5,"source":1,"value":9065},{"target":6,"source":1,"value":0},{"target":7,"source":1,"value":34708},{"target":8,"source":2,"value":1333},{"target":9,"source":2,"value":0},{"target":10,"source":2,"value":231},{"target":11,"source":3,"value":6828},{"target":12,"source":3,"value":0},{"target":13,"source":3,"value":109029},{"target":14,"source":4,"value":1299},{"target":15,"source":4,"value":0},{"target":16,"source":4,"value":0},{"target":17,"source":7,"value":34086},{"target":18,"source":7,"value":552},{"target":19,"source":7,"value":0},{"target":20,"source":7,"value":70},{"target":21,"source":13,"value":104879},{"target":22,"source":13,"value":2927},{"target":23,"source":13,"value":0},{"target":24,"source":13,"value":1223}],"Saskatchewan":[{"target":1,"source":0,"value":14365},{"target":2,"source":0,"value":484},{"target":3,"source":0,"value":30429},{"target":4,"source":0,"value":520},{"target":5,"source":1,"value":4883},{"target":6,"source":1,"value":0},{"target":7,"source":1,"value":9482},{"target":8,"source":2,"value":405},{"target":9,"source":2,"value":0},{"target":10,"source":2,"value":79},{"target":11,"source":3,"value":4787},{"target":12,"source":3,"value":0},{"target":13,"source":3,"value":25642},{"target":14,"source":4,"value":520},{"target":15,"source":4,"value":0},{"target":16,"source":4,"value":0},{"target":17,"source":7,"value":9275},{"target":18,"source":7,"value":106},{"target":19,"source":7,"value":0},{"target":20,"source":7,"value":101},{"target":21,"source":13,"value":24321},{"target":22,"source":13,"value":698},{"target":23,"source":13,"value":0},{"target":24,"source":13,"value":623}],"Alberta":[{"target":1,"source":0,"value":76880},{"target":2,"source":0,"value":35441},{"target":3,"source":0,"value":117138},{"target":4,"source":0,"value":41595},{"target":5,"source":1,"value":50338},{"target":6,"source":1,"value":0},{"target":7,"source":1,"value":26542},{"target":8,"source":2,"value":34344},{"target":9,"source":2,"value":0},{"target":10,"source":2,"value":1097},{"target":11,"source":3,"value":74478},{"target":12,"source":3,"value":0},{"target":13,"source":3,"value":42660},{"target":14,"source":4,"value":41595},{"target":15,"source":4,"value":0},{"target":16,"source":4,"value":0},{"target":17,"source":7,"value":24741},{"target":18,"source":7,"value":1570},{"target":19,"source":7,"value":0},{"target":20,"source":7,"value":231},{"target":21,"source":13,"value":41654},{"target":22,"source":13,"value":470},{"target":23,"source":13,"value":0},{"target":24,"source":13,"value":536}],"British Columbia":[{"target":1,"source":0,"value":553605},{"target":2,"source":0,"value":170057},{"target":3,"source":0,"value":1112433},{"target":4,"source":0,"value":82437},{"target":5,"source":1,"value":110146},{"target":6,"source":1,"value":135333},{"target":7,"source":1,"value":308126},{"target":8,"source":2,"value":112360},{"target":9,"source":2,"value":27009},{"target":10,"source":2,"value":30688},{"target":11,"source":3,"value":84848},{"target":12,"source":3,"value":13292},{"target":13,"source":3,"value":1014293},{"target":14,"source":4,"value":81907},{"target":15,"source":4,"value":0},{"target":16,"source":4,"value":530},{"target":17,"source":7,"value":270411},{"target":18,"source":7,"value":10721},{"target":19,"source":7,"value":5378},{"target":20,"source":7,"value":21616},{"target":21,"source":13,"value":987679},{"target":22,"source":13,"value":13115},{"target":23,"source":13,"value":1722},{"target":24,"source":13,"value":11777}],"Yukon":[{"target":1,"source":0,"value":58723},{"target":2,"source":0,"value":8396},{"target":3,"source":0,"value":11264},{"target":4,"source":0,"value":166},{"target":5,"source":1,"value":124},{"target":6,"source":1,"value":0},{"target":7,"source":1,"value":58599},{"target":8,"source":2,"value":1117},{"target":9,"source":2,"value":0},{"target":10,"source":2,"value":7279},{"target":11,"source":3,"value":83},{"target":12,"source":3,"value":0},{"target":13,"source":3,"value":11181},{"target":14,"source":4,"value":166},{"target":15,"source":4,"value":0},{"target":16,"source":4,"value":0},{"target":17,"source":7,"value":17545},{"target":18,"source":7,"value":22296},{"target":19,"source":7,"value":18159},{"target":20,"source":7,"value":599},{"target":21,"source":13,"value":7700},{"target":22,"source":13,"value":3340},{"target":23,"source":13,"value":0},{"target":24,"source":13,"value":141}],"Nunavut":[{"target":1,"source":0,"value":62},{"target":2,"source":0,"value":45},{"target":3,"source":0,"value":19},{"target":4,"source":0,"value":13},{"target":5,"source":1,"value":62},{"target":6,"source":1,"value":0},{"target":7,"source":1,"value":0},{"target":8,"source":2,"value":45},{"target":9,"source":2,"value":0},{"target":10,"source":2,"value":".."},{"target":11,"source":3,"value":19},{"target":12,"source":3,"value":0},{"target":13,"source":3,"value":0},{"target":14,"source":4,"value":13},{"target":15,"source":4,"value":0},{"target":16,"source":4,"value":".."},{"target":17,"source":7,"value":".."},{"target":18,"source":7,"value":".."},{"target":19,"source":7,"value":".."},{"target":20,"source":7,"value":0},{"target":21,"source":13,"value":".."},{"target":22,"source":13,"value":".."},{"target":23,"source":13,"value":".."},{"target":24,"source":13,"value":0}],"nodes":[{"node":0,"name":"intl"},{"node":1,"name":"USres"},{"node":2,"name":"nonUSres"},{"node":3,"name":"cdnFromUS"},{"node":4,"name":"cdnFromOther"},{"node":5,"name":"USres_air"},{"node":6,"name":"USres_marine"},{"node":7,"name":"USres_land"},{"node":8,"name":"nonUSres_air"},{"node":9,"name":"nonUSres_marine"},{"node":10,"name":"nonUSres_land"},{"node":11,"name":"cdnFromUS_air"},{"node":12,"name":"cdnFromUS_marine"},{"node":13,"name":"cdnFromUS_land"},{"node":14,"name":"cdnFromOther_air"},{"node":15,"name":"cdnFromOther_marine"},{"node":16,"name":"cdnFromOther_land"},{"node":17,"name":"USres_car"},{"node":18,"name":"USres_bus"},{"node":19,"name":"USres_train"},{"node":20,"name":"USres_other"},{"node":21,"name":"cdnFromUS_car"},{"node":22,"name":"cdnFromUS_bus"},{"node":23,"name":"cdnFromUS_train"},{"node":24,"name":"cdnFromUS_other"}]}