{"Canada":[{"target":1,"source":0,"value":2750521},{"target":2,"source":0,"value":623090},{"target":3,"source":0,"value":5941109},{"target":4,"source":0,"value":776549},{"target":5,"source":1,"value":429738},{"target":6,"source":1,"value":204513},{"target":7,"source":1,"value":2116270},{"target":8,"source":2,"value":504348},{"target":9,"source":2,"value":26899},{"target":10,"source":2,"value":91843},{"target":11,"source":3,"value":606107},{"target":12,"source":3,"value":37674},{"target":13,"source":3,"value":5297328},{"target":14,"source":4,"value":773232},{"target":15,"source":4,"value":2604},{"target":16,"source":4,"value":713},{"target":17,"source":7,"value":1921643},{"target":18,"source":7,"value":94409},{"target":19,"source":7,"value":30686},{"target":20,"source":7,"value":69532},{"target":21,"source":13,"value":5135394},{"target":22,"source":13,"value":83548},{"target":23,"source":13,"value":5782},{"target":24,"source":13,"value":72604}],"Newfoundland and Labrador":[{"target":1,"source":0,"value":4341},{"target":2,"source":0,"value":4795},{"target":3,"source":0,"value":2226},{"target":4,"source":0,"value":4159},{"target":5,"source":1,"value":2975},{"target":6,"source":1,"value":1366},{"target":7,"source":1,"value":0},{"target":8,"source":2,"value":2427},{"target":9,"source":2,"value":2368},{"target":10,"source":2,"value":0},{"target":11,"source":3,"value":2213},{"target":12,"source":3,"value":13},{"target":13,"source":3,"value":0},{"target":14,"source":4,"value":1630},{"target":15,"source":4,"value":2529},{"target":16,"source":4,"value":0},{"target":17,"source":7,"value":0},{"target":18,"source":7,"value":0},{"target":19,"source":7,"value":0},{"target":20,"source":7,"value":0},{"target":21,"source":13,"value":0},{"target":22,"source":13,"value":0},{"target":23,"source":13,"value":0},{"target":24,"source":13,"value":0}],"Prince Edward Island":[{"target":1,"source":0,"value":748},{"target":2,"source":0,"value":111},{"target":3,"source":0,"value":134},{"target":4,"source":0,"value":4},{"target":5,"source":1,"value":748},{"target":6,"source":1,"value":0},{"target":7,"source":1,"value":0},{"target":8,"source":2,"value":111},{"target":9,"source":2,"value":0},{"target":10,"source":2,"value":0},{"target":11,"source":3,"value":134},{"target":12,"source":3,"value":0},{"target":13,"source":3,"value":0},{"target":14,"source":4,"value":4},{"target":15,"source":4,"value":0},{"target":16,"source":4,"value":0},{"target":17,"source":7,"value":0},{"target":18,"source":7,"value":0},{"target":19,"source":7,"value":0},{"target":20,"source":7,"value":0},{"target":21,"source":13,"value":0},{"target":22,"source":13,"value":0},{"target":23,"source":13,"value":0},{"target":24,"source":13,"value":0}],"Nova Scotia":[{"target":1,"source":0,"value":25686},{"target":2,"source":0,"value":11196},{"target":3,"source":0,"value":8467},{"target":4,"source":0,"value":6550},{"target":5,"source":1,"value":11907},{"target":6,"source":1,"value":13779},{"target":7,"source":1,"value":0},{"target":8,"source":2,"value":9373},{"target":9,"source":2,"value":1823},{"target":10,"source":2,"value":0},{"target":11,"source":3,"value":6873},{"target":12,"source":3,"value":1594},{"target":13,"source":3,"value":0},{"target":14,"source":4,"value":6550},{"target":15,"source":4,"value":0},{"target":16,"source":4,"value":0},{"target":17,"source":7,"value":0},{"target":18,"source":7,"value":0},{"target":19,"source":7,"value":0},{"target":20,"source":7,"value":0},{"target":21,"source":13,"value":0},{"target":22,"source":13,"value":0},{"target":23,"source":13,"value":0},{"target":24,"source":13,"value":0}],"New Brunswick":[{"target":1,"source":0,"value":146645},{"target":2,"source":0,"value":2951},{"target":3,"source":0,"value":397306},{"target":4,"source":0,"value":93},{"target":5,"source":1,"value":738},{"target":6,"source":1,"value":22073},{"target":7,"source":1,"value":123834},{"target":8,"source":2,"value":56},{"target":9,"source":2,"value":1591},{"target":10,"source":2,"value":1304},{"target":11,"source":3,"value":593},{"target":12,"source":3,"value":885},{"target":13,"source":3,"value":395828},{"target":14,"source":4,"value":93},{"target":15,"source":4,"value":0},{"target":16,"source":4,"value":0},{"target":17,"source":7,"value":120264},{"target":18,"source":7,"value":1485},{"target":19,"source":7,"value":0},{"target":20,"source":7,"value":2085},{"target":21,"source":13,"value":389343},{"target":22,"source":13,"value":1447},{"target":23,"source":13,"value":0},{"target":24,"source":13,"value":5038}],"Quebec":[{"target":1,"source":0,"value":254016},{"target":2,"source":0,"value":122149},{"target":3,"source":0,"value":828930},{"target":4,"source":0,"value":202053},{"target":5,"source":1,"value":61643},{"target":6,"source":1,"value":724},{"target":7,"source":1,"value":191649},{"target":8,"source":2,"value":104781},{"target":9,"source":2,"value":57},{"target":10,"source":2,"value":17311},{"target":11,"source":3,"value":99936},{"target":12,"source":3,"value":4137},{"target":13,"source":3,"value":724857},{"target":14,"source":4,"value":202051},{"target":15,"source":4,"value":2},{"target":16,"source":4,"value":0},{"target":17,"source":7,"value":175989},{"target":18,"source":7,"value":12104},{"target":19,"source":7,"value":2377},{"target":20,"source":7,"value":1179},{"target":21,"source":13,"value":690669},{"target":22,"source":13,"value":21584},{"target":23,"source":13,"value":1811},{"target":24,"source":13,"value":10793}],"Ontario":[{"target":1,"source":0,"value":1455955},{"target":2,"source":0,"value":238336},{"target":3,"source":0,"value":2658350},{"target":4,"source":0,"value":398411},{"target":5,"source":1,"value":175331},{"target":6,"source":1,"value":22824},{"target":7,"source":1,"value":1257800},{"target":8,"source":2,"value":218104},{"target":9,"source":2,"value":108},{"target":10,"source":2,"value":20124},{"target":11,"source":3,"value":284262},{"target":12,"source":3,"value":10480},{"target":13,"source":3,"value":2363608},{"target":14,"source":4,"value":398411},{"target":15,"source":4,"value":0},{"target":16,"source":4,"value":0},{"target":17,"source":7,"value":1183273},{"target":18,"source":7,"value":42158},{"target":19,"source":7,"value":1540},{"target":20,"source":7,"value":30829},{"target":21,"source":13,"value":2289964},{"target":22,"source":13,"value":37383},{"target":23,"source":13,"value":1038},{"target":24,"source":13,"value":35223}],"Manitoba":[{"target":1,"source":0,"value":41586},{"target":2,"source":0,"value":1614},{"target":3,"source":0,"value":211127},{"target":4,"source":0,"value":2270},{"target":5,"source":1,"value":7761},{"target":6,"source":1,"value":0},{"target":7,"source":1,"value":33825},{"target":8,"source":2,"value":1351},{"target":9,"source":2,"value":0},{"target":10,"source":2,"value":263},{"target":11,"source":3,"value":8652},{"target":12,"source":3,"value":0},{"target":13,"source":3,"value":202475},{"target":14,"source":4,"value":2270},{"target":15,"source":4,"value":0},{"target":16,"source":4,"value":0},{"target":17,"source":7,"value":32950},{"target":18,"source":7,"value":721},{"target":19,"source":7,"value":0},{"target":20,"source":7,"value":154},{"target":21,"source":13,"value":198190},{"target":22,"source":13,"value":2745},{"target":23,"source":13,"value":0},{"target":24,"source":13,"value":1540}],"Saskatchewan":[{"target":1,"source":0,"value":13998},{"target":2,"source":0,"value":605},{"target":3,"source":0,"value":50380},{"target":4,"source":0,"value":903},{"target":5,"source":1,"value":4316},{"target":6,"source":1,"value":0},{"target":7,"source":1,"value":9682},{"target":8,"source":2,"value":485},{"target":9,"source":2,"value":0},{"target":10,"source":2,"value":120},{"target":11,"source":3,"value":6271},{"target":12,"source":3,"value":0},{"target":13,"source":3,"value":44109},{"target":14,"source":4,"value":903},{"target":15,"source":4,"value":0},{"target":16,"source":4,"value":0},{"target":17,"source":7,"value":9471},{"target":18,"source":7,"value":66},{"target":19,"source":7,"value":0},{"target":20,"source":7,"value":145},{"target":21,"source":13,"value":42003},{"target":22,"source":13,"value":526},{"target":23,"source":13,"value":0},{"target":24,"source":13,"value":1580}],"Alberta":[{"target":1,"source":0,"value":83132},{"target":2,"source":0,"value":35989},{"target":3,"source":0,"value":189723},{"target":4,"source":0,"value":56530},{"target":5,"source":1,"value":51684},{"target":6,"source":1,"value":0},{"target":7,"source":1,"value":31448},{"target":8,"source":2,"value":34741},{"target":9,"source":2,"value":0},{"target":10,"source":2,"value":1248},{"target":11,"source":3,"value":95755},{"target":12,"source":3,"value":0},{"target":13,"source":3,"value":93968},{"target":14,"source":4,"value":56530},{"target":15,"source":4,"value":0},{"target":16,"source":4,"value":0},{"target":17,"source":7,"value":28734},{"target":18,"source":7,"value":2056},{"target":19,"source":7,"value":0},{"target":20,"source":7,"value":658},{"target":21,"source":13,"value":91605},{"target":22,"source":13,"value":575},{"target":23,"source":13,"value":0},{"target":24,"source":13,"value":1788}],"British Columbia":[{"target":1,"source":0,"value":654124},{"target":2,"source":0,"value":194272},{"target":3,"source":0,"value":1579874},{"target":4,"source":0,"value":105293},{"target":5,"source":1,"value":112402},{"target":6,"source":1,"value":143710},{"target":7,"source":1,"value":398012},{"target":8,"source":2,"value":131555},{"target":9,"source":2,"value":20165},{"target":10,"source":2,"value":42552},{"target":11,"source":3,"value":101285},{"target":12,"source":3,"value":20565},{"target":13,"source":3,"value":1458024},{"target":14,"source":4,"value":104579},{"target":15,"source":4,"value":1},{"target":16,"source":4,"value":713},{"target":17,"source":7,"value":347165},{"target":18,"source":7,"value":10352},{"target":19,"source":7,"value":6454},{"target":20,"source":7,"value":34041},{"target":21,"source":13,"value":1422402},{"target":22,"source":13,"value":16176},{"target":23,"source":13,"value":2933},{"target":24,"source":13,"value":16513}],"Yukon":[{"target":1,"source":0,"value":70190},{"target":2,"source":0,"value":10211},{"target":3,"source":0,"value":14569},{"target":4,"source":0,"value":187},{"target":5,"source":1,"value":168},{"target":6,"source":1,"value":2},{"target":7,"source":1,"value":70020},{"target":8,"source":2,"value":1290},{"target":9,"source":2,"value":0},{"target":10,"source":2,"value":8921},{"target":11,"source":3,"value":110},{"target":12,"source":3,"value":0},{"target":13,"source":3,"value":14459},{"target":14,"source":4,"value":187},{"target":15,"source":4,"value":0},{"target":16,"source":4,"value":0},{"target":17,"source":7,"value":23797},{"target":18,"source":7,"value":25467},{"target":19,"source":7,"value":20315},{"target":20,"source":7,"value":441},{"target":21,"source":13,"value":11218},{"target":22,"source":13,"value":3112},{"target":23,"source":13,"value":0},{"target":24,"source":13,"value":129}],"Nunavut":[{"target":1,"source":0,"value":100},{"target":2,"source":0,"value":861},{"target":3,"source":0,"value":23},{"target":4,"source":0,"value":96},{"target":5,"source":1,"value":65},{"target":6,"source":1,"value":35},{"target":7,"source":1,"value":0},{"target":8,"source":2,"value":74},{"target":9,"source":2,"value":787},{"target":10,"source":2,"value":".."},{"target":11,"source":3,"value":23},{"target":12,"source":3,"value":0},{"target":13,"source":3,"value":0},{"target":14,"source":4,"value":24},{"target":15,"source":4,"value":72},{"target":16,"source":4,"value":".."},{"target":17,"source":7,"value":".."},{"target":18,"source":7,"value":".."},{"target":19,"source":7,"value":".."},{"target":20,"source":7,"value":0},{"target":21,"source":13,"value":".."},{"target":22,"source":13,"value":".."},{"target":23,"source":13,"value":".."},{"target":24,"source":13,"value":0}],"nodes":[{"node":0,"name":"intl"},{"node":1,"name":"USres"},{"node":2,"name":"nonUSres"},{"node":3,"name":"cdnFromUS"},{"node":4,"name":"cdnFromOther"},{"node":5,"name":"USres_air"},{"node":6,"name":"USres_marine"},{"node":7,"name":"USres_land"},{"node":8,"name":"nonUSres_air"},{"node":9,"name":"nonUSres_marine"},{"node":10,"name":"nonUSres_land"},{"node":11,"name":"cdnFromUS_air"},{"node":12,"name":"cdnFromUS_marine"},{"node":13,"name":"cdnFromUS_land"},{"node":14,"name":"cdnFromOther_air"},{"node":15,"name":"cdnFromOther_marine"},{"node":16,"name":"cdnFromOther_land"},{"node":17,"name":"USres_car"},{"node":18,"name":"USres_bus"},{"node":19,"name":"USres_train"},{"node":20,"name":"USres_other"},{"node":21,"name":"cdnFromUS_car"},{"node":22,"name":"cdnFromUS_bus"},{"node":23,"name":"cdnFromUS_train"},{"node":24,"name":"cdnFromUS_other"}]}