{"Canada":[{"target":1,"source":0,"value":3092497},{"target":2,"source":0,"value":683604},{"target":3,"source":0,"value":5410178},{"target":4,"source":0,"value":657926},{"target":5,"source":1,"value":488307},{"target":6,"source":1,"value":220678},{"target":7,"source":1,"value":2383512},{"target":8,"source":2,"value":565931},{"target":9,"source":2,"value":26959},{"target":10,"source":2,"value":90714},{"target":11,"source":3,"value":540945},{"target":12,"source":3,"value":38279},{"target":13,"source":3,"value":4830954},{"target":14,"source":4,"value":655306},{"target":15,"source":4,"value":2082},{"target":16,"source":4,"value":538},{"target":17,"source":7,"value":2186937},{"target":18,"source":7,"value":102260},{"target":19,"source":7,"value":31282},{"target":20,"source":7,"value":63033},{"target":21,"source":13,"value":4671696},{"target":22,"source":13,"value":83637},{"target":23,"source":13,"value":4708},{"target":24,"source":13,"value":70913}],"Newfoundland and Labrador":[{"target":1,"source":0,"value":4176},{"target":2,"source":0,"value":3912},{"target":3,"source":0,"value":2220},{"target":4,"source":0,"value":4070},{"target":5,"source":1,"value":4151},{"target":6,"source":1,"value":25},{"target":7,"source":1,"value":0},{"target":8,"source":2,"value":2870},{"target":9,"source":2,"value":1042},{"target":10,"source":2,"value":0},{"target":11,"source":3,"value":2200},{"target":12,"source":3,"value":20},{"target":13,"source":3,"value":0},{"target":14,"source":4,"value":1989},{"target":15,"source":4,"value":2081},{"target":16,"source":4,"value":0},{"target":17,"source":7,"value":0},{"target":18,"source":7,"value":0},{"target":19,"source":7,"value":0},{"target":20,"source":7,"value":0},{"target":21,"source":13,"value":0},{"target":22,"source":13,"value":0},{"target":23,"source":13,"value":0},{"target":24,"source":13,"value":0}],"Prince Edward Island":[{"target":1,"source":0,"value":913},{"target":2,"source":0,"value":116},{"target":3,"source":0,"value":146},{"target":4,"source":0,"value":19},{"target":5,"source":1,"value":913},{"target":6,"source":1,"value":0},{"target":7,"source":1,"value":0},{"target":8,"source":2,"value":116},{"target":9,"source":2,"value":0},{"target":10,"source":2,"value":0},{"target":11,"source":3,"value":145},{"target":12,"source":3,"value":1},{"target":13,"source":3,"value":0},{"target":14,"source":4,"value":19},{"target":15,"source":4,"value":0},{"target":16,"source":4,"value":0},{"target":17,"source":7,"value":0},{"target":18,"source":7,"value":0},{"target":19,"source":7,"value":0},{"target":20,"source":7,"value":0},{"target":21,"source":13,"value":0},{"target":22,"source":13,"value":0},{"target":23,"source":13,"value":0},{"target":24,"source":13,"value":0}],"Nova Scotia":[{"target":1,"source":0,"value":23180},{"target":2,"source":0,"value":10757},{"target":3,"source":0,"value":7218},{"target":4,"source":0,"value":6017},{"target":5,"source":1,"value":13454},{"target":6,"source":1,"value":9726},{"target":7,"source":1,"value":0},{"target":8,"source":2,"value":9634},{"target":9,"source":2,"value":1123},{"target":10,"source":2,"value":0},{"target":11,"source":3,"value":6514},{"target":12,"source":3,"value":704},{"target":13,"source":3,"value":0},{"target":14,"source":4,"value":6017},{"target":15,"source":4,"value":0},{"target":16,"source":4,"value":0},{"target":17,"source":7,"value":0},{"target":18,"source":7,"value":0},{"target":19,"source":7,"value":0},{"target":20,"source":7,"value":0},{"target":21,"source":13,"value":0},{"target":22,"source":13,"value":0},{"target":23,"source":13,"value":0},{"target":24,"source":13,"value":0}],"New Brunswick":[{"target":1,"source":0,"value":157152},{"target":2,"source":0,"value":2279},{"target":3,"source":0,"value":384972},{"target":4,"source":0,"value":96},{"target":5,"source":1,"value":1096},{"target":6,"source":1,"value":19054},{"target":7,"source":1,"value":137002},{"target":8,"source":2,"value":98},{"target":9,"source":2,"value":1112},{"target":10,"source":2,"value":1069},{"target":11,"source":3,"value":692},{"target":12,"source":3,"value":772},{"target":13,"source":3,"value":383508},{"target":14,"source":4,"value":96},{"target":15,"source":4,"value":0},{"target":16,"source":4,"value":0},{"target":17,"source":7,"value":132999},{"target":18,"source":7,"value":1462},{"target":19,"source":7,"value":0},{"target":20,"source":7,"value":2541},{"target":21,"source":13,"value":377346},{"target":22,"source":13,"value":1217},{"target":23,"source":13,"value":0},{"target":24,"source":13,"value":4945}],"Quebec":[{"target":1,"source":0,"value":278842},{"target":2,"source":0,"value":132696},{"target":3,"source":0,"value":746819},{"target":4,"source":0,"value":180731},{"target":5,"source":1,"value":71011},{"target":6,"source":1,"value":635},{"target":7,"source":1,"value":207196},{"target":8,"source":2,"value":116452},{"target":9,"source":2,"value":49},{"target":10,"source":2,"value":16195},{"target":11,"source":3,"value":83137},{"target":12,"source":3,"value":4669},{"target":13,"source":3,"value":659013},{"target":14,"source":4,"value":180731},{"target":15,"source":4,"value":0},{"target":16,"source":4,"value":0},{"target":17,"source":7,"value":189610},{"target":18,"source":7,"value":13395},{"target":19,"source":7,"value":2565},{"target":20,"source":7,"value":1626},{"target":21,"source":13,"value":622553},{"target":22,"source":13,"value":20129},{"target":23,"source":13,"value":1504},{"target":24,"source":13,"value":14827}],"Ontario":[{"target":1,"source":0,"value":1683030},{"target":2,"source":0,"value":262162},{"target":3,"source":0,"value":2438707},{"target":4,"source":0,"value":335708},{"target":5,"source":1,"value":194494},{"target":6,"source":1,"value":30537},{"target":7,"source":1,"value":1457999},{"target":8,"source":2,"value":243090},{"target":9,"source":2,"value":112},{"target":10,"source":2,"value":18960},{"target":11,"source":3,"value":264708},{"target":12,"source":3,"value":11662},{"target":13,"source":3,"value":2162337},{"target":14,"source":4,"value":335708},{"target":15,"source":4,"value":0},{"target":16,"source":4,"value":0},{"target":17,"source":7,"value":1382930},{"target":18,"source":7,"value":46163},{"target":19,"source":7,"value":1836},{"target":20,"source":7,"value":27070},{"target":21,"source":13,"value":2087820},{"target":22,"source":13,"value":40403},{"target":23,"source":13,"value":1004},{"target":24,"source":13,"value":33110}],"Manitoba":[{"target":1,"source":0,"value":52910},{"target":2,"source":0,"value":2055},{"target":3,"source":0,"value":188149},{"target":4,"source":0,"value":1997},{"target":5,"source":1,"value":9834},{"target":6,"source":1,"value":0},{"target":7,"source":1,"value":43076},{"target":8,"source":2,"value":1541},{"target":9,"source":2,"value":0},{"target":10,"source":2,"value":514},{"target":11,"source":3,"value":7175},{"target":12,"source":3,"value":0},{"target":13,"source":3,"value":180974},{"target":14,"source":4,"value":1997},{"target":15,"source":4,"value":0},{"target":16,"source":4,"value":0},{"target":17,"source":7,"value":42135},{"target":18,"source":7,"value":714},{"target":19,"source":7,"value":0},{"target":20,"source":7,"value":227},{"target":21,"source":13,"value":176521},{"target":22,"source":13,"value":3153},{"target":23,"source":13,"value":0},{"target":24,"source":13,"value":1300}],"Saskatchewan":[{"target":1,"source":0,"value":16804},{"target":2,"source":0,"value":589},{"target":3,"source":0,"value":42547},{"target":4,"source":0,"value":752},{"target":5,"source":1,"value":4994},{"target":6,"source":1,"value":0},{"target":7,"source":1,"value":11810},{"target":8,"source":2,"value":494},{"target":9,"source":2,"value":0},{"target":10,"source":2,"value":95},{"target":11,"source":3,"value":5706},{"target":12,"source":3,"value":0},{"target":13,"source":3,"value":36841},{"target":14,"source":4,"value":752},{"target":15,"source":4,"value":0},{"target":16,"source":4,"value":0},{"target":17,"source":7,"value":11288},{"target":18,"source":7,"value":393},{"target":19,"source":7,"value":0},{"target":20,"source":7,"value":129},{"target":21,"source":13,"value":35737},{"target":22,"source":13,"value":269},{"target":23,"source":13,"value":0},{"target":24,"source":13,"value":835}],"Alberta":[{"target":1,"source":0,"value":104953},{"target":2,"source":0,"value":44431},{"target":3,"source":0,"value":162028},{"target":4,"source":0,"value":48782},{"target":5,"source":1,"value":61676},{"target":6,"source":1,"value":0},{"target":7,"source":1,"value":43277},{"target":8,"source":2,"value":42503},{"target":9,"source":2,"value":0},{"target":10,"source":2,"value":1928},{"target":11,"source":3,"value":80871},{"target":12,"source":3,"value":0},{"target":13,"source":3,"value":81157},{"target":14,"source":4,"value":48782},{"target":15,"source":4,"value":0},{"target":16,"source":4,"value":0},{"target":17,"source":7,"value":39279},{"target":18,"source":7,"value":3375},{"target":19,"source":7,"value":0},{"target":20,"source":7,"value":623},{"target":21,"source":13,"value":79159},{"target":22,"source":13,"value":783},{"target":23,"source":13,"value":0},{"target":24,"source":13,"value":1215}],"British Columbia":[{"target":1,"source":0,"value":699556},{"target":2,"source":0,"value":215615},{"target":3,"source":0,"value":1421371},{"target":4,"source":0,"value":79585},{"target":5,"source":1,"value":126437},{"target":6,"source":1,"value":160701},{"target":7,"source":1,"value":412418},{"target":8,"source":2,"value":147854},{"target":9,"source":2,"value":23521},{"target":10,"source":2,"value":44240},{"target":11,"source":3,"value":89653},{"target":12,"source":3,"value":20451},{"target":13,"source":3,"value":1311267},{"target":14,"source":4,"value":79046},{"target":15,"source":4,"value":1},{"target":16,"source":4,"value":538},{"target":17,"source":7,"value":363681},{"target":18,"source":7,"value":12287},{"target":19,"source":7,"value":6436},{"target":20,"source":7,"value":30014},{"target":21,"source":13,"value":1279752},{"target":22,"source":13,"value":14884},{"target":23,"source":13,"value":2200},{"target":24,"source":13,"value":14431}],"Yukon":[{"target":1,"source":0,"value":70900},{"target":2,"source":0,"value":8903},{"target":3,"source":0,"value":15969},{"target":4,"source":0,"value":110},{"target":5,"source":1,"value":166},{"target":6,"source":1,"value":0},{"target":7,"source":1,"value":70734},{"target":8,"source":2,"value":1190},{"target":9,"source":2,"value":0},{"target":10,"source":2,"value":7713},{"target":11,"source":3,"value":112},{"target":12,"source":3,"value":0},{"target":13,"source":3,"value":15857},{"target":14,"source":4,"value":110},{"target":15,"source":4,"value":0},{"target":16,"source":4,"value":0},{"target":17,"source":7,"value":25015},{"target":18,"source":7,"value":24471},{"target":19,"source":7,"value":20445},{"target":20,"source":7,"value":803},{"target":21,"source":13,"value":12808},{"target":22,"source":13,"value":2799},{"target":23,"source":13,"value":0},{"target":24,"source":13,"value":250}],"Nunavut":[{"target":1,"source":0,"value":81},{"target":2,"source":0,"value":89},{"target":3,"source":0,"value":32},{"target":4,"source":0,"value":59},{"target":5,"source":1,"value":81},{"target":6,"source":1,"value":0},{"target":7,"source":1,"value":0},{"target":8,"source":2,"value":89},{"target":9,"source":2,"value":0},{"target":10,"source":2,"value":".."},{"target":11,"source":3,"value":32},{"target":12,"source":3,"value":0},{"target":13,"source":3,"value":0},{"target":14,"source":4,"value":59},{"target":15,"source":4,"value":0},{"target":16,"source":4,"value":".."},{"target":17,"source":7,"value":".."},{"target":18,"source":7,"value":".."},{"target":19,"source":7,"value":".."},{"target":20,"source":7,"value":0},{"target":21,"source":13,"value":".."},{"target":22,"source":13,"value":".."},{"target":23,"source":13,"value":".."},{"target":24,"source":13,"value":0}],"nodes":[{"node":0,"name":"intl"},{"node":1,"name":"USres"},{"node":2,"name":"nonUSres"},{"node":3,"name":"cdnFromUS"},{"node":4,"name":"cdnFromOther"},{"node":5,"name":"USres_air"},{"node":6,"name":"USres_marine"},{"node":7,"name":"USres_land"},{"node":8,"name":"nonUSres_air"},{"node":9,"name":"nonUSres_marine"},{"node":10,"name":"nonUSres_land"},{"node":11,"name":"cdnFromUS_air"},{"node":12,"name":"cdnFromUS_marine"},{"node":13,"name":"cdnFromUS_land"},{"node":14,"name":"cdnFromOther_air"},{"node":15,"name":"cdnFromOther_marine"},{"node":16,"name":"cdnFromOther_land"},{"node":17,"name":"USres_car"},{"node":18,"name":"USres_bus"},{"node":19,"name":"USres_train"},{"node":20,"name":"USres_other"},{"node":21,"name":"cdnFromUS_car"},{"node":22,"name":"cdnFromUS_bus"},{"node":23,"name":"cdnFromUS_train"},{"node":24,"name":"cdnFromUS_other"}]}