{"Canada":[{"target":1,"source":0,"value":1143531},{"target":2,"source":0,"value":213016},{"target":3,"source":0,"value":4446929},{"target":4,"source":0,"value":1073649},{"target":5,"source":1,"value":239546},{"target":6,"source":1,"value":215},{"target":7,"source":1,"value":903770},{"target":8,"source":2,"value":187673},{"target":9,"source":2,"value":137},{"target":10,"source":2,"value":25206},{"target":11,"source":3,"value":831484},{"target":12,"source":3,"value":222},{"target":13,"source":3,"value":3615223},{"target":14,"source":4,"value":1072916},{"target":15,"source":4,"value":1},{"target":16,"source":4,"value":732},{"target":17,"source":7,"value":840364},{"target":18,"source":7,"value":46135},{"target":19,"source":7,"value":3615},{"target":20,"source":7,"value":13656},{"target":21,"source":13,"value":3516315},{"target":22,"source":13,"value":81421},{"target":23,"source":13,"value":3384},{"target":24,"source":13,"value":14103}],"Newfoundland and Labrador":[{"target":1,"source":0,"value":1148},{"target":2,"source":0,"value":1213},{"target":3,"source":0,"value":1453},{"target":4,"source":0,"value":2306},{"target":5,"source":1,"value":1148},{"target":6,"source":1,"value":0},{"target":7,"source":1,"value":0},{"target":8,"source":2,"value":1133},{"target":9,"source":2,"value":80},{"target":10,"source":2,"value":0},{"target":11,"source":3,"value":1451},{"target":12,"source":3,"value":2},{"target":13,"source":3,"value":0},{"target":14,"source":4,"value":2305},{"target":15,"source":4,"value":1},{"target":16,"source":4,"value":0},{"target":17,"source":7,"value":0},{"target":18,"source":7,"value":0},{"target":19,"source":7,"value":0},{"target":20,"source":7,"value":0},{"target":21,"source":13,"value":0},{"target":22,"source":13,"value":0},{"target":23,"source":13,"value":0},{"target":24,"source":13,"value":0}],"Prince Edward Island":[{"target":1,"source":0,"value":8},{"target":2,"source":0,"value":10},{"target":3,"source":0,"value":2},{"target":4,"source":0,"value":1},{"target":5,"source":1,"value":8},{"target":6,"source":1,"value":0},{"target":7,"source":1,"value":0},{"target":8,"source":2,"value":10},{"target":9,"source":2,"value":0},{"target":10,"source":2,"value":0},{"target":11,"source":3,"value":2},{"target":12,"source":3,"value":0},{"target":13,"source":3,"value":0},{"target":14,"source":4,"value":1},{"target":15,"source":4,"value":0},{"target":16,"source":4,"value":0},{"target":17,"source":7,"value":0},{"target":18,"source":7,"value":0},{"target":19,"source":7,"value":0},{"target":20,"source":7,"value":0},{"target":21,"source":13,"value":0},{"target":22,"source":13,"value":0},{"target":23,"source":13,"value":0},{"target":24,"source":13,"value":0}],"Nova Scotia":[{"target":1,"source":0,"value":2559},{"target":2,"source":0,"value":1656},{"target":3,"source":0,"value":19080},{"target":4,"source":0,"value":29774},{"target":5,"source":1,"value":2559},{"target":6,"source":1,"value":0},{"target":7,"source":1,"value":0},{"target":8,"source":2,"value":1644},{"target":9,"source":2,"value":12},{"target":10,"source":2,"value":0},{"target":11,"source":3,"value":19080},{"target":12,"source":3,"value":0},{"target":13,"source":3,"value":0},{"target":14,"source":4,"value":29774},{"target":15,"source":4,"value":0},{"target":16,"source":4,"value":0},{"target":17,"source":7,"value":0},{"target":18,"source":7,"value":0},{"target":19,"source":7,"value":0},{"target":20,"source":7,"value":0},{"target":21,"source":13,"value":0},{"target":22,"source":13,"value":0},{"target":23,"source":13,"value":0},{"target":24,"source":13,"value":0}],"New Brunswick":[{"target":1,"source":0,"value":54100},{"target":2,"source":0,"value":90},{"target":3,"source":0,"value":297514},{"target":4,"source":0,"value":3791},{"target":5,"source":1,"value":352},{"target":6,"source":1,"value":0},{"target":7,"source":1,"value":53748},{"target":8,"source":2,"value":41},{"target":9,"source":2,"value":1},{"target":10,"source":2,"value":48},{"target":11,"source":3,"value":2361},{"target":12,"source":3,"value":11},{"target":13,"source":3,"value":295142},{"target":14,"source":4,"value":3791},{"target":15,"source":4,"value":0},{"target":16,"source":4,"value":0},{"target":17,"source":7,"value":52823},{"target":18,"source":7,"value":486},{"target":19,"source":7,"value":0},{"target":20,"source":7,"value":439},{"target":21,"source":13,"value":292385},{"target":22,"source":13,"value":1713},{"target":23,"source":13,"value":0},{"target":24,"source":13,"value":1044}],"Quebec":[{"target":1,"source":0,"value":121000},{"target":2,"source":0,"value":41532},{"target":3,"source":0,"value":416280},{"target":4,"source":0,"value":265604},{"target":5,"source":1,"value":40523},{"target":6,"source":1,"value":0},{"target":7,"source":1,"value":80477},{"target":8,"source":2,"value":38766},{"target":9,"source":2,"value":31},{"target":10,"source":2,"value":2735},{"target":11,"source":3,"value":127351},{"target":12,"source":3,"value":0},{"target":13,"source":3,"value":288929},{"target":14,"source":4,"value":265604},{"target":15,"source":4,"value":0},{"target":16,"source":4,"value":0},{"target":17,"source":7,"value":70717},{"target":18,"source":7,"value":7640},{"target":19,"source":7,"value":1553},{"target":20,"source":7,"value":567},{"target":21,"source":13,"value":271291},{"target":22,"source":13,"value":15647},{"target":23,"source":13,"value":1444},{"target":24,"source":13,"value":547}],"Ontario":[{"target":1,"source":0,"value":643545},{"target":2,"source":0,"value":86027},{"target":3,"source":0,"value":2231358},{"target":4,"source":0,"value":506283},{"target":5,"source":1,"value":113291},{"target":6,"source":1,"value":20},{"target":7,"source":1,"value":530234},{"target":8,"source":2,"value":80883},{"target":9,"source":2,"value":0},{"target":10,"source":2,"value":5144},{"target":11,"source":3,"value":371262},{"target":12,"source":3,"value":4},{"target":13,"source":3,"value":1860092},{"target":14,"source":4,"value":506283},{"target":15,"source":4,"value":0},{"target":16,"source":4,"value":0},{"target":17,"source":7,"value":493148},{"target":18,"source":7,"value":32270},{"target":19,"source":7,"value":503},{"target":20,"source":7,"value":4313},{"target":21,"source":13,"value":1809319},{"target":22,"source":13,"value":45422},{"target":23,"source":13,"value":678},{"target":24,"source":13,"value":4673}],"Manitoba":[{"target":1,"source":0,"value":17449},{"target":2,"source":0,"value":444},{"target":3,"source":0,"value":122762},{"target":4,"source":0,"value":21961},{"target":5,"source":1,"value":3340},{"target":6,"source":1,"value":0},{"target":7,"source":1,"value":14109},{"target":8,"source":2,"value":414},{"target":9,"source":2,"value":0},{"target":10,"source":2,"value":30},{"target":11,"source":3,"value":19068},{"target":12,"source":3,"value":0},{"target":13,"source":3,"value":103694},{"target":14,"source":4,"value":21961},{"target":15,"source":4,"value":0},{"target":16,"source":4,"value":0},{"target":17,"source":7,"value":13812},{"target":18,"source":7,"value":254},{"target":19,"source":7,"value":0},{"target":20,"source":7,"value":43},{"target":21,"source":13,"value":100159},{"target":22,"source":13,"value":3514},{"target":23,"source":13,"value":0},{"target":24,"source":13,"value":21}],"Saskatchewan":[{"target":1,"source":0,"value":6730},{"target":2,"source":0,"value":192},{"target":3,"source":0,"value":37577},{"target":4,"source":0,"value":11390},{"target":5,"source":1,"value":2479},{"target":6,"source":1,"value":0},{"target":7,"source":1,"value":4251},{"target":8,"source":2,"value":156},{"target":9,"source":2,"value":0},{"target":10,"source":2,"value":36},{"target":11,"source":3,"value":12663},{"target":12,"source":3,"value":0},{"target":13,"source":3,"value":24914},{"target":14,"source":4,"value":11390},{"target":15,"source":4,"value":0},{"target":16,"source":4,"value":0},{"target":17,"source":7,"value":4193},{"target":18,"source":7,"value":0},{"target":19,"source":7,"value":0},{"target":20,"source":7,"value":58},{"target":21,"source":13,"value":24156},{"target":22,"source":13,"value":632},{"target":23,"source":13,"value":0},{"target":24,"source":13,"value":126}],"Alberta":[{"target":1,"source":0,"value":33534},{"target":2,"source":0,"value":15253},{"target":3,"source":0,"value":176365},{"target":4,"source":0,"value":92609},{"target":5,"source":1,"value":26995},{"target":6,"source":1,"value":0},{"target":7,"source":1,"value":6539},{"target":8,"source":2,"value":15194},{"target":9,"source":2,"value":0},{"target":10,"source":2,"value":59},{"target":11,"source":3,"value":132291},{"target":12,"source":3,"value":0},{"target":13,"source":3,"value":44074},{"target":14,"source":4,"value":92609},{"target":15,"source":4,"value":0},{"target":16,"source":4,"value":0},{"target":17,"source":7,"value":6441},{"target":18,"source":7,"value":87},{"target":19,"source":7,"value":0},{"target":20,"source":7,"value":11},{"target":21,"source":13,"value":43478},{"target":22,"source":13,"value":565},{"target":23,"source":13,"value":0},{"target":24,"source":13,"value":31}],"British Columbia":[{"target":1,"source":0,"value":260148},{"target":2,"source":0,"value":66423},{"target":3,"source":0,"value":1142575},{"target":4,"source":0,"value":139923},{"target":5,"source":1,"value":48747},{"target":6,"source":1,"value":195},{"target":7,"source":1,"value":211206},{"target":8,"source":2,"value":49364},{"target":9,"source":2,"value":13},{"target":10,"source":2,"value":17046},{"target":11,"source":3,"value":145939},{"target":12,"source":3,"value":205},{"target":13,"source":3,"value":996431},{"target":14,"source":4,"value":139191},{"target":15,"source":4,"value":0},{"target":16,"source":4,"value":732},{"target":17,"source":7,"value":196305},{"target":18,"source":7,"value":5393},{"target":19,"source":7,"value":1559},{"target":20,"source":7,"value":7949},{"target":21,"source":13,"value":973592},{"target":22,"source":13,"value":13918},{"target":23,"source":13,"value":1262},{"target":24,"source":13,"value":7659}],"Yukon":[{"target":1,"source":0,"value":3250},{"target":2,"source":0,"value":114},{"target":3,"source":0,"value":1951},{"target":4,"source":0,"value":0},{"target":5,"source":1,"value":44},{"target":6,"source":1,"value":0},{"target":7,"source":1,"value":3206},{"target":8,"source":2,"value":6},{"target":9,"source":2,"value":0},{"target":10,"source":2,"value":108},{"target":11,"source":3,"value":4},{"target":12,"source":3,"value":0},{"target":13,"source":3,"value":1947},{"target":14,"source":4,"value":0},{"target":15,"source":4,"value":0},{"target":16,"source":4,"value":0},{"target":17,"source":7,"value":2925},{"target":18,"source":7,"value":5},{"target":19,"source":7,"value":0},{"target":20,"source":7,"value":276},{"target":21,"source":13,"value":1935},{"target":22,"source":13,"value":10},{"target":23,"source":13,"value":0},{"target":24,"source":13,"value":2}],"Nunavut":[{"target":1,"source":0,"value":60},{"target":2,"source":0,"value":62},{"target":3,"source":0,"value":12},{"target":4,"source":0,"value":7},{"target":5,"source":1,"value":60},{"target":6,"source":1,"value":0},{"target":7,"source":1,"value":0},{"target":8,"source":2,"value":62},{"target":9,"source":2,"value":0},{"target":10,"source":2,"value":".."},{"target":11,"source":3,"value":12},{"target":12,"source":3,"value":0},{"target":13,"source":3,"value":0},{"target":14,"source":4,"value":7},{"target":15,"source":4,"value":0},{"target":16,"source":4,"value":".."},{"target":17,"source":7,"value":".."},{"target":18,"source":7,"value":".."},{"target":19,"source":7,"value":".."},{"target":20,"source":7,"value":0},{"target":21,"source":13,"value":".."},{"target":22,"source":13,"value":".."},{"target":23,"source":13,"value":".."},{"target":24,"source":13,"value":0}],"nodes":[{"node":0,"name":"intl"},{"node":1,"name":"USres"},{"node":2,"name":"nonUSres"},{"node":3,"name":"cdnFromUS"},{"node":4,"name":"cdnFromOther"},{"node":5,"name":"USres_air"},{"node":6,"name":"USres_marine"},{"node":7,"name":"USres_land"},{"node":8,"name":"nonUSres_air"},{"node":9,"name":"nonUSres_marine"},{"node":10,"name":"nonUSres_land"},{"node":11,"name":"cdnFromUS_air"},{"node":12,"name":"cdnFromUS_marine"},{"node":13,"name":"cdnFromUS_land"},{"node":14,"name":"cdnFromOther_air"},{"node":15,"name":"cdnFromOther_marine"},{"node":16,"name":"cdnFromOther_land"},{"node":17,"name":"USres_car"},{"node":18,"name":"USres_bus"},{"node":19,"name":"USres_train"},{"node":20,"name":"USres_other"},{"node":21,"name":"cdnFromUS_car"},{"node":22,"name":"cdnFromUS_bus"},{"node":23,"name":"cdnFromUS_train"},{"node":24,"name":"cdnFromUS_other"}]}