{"Canada":[{"target":1,"source":0,"value":2004386},{"target":2,"source":0,"value":529058},{"target":3,"source":0,"value":4432251},{"target":4,"source":0,"value":638494},{"target":5,"source":1,"value":360545},{"target":6,"source":1,"value":167422},{"target":7,"source":1,"value":1476419},{"target":8,"source":2,"value":419383},{"target":9,"source":2,"value":43679},{"target":10,"source":2,"value":65996},{"target":11,"source":3,"value":535042},{"target":12,"source":3,"value":28540},{"target":13,"source":3,"value":3868669},{"target":14,"source":4,"value":636037},{"target":15,"source":4,"value":1811},{"target":16,"source":4,"value":646},{"target":17,"source":7,"value":1349471},{"target":18,"source":7,"value":70676},{"target":19,"source":7,"value":15884},{"target":20,"source":7,"value":40388},{"target":21,"source":13,"value":3740136},{"target":22,"source":13,"value":82432},{"target":23,"source":13,"value":3747},{"target":24,"source":13,"value":42354}],"Newfoundland and Labrador":[{"target":1,"source":0,"value":5523},{"target":2,"source":0,"value":5944},{"target":3,"source":0,"value":1228},{"target":4,"source":0,"value":2532},{"target":5,"source":1,"value":2774},{"target":6,"source":1,"value":2749},{"target":7,"source":1,"value":0},{"target":8,"source":2,"value":2390},{"target":9,"source":2,"value":3554},{"target":10,"source":2,"value":0},{"target":11,"source":3,"value":1228},{"target":12,"source":3,"value":0},{"target":13,"source":3,"value":0},{"target":14,"source":4,"value":1478},{"target":15,"source":4,"value":1054},{"target":16,"source":4,"value":0},{"target":17,"source":7,"value":0},{"target":18,"source":7,"value":0},{"target":19,"source":7,"value":0},{"target":20,"source":7,"value":0},{"target":21,"source":13,"value":0},{"target":22,"source":13,"value":0},{"target":23,"source":13,"value":0},{"target":24,"source":13,"value":0}],"Prince Edward Island":[{"target":1,"source":0,"value":173},{"target":2,"source":0,"value":21},{"target":3,"source":0,"value":65},{"target":4,"source":0,"value":3},{"target":5,"source":1,"value":173},{"target":6,"source":1,"value":0},{"target":7,"source":1,"value":0},{"target":8,"source":2,"value":21},{"target":9,"source":2,"value":0},{"target":10,"source":2,"value":0},{"target":11,"source":3,"value":65},{"target":12,"source":3,"value":0},{"target":13,"source":3,"value":0},{"target":14,"source":4,"value":3},{"target":15,"source":4,"value":0},{"target":16,"source":4,"value":0},{"target":17,"source":7,"value":0},{"target":18,"source":7,"value":0},{"target":19,"source":7,"value":0},{"target":20,"source":7,"value":0},{"target":21,"source":13,"value":0},{"target":22,"source":13,"value":0},{"target":23,"source":13,"value":0},{"target":24,"source":13,"value":0}],"Nova Scotia":[{"target":1,"source":0,"value":35464},{"target":2,"source":0,"value":18089},{"target":3,"source":0,"value":10304},{"target":4,"source":0,"value":7153},{"target":5,"source":1,"value":8828},{"target":6,"source":1,"value":26636},{"target":7,"source":1,"value":0},{"target":8,"source":2,"value":6891},{"target":9,"source":2,"value":11198},{"target":10,"source":2,"value":0},{"target":11,"source":3,"value":8577},{"target":12,"source":3,"value":1727},{"target":13,"source":3,"value":0},{"target":14,"source":4,"value":6548},{"target":15,"source":4,"value":605},{"target":16,"source":4,"value":0},{"target":17,"source":7,"value":0},{"target":18,"source":7,"value":0},{"target":19,"source":7,"value":0},{"target":20,"source":7,"value":0},{"target":21,"source":13,"value":0},{"target":22,"source":13,"value":0},{"target":23,"source":13,"value":0},{"target":24,"source":13,"value":0}],"New Brunswick":[{"target":1,"source":0,"value":117979},{"target":2,"source":0,"value":6095},{"target":3,"source":0,"value":326178},{"target":4,"source":0,"value":96},{"target":5,"source":1,"value":604},{"target":6,"source":1,"value":28661},{"target":7,"source":1,"value":88714},{"target":8,"source":2,"value":61},{"target":9,"source":2,"value":5251},{"target":10,"source":2,"value":783},{"target":11,"source":3,"value":762},{"target":12,"source":3,"value":1511},{"target":13,"source":3,"value":323905},{"target":14,"source":4,"value":96},{"target":15,"source":4,"value":0},{"target":16,"source":4,"value":0},{"target":17,"source":7,"value":85390},{"target":18,"source":7,"value":2326},{"target":19,"source":7,"value":0},{"target":20,"source":7,"value":998},{"target":21,"source":13,"value":319628},{"target":22,"source":13,"value":1656},{"target":23,"source":13,"value":0},{"target":24,"source":13,"value":2621}],"Quebec":[{"target":1,"source":0,"value":192639},{"target":2,"source":0,"value":106362},{"target":3,"source":0,"value":469117},{"target":4,"source":0,"value":158993},{"target":5,"source":1,"value":63297},{"target":6,"source":1,"value":187},{"target":7,"source":1,"value":129155},{"target":8,"source":2,"value":90880},{"target":9,"source":2,"value":47},{"target":10,"source":2,"value":15435},{"target":11,"source":3,"value":72931},{"target":12,"source":3,"value":1960},{"target":13,"source":3,"value":394226},{"target":14,"source":4,"value":158989},{"target":15,"source":4,"value":4},{"target":16,"source":4,"value":0},{"target":17,"source":7,"value":117760},{"target":18,"source":7,"value":9180},{"target":19,"source":7,"value":1481},{"target":20,"source":7,"value":734},{"target":21,"source":13,"value":365203},{"target":22,"source":13,"value":21201},{"target":23,"source":13,"value":1042},{"target":24,"source":13,"value":6780}],"Ontario":[{"target":1,"source":0,"value":1051751},{"target":2,"source":0,"value":201176},{"target":3,"source":0,"value":2057267},{"target":4,"source":0,"value":326704},{"target":5,"source":1,"value":155668},{"target":6,"source":1,"value":11385},{"target":7,"source":1,"value":884698},{"target":8,"source":2,"value":186562},{"target":9,"source":2,"value":405},{"target":10,"source":2,"value":14209},{"target":11,"source":3,"value":252098},{"target":12,"source":3,"value":4485},{"target":13,"source":3,"value":1800684},{"target":14,"source":4,"value":326704},{"target":15,"source":4,"value":0},{"target":16,"source":4,"value":0},{"target":17,"source":7,"value":826731},{"target":18,"source":7,"value":38971},{"target":19,"source":7,"value":832},{"target":20,"source":7,"value":18164},{"target":21,"source":13,"value":1741217},{"target":22,"source":13,"value":39290},{"target":23,"source":13,"value":772},{"target":24,"source":13,"value":19405}],"Manitoba":[{"target":1,"source":0,"value":31900},{"target":2,"source":0,"value":1002},{"target":3,"source":0,"value":142948},{"target":4,"source":0,"value":1475},{"target":5,"source":1,"value":5697},{"target":6,"source":1,"value":0},{"target":7,"source":1,"value":26203},{"target":8,"source":2,"value":818},{"target":9,"source":2,"value":0},{"target":10,"source":2,"value":184},{"target":11,"source":3,"value":7941},{"target":12,"source":3,"value":0},{"target":13,"source":3,"value":135007},{"target":14,"source":4,"value":1475},{"target":15,"source":4,"value":0},{"target":16,"source":4,"value":0},{"target":17,"source":7,"value":25734},{"target":18,"source":7,"value":372},{"target":19,"source":7,"value":0},{"target":20,"source":7,"value":97},{"target":21,"source":13,"value":130280},{"target":22,"source":13,"value":3751},{"target":23,"source":13,"value":0},{"target":24,"source":13,"value":976}],"Saskatchewan":[{"target":1,"source":0,"value":13370},{"target":2,"source":0,"value":454},{"target":3,"source":0,"value":34554},{"target":4,"source":0,"value":1137},{"target":5,"source":1,"value":4572},{"target":6,"source":1,"value":0},{"target":7,"source":1,"value":8798},{"target":8,"source":2,"value":370},{"target":9,"source":2,"value":0},{"target":10,"source":2,"value":84},{"target":11,"source":3,"value":6742},{"target":12,"source":3,"value":0},{"target":13,"source":3,"value":27812},{"target":14,"source":4,"value":1137},{"target":15,"source":4,"value":0},{"target":16,"source":4,"value":0},{"target":17,"source":7,"value":8739},{"target":18,"source":7,"value":0},{"target":19,"source":7,"value":0},{"target":20,"source":7,"value":59},{"target":21,"source":13,"value":26548},{"target":22,"source":13,"value":659},{"target":23,"source":13,"value":0},{"target":24,"source":13,"value":605}],"Alberta":[{"target":1,"source":0,"value":61628},{"target":2,"source":0,"value":29617},{"target":3,"source":0,"value":136768},{"target":4,"source":0,"value":43669},{"target":5,"source":1,"value":41721},{"target":6,"source":1,"value":0},{"target":7,"source":1,"value":19907},{"target":8,"source":2,"value":28448},{"target":9,"source":2,"value":0},{"target":10,"source":2,"value":1169},{"target":11,"source":3,"value":84962},{"target":12,"source":3,"value":0},{"target":13,"source":3,"value":51806},{"target":14,"source":4,"value":43669},{"target":15,"source":4,"value":0},{"target":16,"source":4,"value":0},{"target":17,"source":7,"value":17889},{"target":18,"source":7,"value":1797},{"target":19,"source":7,"value":0},{"target":20,"source":7,"value":221},{"target":21,"source":13,"value":50672},{"target":22,"source":13,"value":261},{"target":23,"source":13,"value":0},{"target":24,"source":13,"value":873}],"British Columbia":[{"target":1,"source":0,"value":459402},{"target":2,"source":0,"value":155157},{"target":3,"source":0,"value":1245295},{"target":4,"source":0,"value":96373},{"target":5,"source":1,"value":76944},{"target":6,"source":1,"value":97786},{"target":7,"source":1,"value":284672},{"target":8,"source":2,"value":102484},{"target":9,"source":2,"value":23177},{"target":10,"source":2,"value":29496},{"target":11,"source":3,"value":99676},{"target":12,"source":3,"value":18857},{"target":13,"source":3,"value":1126762},{"target":14,"source":4,"value":95727},{"target":15,"source":4,"value":0},{"target":16,"source":4,"value":646},{"target":17,"source":7,"value":251045},{"target":18,"source":7,"value":8410},{"target":19,"source":7,"value":5180},{"target":20,"source":7,"value":20037},{"target":21,"source":13,"value":1099649},{"target":22,"source":13,"value":14140},{"target":23,"source":13,"value":1923},{"target":24,"source":13,"value":11050}],"Yukon":[{"target":1,"source":0,"value":34443},{"target":2,"source":0,"value":4911},{"target":3,"source":0,"value":8497},{"target":4,"source":0,"value":113},{"target":5,"source":1,"value":171},{"target":6,"source":1,"value":0},{"target":7,"source":1,"value":34272},{"target":8,"source":2,"value":275},{"target":9,"source":2,"value":0},{"target":10,"source":2,"value":4636},{"target":11,"source":3,"value":30},{"target":12,"source":3,"value":0},{"target":13,"source":3,"value":8467},{"target":14,"source":4,"value":113},{"target":15,"source":4,"value":0},{"target":16,"source":4,"value":0},{"target":17,"source":7,"value":16183},{"target":18,"source":7,"value":9620},{"target":19,"source":7,"value":8391},{"target":20,"source":7,"value":78},{"target":21,"source":13,"value":6939},{"target":22,"source":13,"value":1474},{"target":23,"source":13,"value":10},{"target":24,"source":13,"value":44}],"Nunavut":[{"target":1,"source":0,"value":114},{"target":2,"source":0,"value":230},{"target":3,"source":0,"value":30},{"target":4,"source":0,"value":246},{"target":5,"source":1,"value":96},{"target":6,"source":1,"value":18},{"target":7,"source":1,"value":0},{"target":8,"source":2,"value":183},{"target":9,"source":2,"value":47},{"target":10,"source":2,"value":".."},{"target":11,"source":3,"value":30},{"target":12,"source":3,"value":0},{"target":13,"source":3,"value":0},{"target":14,"source":4,"value":98},{"target":15,"source":4,"value":148},{"target":16,"source":4,"value":".."},{"target":17,"source":7,"value":".."},{"target":18,"source":7,"value":".."},{"target":19,"source":7,"value":".."},{"target":20,"source":7,"value":0},{"target":21,"source":13,"value":".."},{"target":22,"source":13,"value":".."},{"target":23,"source":13,"value":".."},{"target":24,"source":13,"value":0}],"nodes":[{"node":0,"name":"intl"},{"node":1,"name":"USres"},{"node":2,"name":"nonUSres"},{"node":3,"name":"cdnFromUS"},{"node":4,"name":"cdnFromOther"},{"node":5,"name":"USres_air"},{"node":6,"name":"USres_marine"},{"node":7,"name":"USres_land"},{"node":8,"name":"nonUSres_air"},{"node":9,"name":"nonUSres_marine"},{"node":10,"name":"nonUSres_land"},{"node":11,"name":"cdnFromUS_air"},{"node":12,"name":"cdnFromUS_marine"},{"node":13,"name":"cdnFromUS_land"},{"node":14,"name":"cdnFromOther_air"},{"node":15,"name":"cdnFromOther_marine"},{"node":16,"name":"cdnFromOther_land"},{"node":17,"name":"USres_car"},{"node":18,"name":"USres_bus"},{"node":19,"name":"USres_train"},{"node":20,"name":"USres_other"},{"node":21,"name":"cdnFromUS_car"},{"node":22,"name":"cdnFromUS_bus"},{"node":23,"name":"cdnFromUS_train"},{"node":24,"name":"cdnFromUS_other"}]}