{"Canada":[{"target":1,"source":0,"value":1206157},{"target":2,"source":0,"value":191790},{"target":3,"source":0,"value":4096983},{"target":4,"source":0,"value":577855},{"target":5,"source":1,"value":236516},{"target":6,"source":1,"value":827},{"target":7,"source":1,"value":968814},{"target":8,"source":2,"value":167709},{"target":9,"source":2,"value":110},{"target":10,"source":2,"value":23971},{"target":11,"source":3,"value":611568},{"target":12,"source":3,"value":296},{"target":13,"source":3,"value":3485119},{"target":14,"source":4,"value":577348},{"target":15,"source":4,"value":1},{"target":16,"source":4,"value":506},{"target":17,"source":7,"value":902086},{"target":18,"source":7,"value":48297},{"target":19,"source":7,"value":3350},{"target":20,"source":7,"value":15081},{"target":21,"source":13,"value":3372572},{"target":22,"source":13,"value":94678},{"target":23,"source":13,"value":2838},{"target":24,"source":13,"value":15031}],"Newfoundland and Labrador":[{"target":1,"source":0,"value":1862},{"target":2,"source":0,"value":1374},{"target":3,"source":0,"value":1423},{"target":4,"source":0,"value":334},{"target":5,"source":1,"value":1860},{"target":6,"source":1,"value":2},{"target":7,"source":1,"value":0},{"target":8,"source":2,"value":1312},{"target":9,"source":2,"value":62},{"target":10,"source":2,"value":0},{"target":11,"source":3,"value":1423},{"target":12,"source":3,"value":0},{"target":13,"source":3,"value":0},{"target":14,"source":4,"value":334},{"target":15,"source":4,"value":0},{"target":16,"source":4,"value":0},{"target":17,"source":7,"value":0},{"target":18,"source":7,"value":0},{"target":19,"source":7,"value":0},{"target":20,"source":7,"value":0},{"target":21,"source":13,"value":0},{"target":22,"source":13,"value":0},{"target":23,"source":13,"value":0},{"target":24,"source":13,"value":0}],"Prince Edward Island":[{"target":1,"source":0,"value":13},{"target":2,"source":0,"value":7},{"target":3,"source":0,"value":0},{"target":4,"source":0,"value":0},{"target":5,"source":1,"value":13},{"target":6,"source":1,"value":0},{"target":7,"source":1,"value":0},{"target":8,"source":2,"value":7},{"target":9,"source":2,"value":0},{"target":10,"source":2,"value":0},{"target":11,"source":3,"value":0},{"target":12,"source":3,"value":0},{"target":13,"source":3,"value":0},{"target":14,"source":4,"value":0},{"target":15,"source":4,"value":0},{"target":16,"source":4,"value":0},{"target":17,"source":7,"value":0},{"target":18,"source":7,"value":0},{"target":19,"source":7,"value":0},{"target":20,"source":7,"value":0},{"target":21,"source":13,"value":0},{"target":22,"source":13,"value":0},{"target":23,"source":13,"value":0},{"target":24,"source":13,"value":0}],"Nova Scotia":[{"target":1,"source":0,"value":2687},{"target":2,"source":0,"value":1547},{"target":3,"source":0,"value":8363},{"target":4,"source":0,"value":3006},{"target":5,"source":1,"value":2687},{"target":6,"source":1,"value":0},{"target":7,"source":1,"value":0},{"target":8,"source":2,"value":1538},{"target":9,"source":2,"value":9},{"target":10,"source":2,"value":0},{"target":11,"source":3,"value":8363},{"target":12,"source":3,"value":0},{"target":13,"source":3,"value":0},{"target":14,"source":4,"value":3006},{"target":15,"source":4,"value":0},{"target":16,"source":4,"value":0},{"target":17,"source":7,"value":0},{"target":18,"source":7,"value":0},{"target":19,"source":7,"value":0},{"target":20,"source":7,"value":0},{"target":21,"source":13,"value":0},{"target":22,"source":13,"value":0},{"target":23,"source":13,"value":0},{"target":24,"source":13,"value":0}],"New Brunswick":[{"target":1,"source":0,"value":55221},{"target":2,"source":0,"value":88},{"target":3,"source":0,"value":315001},{"target":4,"source":0,"value":112},{"target":5,"source":1,"value":259},{"target":6,"source":1,"value":0},{"target":7,"source":1,"value":54962},{"target":8,"source":2,"value":29},{"target":9,"source":2,"value":6},{"target":10,"source":2,"value":53},{"target":11,"source":3,"value":937},{"target":12,"source":3,"value":9},{"target":13,"source":3,"value":314055},{"target":14,"source":4,"value":112},{"target":15,"source":4,"value":0},{"target":16,"source":4,"value":0},{"target":17,"source":7,"value":54402},{"target":18,"source":7,"value":186},{"target":19,"source":7,"value":0},{"target":20,"source":7,"value":374},{"target":21,"source":13,"value":306654},{"target":22,"source":13,"value":6555},{"target":23,"source":13,"value":0},{"target":24,"source":13,"value":846}],"Quebec":[{"target":1,"source":0,"value":129631},{"target":2,"source":0,"value":35762},{"target":3,"source":0,"value":336028},{"target":4,"source":0,"value":123889},{"target":5,"source":1,"value":39923},{"target":6,"source":1,"value":1},{"target":7,"source":1,"value":89707},{"target":8,"source":2,"value":32083},{"target":9,"source":2,"value":26},{"target":10,"source":2,"value":3653},{"target":11,"source":3,"value":77693},{"target":12,"source":3,"value":0},{"target":13,"source":3,"value":258335},{"target":14,"source":4,"value":123888},{"target":15,"source":4,"value":1},{"target":16,"source":4,"value":0},{"target":17,"source":7,"value":81762},{"target":18,"source":7,"value":6639},{"target":19,"source":7,"value":1129},{"target":20,"source":7,"value":177},{"target":21,"source":13,"value":240876},{"target":22,"source":13,"value":15994},{"target":23,"source":13,"value":849},{"target":24,"source":13,"value":616}],"Ontario":[{"target":1,"source":0,"value":724188},{"target":2,"source":0,"value":87277},{"target":3,"source":0,"value":2037287},{"target":4,"source":0,"value":284324},{"target":5,"source":1,"value":117746},{"target":6,"source":1,"value":732},{"target":7,"source":1,"value":605710},{"target":8,"source":2,"value":82044},{"target":9,"source":2,"value":1},{"target":10,"source":2,"value":5232},{"target":11,"source":3,"value":279466},{"target":12,"source":3,"value":143},{"target":13,"source":3,"value":1757678},{"target":14,"source":4,"value":284324},{"target":15,"source":4,"value":0},{"target":16,"source":4,"value":0},{"target":17,"source":7,"value":560940},{"target":18,"source":7,"value":37274},{"target":19,"source":7,"value":428},{"target":20,"source":7,"value":7068},{"target":21,"source":13,"value":1698663},{"target":22,"source":13,"value":50735},{"target":23,"source":13,"value":477},{"target":24,"source":13,"value":7803}],"Manitoba":[{"target":1,"source":0,"value":19563},{"target":2,"source":0,"value":565},{"target":3,"source":0,"value":124463},{"target":4,"source":0,"value":4663},{"target":5,"source":1,"value":4685},{"target":6,"source":1,"value":0},{"target":7,"source":1,"value":14878},{"target":8,"source":2,"value":455},{"target":9,"source":2,"value":0},{"target":10,"source":2,"value":110},{"target":11,"source":3,"value":12597},{"target":12,"source":3,"value":0},{"target":13,"source":3,"value":111866},{"target":14,"source":4,"value":4663},{"target":15,"source":4,"value":0},{"target":16,"source":4,"value":0},{"target":17,"source":7,"value":14631},{"target":18,"source":7,"value":246},{"target":19,"source":7,"value":0},{"target":20,"source":7,"value":1},{"target":21,"source":13,"value":105764},{"target":22,"source":13,"value":6090},{"target":23,"source":13,"value":0},{"target":24,"source":13,"value":12}],"Saskatchewan":[{"target":1,"source":0,"value":9119},{"target":2,"source":0,"value":181},{"target":3,"source":0,"value":39499},{"target":4,"source":0,"value":4248},{"target":5,"source":1,"value":3813},{"target":6,"source":1,"value":0},{"target":7,"source":1,"value":5306},{"target":8,"source":2,"value":170},{"target":9,"source":2,"value":0},{"target":10,"source":2,"value":11},{"target":11,"source":3,"value":10518},{"target":12,"source":3,"value":0},{"target":13,"source":3,"value":28981},{"target":14,"source":4,"value":4248},{"target":15,"source":4,"value":0},{"target":16,"source":4,"value":0},{"target":17,"source":7,"value":5179},{"target":18,"source":7,"value":77},{"target":19,"source":7,"value":0},{"target":20,"source":7,"value":50},{"target":21,"source":13,"value":26826},{"target":22,"source":13,"value":2076},{"target":23,"source":13,"value":0},{"target":24,"source":13,"value":79}],"Alberta":[{"target":1,"source":0,"value":34069},{"target":2,"source":0,"value":8766},{"target":3,"source":0,"value":146145},{"target":4,"source":0,"value":58603},{"target":5,"source":1,"value":28074},{"target":6,"source":1,"value":0},{"target":7,"source":1,"value":5995},{"target":8,"source":2,"value":8727},{"target":9,"source":2,"value":0},{"target":10,"source":2,"value":39},{"target":11,"source":3,"value":106528},{"target":12,"source":3,"value":0},{"target":13,"source":3,"value":39617},{"target":14,"source":4,"value":58603},{"target":15,"source":4,"value":0},{"target":16,"source":4,"value":0},{"target":17,"source":7,"value":5905},{"target":18,"source":7,"value":61},{"target":19,"source":7,"value":0},{"target":20,"source":7,"value":29},{"target":21,"source":13,"value":38691},{"target":22,"source":13,"value":860},{"target":23,"source":13,"value":0},{"target":24,"source":13,"value":66}],"British Columbia":[{"target":1,"source":0,"value":227381},{"target":2,"source":0,"value":56151},{"target":3,"source":0,"value":1087827},{"target":4,"source":0,"value":98660},{"target":5,"source":1,"value":37365},{"target":6,"source":1,"value":92},{"target":7,"source":1,"value":189924},{"target":8,"source":2,"value":41302},{"target":9,"source":2,"value":6},{"target":10,"source":2,"value":14843},{"target":11,"source":3,"value":113985},{"target":12,"source":3,"value":144},{"target":13,"source":3,"value":973698},{"target":14,"source":4,"value":98154},{"target":15,"source":4,"value":0},{"target":16,"source":4,"value":506},{"target":17,"source":7,"value":176937},{"target":18,"source":7,"value":3812},{"target":19,"source":7,"value":1793},{"target":20,"source":7,"value":7382},{"target":21,"source":13,"value":954227},{"target":22,"source":13,"value":12350},{"target":23,"source":13,"value":1512},{"target":24,"source":13,"value":5609}],"Yukon":[{"target":1,"source":0,"value":2387},{"target":2,"source":0,"value":33},{"target":3,"source":0,"value":906},{"target":4,"source":0,"value":3},{"target":5,"source":1,"value":55},{"target":6,"source":1,"value":0},{"target":7,"source":1,"value":2332},{"target":8,"source":2,"value":3},{"target":9,"source":2,"value":0},{"target":10,"source":2,"value":30},{"target":11,"source":3,"value":17},{"target":12,"source":3,"value":0},{"target":13,"source":3,"value":889},{"target":14,"source":4,"value":3},{"target":15,"source":4,"value":0},{"target":16,"source":4,"value":0},{"target":17,"source":7,"value":2330},{"target":18,"source":7,"value":2},{"target":19,"source":7,"value":0},{"target":20,"source":7,"value":0},{"target":21,"source":13,"value":871},{"target":22,"source":13,"value":18},{"target":23,"source":13,"value":0},{"target":24,"source":13,"value":0}],"Nunavut":[{"target":1,"source":0,"value":36},{"target":2,"source":0,"value":39},{"target":3,"source":0,"value":41},{"target":4,"source":0,"value":13},{"target":5,"source":1,"value":36},{"target":6,"source":1,"value":0},{"target":7,"source":1,"value":0},{"target":8,"source":2,"value":39},{"target":9,"source":2,"value":0},{"target":10,"source":2,"value":".."},{"target":11,"source":3,"value":41},{"target":12,"source":3,"value":0},{"target":13,"source":3,"value":0},{"target":14,"source":4,"value":13},{"target":15,"source":4,"value":0},{"target":16,"source":4,"value":".."},{"target":17,"source":7,"value":".."},{"target":18,"source":7,"value":".."},{"target":19,"source":7,"value":".."},{"target":20,"source":7,"value":0},{"target":21,"source":13,"value":".."},{"target":22,"source":13,"value":".."},{"target":23,"source":13,"value":".."},{"target":24,"source":13,"value":0}],"nodes":[{"node":0,"name":"intl"},{"node":1,"name":"USres"},{"node":2,"name":"nonUSres"},{"node":3,"name":"cdnFromUS"},{"node":4,"name":"cdnFromOther"},{"node":5,"name":"USres_air"},{"node":6,"name":"USres_marine"},{"node":7,"name":"USres_land"},{"node":8,"name":"nonUSres_air"},{"node":9,"name":"nonUSres_marine"},{"node":10,"name":"nonUSres_land"},{"node":11,"name":"cdnFromUS_air"},{"node":12,"name":"cdnFromUS_marine"},{"node":13,"name":"cdnFromUS_land"},{"node":14,"name":"cdnFromOther_air"},{"node":15,"name":"cdnFromOther_marine"},{"node":16,"name":"cdnFromOther_land"},{"node":17,"name":"USres_car"},{"node":18,"name":"USres_bus"},{"node":19,"name":"USres_train"},{"node":20,"name":"USres_other"},{"node":21,"name":"cdnFromUS_car"},{"node":22,"name":"cdnFromUS_bus"},{"node":23,"name":"cdnFromUS_train"},{"node":24,"name":"cdnFromUS_other"}]}