{"Canada":[{"target":1,"source":0,"value":1011258},{"target":2,"source":0,"value":218586},{"target":3,"source":0,"value":3768389},{"target":4,"source":0,"value":1111158},{"target":5,"source":1,"value":195813},{"target":6,"source":1,"value":254},{"target":7,"source":1,"value":815191},{"target":8,"source":2,"value":194874},{"target":9,"source":2,"value":231},{"target":10,"source":2,"value":23481},{"target":11,"source":3,"value":734872},{"target":12,"source":3,"value":167},{"target":13,"source":3,"value":3033350},{"target":14,"source":4,"value":1110556},{"target":15,"source":4,"value":0},{"target":16,"source":4,"value":602},{"target":17,"source":7,"value":746107},{"target":18,"source":7,"value":56734},{"target":19,"source":7,"value":3696},{"target":20,"source":7,"value":8654},{"target":21,"source":13,"value":2944612},{"target":22,"source":13,"value":74081},{"target":23,"source":13,"value":3810},{"target":24,"source":13,"value":10847}],"Newfoundland and Labrador":[{"target":1,"source":0,"value":1035},{"target":2,"source":0,"value":1222},{"target":3,"source":0,"value":717},{"target":4,"source":0,"value":179},{"target":5,"source":1,"value":1035},{"target":6,"source":1,"value":0},{"target":7,"source":1,"value":0},{"target":8,"source":2,"value":1172},{"target":9,"source":2,"value":50},{"target":10,"source":2,"value":0},{"target":11,"source":3,"value":717},{"target":12,"source":3,"value":0},{"target":13,"source":3,"value":0},{"target":14,"source":4,"value":179},{"target":15,"source":4,"value":0},{"target":16,"source":4,"value":0},{"target":17,"source":7,"value":0},{"target":18,"source":7,"value":0},{"target":19,"source":7,"value":0},{"target":20,"source":7,"value":0},{"target":21,"source":13,"value":0},{"target":22,"source":13,"value":0},{"target":23,"source":13,"value":0},{"target":24,"source":13,"value":0}],"Prince Edward Island":[{"target":1,"source":0,"value":9},{"target":2,"source":0,"value":0},{"target":3,"source":0,"value":0},{"target":4,"source":0,"value":0},{"target":5,"source":1,"value":9},{"target":6,"source":1,"value":0},{"target":7,"source":1,"value":0},{"target":8,"source":2,"value":0},{"target":9,"source":2,"value":0},{"target":10,"source":2,"value":0},{"target":11,"source":3,"value":0},{"target":12,"source":3,"value":0},{"target":13,"source":3,"value":0},{"target":14,"source":4,"value":0},{"target":15,"source":4,"value":0},{"target":16,"source":4,"value":0},{"target":17,"source":7,"value":0},{"target":18,"source":7,"value":0},{"target":19,"source":7,"value":0},{"target":20,"source":7,"value":0},{"target":21,"source":13,"value":0},{"target":22,"source":13,"value":0},{"target":23,"source":13,"value":0},{"target":24,"source":13,"value":0}],"Nova Scotia":[{"target":1,"source":0,"value":1823},{"target":2,"source":0,"value":1320},{"target":3,"source":0,"value":7652},{"target":4,"source":0,"value":5905},{"target":5,"source":1,"value":1823},{"target":6,"source":1,"value":0},{"target":7,"source":1,"value":0},{"target":8,"source":2,"value":1306},{"target":9,"source":2,"value":14},{"target":10,"source":2,"value":0},{"target":11,"source":3,"value":7652},{"target":12,"source":3,"value":0},{"target":13,"source":3,"value":0},{"target":14,"source":4,"value":5905},{"target":15,"source":4,"value":0},{"target":16,"source":4,"value":0},{"target":17,"source":7,"value":0},{"target":18,"source":7,"value":0},{"target":19,"source":7,"value":0},{"target":20,"source":7,"value":0},{"target":21,"source":13,"value":0},{"target":22,"source":13,"value":0},{"target":23,"source":13,"value":0},{"target":24,"source":13,"value":0}],"New Brunswick":[{"target":1,"source":0,"value":45180},{"target":2,"source":0,"value":76},{"target":3,"source":0,"value":248721},{"target":4,"source":0,"value":582},{"target":5,"source":1,"value":255},{"target":6,"source":1,"value":0},{"target":7,"source":1,"value":44925},{"target":8,"source":2,"value":51},{"target":9,"source":2,"value":3},{"target":10,"source":2,"value":22},{"target":11,"source":3,"value":867},{"target":12,"source":3,"value":4},{"target":13,"source":3,"value":247850},{"target":14,"source":4,"value":582},{"target":15,"source":4,"value":0},{"target":16,"source":4,"value":0},{"target":17,"source":7,"value":44495},{"target":18,"source":7,"value":68},{"target":19,"source":7,"value":0},{"target":20,"source":7,"value":362},{"target":21,"source":13,"value":246071},{"target":22,"source":13,"value":1044},{"target":23,"source":13,"value":0},{"target":24,"source":13,"value":735}],"Quebec":[{"target":1,"source":0,"value":99574},{"target":2,"source":0,"value":36180},{"target":3,"source":0,"value":374471},{"target":4,"source":0,"value":268718},{"target":5,"source":1,"value":26107},{"target":6,"source":1,"value":0},{"target":7,"source":1,"value":73467},{"target":8,"source":2,"value":33064},{"target":9,"source":2,"value":18},{"target":10,"source":2,"value":3098},{"target":11,"source":3,"value":112042},{"target":12,"source":3,"value":0},{"target":13,"source":3,"value":262429},{"target":14,"source":4,"value":268718},{"target":15,"source":4,"value":0},{"target":16,"source":4,"value":0},{"target":17,"source":7,"value":63875},{"target":18,"source":7,"value":8150},{"target":19,"source":7,"value":1117},{"target":20,"source":7,"value":325},{"target":21,"source":13,"value":243110},{"target":22,"source":13,"value":17052},{"target":23,"source":13,"value":1934},{"target":24,"source":13,"value":333}],"Ontario":[{"target":1,"source":0,"value":592008},{"target":2,"source":0,"value":87793},{"target":3,"source":0,"value":1843657},{"target":4,"source":0,"value":532833},{"target":5,"source":1,"value":96295},{"target":6,"source":1,"value":37},{"target":7,"source":1,"value":495676},{"target":8,"source":2,"value":83068},{"target":9,"source":2,"value":0},{"target":10,"source":2,"value":4725},{"target":11,"source":3,"value":329700},{"target":12,"source":3,"value":62},{"target":13,"source":3,"value":1513895},{"target":14,"source":4,"value":532833},{"target":15,"source":4,"value":0},{"target":16,"source":4,"value":0},{"target":17,"source":7,"value":447158},{"target":18,"source":7,"value":43543},{"target":19,"source":7,"value":798},{"target":20,"source":7,"value":4177},{"target":21,"source":13,"value":1466337},{"target":22,"source":13,"value":41763},{"target":23,"source":13,"value":355},{"target":24,"source":13,"value":5440}],"Manitoba":[{"target":1,"source":0,"value":17937},{"target":2,"source":0,"value":430},{"target":3,"source":0,"value":107645},{"target":4,"source":0,"value":22713},{"target":5,"source":1,"value":2940},{"target":6,"source":1,"value":0},{"target":7,"source":1,"value":14997},{"target":8,"source":2,"value":392},{"target":9,"source":2,"value":0},{"target":10,"source":2,"value":38},{"target":11,"source":3,"value":15842},{"target":12,"source":3,"value":0},{"target":13,"source":3,"value":91803},{"target":14,"source":4,"value":22713},{"target":15,"source":4,"value":0},{"target":16,"source":4,"value":0},{"target":17,"source":7,"value":14428},{"target":18,"source":7,"value":564},{"target":19,"source":7,"value":0},{"target":20,"source":7,"value":5},{"target":21,"source":13,"value":89183},{"target":22,"source":13,"value":2617},{"target":23,"source":13,"value":0},{"target":24,"source":13,"value":3}],"Saskatchewan":[{"target":1,"source":0,"value":5872},{"target":2,"source":0,"value":162},{"target":3,"source":0,"value":35808},{"target":4,"source":0,"value":22298},{"target":5,"source":1,"value":2086},{"target":6,"source":1,"value":0},{"target":7,"source":1,"value":3786},{"target":8,"source":2,"value":154},{"target":9,"source":2,"value":0},{"target":10,"source":2,"value":8},{"target":11,"source":3,"value":12731},{"target":12,"source":3,"value":0},{"target":13,"source":3,"value":23077},{"target":14,"source":4,"value":22298},{"target":15,"source":4,"value":0},{"target":16,"source":4,"value":0},{"target":17,"source":7,"value":3740},{"target":18,"source":7,"value":31},{"target":19,"source":7,"value":0},{"target":20,"source":7,"value":15},{"target":21,"source":13,"value":22242},{"target":22,"source":13,"value":782},{"target":23,"source":13,"value":0},{"target":24,"source":13,"value":53}],"Alberta":[{"target":1,"source":0,"value":28095},{"target":2,"source":0,"value":12868},{"target":3,"source":0,"value":163105},{"target":4,"source":0,"value":105055},{"target":5,"source":1,"value":23743},{"target":6,"source":1,"value":0},{"target":7,"source":1,"value":4352},{"target":8,"source":2,"value":12838},{"target":9,"source":2,"value":0},{"target":10,"source":2,"value":30},{"target":11,"source":3,"value":126951},{"target":12,"source":3,"value":0},{"target":13,"source":3,"value":36154},{"target":14,"source":4,"value":105055},{"target":15,"source":4,"value":0},{"target":16,"source":4,"value":0},{"target":17,"source":7,"value":4311},{"target":18,"source":7,"value":0},{"target":19,"source":7,"value":0},{"target":20,"source":7,"value":41},{"target":21,"source":13,"value":35951},{"target":22,"source":13,"value":160},{"target":23,"source":13,"value":0},{"target":24,"source":13,"value":43}],"British Columbia":[{"target":1,"source":0,"value":218268},{"target":2,"source":0,"value":78458},{"target":3,"source":0,"value":985818},{"target":4,"source":0,"value":152853},{"target":5,"source":1,"value":41493},{"target":6,"source":1,"value":217},{"target":7,"source":1,"value":176558},{"target":8,"source":2,"value":62777},{"target":9,"source":2,"value":146},{"target":10,"source":2,"value":15535},{"target":11,"source":3,"value":128234},{"target":12,"source":3,"value":101},{"target":13,"source":3,"value":857483},{"target":14,"source":4,"value":152251},{"target":15,"source":4,"value":0},{"target":16,"source":4,"value":602},{"target":17,"source":7,"value":166670},{"target":18,"source":7,"value":4378},{"target":19,"source":7,"value":1781},{"target":20,"source":7,"value":3729},{"target":21,"source":13,"value":841098},{"target":22,"source":13,"value":10624},{"target":23,"source":13,"value":1521},{"target":24,"source":13,"value":4240}],"Yukon":[{"target":1,"source":0,"value":1442},{"target":2,"source":0,"value":25},{"target":3,"source":0,"value":778},{"target":4,"source":0,"value":0},{"target":5,"source":1,"value":12},{"target":6,"source":1,"value":0},{"target":7,"source":1,"value":1430},{"target":8,"source":2,"value":0},{"target":9,"source":2,"value":0},{"target":10,"source":2,"value":25},{"target":11,"source":3,"value":119},{"target":12,"source":3,"value":0},{"target":13,"source":3,"value":659},{"target":14,"source":4,"value":0},{"target":15,"source":4,"value":0},{"target":16,"source":4,"value":0},{"target":17,"source":7,"value":1430},{"target":18,"source":7,"value":0},{"target":19,"source":7,"value":0},{"target":20,"source":7,"value":0},{"target":21,"source":13,"value":620},{"target":22,"source":13,"value":39},{"target":23,"source":13,"value":0},{"target":24,"source":13,"value":0}],"Nunavut":[{"target":1,"source":0,"value":15},{"target":2,"source":0,"value":52},{"target":3,"source":0,"value":17},{"target":4,"source":0,"value":22},{"target":5,"source":1,"value":15},{"target":6,"source":1,"value":0},{"target":7,"source":1,"value":0},{"target":8,"source":2,"value":52},{"target":9,"source":2,"value":0},{"target":10,"source":2,"value":".."},{"target":11,"source":3,"value":17},{"target":12,"source":3,"value":0},{"target":13,"source":3,"value":0},{"target":14,"source":4,"value":22},{"target":15,"source":4,"value":0},{"target":16,"source":4,"value":".."},{"target":17,"source":7,"value":".."},{"target":18,"source":7,"value":".."},{"target":19,"source":7,"value":".."},{"target":20,"source":7,"value":0},{"target":21,"source":13,"value":".."},{"target":22,"source":13,"value":".."},{"target":23,"source":13,"value":".."},{"target":24,"source":13,"value":0}],"nodes":[{"node":0,"name":"intl"},{"node":1,"name":"USres"},{"node":2,"name":"nonUSres"},{"node":3,"name":"cdnFromUS"},{"node":4,"name":"cdnFromOther"},{"node":5,"name":"USres_air"},{"node":6,"name":"USres_marine"},{"node":7,"name":"USres_land"},{"node":8,"name":"nonUSres_air"},{"node":9,"name":"nonUSres_marine"},{"node":10,"name":"nonUSres_land"},{"node":11,"name":"cdnFromUS_air"},{"node":12,"name":"cdnFromUS_marine"},{"node":13,"name":"cdnFromUS_land"},{"node":14,"name":"cdnFromOther_air"},{"node":15,"name":"cdnFromOther_marine"},{"node":16,"name":"cdnFromOther_land"},{"node":17,"name":"USres_car"},{"node":18,"name":"USres_bus"},{"node":19,"name":"USres_train"},{"node":20,"name":"USres_other"},{"node":21,"name":"cdnFromUS_car"},{"node":22,"name":"cdnFromUS_bus"},{"node":23,"name":"cdnFromUS_train"},{"node":24,"name":"cdnFromUS_other"}]}