{"Canada":[{"target":1,"source":0,"value":1358810},{"target":2,"source":0,"value":288357},{"target":3,"source":0,"value":4778448},{"target":4,"source":0,"value":945951},{"target":5,"source":1,"value":259391},{"target":6,"source":1,"value":4525},{"target":7,"source":1,"value":1094894},{"target":8,"source":2,"value":254524},{"target":9,"source":2,"value":1698},{"target":10,"source":2,"value":32135},{"target":11,"source":3,"value":784211},{"target":12,"source":3,"value":2112},{"target":13,"source":3,"value":3992125},{"target":14,"source":4,"value":944880},{"target":15,"source":4,"value":369},{"target":16,"source":4,"value":702},{"target":17,"source":7,"value":1014749},{"target":18,"source":7,"value":52380},{"target":19,"source":7,"value":5611},{"target":20,"source":7,"value":22154},{"target":21,"source":13,"value":3856064},{"target":22,"source":13,"value":111755},{"target":23,"source":13,"value":3715},{"target":24,"source":13,"value":20591}],"Newfoundland and Labrador":[{"target":1,"source":0,"value":1265},{"target":2,"source":0,"value":1591},{"target":3,"source":0,"value":2266},{"target":4,"source":0,"value":6136},{"target":5,"source":1,"value":1245},{"target":6,"source":1,"value":20},{"target":7,"source":1,"value":0},{"target":8,"source":2,"value":1131},{"target":9,"source":2,"value":460},{"target":10,"source":2,"value":0},{"target":11,"source":3,"value":2266},{"target":12,"source":3,"value":0},{"target":13,"source":3,"value":0},{"target":14,"source":4,"value":5828},{"target":15,"source":4,"value":308},{"target":16,"source":4,"value":0},{"target":17,"source":7,"value":0},{"target":18,"source":7,"value":0},{"target":19,"source":7,"value":0},{"target":20,"source":7,"value":0},{"target":21,"source":13,"value":0},{"target":22,"source":13,"value":0},{"target":23,"source":13,"value":0},{"target":24,"source":13,"value":0}],"Prince Edward Island":[{"target":1,"source":0,"value":40},{"target":2,"source":0,"value":0},{"target":3,"source":0,"value":3},{"target":4,"source":0,"value":712},{"target":5,"source":1,"value":40},{"target":6,"source":1,"value":0},{"target":7,"source":1,"value":0},{"target":8,"source":2,"value":0},{"target":9,"source":2,"value":0},{"target":10,"source":2,"value":0},{"target":11,"source":3,"value":3},{"target":12,"source":3,"value":0},{"target":13,"source":3,"value":0},{"target":14,"source":4,"value":712},{"target":15,"source":4,"value":0},{"target":16,"source":4,"value":0},{"target":17,"source":7,"value":0},{"target":18,"source":7,"value":0},{"target":19,"source":7,"value":0},{"target":20,"source":7,"value":0},{"target":21,"source":13,"value":0},{"target":22,"source":13,"value":0},{"target":23,"source":13,"value":0},{"target":24,"source":13,"value":0}],"Nova Scotia":[{"target":1,"source":0,"value":3045},{"target":2,"source":0,"value":3469},{"target":3,"source":0,"value":18899},{"target":4,"source":0,"value":39482},{"target":5,"source":1,"value":2437},{"target":6,"source":1,"value":608},{"target":7,"source":1,"value":0},{"target":8,"source":2,"value":2469},{"target":9,"source":2,"value":1000},{"target":10,"source":2,"value":0},{"target":11,"source":3,"value":18852},{"target":12,"source":3,"value":47},{"target":13,"source":3,"value":0},{"target":14,"source":4,"value":39421},{"target":15,"source":4,"value":61},{"target":16,"source":4,"value":0},{"target":17,"source":7,"value":0},{"target":18,"source":7,"value":0},{"target":19,"source":7,"value":0},{"target":20,"source":7,"value":0},{"target":21,"source":13,"value":0},{"target":22,"source":13,"value":0},{"target":23,"source":13,"value":0},{"target":24,"source":13,"value":0}],"New Brunswick":[{"target":1,"source":0,"value":56207},{"target":2,"source":0,"value":127},{"target":3,"source":0,"value":324514},{"target":4,"source":0,"value":7259},{"target":5,"source":1,"value":337},{"target":6,"source":1,"value":2},{"target":7,"source":1,"value":55868},{"target":8,"source":2,"value":24},{"target":9,"source":2,"value":2},{"target":10,"source":2,"value":101},{"target":11,"source":3,"value":1514},{"target":12,"source":3,"value":19},{"target":13,"source":3,"value":322981},{"target":14,"source":4,"value":7259},{"target":15,"source":4,"value":0},{"target":16,"source":4,"value":0},{"target":17,"source":7,"value":55203},{"target":18,"source":7,"value":94},{"target":19,"source":7,"value":0},{"target":20,"source":7,"value":571},{"target":21,"source":13,"value":319371},{"target":22,"source":13,"value":2362},{"target":23,"source":13,"value":0},{"target":24,"source":13,"value":1248}],"Quebec":[{"target":1,"source":0,"value":143916},{"target":2,"source":0,"value":58996},{"target":3,"source":0,"value":487439},{"target":4,"source":0,"value":219926},{"target":5,"source":1,"value":38619},{"target":6,"source":1,"value":11},{"target":7,"source":1,"value":105286},{"target":8,"source":2,"value":53692},{"target":9,"source":2,"value":38},{"target":10,"source":2,"value":5266},{"target":11,"source":3,"value":106872},{"target":12,"source":3,"value":0},{"target":13,"source":3,"value":380567},{"target":14,"source":4,"value":219926},{"target":15,"source":4,"value":0},{"target":16,"source":4,"value":0},{"target":17,"source":7,"value":93467},{"target":18,"source":7,"value":10030},{"target":19,"source":7,"value":1651},{"target":20,"source":7,"value":138},{"target":21,"source":13,"value":341689},{"target":22,"source":13,"value":36552},{"target":23,"source":13,"value":1343},{"target":24,"source":13,"value":983}],"Ontario":[{"target":1,"source":0,"value":804190},{"target":2,"source":0,"value":129646},{"target":3,"source":0,"value":2235116},{"target":4,"source":0,"value":426744},{"target":5,"source":1,"value":127647},{"target":6,"source":1,"value":1735},{"target":7,"source":1,"value":674808},{"target":8,"source":2,"value":122281},{"target":9,"source":2,"value":6},{"target":10,"source":2,"value":7359},{"target":11,"source":3,"value":343856},{"target":12,"source":3,"value":289},{"target":13,"source":3,"value":1890971},{"target":14,"source":4,"value":426744},{"target":15,"source":4,"value":0},{"target":16,"source":4,"value":0},{"target":17,"source":7,"value":627913},{"target":18,"source":7,"value":36369},{"target":19,"source":7,"value":760},{"target":20,"source":7,"value":9766},{"target":21,"source":13,"value":1829816},{"target":22,"source":13,"value":49740},{"target":23,"source":13,"value":531},{"target":24,"source":13,"value":10884}],"Manitoba":[{"target":1,"source":0,"value":17917},{"target":2,"source":0,"value":631},{"target":3,"source":0,"value":143222},{"target":4,"source":0,"value":8334},{"target":5,"source":1,"value":3652},{"target":6,"source":1,"value":0},{"target":7,"source":1,"value":14265},{"target":8,"source":2,"value":537},{"target":9,"source":2,"value":0},{"target":10,"source":2,"value":94},{"target":11,"source":3,"value":15635},{"target":12,"source":3,"value":0},{"target":13,"source":3,"value":127587},{"target":14,"source":4,"value":8334},{"target":15,"source":4,"value":0},{"target":16,"source":4,"value":0},{"target":17,"source":7,"value":14153},{"target":18,"source":7,"value":102},{"target":19,"source":7,"value":0},{"target":20,"source":7,"value":10},{"target":21,"source":13,"value":123152},{"target":22,"source":13,"value":4302},{"target":23,"source":13,"value":0},{"target":24,"source":13,"value":133}],"Saskatchewan":[{"target":1,"source":0,"value":7691},{"target":2,"source":0,"value":300},{"target":3,"source":0,"value":49446},{"target":4,"source":0,"value":7558},{"target":5,"source":1,"value":2840},{"target":6,"source":1,"value":0},{"target":7,"source":1,"value":4851},{"target":8,"source":2,"value":279},{"target":9,"source":2,"value":0},{"target":10,"source":2,"value":21},{"target":11,"source":3,"value":12544},{"target":12,"source":3,"value":0},{"target":13,"source":3,"value":36902},{"target":14,"source":4,"value":7558},{"target":15,"source":4,"value":0},{"target":16,"source":4,"value":0},{"target":17,"source":7,"value":4812},{"target":18,"source":7,"value":16},{"target":19,"source":7,"value":0},{"target":20,"source":7,"value":23},{"target":21,"source":13,"value":35632},{"target":22,"source":13,"value":1175},{"target":23,"source":13,"value":0},{"target":24,"source":13,"value":95}],"Alberta":[{"target":1,"source":0,"value":35086},{"target":2,"source":0,"value":14945},{"target":3,"source":0,"value":223776},{"target":4,"source":0,"value":97655},{"target":5,"source":1,"value":27690},{"target":6,"source":1,"value":0},{"target":7,"source":1,"value":7396},{"target":8,"source":2,"value":14809},{"target":9,"source":2,"value":0},{"target":10,"source":2,"value":136},{"target":11,"source":3,"value":145695},{"target":12,"source":3,"value":0},{"target":13,"source":3,"value":78081},{"target":14,"source":4,"value":97655},{"target":15,"source":4,"value":0},{"target":16,"source":4,"value":0},{"target":17,"source":7,"value":7185},{"target":18,"source":7,"value":151},{"target":19,"source":7,"value":0},{"target":20,"source":7,"value":60},{"target":21,"source":13,"value":77359},{"target":22,"source":13,"value":657},{"target":23,"source":13,"value":0},{"target":24,"source":13,"value":65}],"British Columbia":[{"target":1,"source":0,"value":285548},{"target":2,"source":0,"value":78419},{"target":3,"source":0,"value":1289276},{"target":4,"source":0,"value":132141},{"target":5,"source":1,"value":54745},{"target":6,"source":1,"value":2149},{"target":7,"source":1,"value":228654},{"target":8,"source":2,"value":59260},{"target":9,"source":2,"value":192},{"target":10,"source":2,"value":18967},{"target":11,"source":3,"value":136951},{"target":12,"source":3,"value":1757},{"target":13,"source":3,"value":1150568},{"target":14,"source":4,"value":131439},{"target":15,"source":4,"value":0},{"target":16,"source":4,"value":702},{"target":17,"source":7,"value":208369},{"target":18,"source":7,"value":5500},{"target":19,"source":7,"value":3200},{"target":20,"source":7,"value":11585},{"target":21,"source":13,"value":1124600},{"target":22,"source":13,"value":16954},{"target":23,"source":13,"value":1841},{"target":24,"source":13,"value":7173}],"Yukon":[{"target":1,"source":0,"value":3790},{"target":2,"source":0,"value":199},{"target":3,"source":0,"value":4474},{"target":4,"source":0,"value":0},{"target":5,"source":1,"value":24},{"target":6,"source":1,"value":0},{"target":7,"source":1,"value":3766},{"target":8,"source":2,"value":8},{"target":9,"source":2,"value":0},{"target":10,"source":2,"value":191},{"target":11,"source":3,"value":6},{"target":12,"source":3,"value":0},{"target":13,"source":3,"value":4468},{"target":14,"source":4,"value":0},{"target":15,"source":4,"value":0},{"target":16,"source":4,"value":0},{"target":17,"source":7,"value":3647},{"target":18,"source":7,"value":118},{"target":19,"source":7,"value":0},{"target":20,"source":7,"value":1},{"target":21,"source":13,"value":4445},{"target":22,"source":13,"value":13},{"target":23,"source":13,"value":0},{"target":24,"source":13,"value":10}],"Nunavut":[{"target":1,"source":0,"value":115},{"target":2,"source":0,"value":34},{"target":3,"source":0,"value":17},{"target":4,"source":0,"value":4},{"target":5,"source":1,"value":115},{"target":6,"source":1,"value":0},{"target":7,"source":1,"value":0},{"target":8,"source":2,"value":34},{"target":9,"source":2,"value":0},{"target":10,"source":2,"value":".."},{"target":11,"source":3,"value":17},{"target":12,"source":3,"value":0},{"target":13,"source":3,"value":0},{"target":14,"source":4,"value":4},{"target":15,"source":4,"value":0},{"target":16,"source":4,"value":".."},{"target":17,"source":7,"value":".."},{"target":18,"source":7,"value":".."},{"target":19,"source":7,"value":".."},{"target":20,"source":7,"value":0},{"target":21,"source":13,"value":".."},{"target":22,"source":13,"value":".."},{"target":23,"source":13,"value":".."},{"target":24,"source":13,"value":0}],"nodes":[{"node":0,"name":"intl"},{"node":1,"name":"USres"},{"node":2,"name":"nonUSres"},{"node":3,"name":"cdnFromUS"},{"node":4,"name":"cdnFromOther"},{"node":5,"name":"USres_air"},{"node":6,"name":"USres_marine"},{"node":7,"name":"USres_land"},{"node":8,"name":"nonUSres_air"},{"node":9,"name":"nonUSres_marine"},{"node":10,"name":"nonUSres_land"},{"node":11,"name":"cdnFromUS_air"},{"node":12,"name":"cdnFromUS_marine"},{"node":13,"name":"cdnFromUS_land"},{"node":14,"name":"cdnFromOther_air"},{"node":15,"name":"cdnFromOther_marine"},{"node":16,"name":"cdnFromOther_land"},{"node":17,"name":"USres_car"},{"node":18,"name":"USres_bus"},{"node":19,"name":"USres_train"},{"node":20,"name":"USres_other"},{"node":21,"name":"cdnFromUS_car"},{"node":22,"name":"cdnFromUS_bus"},{"node":23,"name":"cdnFromUS_train"},{"node":24,"name":"cdnFromUS_other"}]}