{"Canada":[{"target":1,"source":0,"value":1365536},{"target":2,"source":0,"value":311983},{"target":3,"source":0,"value":4306702},{"target":4,"source":0,"value":745029},{"target":5,"source":1,"value":285748},{"target":6,"source":1,"value":359},{"target":7,"source":1,"value":1079429},{"target":8,"source":2,"value":280128},{"target":9,"source":2,"value":152},{"target":10,"source":2,"value":31703},{"target":11,"source":3,"value":620434},{"target":12,"source":3,"value":189},{"target":13,"source":3,"value":3686079},{"target":14,"source":4,"value":744233},{"target":15,"source":4,"value":7},{"target":16,"source":4,"value":789},{"target":17,"source":7,"value":1001266},{"target":18,"source":7,"value":59306},{"target":19,"source":7,"value":3046},{"target":20,"source":7,"value":15811},{"target":21,"source":13,"value":3582986},{"target":22,"source":13,"value":82049},{"target":23,"source":13,"value":2578},{"target":24,"source":13,"value":18466}],"Newfoundland and Labrador":[{"target":1,"source":0,"value":1473},{"target":2,"source":0,"value":1366},{"target":3,"source":0,"value":1381},{"target":4,"source":0,"value":265},{"target":5,"source":1,"value":1473},{"target":6,"source":1,"value":0},{"target":7,"source":1,"value":0},{"target":8,"source":2,"value":1245},{"target":9,"source":2,"value":121},{"target":10,"source":2,"value":0},{"target":11,"source":3,"value":1381},{"target":12,"source":3,"value":0},{"target":13,"source":3,"value":0},{"target":14,"source":4,"value":261},{"target":15,"source":4,"value":4},{"target":16,"source":4,"value":0},{"target":17,"source":7,"value":0},{"target":18,"source":7,"value":0},{"target":19,"source":7,"value":0},{"target":20,"source":7,"value":0},{"target":21,"source":13,"value":0},{"target":22,"source":13,"value":0},{"target":23,"source":13,"value":0},{"target":24,"source":13,"value":0}],"Prince Edward Island":[{"target":1,"source":0,"value":23},{"target":2,"source":0,"value":0},{"target":3,"source":0,"value":10},{"target":4,"source":0,"value":0},{"target":5,"source":1,"value":23},{"target":6,"source":1,"value":0},{"target":7,"source":1,"value":0},{"target":8,"source":2,"value":0},{"target":9,"source":2,"value":0},{"target":10,"source":2,"value":0},{"target":11,"source":3,"value":10},{"target":12,"source":3,"value":0},{"target":13,"source":3,"value":0},{"target":14,"source":4,"value":0},{"target":15,"source":4,"value":0},{"target":16,"source":4,"value":0},{"target":17,"source":7,"value":0},{"target":18,"source":7,"value":0},{"target":19,"source":7,"value":0},{"target":20,"source":7,"value":0},{"target":21,"source":13,"value":0},{"target":22,"source":13,"value":0},{"target":23,"source":13,"value":0},{"target":24,"source":13,"value":0}],"Nova Scotia":[{"target":1,"source":0,"value":4030},{"target":2,"source":0,"value":2600},{"target":3,"source":0,"value":8127},{"target":4,"source":0,"value":3357},{"target":5,"source":1,"value":4030},{"target":6,"source":1,"value":0},{"target":7,"source":1,"value":0},{"target":8,"source":2,"value":2588},{"target":9,"source":2,"value":12},{"target":10,"source":2,"value":0},{"target":11,"source":3,"value":8125},{"target":12,"source":3,"value":2},{"target":13,"source":3,"value":0},{"target":14,"source":4,"value":3355},{"target":15,"source":4,"value":2},{"target":16,"source":4,"value":0},{"target":17,"source":7,"value":0},{"target":18,"source":7,"value":0},{"target":19,"source":7,"value":0},{"target":20,"source":7,"value":0},{"target":21,"source":13,"value":0},{"target":22,"source":13,"value":0},{"target":23,"source":13,"value":0},{"target":24,"source":13,"value":0}],"New Brunswick":[{"target":1,"source":0,"value":54646},{"target":2,"source":0,"value":139},{"target":3,"source":0,"value":295239},{"target":4,"source":0,"value":257},{"target":5,"source":1,"value":304},{"target":6,"source":1,"value":0},{"target":7,"source":1,"value":54342},{"target":8,"source":2,"value":55},{"target":9,"source":2,"value":3},{"target":10,"source":2,"value":81},{"target":11,"source":3,"value":874},{"target":12,"source":3,"value":9},{"target":13,"source":3,"value":294356},{"target":14,"source":4,"value":256},{"target":15,"source":4,"value":1},{"target":16,"source":4,"value":0},{"target":17,"source":7,"value":53889},{"target":18,"source":7,"value":206},{"target":19,"source":7,"value":0},{"target":20,"source":7,"value":247},{"target":21,"source":13,"value":292090},{"target":22,"source":13,"value":1578},{"target":23,"source":13,"value":0},{"target":24,"source":13,"value":688}],"Quebec":[{"target":1,"source":0,"value":146255},{"target":2,"source":0,"value":59586},{"target":3,"source":0,"value":346854},{"target":4,"source":0,"value":164629},{"target":5,"source":1,"value":40026},{"target":6,"source":1,"value":0},{"target":7,"source":1,"value":106229},{"target":8,"source":2,"value":55724},{"target":9,"source":2,"value":15},{"target":10,"source":2,"value":3847},{"target":11,"source":3,"value":82033},{"target":12,"source":3,"value":0},{"target":13,"source":3,"value":264821},{"target":14,"source":4,"value":164629},{"target":15,"source":4,"value":0},{"target":16,"source":4,"value":0},{"target":17,"source":7,"value":98138},{"target":18,"source":7,"value":6292},{"target":19,"source":7,"value":1687},{"target":20,"source":7,"value":112},{"target":21,"source":13,"value":248942},{"target":22,"source":13,"value":14239},{"target":23,"source":13,"value":1369},{"target":24,"source":13,"value":271}],"Ontario":[{"target":1,"source":0,"value":788393},{"target":2,"source":0,"value":136058},{"target":3,"source":0,"value":2130070},{"target":4,"source":0,"value":354976},{"target":5,"source":1,"value":141747},{"target":6,"source":1,"value":260},{"target":7,"source":1,"value":646386},{"target":8,"source":2,"value":127542},{"target":9,"source":2,"value":1},{"target":10,"source":2,"value":8515},{"target":11,"source":3,"value":279911},{"target":12,"source":3,"value":54},{"target":13,"source":3,"value":1850105},{"target":14,"source":4,"value":354976},{"target":15,"source":4,"value":0},{"target":16,"source":4,"value":0},{"target":17,"source":7,"value":594267},{"target":18,"source":7,"value":46913},{"target":19,"source":7,"value":608},{"target":20,"source":7,"value":4598},{"target":21,"source":13,"value":1793575},{"target":22,"source":13,"value":49310},{"target":23,"source":13,"value":469},{"target":24,"source":13,"value":6751}],"Manitoba":[{"target":1,"source":0,"value":21872},{"target":2,"source":0,"value":928},{"target":3,"source":0,"value":110523},{"target":4,"source":0,"value":10230},{"target":5,"source":1,"value":4391},{"target":6,"source":1,"value":0},{"target":7,"source":1,"value":17481},{"target":8,"source":2,"value":814},{"target":9,"source":2,"value":0},{"target":10,"source":2,"value":114},{"target":11,"source":3,"value":12316},{"target":12,"source":3,"value":0},{"target":13,"source":3,"value":98207},{"target":14,"source":4,"value":10230},{"target":15,"source":4,"value":0},{"target":16,"source":4,"value":0},{"target":17,"source":7,"value":17301},{"target":18,"source":7,"value":166},{"target":19,"source":7,"value":0},{"target":20,"source":7,"value":14},{"target":21,"source":13,"value":96339},{"target":22,"source":13,"value":1862},{"target":23,"source":13,"value":0},{"target":24,"source":13,"value":6}],"Saskatchewan":[{"target":1,"source":0,"value":8601},{"target":2,"source":0,"value":479},{"target":3,"source":0,"value":39668},{"target":4,"source":0,"value":10705},{"target":5,"source":1,"value":3338},{"target":6,"source":1,"value":0},{"target":7,"source":1,"value":5263},{"target":8,"source":2,"value":437},{"target":9,"source":2,"value":0},{"target":10,"source":2,"value":42},{"target":11,"source":3,"value":12346},{"target":12,"source":3,"value":0},{"target":13,"source":3,"value":27322},{"target":14,"source":4,"value":10705},{"target":15,"source":4,"value":0},{"target":16,"source":4,"value":0},{"target":17,"source":7,"value":5092},{"target":18,"source":7,"value":147},{"target":19,"source":7,"value":0},{"target":20,"source":7,"value":24},{"target":21,"source":13,"value":26840},{"target":22,"source":13,"value":446},{"target":23,"source":13,"value":0},{"target":24,"source":13,"value":36}],"Alberta":[{"target":1,"source":0,"value":41055},{"target":2,"source":0,"value":18622},{"target":3,"source":0,"value":150826},{"target":4,"source":0,"value":78679},{"target":5,"source":1,"value":33188},{"target":6,"source":1,"value":0},{"target":7,"source":1,"value":7867},{"target":8,"source":2,"value":18559},{"target":9,"source":2,"value":0},{"target":10,"source":2,"value":63},{"target":11,"source":3,"value":113110},{"target":12,"source":3,"value":0},{"target":13,"source":3,"value":37716},{"target":14,"source":4,"value":78679},{"target":15,"source":4,"value":0},{"target":16,"source":4,"value":0},{"target":17,"source":7,"value":7816},{"target":18,"source":7,"value":19},{"target":19,"source":7,"value":0},{"target":20,"source":7,"value":32},{"target":21,"source":13,"value":37353},{"target":22,"source":13,"value":312},{"target":23,"source":13,"value":0},{"target":24,"source":13,"value":51}],"British Columbia":[{"target":1,"source":0,"value":297478},{"target":2,"source":0,"value":92172},{"target":3,"source":0,"value":1223062},{"target":4,"source":0,"value":121928},{"target":5,"source":1,"value":57186},{"target":6,"source":1,"value":99},{"target":7,"source":1,"value":240193},{"target":8,"source":2,"value":73146},{"target":9,"source":2,"value":0},{"target":10,"source":2,"value":19026},{"target":11,"source":3,"value":110302},{"target":12,"source":3,"value":124},{"target":13,"source":3,"value":1112636},{"target":14,"source":4,"value":121139},{"target":15,"source":4,"value":0},{"target":16,"source":4,"value":789},{"target":17,"source":7,"value":223095},{"target":18,"source":7,"value":5563},{"target":19,"source":7,"value":751},{"target":20,"source":7,"value":10784},{"target":21,"source":13,"value":1086962},{"target":22,"source":13,"value":14272},{"target":23,"source":13,"value":740},{"target":24,"source":13,"value":10662}],"Yukon":[{"target":1,"source":0,"value":1689},{"target":2,"source":0,"value":15},{"target":3,"source":0,"value":933},{"target":4,"source":0,"value":0},{"target":5,"source":1,"value":21},{"target":6,"source":1,"value":0},{"target":7,"source":1,"value":1668},{"target":8,"source":2,"value":0},{"target":9,"source":2,"value":0},{"target":10,"source":2,"value":15},{"target":11,"source":3,"value":17},{"target":12,"source":3,"value":0},{"target":13,"source":3,"value":916},{"target":14,"source":4,"value":0},{"target":15,"source":4,"value":0},{"target":16,"source":4,"value":0},{"target":17,"source":7,"value":1668},{"target":18,"source":7,"value":0},{"target":19,"source":7,"value":0},{"target":20,"source":7,"value":0},{"target":21,"source":13,"value":885},{"target":22,"source":13,"value":30},{"target":23,"source":13,"value":0},{"target":24,"source":13,"value":1}],"Nunavut":[{"target":1,"source":0,"value":21},{"target":2,"source":0,"value":18},{"target":3,"source":0,"value":9},{"target":4,"source":0,"value":3},{"target":5,"source":1,"value":21},{"target":6,"source":1,"value":0},{"target":7,"source":1,"value":0},{"target":8,"source":2,"value":18},{"target":9,"source":2,"value":0},{"target":10,"source":2,"value":".."},{"target":11,"source":3,"value":9},{"target":12,"source":3,"value":0},{"target":13,"source":3,"value":0},{"target":14,"source":4,"value":3},{"target":15,"source":4,"value":0},{"target":16,"source":4,"value":".."},{"target":17,"source":7,"value":".."},{"target":18,"source":7,"value":".."},{"target":19,"source":7,"value":".."},{"target":20,"source":7,"value":0},{"target":21,"source":13,"value":".."},{"target":22,"source":13,"value":".."},{"target":23,"source":13,"value":".."},{"target":24,"source":13,"value":0}],"nodes":[{"node":0,"name":"intl"},{"node":1,"name":"USres"},{"node":2,"name":"nonUSres"},{"node":3,"name":"cdnFromUS"},{"node":4,"name":"cdnFromOther"},{"node":5,"name":"USres_air"},{"node":6,"name":"USres_marine"},{"node":7,"name":"USres_land"},{"node":8,"name":"nonUSres_air"},{"node":9,"name":"nonUSres_marine"},{"node":10,"name":"nonUSres_land"},{"node":11,"name":"cdnFromUS_air"},{"node":12,"name":"cdnFromUS_marine"},{"node":13,"name":"cdnFromUS_land"},{"node":14,"name":"cdnFromOther_air"},{"node":15,"name":"cdnFromOther_marine"},{"node":16,"name":"cdnFromOther_land"},{"node":17,"name":"USres_car"},{"node":18,"name":"USres_bus"},{"node":19,"name":"USres_train"},{"node":20,"name":"USres_other"},{"node":21,"name":"cdnFromUS_car"},{"node":22,"name":"cdnFromUS_bus"},{"node":23,"name":"cdnFromUS_train"},{"node":24,"name":"cdnFromUS_other"}]}