{"Canada":[{"target":1,"source":0,"value":1204701},{"target":2,"source":0,"value":248695},{"target":3,"source":0,"value":4838700},{"target":4,"source":0,"value":1150215},{"target":5,"source":1,"value":241129},{"target":6,"source":1,"value":883},{"target":7,"source":1,"value":962689},{"target":8,"source":2,"value":219507},{"target":9,"source":2,"value":129},{"target":10,"source":2,"value":29059},{"target":11,"source":3,"value":877151},{"target":12,"source":3,"value":422},{"target":13,"source":3,"value":3961127},{"target":14,"source":4,"value":1149428},{"target":15,"source":4,"value":8},{"target":16,"source":4,"value":779},{"target":17,"source":7,"value":892660},{"target":18,"source":7,"value":48717},{"target":19,"source":7,"value":4868},{"target":20,"source":7,"value":16444},{"target":21,"source":13,"value":3860449},{"target":22,"source":13,"value":80325},{"target":23,"source":13,"value":3947},{"target":24,"source":13,"value":16406}],"Newfoundland and Labrador":[{"target":1,"source":0,"value":1265},{"target":2,"source":0,"value":1580},{"target":3,"source":0,"value":1926},{"target":4,"source":0,"value":4357},{"target":5,"source":1,"value":1265},{"target":6,"source":1,"value":0},{"target":7,"source":1,"value":0},{"target":8,"source":2,"value":1494},{"target":9,"source":2,"value":86},{"target":10,"source":2,"value":0},{"target":11,"source":3,"value":1926},{"target":12,"source":3,"value":0},{"target":13,"source":3,"value":0},{"target":14,"source":4,"value":4349},{"target":15,"source":4,"value":8},{"target":16,"source":4,"value":0},{"target":17,"source":7,"value":0},{"target":18,"source":7,"value":0},{"target":19,"source":7,"value":0},{"target":20,"source":7,"value":0},{"target":21,"source":13,"value":0},{"target":22,"source":13,"value":0},{"target":23,"source":13,"value":0},{"target":24,"source":13,"value":0}],"Prince Edward Island":[{"target":1,"source":0,"value":7},{"target":2,"source":0,"value":0},{"target":3,"source":0,"value":0},{"target":4,"source":0,"value":367},{"target":5,"source":1,"value":7},{"target":6,"source":1,"value":0},{"target":7,"source":1,"value":0},{"target":8,"source":2,"value":0},{"target":9,"source":2,"value":0},{"target":10,"source":2,"value":0},{"target":11,"source":3,"value":0},{"target":12,"source":3,"value":0},{"target":13,"source":3,"value":0},{"target":14,"source":4,"value":367},{"target":15,"source":4,"value":0},{"target":16,"source":4,"value":0},{"target":17,"source":7,"value":0},{"target":18,"source":7,"value":0},{"target":19,"source":7,"value":0},{"target":20,"source":7,"value":0},{"target":21,"source":13,"value":0},{"target":22,"source":13,"value":0},{"target":23,"source":13,"value":0},{"target":24,"source":13,"value":0}],"Nova Scotia":[{"target":1,"source":0,"value":2021},{"target":2,"source":0,"value":2164},{"target":3,"source":0,"value":20684},{"target":4,"source":0,"value":34653},{"target":5,"source":1,"value":2021},{"target":6,"source":1,"value":0},{"target":7,"source":1,"value":0},{"target":8,"source":2,"value":2154},{"target":9,"source":2,"value":10},{"target":10,"source":2,"value":0},{"target":11,"source":3,"value":20684},{"target":12,"source":3,"value":0},{"target":13,"source":3,"value":0},{"target":14,"source":4,"value":34653},{"target":15,"source":4,"value":0},{"target":16,"source":4,"value":0},{"target":17,"source":7,"value":0},{"target":18,"source":7,"value":0},{"target":19,"source":7,"value":0},{"target":20,"source":7,"value":0},{"target":21,"source":13,"value":0},{"target":22,"source":13,"value":0},{"target":23,"source":13,"value":0},{"target":24,"source":13,"value":0}],"New Brunswick":[{"target":1,"source":0,"value":52947},{"target":2,"source":0,"value":98},{"target":3,"source":0,"value":321991},{"target":4,"source":0,"value":4904},{"target":5,"source":1,"value":293},{"target":6,"source":1,"value":0},{"target":7,"source":1,"value":52654},{"target":8,"source":2,"value":24},{"target":9,"source":2,"value":7},{"target":10,"source":2,"value":67},{"target":11,"source":3,"value":2759},{"target":12,"source":3,"value":3},{"target":13,"source":3,"value":319229},{"target":14,"source":4,"value":4904},{"target":15,"source":4,"value":0},{"target":16,"source":4,"value":0},{"target":17,"source":7,"value":51617},{"target":18,"source":7,"value":320},{"target":19,"source":7,"value":0},{"target":20,"source":7,"value":717},{"target":21,"source":13,"value":315895},{"target":22,"source":13,"value":2122},{"target":23,"source":13,"value":0},{"target":24,"source":13,"value":1212}],"Quebec":[{"target":1,"source":0,"value":119806},{"target":2,"source":0,"value":44565},{"target":3,"source":0,"value":471965},{"target":4,"source":0,"value":279899},{"target":5,"source":1,"value":33896},{"target":6,"source":1,"value":3},{"target":7,"source":1,"value":85907},{"target":8,"source":2,"value":40915},{"target":9,"source":2,"value":19},{"target":10,"source":2,"value":3631},{"target":11,"source":3,"value":136713},{"target":12,"source":3,"value":0},{"target":13,"source":3,"value":335252},{"target":14,"source":4,"value":279899},{"target":15,"source":4,"value":0},{"target":16,"source":4,"value":0},{"target":17,"source":7,"value":76159},{"target":18,"source":7,"value":7717},{"target":19,"source":7,"value":1717},{"target":20,"source":7,"value":314},{"target":21,"source":13,"value":315272},{"target":22,"source":13,"value":17777},{"target":23,"source":13,"value":1510},{"target":24,"source":13,"value":693}],"Ontario":[{"target":1,"source":0,"value":688744},{"target":2,"source":0,"value":104505},{"target":3,"source":0,"value":2346356},{"target":4,"source":0,"value":534204},{"target":5,"source":1,"value":115211},{"target":6,"source":1,"value":687},{"target":7,"source":1,"value":572846},{"target":8,"source":2,"value":98647},{"target":9,"source":2,"value":0},{"target":10,"source":2,"value":5858},{"target":11,"source":3,"value":388750},{"target":12,"source":3,"value":113},{"target":13,"source":3,"value":1957493},{"target":14,"source":4,"value":534204},{"target":15,"source":4,"value":0},{"target":16,"source":4,"value":0},{"target":17,"source":7,"value":530098},{"target":18,"source":7,"value":35000},{"target":19,"source":7,"value":496},{"target":20,"source":7,"value":7252},{"target":21,"source":13,"value":1908784},{"target":22,"source":13,"value":41042},{"target":23,"source":13,"value":581},{"target":24,"source":13,"value":7086}],"Manitoba":[{"target":1,"source":0,"value":19635},{"target":2,"source":0,"value":430},{"target":3,"source":0,"value":145855},{"target":4,"source":0,"value":23979},{"target":5,"source":1,"value":3312},{"target":6,"source":1,"value":0},{"target":7,"source":1,"value":16323},{"target":8,"source":2,"value":404},{"target":9,"source":2,"value":0},{"target":10,"source":2,"value":26},{"target":11,"source":3,"value":19223},{"target":12,"source":3,"value":0},{"target":13,"source":3,"value":126632},{"target":14,"source":4,"value":23979},{"target":15,"source":4,"value":0},{"target":16,"source":4,"value":0},{"target":17,"source":7,"value":15893},{"target":18,"source":7,"value":409},{"target":19,"source":7,"value":0},{"target":20,"source":7,"value":21},{"target":21,"source":13,"value":123215},{"target":22,"source":13,"value":3371},{"target":23,"source":13,"value":0},{"target":24,"source":13,"value":46}],"Saskatchewan":[{"target":1,"source":0,"value":6900},{"target":2,"source":0,"value":235},{"target":3,"source":0,"value":43293},{"target":4,"source":0,"value":15923},{"target":5,"source":1,"value":2397},{"target":6,"source":1,"value":0},{"target":7,"source":1,"value":4503},{"target":8,"source":2,"value":207},{"target":9,"source":2,"value":0},{"target":10,"source":2,"value":28},{"target":11,"source":3,"value":14754},{"target":12,"source":3,"value":0},{"target":13,"source":3,"value":28539},{"target":14,"source":4,"value":15923},{"target":15,"source":4,"value":0},{"target":16,"source":4,"value":0},{"target":17,"source":7,"value":4467},{"target":18,"source":7,"value":0},{"target":19,"source":7,"value":0},{"target":20,"source":7,"value":36},{"target":21,"source":13,"value":27821},{"target":22,"source":13,"value":588},{"target":23,"source":13,"value":0},{"target":24,"source":13,"value":130}],"Alberta":[{"target":1,"source":0,"value":36571},{"target":2,"source":0,"value":16136},{"target":3,"source":0,"value":194138},{"target":4,"source":0,"value":101048},{"target":5,"source":1,"value":30228},{"target":6,"source":1,"value":0},{"target":7,"source":1,"value":6343},{"target":8,"source":2,"value":16074},{"target":9,"source":2,"value":0},{"target":10,"source":2,"value":62},{"target":11,"source":3,"value":142891},{"target":12,"source":3,"value":0},{"target":13,"source":3,"value":51247},{"target":14,"source":4,"value":101048},{"target":15,"source":4,"value":0},{"target":16,"source":4,"value":0},{"target":17,"source":7,"value":6122},{"target":18,"source":7,"value":201},{"target":19,"source":7,"value":0},{"target":20,"source":7,"value":20},{"target":21,"source":13,"value":50524},{"target":22,"source":13,"value":673},{"target":23,"source":13,"value":0},{"target":24,"source":13,"value":50}],"British Columbia":[{"target":1,"source":0,"value":272954},{"target":2,"source":0,"value":78561},{"target":3,"source":0,"value":1290475},{"target":4,"source":0,"value":150881},{"target":5,"source":1,"value":52398},{"target":6,"source":1,"value":193},{"target":7,"source":1,"value":220363},{"target":8,"source":2,"value":59280},{"target":9,"source":2,"value":7},{"target":10,"source":2,"value":19274},{"target":11,"source":3,"value":149417},{"target":12,"source":3,"value":306},{"target":13,"source":3,"value":1140752},{"target":14,"source":4,"value":150102},{"target":15,"source":4,"value":0},{"target":16,"source":4,"value":779},{"target":17,"source":7,"value":205012},{"target":18,"source":7,"value":4777},{"target":19,"source":7,"value":2655},{"target":20,"source":7,"value":7919},{"target":21,"source":13,"value":1116961},{"target":22,"source":13,"value":14750},{"target":23,"source":13,"value":1856},{"target":24,"source":13,"value":7185}],"Yukon":[{"target":1,"source":0,"value":3815},{"target":2,"source":0,"value":343},{"target":3,"source":0,"value":2006},{"target":4,"source":0,"value":0},{"target":5,"source":1,"value":65},{"target":6,"source":1,"value":0},{"target":7,"source":1,"value":3750},{"target":8,"source":2,"value":230},{"target":9,"source":2,"value":0},{"target":10,"source":2,"value":113},{"target":11,"source":3,"value":23},{"target":12,"source":3,"value":0},{"target":13,"source":3,"value":1983},{"target":14,"source":4,"value":0},{"target":15,"source":4,"value":0},{"target":16,"source":4,"value":0},{"target":17,"source":7,"value":3292},{"target":18,"source":7,"value":293},{"target":19,"source":7,"value":0},{"target":20,"source":7,"value":165},{"target":21,"source":13,"value":1977},{"target":22,"source":13,"value":2},{"target":23,"source":13,"value":0},{"target":24,"source":13,"value":4}],"Nunavut":[{"target":1,"source":0,"value":36},{"target":2,"source":0,"value":78},{"target":3,"source":0,"value":11},{"target":4,"source":0,"value":0},{"target":5,"source":1,"value":36},{"target":6,"source":1,"value":0},{"target":7,"source":1,"value":0},{"target":8,"source":2,"value":78},{"target":9,"source":2,"value":0},{"target":10,"source":2,"value":".."},{"target":11,"source":3,"value":11},{"target":12,"source":3,"value":0},{"target":13,"source":3,"value":0},{"target":14,"source":4,"value":0},{"target":15,"source":4,"value":0},{"target":16,"source":4,"value":".."},{"target":17,"source":7,"value":".."},{"target":18,"source":7,"value":".."},{"target":19,"source":7,"value":".."},{"target":20,"source":7,"value":0},{"target":21,"source":13,"value":".."},{"target":22,"source":13,"value":".."},{"target":23,"source":13,"value":".."},{"target":24,"source":13,"value":0}],"nodes":[{"node":0,"name":"intl"},{"node":1,"name":"USres"},{"node":2,"name":"nonUSres"},{"node":3,"name":"cdnFromUS"},{"node":4,"name":"cdnFromOther"},{"node":5,"name":"USres_air"},{"node":6,"name":"USres_marine"},{"node":7,"name":"USres_land"},{"node":8,"name":"nonUSres_air"},{"node":9,"name":"nonUSres_marine"},{"node":10,"name":"nonUSres_land"},{"node":11,"name":"cdnFromUS_air"},{"node":12,"name":"cdnFromUS_marine"},{"node":13,"name":"cdnFromUS_land"},{"node":14,"name":"cdnFromOther_air"},{"node":15,"name":"cdnFromOther_marine"},{"node":16,"name":"cdnFromOther_land"},{"node":17,"name":"USres_car"},{"node":18,"name":"USres_bus"},{"node":19,"name":"USres_train"},{"node":20,"name":"USres_other"},{"node":21,"name":"cdnFromUS_car"},{"node":22,"name":"cdnFromUS_bus"},{"node":23,"name":"cdnFromUS_train"},{"node":24,"name":"cdnFromUS_other"}]}