{"Canada":[{"target":1,"source":0,"value":1956234},{"target":2,"source":0,"value":517814},{"target":3,"source":0,"value":4758845},{"target":4,"source":0,"value":669175},{"target":5,"source":1,"value":358751},{"target":6,"source":1,"value":176032},{"target":7,"source":1,"value":1421451},{"target":8,"source":2,"value":395458},{"target":9,"source":2,"value":46960},{"target":10,"source":2,"value":75396},{"target":11,"source":3,"value":530272},{"target":12,"source":3,"value":34889},{"target":13,"source":3,"value":4193684},{"target":14,"source":4,"value":666841},{"target":15,"source":4,"value":1698},{"target":16,"source":4,"value":636},{"target":17,"source":7,"value":1280250},{"target":18,"source":7,"value":80389},{"target":19,"source":7,"value":16321},{"target":20,"source":7,"value":44491},{"target":21,"source":13,"value":4046532},{"target":22,"source":13,"value":94253},{"target":23,"source":13,"value":3418},{"target":24,"source":13,"value":49481}],"Newfoundland and Labrador":[{"target":1,"source":0,"value":7238},{"target":2,"source":0,"value":6955},{"target":3,"source":0,"value":1397},{"target":4,"source":0,"value":3501},{"target":5,"source":1,"value":2283},{"target":6,"source":1,"value":4955},{"target":7,"source":1,"value":0},{"target":8,"source":2,"value":2432},{"target":9,"source":2,"value":4523},{"target":10,"source":2,"value":0},{"target":11,"source":3,"value":1397},{"target":12,"source":3,"value":0},{"target":13,"source":3,"value":0},{"target":14,"source":4,"value":2078},{"target":15,"source":4,"value":1423},{"target":16,"source":4,"value":0},{"target":17,"source":7,"value":0},{"target":18,"source":7,"value":0},{"target":19,"source":7,"value":0},{"target":20,"source":7,"value":0},{"target":21,"source":13,"value":0},{"target":22,"source":13,"value":0},{"target":23,"source":13,"value":0},{"target":24,"source":13,"value":0}],"Prince Edward Island":[{"target":1,"source":0,"value":55},{"target":2,"source":0,"value":14},{"target":3,"source":0,"value":56},{"target":4,"source":0,"value":2},{"target":5,"source":1,"value":55},{"target":6,"source":1,"value":0},{"target":7,"source":1,"value":0},{"target":8,"source":2,"value":14},{"target":9,"source":2,"value":0},{"target":10,"source":2,"value":0},{"target":11,"source":3,"value":56},{"target":12,"source":3,"value":0},{"target":13,"source":3,"value":0},{"target":14,"source":4,"value":2},{"target":15,"source":4,"value":0},{"target":16,"source":4,"value":0},{"target":17,"source":7,"value":0},{"target":18,"source":7,"value":0},{"target":19,"source":7,"value":0},{"target":20,"source":7,"value":0},{"target":21,"source":13,"value":0},{"target":22,"source":13,"value":0},{"target":23,"source":13,"value":0},{"target":24,"source":13,"value":0}],"Nova Scotia":[{"target":1,"source":0,"value":39727},{"target":2,"source":0,"value":15461},{"target":3,"source":0,"value":8050},{"target":4,"source":0,"value":5759},{"target":5,"source":1,"value":6868},{"target":6,"source":1,"value":32859},{"target":7,"source":1,"value":0},{"target":8,"source":2,"value":6328},{"target":9,"source":2,"value":9133},{"target":10,"source":2,"value":0},{"target":11,"source":3,"value":5917},{"target":12,"source":3,"value":2133},{"target":13,"source":3,"value":0},{"target":14,"source":4,"value":5492},{"target":15,"source":4,"value":267},{"target":16,"source":4,"value":0},{"target":17,"source":7,"value":0},{"target":18,"source":7,"value":0},{"target":19,"source":7,"value":0},{"target":20,"source":7,"value":0},{"target":21,"source":13,"value":0},{"target":22,"source":13,"value":0},{"target":23,"source":13,"value":0},{"target":24,"source":13,"value":0}],"New Brunswick":[{"target":1,"source":0,"value":112426},{"target":2,"source":0,"value":6471},{"target":3,"source":0,"value":334101},{"target":4,"source":0,"value":111},{"target":5,"source":1,"value":450},{"target":6,"source":1,"value":26172},{"target":7,"source":1,"value":85804},{"target":8,"source":2,"value":61},{"target":9,"source":2,"value":5861},{"target":10,"source":2,"value":549},{"target":11,"source":3,"value":599},{"target":12,"source":3,"value":1641},{"target":13,"source":3,"value":331861},{"target":14,"source":4,"value":111},{"target":15,"source":4,"value":0},{"target":16,"source":4,"value":0},{"target":17,"source":7,"value":83091},{"target":18,"source":7,"value":1858},{"target":19,"source":7,"value":0},{"target":20,"source":7,"value":855},{"target":21,"source":13,"value":327251},{"target":22,"source":13,"value":2155},{"target":23,"source":13,"value":0},{"target":24,"source":13,"value":2455}],"Quebec":[{"target":1,"source":0,"value":179999},{"target":2,"source":0,"value":99335},{"target":3,"source":0,"value":534385},{"target":4,"source":0,"value":157045},{"target":5,"source":1,"value":61735},{"target":6,"source":1,"value":261},{"target":7,"source":1,"value":118003},{"target":8,"source":2,"value":85221},{"target":9,"source":2,"value":289},{"target":10,"source":2,"value":13825},{"target":11,"source":3,"value":67445},{"target":12,"source":3,"value":2339},{"target":13,"source":3,"value":464601},{"target":14,"source":4,"value":157040},{"target":15,"source":4,"value":5},{"target":16,"source":4,"value":0},{"target":17,"source":7,"value":106149},{"target":18,"source":7,"value":9537},{"target":19,"source":7,"value":1503},{"target":20,"source":7,"value":814},{"target":21,"source":13,"value":434465},{"target":22,"source":13,"value":21369},{"target":23,"source":13,"value":1155},{"target":24,"source":13,"value":7612}],"Ontario":[{"target":1,"source":0,"value":1019603},{"target":2,"source":0,"value":198645},{"target":3,"source":0,"value":2176489},{"target":4,"source":0,"value":346874},{"target":5,"source":1,"value":162682},{"target":6,"source":1,"value":12189},{"target":7,"source":1,"value":844732},{"target":8,"source":2,"value":175239},{"target":9,"source":2,"value":24},{"target":10,"source":2,"value":23382},{"target":11,"source":3,"value":260969},{"target":12,"source":3,"value":4559},{"target":13,"source":3,"value":1910961},{"target":14,"source":4,"value":346874},{"target":15,"source":4,"value":0},{"target":16,"source":4,"value":0},{"target":17,"source":7,"value":774658},{"target":18,"source":7,"value":47269},{"target":19,"source":7,"value":673},{"target":20,"source":7,"value":22132},{"target":21,"source":13,"value":1840511},{"target":22,"source":13,"value":46942},{"target":23,"source":13,"value":621},{"target":24,"source":13,"value":22887}],"Manitoba":[{"target":1,"source":0,"value":31140},{"target":2,"source":0,"value":1106},{"target":3,"source":0,"value":150281},{"target":4,"source":0,"value":1328},{"target":5,"source":1,"value":5846},{"target":6,"source":1,"value":0},{"target":7,"source":1,"value":25294},{"target":8,"source":2,"value":1017},{"target":9,"source":2,"value":0},{"target":10,"source":2,"value":89},{"target":11,"source":3,"value":9150},{"target":12,"source":3,"value":0},{"target":13,"source":3,"value":141131},{"target":14,"source":4,"value":1328},{"target":15,"source":4,"value":0},{"target":16,"source":4,"value":0},{"target":17,"source":7,"value":24963},{"target":18,"source":7,"value":284},{"target":19,"source":7,"value":0},{"target":20,"source":7,"value":47},{"target":21,"source":13,"value":136251},{"target":22,"source":13,"value":3945},{"target":23,"source":13,"value":0},{"target":24,"source":13,"value":935}],"Saskatchewan":[{"target":1,"source":0,"value":13279},{"target":2,"source":0,"value":476},{"target":3,"source":0,"value":41833},{"target":4,"source":0,"value":532},{"target":5,"source":1,"value":5093},{"target":6,"source":1,"value":0},{"target":7,"source":1,"value":8186},{"target":8,"source":2,"value":404},{"target":9,"source":2,"value":0},{"target":10,"source":2,"value":72},{"target":11,"source":3,"value":7897},{"target":12,"source":3,"value":0},{"target":13,"source":3,"value":33936},{"target":14,"source":4,"value":532},{"target":15,"source":4,"value":0},{"target":16,"source":4,"value":0},{"target":17,"source":7,"value":8062},{"target":18,"source":7,"value":41},{"target":19,"source":7,"value":0},{"target":20,"source":7,"value":83},{"target":21,"source":13,"value":31918},{"target":22,"source":13,"value":1450},{"target":23,"source":13,"value":0},{"target":24,"source":13,"value":568}],"Alberta":[{"target":1,"source":0,"value":65887},{"target":2,"source":0,"value":30502},{"target":3,"source":0,"value":147054},{"target":4,"source":0,"value":46350},{"target":5,"source":1,"value":45078},{"target":6,"source":1,"value":0},{"target":7,"source":1,"value":20809},{"target":8,"source":2,"value":29552},{"target":9,"source":2,"value":0},{"target":10,"source":2,"value":950},{"target":11,"source":3,"value":89728},{"target":12,"source":3,"value":0},{"target":13,"source":3,"value":57326},{"target":14,"source":4,"value":46350},{"target":15,"source":4,"value":0},{"target":16,"source":4,"value":0},{"target":17,"source":7,"value":18310},{"target":18,"source":7,"value":2262},{"target":19,"source":7,"value":0},{"target":20,"source":7,"value":237},{"target":21,"source":13,"value":56035},{"target":22,"source":13,"value":291},{"target":23,"source":13,"value":0},{"target":24,"source":13,"value":1000}],"British Columbia":[{"target":1,"source":0,"value":450420},{"target":2,"source":0,"value":152617},{"target":3,"source":0,"value":1356046},{"target":4,"source":0,"value":107432},{"target":5,"source":1,"value":68383},{"target":6,"source":1,"value":99595},{"target":7,"source":1,"value":282442},{"target":8,"source":2,"value":94553},{"target":9,"source":2,"value":27043},{"target":10,"source":2,"value":31021},{"target":11,"source":3,"value":87025},{"target":12,"source":3,"value":24217},{"target":13,"source":3,"value":1244804},{"target":14,"source":4,"value":106796},{"target":15,"source":4,"value":0},{"target":16,"source":4,"value":636},{"target":17,"source":7,"value":249380},{"target":18,"source":7,"value":8176},{"target":19,"source":7,"value":4595},{"target":20,"source":7,"value":20291},{"target":21,"source":13,"value":1213268},{"target":22,"source":13,"value":16032},{"target":23,"source":13,"value":1642},{"target":24,"source":13,"value":13862}],"Yukon":[{"target":1,"source":0,"value":36386},{"target":2,"source":0,"value":5980},{"target":3,"source":0,"value":9110},{"target":4,"source":0,"value":171},{"target":5,"source":1,"value":205},{"target":6,"source":1,"value":0},{"target":7,"source":1,"value":36181},{"target":8,"source":2,"value":472},{"target":9,"source":2,"value":0},{"target":10,"source":2,"value":5508},{"target":11,"source":3,"value":46},{"target":12,"source":3,"value":0},{"target":13,"source":3,"value":9064},{"target":14,"source":4,"value":171},{"target":15,"source":4,"value":0},{"target":16,"source":4,"value":0},{"target":17,"source":7,"value":15637},{"target":18,"source":7,"value":10962},{"target":19,"source":7,"value":9550},{"target":20,"source":7,"value":32},{"target":21,"source":13,"value":6833},{"target":22,"source":13,"value":2069},{"target":23,"source":13,"value":0},{"target":24,"source":13,"value":162}],"Nunavut":[{"target":1,"source":0,"value":74},{"target":2,"source":0,"value":252},{"target":3,"source":0,"value":43},{"target":4,"source":0,"value":70},{"target":5,"source":1,"value":73},{"target":6,"source":1,"value":1},{"target":7,"source":1,"value":0},{"target":8,"source":2,"value":165},{"target":9,"source":2,"value":87},{"target":10,"source":2,"value":".."},{"target":11,"source":3,"value":43},{"target":12,"source":3,"value":0},{"target":13,"source":3,"value":0},{"target":14,"source":4,"value":67},{"target":15,"source":4,"value":3},{"target":16,"source":4,"value":".."},{"target":17,"source":7,"value":".."},{"target":18,"source":7,"value":".."},{"target":19,"source":7,"value":".."},{"target":20,"source":7,"value":0},{"target":21,"source":13,"value":".."},{"target":22,"source":13,"value":".."},{"target":23,"source":13,"value":".."},{"target":24,"source":13,"value":0}],"nodes":[{"node":0,"name":"intl"},{"node":1,"name":"USres"},{"node":2,"name":"nonUSres"},{"node":3,"name":"cdnFromUS"},{"node":4,"name":"cdnFromOther"},{"node":5,"name":"USres_air"},{"node":6,"name":"USres_marine"},{"node":7,"name":"USres_land"},{"node":8,"name":"nonUSres_air"},{"node":9,"name":"nonUSres_marine"},{"node":10,"name":"nonUSres_land"},{"node":11,"name":"cdnFromUS_air"},{"node":12,"name":"cdnFromUS_marine"},{"node":13,"name":"cdnFromUS_land"},{"node":14,"name":"cdnFromOther_air"},{"node":15,"name":"cdnFromOther_marine"},{"node":16,"name":"cdnFromOther_land"},{"node":17,"name":"USres_car"},{"node":18,"name":"USres_bus"},{"node":19,"name":"USres_train"},{"node":20,"name":"USres_other"},{"node":21,"name":"cdnFromUS_car"},{"node":22,"name":"cdnFromUS_bus"},{"node":23,"name":"cdnFromUS_train"},{"node":24,"name":"cdnFromUS_other"}]}