{"Canada":[{"target":1,"source":0,"value":1180601},{"target":2,"source":0,"value":200482},{"target":3,"source":0,"value":4264886},{"target":4,"source":0,"value":603616},{"target":5,"source":1,"value":228422},{"target":6,"source":1,"value":1170},{"target":7,"source":1,"value":951009},{"target":8,"source":2,"value":171569},{"target":9,"source":2,"value":292},{"target":10,"source":2,"value":28621},{"target":11,"source":3,"value":625507},{"target":12,"source":3,"value":346},{"target":13,"source":3,"value":3639033},{"target":14,"source":4,"value":602932},{"target":15,"source":4,"value":19},{"target":16,"source":4,"value":665},{"target":17,"source":7,"value":885612},{"target":18,"source":7,"value":47113},{"target":19,"source":7,"value":2253},{"target":20,"source":7,"value":16031},{"target":21,"source":13,"value":3527384},{"target":22,"source":13,"value":90619},{"target":23,"source":13,"value":2401},{"target":24,"source":13,"value":18629}],"Newfoundland and Labrador":[{"target":1,"source":0,"value":1352},{"target":2,"source":0,"value":1446},{"target":3,"source":0,"value":1662},{"target":4,"source":0,"value":260},{"target":5,"source":1,"value":1350},{"target":6,"source":1,"value":2},{"target":7,"source":1,"value":0},{"target":8,"source":2,"value":1217},{"target":9,"source":2,"value":229},{"target":10,"source":2,"value":0},{"target":11,"source":3,"value":1656},{"target":12,"source":3,"value":6},{"target":13,"source":3,"value":0},{"target":14,"source":4,"value":245},{"target":15,"source":4,"value":15},{"target":16,"source":4,"value":0},{"target":17,"source":7,"value":0},{"target":18,"source":7,"value":0},{"target":19,"source":7,"value":0},{"target":20,"source":7,"value":0},{"target":21,"source":13,"value":0},{"target":22,"source":13,"value":0},{"target":23,"source":13,"value":0},{"target":24,"source":13,"value":0}],"Prince Edward Island":[{"target":1,"source":0,"value":20},{"target":2,"source":0,"value":0},{"target":3,"source":0,"value":15},{"target":4,"source":0,"value":0},{"target":5,"source":1,"value":20},{"target":6,"source":1,"value":0},{"target":7,"source":1,"value":0},{"target":8,"source":2,"value":0},{"target":9,"source":2,"value":0},{"target":10,"source":2,"value":0},{"target":11,"source":3,"value":15},{"target":12,"source":3,"value":0},{"target":13,"source":3,"value":0},{"target":14,"source":4,"value":0},{"target":15,"source":4,"value":0},{"target":16,"source":4,"value":0},{"target":17,"source":7,"value":0},{"target":18,"source":7,"value":0},{"target":19,"source":7,"value":0},{"target":20,"source":7,"value":0},{"target":21,"source":13,"value":0},{"target":22,"source":13,"value":0},{"target":23,"source":13,"value":0},{"target":24,"source":13,"value":0}],"Nova Scotia":[{"target":1,"source":0,"value":2572},{"target":2,"source":0,"value":1235},{"target":3,"source":0,"value":7578},{"target":4,"source":0,"value":2598},{"target":5,"source":1,"value":2568},{"target":6,"source":1,"value":4},{"target":7,"source":1,"value":0},{"target":8,"source":2,"value":1209},{"target":9,"source":2,"value":26},{"target":10,"source":2,"value":0},{"target":11,"source":3,"value":7578},{"target":12,"source":3,"value":0},{"target":13,"source":3,"value":0},{"target":14,"source":4,"value":2598},{"target":15,"source":4,"value":0},{"target":16,"source":4,"value":0},{"target":17,"source":7,"value":0},{"target":18,"source":7,"value":0},{"target":19,"source":7,"value":0},{"target":20,"source":7,"value":0},{"target":21,"source":13,"value":0},{"target":22,"source":13,"value":0},{"target":23,"source":13,"value":0},{"target":24,"source":13,"value":0}],"New Brunswick":[{"target":1,"source":0,"value":52920},{"target":2,"source":0,"value":134},{"target":3,"source":0,"value":329944},{"target":4,"source":0,"value":128},{"target":5,"source":1,"value":184},{"target":6,"source":1,"value":4},{"target":7,"source":1,"value":52732},{"target":8,"source":2,"value":44},{"target":9,"source":2,"value":2},{"target":10,"source":2,"value":88},{"target":11,"source":3,"value":843},{"target":12,"source":3,"value":15},{"target":13,"source":3,"value":329086},{"target":14,"source":4,"value":128},{"target":15,"source":4,"value":0},{"target":16,"source":4,"value":0},{"target":17,"source":7,"value":52157},{"target":18,"source":7,"value":249},{"target":19,"source":7,"value":0},{"target":20,"source":7,"value":326},{"target":21,"source":13,"value":322027},{"target":22,"source":13,"value":6219},{"target":23,"source":13,"value":0},{"target":24,"source":13,"value":840}],"Quebec":[{"target":1,"source":0,"value":121815},{"target":2,"source":0,"value":38381},{"target":3,"source":0,"value":357424},{"target":4,"source":0,"value":127565},{"target":5,"source":1,"value":34486},{"target":6,"source":1,"value":3},{"target":7,"source":1,"value":87326},{"target":8,"source":2,"value":33610},{"target":9,"source":2,"value":30},{"target":10,"source":2,"value":4741},{"target":11,"source":3,"value":79499},{"target":12,"source":3,"value":0},{"target":13,"source":3,"value":277925},{"target":14,"source":4,"value":127561},{"target":15,"source":4,"value":4},{"target":16,"source":4,"value":0},{"target":17,"source":7,"value":79208},{"target":18,"source":7,"value":7235},{"target":19,"source":7,"value":745},{"target":20,"source":7,"value":138},{"target":21,"source":13,"value":262949},{"target":22,"source":13,"value":13871},{"target":23,"source":13,"value":642},{"target":24,"source":13,"value":463}],"Ontario":[{"target":1,"source":0,"value":707656},{"target":2,"source":0,"value":93830},{"target":3,"source":0,"value":2106669},{"target":4,"source":0,"value":294071},{"target":5,"source":1,"value":117672},{"target":6,"source":1,"value":1035},{"target":7,"source":1,"value":588949},{"target":8,"source":2,"value":86097},{"target":9,"source":2,"value":1},{"target":10,"source":2,"value":7732},{"target":11,"source":3,"value":289798},{"target":12,"source":3,"value":90},{"target":13,"source":3,"value":1816781},{"target":14,"source":4,"value":294071},{"target":15,"source":4,"value":0},{"target":16,"source":4,"value":0},{"target":17,"source":7,"value":546866},{"target":18,"source":7,"value":34426},{"target":19,"source":7,"value":318},{"target":20,"source":7,"value":7339},{"target":21,"source":13,"value":1758452},{"target":22,"source":13,"value":49442},{"target":23,"source":13,"value":299},{"target":24,"source":13,"value":8588}],"Manitoba":[{"target":1,"source":0,"value":20553},{"target":2,"source":0,"value":576},{"target":3,"source":0,"value":122612},{"target":4,"source":0,"value":3725},{"target":5,"source":1,"value":4713},{"target":6,"source":1,"value":0},{"target":7,"source":1,"value":15840},{"target":8,"source":2,"value":546},{"target":9,"source":2,"value":0},{"target":10,"source":2,"value":30},{"target":11,"source":3,"value":12499},{"target":12,"source":3,"value":0},{"target":13,"source":3,"value":110113},{"target":14,"source":4,"value":3725},{"target":15,"source":4,"value":0},{"target":16,"source":4,"value":0},{"target":17,"source":7,"value":15638},{"target":18,"source":7,"value":199},{"target":19,"source":7,"value":0},{"target":20,"source":7,"value":3},{"target":21,"source":13,"value":105101},{"target":22,"source":13,"value":4943},{"target":23,"source":13,"value":0},{"target":24,"source":13,"value":69}],"Saskatchewan":[{"target":1,"source":0,"value":8277},{"target":2,"source":0,"value":190},{"target":3,"source":0,"value":40761},{"target":4,"source":0,"value":2509},{"target":5,"source":1,"value":3930},{"target":6,"source":1,"value":0},{"target":7,"source":1,"value":4347},{"target":8,"source":2,"value":180},{"target":9,"source":2,"value":0},{"target":10,"source":2,"value":10},{"target":11,"source":3,"value":11998},{"target":12,"source":3,"value":0},{"target":13,"source":3,"value":28763},{"target":14,"source":4,"value":2509},{"target":15,"source":4,"value":0},{"target":16,"source":4,"value":0},{"target":17,"source":7,"value":4247},{"target":18,"source":7,"value":76},{"target":19,"source":7,"value":0},{"target":20,"source":7,"value":24},{"target":21,"source":13,"value":26487},{"target":22,"source":13,"value":2238},{"target":23,"source":13,"value":0},{"target":24,"source":13,"value":38}],"Alberta":[{"target":1,"source":0,"value":34360},{"target":2,"source":0,"value":9623},{"target":3,"source":0,"value":153792},{"target":4,"source":0,"value":61265},{"target":5,"source":1,"value":28426},{"target":6,"source":1,"value":0},{"target":7,"source":1,"value":5934},{"target":8,"source":2,"value":9555},{"target":9,"source":2,"value":0},{"target":10,"source":2,"value":68},{"target":11,"source":3,"value":116579},{"target":12,"source":3,"value":0},{"target":13,"source":3,"value":37213},{"target":14,"source":4,"value":61265},{"target":15,"source":4,"value":0},{"target":16,"source":4,"value":0},{"target":17,"source":7,"value":5877},{"target":18,"source":7,"value":42},{"target":19,"source":7,"value":0},{"target":20,"source":7,"value":15},{"target":21,"source":13,"value":36378},{"target":22,"source":13,"value":789},{"target":23,"source":13,"value":0},{"target":24,"source":13,"value":46}],"British Columbia":[{"target":1,"source":0,"value":228718},{"target":2,"source":0,"value":54969},{"target":3,"source":0,"value":1143606},{"target":4,"source":0,"value":111439},{"target":5,"source":1,"value":34998},{"target":6,"source":1,"value":122},{"target":7,"source":1,"value":193598},{"target":8,"source":2,"value":39057},{"target":9,"source":2,"value":4},{"target":10,"source":2,"value":15908},{"target":11,"source":3,"value":105014},{"target":12,"source":3,"value":235},{"target":13,"source":3,"value":1038357},{"target":14,"source":4,"value":110774},{"target":15,"source":4,"value":0},{"target":16,"source":4,"value":665},{"target":17,"source":7,"value":179336},{"target":18,"source":7,"value":4886},{"target":19,"source":7,"value":1190},{"target":20,"source":7,"value":8186},{"target":21,"source":13,"value":1015195},{"target":22,"source":13,"value":13117},{"target":23,"source":13,"value":1460},{"target":24,"source":13,"value":8585}],"Yukon":[{"target":1,"source":0,"value":2326},{"target":2,"source":0,"value":51},{"target":3,"source":0,"value":800},{"target":4,"source":0,"value":0},{"target":5,"source":1,"value":43},{"target":6,"source":1,"value":0},{"target":7,"source":1,"value":2283},{"target":8,"source":2,"value":7},{"target":9,"source":2,"value":0},{"target":10,"source":2,"value":44},{"target":11,"source":3,"value":5},{"target":12,"source":3,"value":0},{"target":13,"source":3,"value":795},{"target":14,"source":4,"value":0},{"target":15,"source":4,"value":0},{"target":16,"source":4,"value":0},{"target":17,"source":7,"value":2283},{"target":18,"source":7,"value":0},{"target":19,"source":7,"value":0},{"target":20,"source":7,"value":0},{"target":21,"source":13,"value":795},{"target":22,"source":13,"value":0},{"target":23,"source":13,"value":0},{"target":24,"source":13,"value":0}],"Nunavut":[{"target":1,"source":0,"value":32},{"target":2,"source":0,"value":47},{"target":3,"source":0,"value":23},{"target":4,"source":0,"value":56},{"target":5,"source":1,"value":32},{"target":6,"source":1,"value":0},{"target":7,"source":1,"value":0},{"target":8,"source":2,"value":47},{"target":9,"source":2,"value":0},{"target":10,"source":2,"value":".."},{"target":11,"source":3,"value":23},{"target":12,"source":3,"value":0},{"target":13,"source":3,"value":0},{"target":14,"source":4,"value":56},{"target":15,"source":4,"value":0},{"target":16,"source":4,"value":".."},{"target":17,"source":7,"value":".."},{"target":18,"source":7,"value":".."},{"target":19,"source":7,"value":".."},{"target":20,"source":7,"value":0},{"target":21,"source":13,"value":".."},{"target":22,"source":13,"value":".."},{"target":23,"source":13,"value":".."},{"target":24,"source":13,"value":0}],"nodes":[{"node":0,"name":"intl"},{"node":1,"name":"USres"},{"node":2,"name":"nonUSres"},{"node":3,"name":"cdnFromUS"},{"node":4,"name":"cdnFromOther"},{"node":5,"name":"USres_air"},{"node":6,"name":"USres_marine"},{"node":7,"name":"USres_land"},{"node":8,"name":"nonUSres_air"},{"node":9,"name":"nonUSres_marine"},{"node":10,"name":"nonUSres_land"},{"node":11,"name":"cdnFromUS_air"},{"node":12,"name":"cdnFromUS_marine"},{"node":13,"name":"cdnFromUS_land"},{"node":14,"name":"cdnFromOther_air"},{"node":15,"name":"cdnFromOther_marine"},{"node":16,"name":"cdnFromOther_land"},{"node":17,"name":"USres_car"},{"node":18,"name":"USres_bus"},{"node":19,"name":"USres_train"},{"node":20,"name":"USres_other"},{"node":21,"name":"cdnFromUS_car"},{"node":22,"name":"cdnFromUS_bus"},{"node":23,"name":"cdnFromUS_train"},{"node":24,"name":"cdnFromUS_other"}]}