{"Canada":[{"target":1,"source":0,"value":1773546},{"target":2,"source":0,"value":408027},{"target":3,"source":0,"value":4629794},{"target":4,"source":0,"value":698334},{"target":5,"source":1,"value":327227},{"target":6,"source":1,"value":80300},{"target":7,"source":1,"value":1366019},{"target":8,"source":2,"value":332522},{"target":9,"source":2,"value":24380},{"target":10,"source":2,"value":51125},{"target":11,"source":3,"value":620651},{"target":12,"source":3,"value":35490},{"target":13,"source":3,"value":3973653},{"target":14,"source":4,"value":697018},{"target":15,"source":4,"value":770},{"target":16,"source":4,"value":546},{"target":17,"source":7,"value":1242318},{"target":18,"source":7,"value":77254},{"target":19,"source":7,"value":16500},{"target":20,"source":7,"value":29947},{"target":21,"source":13,"value":3817338},{"target":22,"source":13,"value":116419},{"target":23,"source":13,"value":4154},{"target":24,"source":13,"value":35742}],"Newfoundland and Labrador":[{"target":1,"source":0,"value":2602},{"target":2,"source":0,"value":2374},{"target":3,"source":0,"value":1370},{"target":4,"source":0,"value":4117},{"target":5,"source":1,"value":1985},{"target":6,"source":1,"value":617},{"target":7,"source":1,"value":0},{"target":8,"source":2,"value":1566},{"target":9,"source":2,"value":808},{"target":10,"source":2,"value":0},{"target":11,"source":3,"value":1304},{"target":12,"source":3,"value":66},{"target":13,"source":3,"value":0},{"target":14,"source":4,"value":3351},{"target":15,"source":4,"value":766},{"target":16,"source":4,"value":0},{"target":17,"source":7,"value":0},{"target":18,"source":7,"value":0},{"target":19,"source":7,"value":0},{"target":20,"source":7,"value":0},{"target":21,"source":13,"value":0},{"target":22,"source":13,"value":0},{"target":23,"source":13,"value":0},{"target":24,"source":13,"value":0}],"Prince Edward Island":[{"target":1,"source":0,"value":31},{"target":2,"source":0,"value":9},{"target":3,"source":0,"value":8},{"target":4,"source":0,"value":361},{"target":5,"source":1,"value":31},{"target":6,"source":1,"value":0},{"target":7,"source":1,"value":0},{"target":8,"source":2,"value":9},{"target":9,"source":2,"value":0},{"target":10,"source":2,"value":0},{"target":11,"source":3,"value":8},{"target":12,"source":3,"value":0},{"target":13,"source":3,"value":0},{"target":14,"source":4,"value":361},{"target":15,"source":4,"value":0},{"target":16,"source":4,"value":0},{"target":17,"source":7,"value":0},{"target":18,"source":7,"value":0},{"target":19,"source":7,"value":0},{"target":20,"source":7,"value":0},{"target":21,"source":13,"value":0},{"target":22,"source":13,"value":0},{"target":23,"source":13,"value":0},{"target":24,"source":13,"value":0}],"Nova Scotia":[{"target":1,"source":0,"value":6964},{"target":2,"source":0,"value":4626},{"target":3,"source":0,"value":13087},{"target":4,"source":0,"value":16620},{"target":5,"source":1,"value":3507},{"target":6,"source":1,"value":3457},{"target":7,"source":1,"value":0},{"target":8,"source":2,"value":4102},{"target":9,"source":2,"value":524},{"target":10,"source":2,"value":0},{"target":11,"source":3,"value":12294},{"target":12,"source":3,"value":793},{"target":13,"source":3,"value":0},{"target":14,"source":4,"value":16620},{"target":15,"source":4,"value":0},{"target":16,"source":4,"value":0},{"target":17,"source":7,"value":0},{"target":18,"source":7,"value":0},{"target":19,"source":7,"value":0},{"target":20,"source":7,"value":0},{"target":21,"source":13,"value":0},{"target":22,"source":13,"value":0},{"target":23,"source":13,"value":0},{"target":24,"source":13,"value":0}],"New Brunswick":[{"target":1,"source":0,"value":69012},{"target":2,"source":0,"value":334},{"target":3,"source":0,"value":332087},{"target":4,"source":0,"value":2839},{"target":5,"source":1,"value":339},{"target":6,"source":1,"value":12},{"target":7,"source":1,"value":68661},{"target":8,"source":2,"value":69},{"target":9,"source":2,"value":4},{"target":10,"source":2,"value":261},{"target":11,"source":3,"value":1098},{"target":12,"source":3,"value":69},{"target":13,"source":3,"value":330920},{"target":14,"source":4,"value":2839},{"target":15,"source":4,"value":0},{"target":16,"source":4,"value":0},{"target":17,"source":7,"value":67405},{"target":18,"source":7,"value":440},{"target":19,"source":7,"value":0},{"target":20,"source":7,"value":816},{"target":21,"source":13,"value":326275},{"target":22,"source":13,"value":2563},{"target":23,"source":13,"value":0},{"target":24,"source":13,"value":2082}],"Quebec":[{"target":1,"source":0,"value":169713},{"target":2,"source":0,"value":69006},{"target":3,"source":0,"value":464470},{"target":4,"source":0,"value":142341},{"target":5,"source":1,"value":47583},{"target":6,"source":1,"value":217},{"target":7,"source":1,"value":121913},{"target":8,"source":2,"value":60472},{"target":9,"source":2,"value":39},{"target":10,"source":2,"value":8495},{"target":11,"source":3,"value":74298},{"target":12,"source":3,"value":298},{"target":13,"source":3,"value":389874},{"target":14,"source":4,"value":142337},{"target":15,"source":4,"value":4},{"target":16,"source":4,"value":0},{"target":17,"source":7,"value":105427},{"target":18,"source":7,"value":14330},{"target":19,"source":7,"value":1652},{"target":20,"source":7,"value":504},{"target":21,"source":13,"value":341871},{"target":22,"source":13,"value":41616},{"target":23,"source":13,"value":1366},{"target":24,"source":13,"value":5021}],"Ontario":[{"target":1,"source":0,"value":1007739},{"target":2,"source":0,"value":159715},{"target":3,"source":0,"value":2127366},{"target":4,"source":0,"value":355500},{"target":5,"source":1,"value":154136},{"target":6,"source":1,"value":9343},{"target":7,"source":1,"value":844260},{"target":8,"source":2,"value":148008},{"target":9,"source":2,"value":11},{"target":10,"source":2,"value":11696},{"target":11,"source":3,"value":292668},{"target":12,"source":3,"value":2623},{"target":13,"source":3,"value":1832075},{"target":14,"source":4,"value":355500},{"target":15,"source":4,"value":0},{"target":16,"source":4,"value":0},{"target":17,"source":7,"value":786849},{"target":18,"source":7,"value":41852},{"target":19,"source":7,"value":757},{"target":20,"source":7,"value":14802},{"target":21,"source":13,"value":1763263},{"target":22,"source":13,"value":50565},{"target":23,"source":13,"value":563},{"target":24,"source":13,"value":17684}],"Manitoba":[{"target":1,"source":0,"value":27962},{"target":2,"source":0,"value":1006},{"target":3,"source":0,"value":135097},{"target":4,"source":0,"value":2054},{"target":5,"source":1,"value":5089},{"target":6,"source":1,"value":0},{"target":7,"source":1,"value":22873},{"target":8,"source":2,"value":755},{"target":9,"source":2,"value":0},{"target":10,"source":2,"value":251},{"target":11,"source":3,"value":10097},{"target":12,"source":3,"value":0},{"target":13,"source":3,"value":125000},{"target":14,"source":4,"value":2054},{"target":15,"source":4,"value":0},{"target":16,"source":4,"value":0},{"target":17,"source":7,"value":22260},{"target":18,"source":7,"value":595},{"target":19,"source":7,"value":0},{"target":20,"source":7,"value":18},{"target":21,"source":13,"value":120423},{"target":22,"source":13,"value":4220},{"target":23,"source":13,"value":0},{"target":24,"source":13,"value":357}],"Saskatchewan":[{"target":1,"source":0,"value":11092},{"target":2,"source":0,"value":357},{"target":3,"source":0,"value":39507},{"target":4,"source":0,"value":1606},{"target":5,"source":1,"value":3766},{"target":6,"source":1,"value":0},{"target":7,"source":1,"value":7326},{"target":8,"source":2,"value":317},{"target":9,"source":2,"value":0},{"target":10,"source":2,"value":40},{"target":11,"source":3,"value":8600},{"target":12,"source":3,"value":0},{"target":13,"source":3,"value":30907},{"target":14,"source":4,"value":1606},{"target":15,"source":4,"value":0},{"target":16,"source":4,"value":0},{"target":17,"source":7,"value":7235},{"target":18,"source":7,"value":48},{"target":19,"source":7,"value":0},{"target":20,"source":7,"value":43},{"target":21,"source":13,"value":29751},{"target":22,"source":13,"value":893},{"target":23,"source":13,"value":0},{"target":24,"source":13,"value":263}],"Alberta":[{"target":1,"source":0,"value":46659},{"target":2,"source":0,"value":24762},{"target":3,"source":0,"value":165302},{"target":4,"source":0,"value":60595},{"target":5,"source":1,"value":34585},{"target":6,"source":1,"value":0},{"target":7,"source":1,"value":12074},{"target":8,"source":2,"value":24191},{"target":9,"source":2,"value":0},{"target":10,"source":2,"value":571},{"target":11,"source":3,"value":113226},{"target":12,"source":3,"value":0},{"target":13,"source":3,"value":52076},{"target":14,"source":4,"value":60595},{"target":15,"source":4,"value":0},{"target":16,"source":4,"value":0},{"target":17,"source":7,"value":11910},{"target":18,"source":7,"value":61},{"target":19,"source":7,"value":0},{"target":20,"source":7,"value":103},{"target":21,"source":13,"value":51505},{"target":22,"source":13,"value":249},{"target":23,"source":13,"value":0},{"target":24,"source":13,"value":322}],"British Columbia":[{"target":1,"source":0,"value":401497},{"target":2,"source":0,"value":140903},{"target":3,"source":0,"value":1343524},{"target":4,"source":0,"value":112280},{"target":5,"source":1,"value":76091},{"target":6,"source":1,"value":66654},{"target":7,"source":1,"value":258752},{"target":8,"source":2,"value":92779},{"target":9,"source":2,"value":22994},{"target":10,"source":2,"value":25130},{"target":11,"source":3,"value":107004},{"target":12,"source":3,"value":31641},{"target":13,"source":3,"value":1204879},{"target":14,"source":4,"value":111734},{"target":15,"source":4,"value":0},{"target":16,"source":4,"value":546},{"target":17,"source":7,"value":231177},{"target":18,"source":7,"value":9378},{"target":19,"source":7,"value":4600},{"target":20,"source":7,"value":13597},{"target":21,"source":13,"value":1177800},{"target":22,"source":13,"value":14869},{"target":23,"source":13,"value":2225},{"target":24,"source":13,"value":9985}],"Yukon":[{"target":1,"source":0,"value":30220},{"target":2,"source":0,"value":4884},{"target":3,"source":0,"value":7952},{"target":4,"source":0,"value":11},{"target":5,"source":1,"value":60},{"target":6,"source":1,"value":0},{"target":7,"source":1,"value":30160},{"target":8,"source":2,"value":203},{"target":9,"source":2,"value":0},{"target":10,"source":2,"value":4681},{"target":11,"source":3,"value":30},{"target":12,"source":3,"value":0},{"target":13,"source":3,"value":7922},{"target":14,"source":4,"value":11},{"target":15,"source":4,"value":0},{"target":16,"source":4,"value":0},{"target":17,"source":7,"value":10055},{"target":18,"source":7,"value":10550},{"target":19,"source":7,"value":9491},{"target":20,"source":7,"value":64},{"target":21,"source":13,"value":6450},{"target":22,"source":13,"value":1444},{"target":23,"source":13,"value":0},{"target":24,"source":13,"value":28}],"Nunavut":[{"target":1,"source":0,"value":55},{"target":2,"source":0,"value":51},{"target":3,"source":0,"value":24},{"target":4,"source":0,"value":10},{"target":5,"source":1,"value":55},{"target":6,"source":1,"value":0},{"target":7,"source":1,"value":0},{"target":8,"source":2,"value":51},{"target":9,"source":2,"value":0},{"target":10,"source":2,"value":".."},{"target":11,"source":3,"value":24},{"target":12,"source":3,"value":0},{"target":13,"source":3,"value":0},{"target":14,"source":4,"value":10},{"target":15,"source":4,"value":0},{"target":16,"source":4,"value":".."},{"target":17,"source":7,"value":".."},{"target":18,"source":7,"value":".."},{"target":19,"source":7,"value":".."},{"target":20,"source":7,"value":0},{"target":21,"source":13,"value":".."},{"target":22,"source":13,"value":".."},{"target":23,"source":13,"value":".."},{"target":24,"source":13,"value":0}],"nodes":[{"node":0,"name":"intl"},{"node":1,"name":"USres"},{"node":2,"name":"nonUSres"},{"node":3,"name":"cdnFromUS"},{"node":4,"name":"cdnFromOther"},{"node":5,"name":"USres_air"},{"node":6,"name":"USres_marine"},{"node":7,"name":"USres_land"},{"node":8,"name":"nonUSres_air"},{"node":9,"name":"nonUSres_marine"},{"node":10,"name":"nonUSres_land"},{"node":11,"name":"cdnFromUS_air"},{"node":12,"name":"cdnFromUS_marine"},{"node":13,"name":"cdnFromUS_land"},{"node":14,"name":"cdnFromOther_air"},{"node":15,"name":"cdnFromOther_marine"},{"node":16,"name":"cdnFromOther_land"},{"node":17,"name":"USres_car"},{"node":18,"name":"USres_bus"},{"node":19,"name":"USres_train"},{"node":20,"name":"USres_other"},{"node":21,"name":"cdnFromUS_car"},{"node":22,"name":"cdnFromUS_bus"},{"node":23,"name":"cdnFromUS_train"},{"node":24,"name":"cdnFromUS_other"}]}