{"Canada":[{"target":1,"source":0,"value":2460785},{"target":2,"source":0,"value":551890},{"target":3,"source":0,"value":4341499},{"target":4,"source":0,"value":595006},{"target":5,"source":1,"value":460220},{"target":6,"source":1,"value":196716},{"target":7,"source":1,"value":1803849},{"target":8,"source":2,"value":458091},{"target":9,"source":2,"value":27884},{"target":10,"source":2,"value":65915},{"target":11,"source":3,"value":488233},{"target":12,"source":3,"value":26469},{"target":13,"source":3,"value":3826797},{"target":14,"source":4,"value":593532},{"target":15,"source":4,"value":1010},{"target":16,"source":4,"value":464},{"target":17,"source":7,"value":1637640},{"target":18,"source":7,"value":99209},{"target":19,"source":7,"value":25491},{"target":20,"source":7,"value":41509},{"target":21,"source":13,"value":3681224},{"target":22,"source":13,"value":88026},{"target":23,"source":13,"value":3212},{"target":24,"source":13,"value":54335}],"Newfoundland and Labrador":[{"target":1,"source":0,"value":2595},{"target":2,"source":0,"value":2962},{"target":3,"source":0,"value":1626},{"target":4,"source":0,"value":2794},{"target":5,"source":1,"value":2588},{"target":6,"source":1,"value":7},{"target":7,"source":1,"value":0},{"target":8,"source":2,"value":2409},{"target":9,"source":2,"value":553},{"target":10,"source":2,"value":0},{"target":11,"source":3,"value":1626},{"target":12,"source":3,"value":0},{"target":13,"source":3,"value":0},{"target":14,"source":4,"value":1785},{"target":15,"source":4,"value":1009},{"target":16,"source":4,"value":0},{"target":17,"source":7,"value":0},{"target":18,"source":7,"value":0},{"target":19,"source":7,"value":0},{"target":20,"source":7,"value":0},{"target":21,"source":13,"value":0},{"target":22,"source":13,"value":0},{"target":23,"source":13,"value":0},{"target":24,"source":13,"value":0}],"Prince Edward Island":[{"target":1,"source":0,"value":49},{"target":2,"source":0,"value":0},{"target":3,"source":0,"value":16},{"target":4,"source":0,"value":0},{"target":5,"source":1,"value":49},{"target":6,"source":1,"value":0},{"target":7,"source":1,"value":0},{"target":8,"source":2,"value":0},{"target":9,"source":2,"value":0},{"target":10,"source":2,"value":0},{"target":11,"source":3,"value":16},{"target":12,"source":3,"value":0},{"target":13,"source":3,"value":0},{"target":14,"source":4,"value":0},{"target":15,"source":4,"value":0},{"target":16,"source":4,"value":0},{"target":17,"source":7,"value":0},{"target":18,"source":7,"value":0},{"target":19,"source":7,"value":0},{"target":20,"source":7,"value":0},{"target":21,"source":13,"value":0},{"target":22,"source":13,"value":0},{"target":23,"source":13,"value":0},{"target":24,"source":13,"value":0}],"Nova Scotia":[{"target":1,"source":0,"value":13829},{"target":2,"source":0,"value":7073},{"target":3,"source":0,"value":6274},{"target":4,"source":0,"value":5326},{"target":5,"source":1,"value":7005},{"target":6,"source":1,"value":6824},{"target":7,"source":1,"value":0},{"target":8,"source":2,"value":6482},{"target":9,"source":2,"value":591},{"target":10,"source":2,"value":0},{"target":11,"source":3,"value":5881},{"target":12,"source":3,"value":393},{"target":13,"source":3,"value":0},{"target":14,"source":4,"value":5326},{"target":15,"source":4,"value":0},{"target":16,"source":4,"value":0},{"target":17,"source":7,"value":0},{"target":18,"source":7,"value":0},{"target":19,"source":7,"value":0},{"target":20,"source":7,"value":0},{"target":21,"source":13,"value":0},{"target":22,"source":13,"value":0},{"target":23,"source":13,"value":0},{"target":24,"source":13,"value":0}],"New Brunswick":[{"target":1,"source":0,"value":109479},{"target":2,"source":0,"value":1397},{"target":3,"source":0,"value":329233},{"target":4,"source":0,"value":96},{"target":5,"source":1,"value":680},{"target":6,"source":1,"value":19377},{"target":7,"source":1,"value":89422},{"target":8,"source":2,"value":68},{"target":9,"source":2,"value":864},{"target":10,"source":2,"value":465},{"target":11,"source":3,"value":537},{"target":12,"source":3,"value":819},{"target":13,"source":3,"value":327877},{"target":14,"source":4,"value":96},{"target":15,"source":4,"value":0},{"target":16,"source":4,"value":0},{"target":17,"source":7,"value":87349},{"target":18,"source":7,"value":910},{"target":19,"source":7,"value":0},{"target":20,"source":7,"value":1163},{"target":21,"source":13,"value":323317},{"target":22,"source":13,"value":1617},{"target":23,"source":13,"value":0},{"target":24,"source":13,"value":2943}],"Quebec":[{"target":1,"source":0,"value":223687},{"target":2,"source":0,"value":99946},{"target":3,"source":0,"value":487608},{"target":4,"source":0,"value":141367},{"target":5,"source":1,"value":72276},{"target":6,"source":1,"value":365},{"target":7,"source":1,"value":151046},{"target":8,"source":2,"value":90788},{"target":9,"source":2,"value":69},{"target":10,"source":2,"value":9089},{"target":11,"source":3,"value":62876},{"target":12,"source":3,"value":1616},{"target":13,"source":3,"value":423116},{"target":14,"source":4,"value":141366},{"target":15,"source":4,"value":1},{"target":16,"source":4,"value":0},{"target":17,"source":7,"value":136588},{"target":18,"source":7,"value":11213},{"target":19,"source":7,"value":2177},{"target":20,"source":7,"value":1068},{"target":21,"source":13,"value":384538},{"target":22,"source":13,"value":24308},{"target":23,"source":13,"value":1187},{"target":24,"source":13,"value":13083}],"Ontario":[{"target":1,"source":0,"value":1354310},{"target":2,"source":0,"value":223000},{"target":3,"source":0,"value":1968426},{"target":4,"source":0,"value":298451},{"target":5,"source":1,"value":204939},{"target":6,"source":1,"value":24524},{"target":7,"source":1,"value":1124847},{"target":8,"source":2,"value":204424},{"target":9,"source":2,"value":34},{"target":10,"source":2,"value":18542},{"target":11,"source":3,"value":241662},{"target":12,"source":3,"value":5275},{"target":13,"source":3,"value":1721489},{"target":14,"source":4,"value":298451},{"target":15,"source":4,"value":0},{"target":16,"source":4,"value":0},{"target":17,"source":7,"value":1054679},{"target":18,"source":7,"value":50966},{"target":19,"source":7,"value":952},{"target":20,"source":7,"value":18250},{"target":21,"source":13,"value":1656619},{"target":22,"source":13,"value":41148},{"target":23,"source":13,"value":528},{"target":24,"source":13,"value":23194}],"Manitoba":[{"target":1,"source":0,"value":46629},{"target":2,"source":0,"value":1181},{"target":3,"source":0,"value":121733},{"target":4,"source":0,"value":1234},{"target":5,"source":1,"value":8471},{"target":6,"source":1,"value":0},{"target":7,"source":1,"value":38158},{"target":8,"source":2,"value":966},{"target":9,"source":2,"value":0},{"target":10,"source":2,"value":215},{"target":11,"source":3,"value":7350},{"target":12,"source":3,"value":0},{"target":13,"source":3,"value":114383},{"target":14,"source":4,"value":1234},{"target":15,"source":4,"value":0},{"target":16,"source":4,"value":0},{"target":17,"source":7,"value":37487},{"target":18,"source":7,"value":511},{"target":19,"source":7,"value":0},{"target":20,"source":7,"value":160},{"target":21,"source":13,"value":110487},{"target":22,"source":13,"value":2643},{"target":23,"source":13,"value":0},{"target":24,"source":13,"value":1253}],"Saskatchewan":[{"target":1,"source":0,"value":17485},{"target":2,"source":0,"value":490},{"target":3,"source":0,"value":33889},{"target":4,"source":0,"value":622},{"target":5,"source":1,"value":5327},{"target":6,"source":1,"value":0},{"target":7,"source":1,"value":12158},{"target":8,"source":2,"value":404},{"target":9,"source":2,"value":0},{"target":10,"source":2,"value":86},{"target":11,"source":3,"value":4995},{"target":12,"source":3,"value":0},{"target":13,"source":3,"value":28894},{"target":14,"source":4,"value":622},{"target":15,"source":4,"value":0},{"target":16,"source":4,"value":0},{"target":17,"source":7,"value":11834},{"target":18,"source":7,"value":243},{"target":19,"source":7,"value":0},{"target":20,"source":7,"value":81},{"target":21,"source":13,"value":27804},{"target":22,"source":13,"value":565},{"target":23,"source":13,"value":0},{"target":24,"source":13,"value":525}],"Alberta":[{"target":1,"source":0,"value":82443},{"target":2,"source":0,"value":36739},{"target":3,"source":0,"value":128317},{"target":4,"source":0,"value":45664},{"target":5,"source":1,"value":55809},{"target":6,"source":1,"value":0},{"target":7,"source":1,"value":26634},{"target":8,"source":2,"value":35455},{"target":9,"source":2,"value":0},{"target":10,"source":2,"value":1284},{"target":11,"source":3,"value":82909},{"target":12,"source":3,"value":0},{"target":13,"source":3,"value":45408},{"target":14,"source":4,"value":45664},{"target":15,"source":4,"value":0},{"target":16,"source":4,"value":0},{"target":17,"source":7,"value":24749},{"target":18,"source":7,"value":1593},{"target":19,"source":7,"value":0},{"target":20,"source":7,"value":292},{"target":21,"source":13,"value":44178},{"target":22,"source":13,"value":506},{"target":23,"source":13,"value":0},{"target":24,"source":13,"value":724}],"British Columbia":[{"target":1,"source":0,"value":553850},{"target":2,"source":0,"value":172482},{"target":3,"source":0,"value":1254005},{"target":4,"source":0,"value":99408},{"target":5,"source":1,"value":102910},{"target":6,"source":1,"value":145611},{"target":7,"source":1,"value":305329},{"target":8,"source":2,"value":116514},{"target":9,"source":2,"value":25773},{"target":10,"source":2,"value":30195},{"target":11,"source":3,"value":80279},{"target":12,"source":3,"value":18366},{"target":13,"source":3,"value":1155360},{"target":14,"source":4,"value":98944},{"target":15,"source":4,"value":0},{"target":16,"source":4,"value":464},{"target":17,"source":7,"value":268173},{"target":18,"source":7,"value":12253},{"target":19,"source":7,"value":4800},{"target":20,"source":7,"value":20103},{"target":21,"source":13,"value":1126620},{"target":22,"source":13,"value":14753},{"target":23,"source":13,"value":1497},{"target":24,"source":13,"value":12490}],"Yukon":[{"target":1,"source":0,"value":56384},{"target":2,"source":0,"value":6518},{"target":3,"source":0,"value":10342},{"target":4,"source":0,"value":23},{"target":5,"source":1,"value":121},{"target":6,"source":1,"value":8},{"target":7,"source":1,"value":56255},{"target":8,"source":2,"value":479},{"target":9,"source":2,"value":0},{"target":10,"source":2,"value":6039},{"target":11,"source":3,"value":72},{"target":12,"source":3,"value":0},{"target":13,"source":3,"value":10270},{"target":14,"source":4,"value":23},{"target":15,"source":4,"value":0},{"target":16,"source":4,"value":0},{"target":17,"source":7,"value":16781},{"target":18,"source":7,"value":21520},{"target":19,"source":7,"value":17562},{"target":20,"source":7,"value":392},{"target":21,"source":13,"value":7661},{"target":22,"source":13,"value":2486},{"target":23,"source":13,"value":0},{"target":24,"source":13,"value":123}],"Nunavut":[{"target":1,"source":0,"value":45},{"target":2,"source":0,"value":102},{"target":3,"source":0,"value":30},{"target":4,"source":0,"value":21},{"target":5,"source":1,"value":45},{"target":6,"source":1,"value":0},{"target":7,"source":1,"value":0},{"target":8,"source":2,"value":102},{"target":9,"source":2,"value":0},{"target":10,"source":2,"value":".."},{"target":11,"source":3,"value":30},{"target":12,"source":3,"value":0},{"target":13,"source":3,"value":0},{"target":14,"source":4,"value":21},{"target":15,"source":4,"value":0},{"target":16,"source":4,"value":".."},{"target":17,"source":7,"value":".."},{"target":18,"source":7,"value":".."},{"target":19,"source":7,"value":".."},{"target":20,"source":7,"value":0},{"target":21,"source":13,"value":".."},{"target":22,"source":13,"value":".."},{"target":23,"source":13,"value":".."},{"target":24,"source":13,"value":0}],"nodes":[{"node":0,"name":"intl"},{"node":1,"name":"USres"},{"node":2,"name":"nonUSres"},{"node":3,"name":"cdnFromUS"},{"node":4,"name":"cdnFromOther"},{"node":5,"name":"USres_air"},{"node":6,"name":"USres_marine"},{"node":7,"name":"USres_land"},{"node":8,"name":"nonUSres_air"},{"node":9,"name":"nonUSres_marine"},{"node":10,"name":"nonUSres_land"},{"node":11,"name":"cdnFromUS_air"},{"node":12,"name":"cdnFromUS_marine"},{"node":13,"name":"cdnFromUS_land"},{"node":14,"name":"cdnFromOther_air"},{"node":15,"name":"cdnFromOther_marine"},{"node":16,"name":"cdnFromOther_land"},{"node":17,"name":"USres_car"},{"node":18,"name":"USres_bus"},{"node":19,"name":"USres_train"},{"node":20,"name":"USres_other"},{"node":21,"name":"cdnFromUS_car"},{"node":22,"name":"cdnFromUS_bus"},{"node":23,"name":"cdnFromUS_train"},{"node":24,"name":"cdnFromUS_other"}]}