{"Canada":[{"target":1,"source":0,"value":1086661},{"target":2,"source":0,"value":213986},{"target":3,"source":0,"value":3701887},{"target":4,"source":0,"value":958087},{"target":5,"source":1,"value":207441},{"target":6,"source":1,"value":152},{"target":7,"source":1,"value":879068},{"target":8,"source":2,"value":189821},{"target":9,"source":2,"value":97},{"target":10,"source":2,"value":24068},{"target":11,"source":3,"value":714215},{"target":12,"source":3,"value":288},{"target":13,"source":3,"value":2987384},{"target":14,"source":4,"value":957704},{"target":15,"source":4,"value":0},{"target":16,"source":4,"value":383},{"target":17,"source":7,"value":815294},{"target":18,"source":7,"value":49263},{"target":19,"source":7,"value":3509},{"target":20,"source":7,"value":11002},{"target":21,"source":13,"value":2903845},{"target":22,"source":13,"value":68624},{"target":23,"source":13,"value":3134},{"target":24,"source":13,"value":11781}],"Newfoundland and Labrador":[{"target":1,"source":0,"value":939},{"target":2,"source":0,"value":1148},{"target":3,"source":0,"value":929},{"target":4,"source":0,"value":164},{"target":5,"source":1,"value":939},{"target":6,"source":1,"value":0},{"target":7,"source":1,"value":0},{"target":8,"source":2,"value":1082},{"target":9,"source":2,"value":66},{"target":10,"source":2,"value":0},{"target":11,"source":3,"value":929},{"target":12,"source":3,"value":0},{"target":13,"source":3,"value":0},{"target":14,"source":4,"value":164},{"target":15,"source":4,"value":0},{"target":16,"source":4,"value":0},{"target":17,"source":7,"value":0},{"target":18,"source":7,"value":0},{"target":19,"source":7,"value":0},{"target":20,"source":7,"value":0},{"target":21,"source":13,"value":0},{"target":22,"source":13,"value":0},{"target":23,"source":13,"value":0},{"target":24,"source":13,"value":0}],"Prince Edward Island":[{"target":1,"source":0,"value":3},{"target":2,"source":0,"value":0},{"target":3,"source":0,"value":6},{"target":4,"source":0,"value":0},{"target":5,"source":1,"value":3},{"target":6,"source":1,"value":0},{"target":7,"source":1,"value":0},{"target":8,"source":2,"value":0},{"target":9,"source":2,"value":0},{"target":10,"source":2,"value":0},{"target":11,"source":3,"value":6},{"target":12,"source":3,"value":0},{"target":13,"source":3,"value":0},{"target":14,"source":4,"value":0},{"target":15,"source":4,"value":0},{"target":16,"source":4,"value":0},{"target":17,"source":7,"value":0},{"target":18,"source":7,"value":0},{"target":19,"source":7,"value":0},{"target":20,"source":7,"value":0},{"target":21,"source":13,"value":0},{"target":22,"source":13,"value":0},{"target":23,"source":13,"value":0},{"target":24,"source":13,"value":0}],"Nova Scotia":[{"target":1,"source":0,"value":1983},{"target":2,"source":0,"value":1444},{"target":3,"source":0,"value":11050},{"target":4,"source":0,"value":14298},{"target":5,"source":1,"value":1983},{"target":6,"source":1,"value":0},{"target":7,"source":1,"value":0},{"target":8,"source":2,"value":1435},{"target":9,"source":2,"value":9},{"target":10,"source":2,"value":0},{"target":11,"source":3,"value":11050},{"target":12,"source":3,"value":0},{"target":13,"source":3,"value":0},{"target":14,"source":4,"value":14298},{"target":15,"source":4,"value":0},{"target":16,"source":4,"value":0},{"target":17,"source":7,"value":0},{"target":18,"source":7,"value":0},{"target":19,"source":7,"value":0},{"target":20,"source":7,"value":0},{"target":21,"source":13,"value":0},{"target":22,"source":13,"value":0},{"target":23,"source":13,"value":0},{"target":24,"source":13,"value":0}],"New Brunswick":[{"target":1,"source":0,"value":48509},{"target":2,"source":0,"value":108},{"target":3,"source":0,"value":245362},{"target":4,"source":0,"value":564},{"target":5,"source":1,"value":215},{"target":6,"source":1,"value":0},{"target":7,"source":1,"value":48294},{"target":8,"source":2,"value":78},{"target":9,"source":2,"value":1},{"target":10,"source":2,"value":29},{"target":11,"source":3,"value":793},{"target":12,"source":3,"value":1},{"target":13,"source":3,"value":244568},{"target":14,"source":4,"value":564},{"target":15,"source":4,"value":0},{"target":16,"source":4,"value":0},{"target":17,"source":7,"value":47493},{"target":18,"source":7,"value":217},{"target":19,"source":7,"value":0},{"target":20,"source":7,"value":584},{"target":21,"source":13,"value":243136},{"target":22,"source":13,"value":696},{"target":23,"source":13,"value":0},{"target":24,"source":13,"value":736}],"Quebec":[{"target":1,"source":0,"value":127370},{"target":2,"source":0,"value":49053},{"target":3,"source":0,"value":311295},{"target":4,"source":0,"value":216440},{"target":5,"source":1,"value":32661},{"target":6,"source":1,"value":0},{"target":7,"source":1,"value":94709},{"target":8,"source":2,"value":46370},{"target":9,"source":2,"value":12},{"target":10,"source":2,"value":2671},{"target":11,"source":3,"value":99959},{"target":12,"source":3,"value":0},{"target":13,"source":3,"value":211336},{"target":14,"source":4,"value":216440},{"target":15,"source":4,"value":0},{"target":16,"source":4,"value":0},{"target":17,"source":7,"value":83126},{"target":18,"source":7,"value":9430},{"target":19,"source":7,"value":1035},{"target":20,"source":7,"value":1118},{"target":21,"source":13,"value":196677},{"target":22,"source":13,"value":13188},{"target":23,"source":13,"value":1149},{"target":24,"source":13,"value":322}],"Ontario":[{"target":1,"source":0,"value":603384},{"target":2,"source":0,"value":79170},{"target":3,"source":0,"value":1798232},{"target":4,"source":0,"value":464663},{"target":5,"source":1,"value":96105},{"target":6,"source":1,"value":30},{"target":7,"source":1,"value":507249},{"target":8,"source":2,"value":74199},{"target":9,"source":2,"value":0},{"target":10,"source":2,"value":4971},{"target":11,"source":3,"value":322414},{"target":12,"source":3,"value":130},{"target":13,"source":3,"value":1475688},{"target":14,"source":4,"value":464663},{"target":15,"source":4,"value":0},{"target":16,"source":4,"value":0},{"target":17,"source":7,"value":468406},{"target":18,"source":7,"value":34574},{"target":19,"source":7,"value":402},{"target":20,"source":7,"value":3867},{"target":21,"source":13,"value":1431049},{"target":22,"source":13,"value":38963},{"target":23,"source":13,"value":661},{"target":24,"source":13,"value":5015}],"Manitoba":[{"target":1,"source":0,"value":17828},{"target":2,"source":0,"value":418},{"target":3,"source":0,"value":109679},{"target":4,"source":0,"value":23659},{"target":5,"source":1,"value":3224},{"target":6,"source":1,"value":0},{"target":7,"source":1,"value":14604},{"target":8,"source":2,"value":370},{"target":9,"source":2,"value":0},{"target":10,"source":2,"value":48},{"target":11,"source":3,"value":16478},{"target":12,"source":3,"value":0},{"target":13,"source":3,"value":93201},{"target":14,"source":4,"value":23659},{"target":15,"source":4,"value":0},{"target":16,"source":4,"value":0},{"target":17,"source":7,"value":13713},{"target":18,"source":7,"value":887},{"target":19,"source":7,"value":0},{"target":20,"source":7,"value":4},{"target":21,"source":13,"value":90062},{"target":22,"source":13,"value":3134},{"target":23,"source":13,"value":0},{"target":24,"source":13,"value":5}],"Saskatchewan":[{"target":1,"source":0,"value":5342},{"target":2,"source":0,"value":171},{"target":3,"source":0,"value":39977},{"target":4,"source":0,"value":23349},{"target":5,"source":1,"value":1796},{"target":6,"source":1,"value":0},{"target":7,"source":1,"value":3546},{"target":8,"source":2,"value":129},{"target":9,"source":2,"value":0},{"target":10,"source":2,"value":42},{"target":11,"source":3,"value":13417},{"target":12,"source":3,"value":0},{"target":13,"source":3,"value":26560},{"target":14,"source":4,"value":23349},{"target":15,"source":4,"value":0},{"target":16,"source":4,"value":0},{"target":17,"source":7,"value":3504},{"target":18,"source":7,"value":22},{"target":19,"source":7,"value":0},{"target":20,"source":7,"value":20},{"target":21,"source":13,"value":25918},{"target":22,"source":13,"value":604},{"target":23,"source":13,"value":0},{"target":24,"source":13,"value":38}],"Alberta":[{"target":1,"source":0,"value":29849},{"target":2,"source":0,"value":14014},{"target":3,"source":0,"value":163949},{"target":4,"source":0,"value":91803},{"target":5,"source":1,"value":24788},{"target":6,"source":1,"value":0},{"target":7,"source":1,"value":5061},{"target":8,"source":2,"value":13964},{"target":9,"source":2,"value":0},{"target":10,"source":2,"value":50},{"target":11,"source":3,"value":123829},{"target":12,"source":3,"value":0},{"target":13,"source":3,"value":40120},{"target":14,"source":4,"value":91803},{"target":15,"source":4,"value":0},{"target":16,"source":4,"value":0},{"target":17,"source":7,"value":5047},{"target":18,"source":7,"value":0},{"target":19,"source":7,"value":0},{"target":20,"source":7,"value":14},{"target":21,"source":13,"value":39260},{"target":22,"source":13,"value":830},{"target":23,"source":13,"value":0},{"target":24,"source":13,"value":30}],"British Columbia":[{"target":1,"source":0,"value":249492},{"target":2,"source":0,"value":68347},{"target":3,"source":0,"value":1020326},{"target":4,"source":0,"value":123134},{"target":5,"source":1,"value":45645},{"target":6,"source":1,"value":122},{"target":7,"source":1,"value":203725},{"target":8,"source":2,"value":52149},{"target":9,"source":2,"value":9},{"target":10,"source":2,"value":16189},{"target":11,"source":3,"value":125289},{"target":12,"source":3,"value":157},{"target":13,"source":3,"value":894880},{"target":14,"source":4,"value":122751},{"target":15,"source":4,"value":0},{"target":16,"source":4,"value":383},{"target":17,"source":7,"value":192139},{"target":18,"source":7,"value":4133},{"target":19,"source":7,"value":2072},{"target":20,"source":7,"value":5381},{"target":21,"source":13,"value":876727},{"target":22,"source":13,"value":11209},{"target":23,"source":13,"value":1324},{"target":24,"source":13,"value":5620}],"Yukon":[{"target":1,"source":0,"value":1914},{"target":2,"source":0,"value":78},{"target":3,"source":0,"value":1057},{"target":4,"source":0,"value":5},{"target":5,"source":1,"value":34},{"target":6,"source":1,"value":0},{"target":7,"source":1,"value":1880},{"target":8,"source":2,"value":10},{"target":9,"source":2,"value":0},{"target":10,"source":2,"value":68},{"target":11,"source":3,"value":26},{"target":12,"source":3,"value":0},{"target":13,"source":3,"value":1031},{"target":14,"source":4,"value":5},{"target":15,"source":4,"value":0},{"target":16,"source":4,"value":0},{"target":17,"source":7,"value":1866},{"target":18,"source":7,"value":0},{"target":19,"source":7,"value":0},{"target":20,"source":7,"value":14},{"target":21,"source":13,"value":1016},{"target":22,"source":13,"value":0},{"target":23,"source":13,"value":0},{"target":24,"source":13,"value":15}],"Nunavut":[{"target":1,"source":0,"value":48},{"target":2,"source":0,"value":35},{"target":3,"source":0,"value":25},{"target":4,"source":0,"value":8},{"target":5,"source":1,"value":48},{"target":6,"source":1,"value":0},{"target":7,"source":1,"value":0},{"target":8,"source":2,"value":35},{"target":9,"source":2,"value":0},{"target":10,"source":2,"value":".."},{"target":11,"source":3,"value":25},{"target":12,"source":3,"value":0},{"target":13,"source":3,"value":0},{"target":14,"source":4,"value":8},{"target":15,"source":4,"value":0},{"target":16,"source":4,"value":".."},{"target":17,"source":7,"value":".."},{"target":18,"source":7,"value":".."},{"target":19,"source":7,"value":".."},{"target":20,"source":7,"value":0},{"target":21,"source":13,"value":".."},{"target":22,"source":13,"value":".."},{"target":23,"source":13,"value":".."},{"target":24,"source":13,"value":0}],"nodes":[{"node":0,"name":"intl"},{"node":1,"name":"USres"},{"node":2,"name":"nonUSres"},{"node":3,"name":"cdnFromUS"},{"node":4,"name":"cdnFromOther"},{"node":5,"name":"USres_air"},{"node":6,"name":"USres_marine"},{"node":7,"name":"USres_land"},{"node":8,"name":"nonUSres_air"},{"node":9,"name":"nonUSres_marine"},{"node":10,"name":"nonUSres_land"},{"node":11,"name":"cdnFromUS_air"},{"node":12,"name":"cdnFromUS_marine"},{"node":13,"name":"cdnFromUS_land"},{"node":14,"name":"cdnFromOther_air"},{"node":15,"name":"cdnFromOther_marine"},{"node":16,"name":"cdnFromOther_land"},{"node":17,"name":"USres_car"},{"node":18,"name":"USres_bus"},{"node":19,"name":"USres_train"},{"node":20,"name":"USres_other"},{"node":21,"name":"cdnFromUS_car"},{"node":22,"name":"cdnFromUS_bus"},{"node":23,"name":"cdnFromUS_train"},{"node":24,"name":"cdnFromUS_other"}]}