{"Canada":[{"target":1,"source":0,"value":2928974},{"target":2,"source":0,"value":685861},{"target":3,"source":0,"value":5601165},{"target":4,"source":0,"value":685475},{"target":5,"source":1,"value":529889},{"target":6,"source":1,"value":216471},{"target":7,"source":1,"value":2182614},{"target":8,"source":2,"value":569826},{"target":9,"source":2,"value":26934},{"target":10,"source":2,"value":89101},{"target":11,"source":3,"value":563933},{"target":12,"source":3,"value":40490},{"target":13,"source":3,"value":4996742},{"target":14,"source":4,"value":683243},{"target":15,"source":4,"value":1822},{"target":16,"source":4,"value":410},{"target":17,"source":7,"value":1980269},{"target":18,"source":7,"value":107859},{"target":19,"source":7,"value":30036},{"target":20,"source":7,"value":64450},{"target":21,"source":13,"value":4834456},{"target":22,"source":13,"value":84870},{"target":23,"source":13,"value":4302},{"target":24,"source":13,"value":73114}],"Newfoundland and Labrador":[{"target":1,"source":0,"value":5674},{"target":2,"source":0,"value":5106},{"target":3,"source":0,"value":2741},{"target":4,"source":0,"value":3697},{"target":5,"source":1,"value":4532},{"target":6,"source":1,"value":1142},{"target":7,"source":1,"value":0},{"target":8,"source":2,"value":3698},{"target":9,"source":2,"value":1408},{"target":10,"source":2,"value":0},{"target":11,"source":3,"value":2609},{"target":12,"source":3,"value":132},{"target":13,"source":3,"value":0},{"target":14,"source":4,"value":1976},{"target":15,"source":4,"value":1721},{"target":16,"source":4,"value":0},{"target":17,"source":7,"value":0},{"target":18,"source":7,"value":0},{"target":19,"source":7,"value":0},{"target":20,"source":7,"value":0},{"target":21,"source":13,"value":0},{"target":22,"source":13,"value":0},{"target":23,"source":13,"value":0},{"target":24,"source":13,"value":0}],"Prince Edward Island":[{"target":1,"source":0,"value":913},{"target":2,"source":0,"value":239},{"target":3,"source":0,"value":152},{"target":4,"source":0,"value":28},{"target":5,"source":1,"value":913},{"target":6,"source":1,"value":0},{"target":7,"source":1,"value":0},{"target":8,"source":2,"value":239},{"target":9,"source":2,"value":0},{"target":10,"source":2,"value":0},{"target":11,"source":3,"value":152},{"target":12,"source":3,"value":0},{"target":13,"source":3,"value":0},{"target":14,"source":4,"value":28},{"target":15,"source":4,"value":0},{"target":16,"source":4,"value":0},{"target":17,"source":7,"value":0},{"target":18,"source":7,"value":0},{"target":19,"source":7,"value":0},{"target":20,"source":7,"value":0},{"target":21,"source":13,"value":0},{"target":22,"source":13,"value":0},{"target":23,"source":13,"value":0},{"target":24,"source":13,"value":0}],"Nova Scotia":[{"target":1,"source":0,"value":19417},{"target":2,"source":0,"value":10340},{"target":3,"source":0,"value":6353},{"target":4,"source":0,"value":7047},{"target":5,"source":1,"value":13548},{"target":6,"source":1,"value":5869},{"target":7,"source":1,"value":0},{"target":8,"source":2,"value":9413},{"target":9,"source":2,"value":927},{"target":10,"source":2,"value":0},{"target":11,"source":3,"value":5406},{"target":12,"source":3,"value":947},{"target":13,"source":3,"value":0},{"target":14,"source":4,"value":7047},{"target":15,"source":4,"value":0},{"target":16,"source":4,"value":0},{"target":17,"source":7,"value":0},{"target":18,"source":7,"value":0},{"target":19,"source":7,"value":0},{"target":20,"source":7,"value":0},{"target":21,"source":13,"value":0},{"target":22,"source":13,"value":0},{"target":23,"source":13,"value":0},{"target":24,"source":13,"value":0}],"New Brunswick":[{"target":1,"source":0,"value":139943},{"target":2,"source":0,"value":2052},{"target":3,"source":0,"value":366820},{"target":4,"source":0,"value":102},{"target":5,"source":1,"value":871},{"target":6,"source":1,"value":18758},{"target":7,"source":1,"value":120314},{"target":8,"source":2,"value":97},{"target":9,"source":2,"value":1157},{"target":10,"source":2,"value":798},{"target":11,"source":3,"value":633},{"target":12,"source":3,"value":2088},{"target":13,"source":3,"value":364099},{"target":14,"source":4,"value":102},{"target":15,"source":4,"value":0},{"target":16,"source":4,"value":0},{"target":17,"source":7,"value":116911},{"target":18,"source":7,"value":1382},{"target":19,"source":7,"value":0},{"target":20,"source":7,"value":2021},{"target":21,"source":13,"value":358257},{"target":22,"source":13,"value":1564},{"target":23,"source":13,"value":0},{"target":24,"source":13,"value":4278}],"Quebec":[{"target":1,"source":0,"value":270279},{"target":2,"source":0,"value":123614},{"target":3,"source":0,"value":791570},{"target":4,"source":0,"value":185577},{"target":5,"source":1,"value":73571},{"target":6,"source":1,"value":712},{"target":7,"source":1,"value":195996},{"target":8,"source":2,"value":109365},{"target":9,"source":2,"value":55},{"target":10,"source":2,"value":14194},{"target":11,"source":3,"value":87223},{"target":12,"source":3,"value":4020},{"target":13,"source":3,"value":700327},{"target":14,"source":4,"value":185577},{"target":15,"source":4,"value":0},{"target":16,"source":4,"value":0},{"target":17,"source":7,"value":179712},{"target":18,"source":7,"value":12436},{"target":19,"source":7,"value":2515},{"target":20,"source":7,"value":1333},{"target":21,"source":13,"value":665889},{"target":22,"source":13,"value":21061},{"target":23,"source":13,"value":1679},{"target":24,"source":13,"value":11698}],"Ontario":[{"target":1,"source":0,"value":1539165},{"target":2,"source":0,"value":261260},{"target":3,"source":0,"value":2413282},{"target":4,"source":0,"value":339159},{"target":5,"source":1,"value":217422},{"target":6,"source":1,"value":30647},{"target":7,"source":1,"value":1291096},{"target":8,"source":2,"value":241820},{"target":9,"source":2,"value":59},{"target":10,"source":2,"value":19381},{"target":11,"source":3,"value":277301},{"target":12,"source":3,"value":11432},{"target":13,"source":3,"value":2124549},{"target":14,"source":4,"value":339159},{"target":15,"source":4,"value":0},{"target":16,"source":4,"value":0},{"target":17,"source":7,"value":1213279},{"target":18,"source":7,"value":48079},{"target":19,"source":7,"value":1432},{"target":20,"source":7,"value":28306},{"target":21,"source":13,"value":2050916},{"target":22,"source":13,"value":39604},{"target":23,"source":13,"value":560},{"target":24,"source":13,"value":33469}],"Manitoba":[{"target":1,"source":0,"value":48747},{"target":2,"source":0,"value":1710},{"target":3,"source":0,"value":175939},{"target":4,"source":0,"value":1465},{"target":5,"source":1,"value":8678},{"target":6,"source":1,"value":0},{"target":7,"source":1,"value":40069},{"target":8,"source":2,"value":1374},{"target":9,"source":2,"value":0},{"target":10,"source":2,"value":336},{"target":11,"source":3,"value":8020},{"target":12,"source":3,"value":0},{"target":13,"source":3,"value":167919},{"target":14,"source":4,"value":1465},{"target":15,"source":4,"value":0},{"target":16,"source":4,"value":0},{"target":17,"source":7,"value":39371},{"target":18,"source":7,"value":497},{"target":19,"source":7,"value":0},{"target":20,"source":7,"value":201},{"target":21,"source":13,"value":163894},{"target":22,"source":13,"value":2826},{"target":23,"source":13,"value":0},{"target":24,"source":13,"value":1199}],"Saskatchewan":[{"target":1,"source":0,"value":17622},{"target":2,"source":0,"value":852},{"target":3,"source":0,"value":50661},{"target":4,"source":0,"value":902},{"target":5,"source":1,"value":5091},{"target":6,"source":1,"value":0},{"target":7,"source":1,"value":12531},{"target":8,"source":2,"value":647},{"target":9,"source":2,"value":0},{"target":10,"source":2,"value":205},{"target":11,"source":3,"value":5533},{"target":12,"source":3,"value":0},{"target":13,"source":3,"value":45128},{"target":14,"source":4,"value":902},{"target":15,"source":4,"value":0},{"target":16,"source":4,"value":0},{"target":17,"source":7,"value":12147},{"target":18,"source":7,"value":238},{"target":19,"source":7,"value":0},{"target":20,"source":7,"value":146},{"target":21,"source":13,"value":44032},{"target":22,"source":13,"value":353},{"target":23,"source":13,"value":0},{"target":24,"source":13,"value":743}],"Alberta":[{"target":1,"source":0,"value":113754},{"target":2,"source":0,"value":41607},{"target":3,"source":0,"value":177326},{"target":4,"source":0,"value":48255},{"target":5,"source":1,"value":67284},{"target":6,"source":1,"value":0},{"target":7,"source":1,"value":46470},{"target":8,"source":2,"value":39879},{"target":9,"source":2,"value":0},{"target":10,"source":2,"value":1728},{"target":11,"source":3,"value":91756},{"target":12,"source":3,"value":0},{"target":13,"source":3,"value":85570},{"target":14,"source":4,"value":48255},{"target":15,"source":4,"value":0},{"target":16,"source":4,"value":0},{"target":17,"source":7,"value":41638},{"target":18,"source":7,"value":3958},{"target":19,"source":7,"value":0},{"target":20,"source":7,"value":874},{"target":21,"source":13,"value":83147},{"target":22,"source":13,"value":888},{"target":23,"source":13,"value":0},{"target":24,"source":13,"value":1535}],"British Columbia":[{"target":1,"source":0,"value":695359},{"target":2,"source":0,"value":229509},{"target":3,"source":0,"value":1599122},{"target":4,"source":0,"value":98953},{"target":5,"source":1,"value":137692},{"target":6,"source":1,"value":159343},{"target":7,"source":1,"value":398324},{"target":8,"source":2,"value":162198},{"target":9,"source":2,"value":23310},{"target":10,"source":2,"value":44001},{"target":11,"source":3,"value":85130},{"target":12,"source":3,"value":21871},{"target":13,"source":3,"value":1492121},{"target":14,"source":4,"value":98543},{"target":15,"source":4,"value":0},{"target":16,"source":4,"value":410},{"target":17,"source":7,"value":349362},{"target":18,"source":7,"value":11677},{"target":19,"source":7,"value":6565},{"target":20,"source":7,"value":30720},{"target":21,"source":13,"value":1454717},{"target":22,"source":13,"value":15383},{"target":23,"source":13,"value":2063},{"target":24,"source":13,"value":19958}],"Yukon":[{"target":1,"source":0,"value":77999},{"target":2,"source":0,"value":9449},{"target":3,"source":0,"value":17161},{"target":4,"source":0,"value":88},{"target":5,"source":1,"value":185},{"target":6,"source":1,"value":0},{"target":7,"source":1,"value":77814},{"target":8,"source":2,"value":991},{"target":9,"source":2,"value":0},{"target":10,"source":2,"value":8458},{"target":11,"source":3,"value":132},{"target":12,"source":3,"value":0},{"target":13,"source":3,"value":17029},{"target":14,"source":4,"value":88},{"target":15,"source":4,"value":0},{"target":16,"source":4,"value":0},{"target":17,"source":7,"value":27849},{"target":18,"source":7,"value":29592},{"target":19,"source":7,"value":19524},{"target":20,"source":7,"value":849},{"target":21,"source":13,"value":13604},{"target":22,"source":13,"value":3191},{"target":23,"source":13,"value":0},{"target":24,"source":13,"value":234}],"Nunavut":[{"target":1,"source":0,"value":102},{"target":2,"source":0,"value":123},{"target":3,"source":0,"value":38},{"target":4,"source":0,"value":202},{"target":5,"source":1,"value":102},{"target":6,"source":1,"value":0},{"target":7,"source":1,"value":0},{"target":8,"source":2,"value":105},{"target":9,"source":2,"value":18},{"target":10,"source":2,"value":".."},{"target":11,"source":3,"value":38},{"target":12,"source":3,"value":0},{"target":13,"source":3,"value":0},{"target":14,"source":4,"value":101},{"target":15,"source":4,"value":101},{"target":16,"source":4,"value":".."},{"target":17,"source":7,"value":".."},{"target":18,"source":7,"value":".."},{"target":19,"source":7,"value":".."},{"target":20,"source":7,"value":0},{"target":21,"source":13,"value":".."},{"target":22,"source":13,"value":".."},{"target":23,"source":13,"value":".."},{"target":24,"source":13,"value":0}],"nodes":[{"node":0,"name":"intl"},{"node":1,"name":"USres"},{"node":2,"name":"nonUSres"},{"node":3,"name":"cdnFromUS"},{"node":4,"name":"cdnFromOther"},{"node":5,"name":"USres_air"},{"node":6,"name":"USres_marine"},{"node":7,"name":"USres_land"},{"node":8,"name":"nonUSres_air"},{"node":9,"name":"nonUSres_marine"},{"node":10,"name":"nonUSres_land"},{"node":11,"name":"cdnFromUS_air"},{"node":12,"name":"cdnFromUS_marine"},{"node":13,"name":"cdnFromUS_land"},{"node":14,"name":"cdnFromOther_air"},{"node":15,"name":"cdnFromOther_marine"},{"node":16,"name":"cdnFromOther_land"},{"node":17,"name":"USres_car"},{"node":18,"name":"USres_bus"},{"node":19,"name":"USres_train"},{"node":20,"name":"USres_other"},{"node":21,"name":"cdnFromUS_car"},{"node":22,"name":"cdnFromUS_bus"},{"node":23,"name":"cdnFromUS_train"},{"node":24,"name":"cdnFromUS_other"}]}