{"Canada":[{"target":1,"source":0,"value":1002423},{"target":2,"source":0,"value":212958},{"target":3,"source":0,"value":3954853},{"target":4,"source":0,"value":1051259},{"target":5,"source":1,"value":198202},{"target":6,"source":1,"value":128},{"target":7,"source":1,"value":804093},{"target":8,"source":2,"value":186506},{"target":9,"source":2,"value":65},{"target":10,"source":2,"value":26387},{"target":11,"source":3,"value":747132},{"target":12,"source":3,"value":105},{"target":13,"source":3,"value":3207616},{"target":14,"source":4,"value":1050201},{"target":15,"source":4,"value":2},{"target":16,"source":4,"value":1056},{"target":17,"source":7,"value":727205},{"target":18,"source":7,"value":64614},{"target":19,"source":7,"value":2584},{"target":20,"source":7,"value":9690},{"target":21,"source":13,"value":3115516},{"target":22,"source":13,"value":76791},{"target":23,"source":13,"value":3662},{"target":24,"source":13,"value":11647}],"Newfoundland and Labrador":[{"target":1,"source":0,"value":1390},{"target":2,"source":0,"value":1055},{"target":3,"source":0,"value":1917},{"target":4,"source":0,"value":339},{"target":5,"source":1,"value":1390},{"target":6,"source":1,"value":0},{"target":7,"source":1,"value":0},{"target":8,"source":2,"value":1019},{"target":9,"source":2,"value":36},{"target":10,"source":2,"value":0},{"target":11,"source":3,"value":1917},{"target":12,"source":3,"value":0},{"target":13,"source":3,"value":0},{"target":14,"source":4,"value":338},{"target":15,"source":4,"value":1},{"target":16,"source":4,"value":0},{"target":17,"source":7,"value":0},{"target":18,"source":7,"value":0},{"target":19,"source":7,"value":0},{"target":20,"source":7,"value":0},{"target":21,"source":13,"value":0},{"target":22,"source":13,"value":0},{"target":23,"source":13,"value":0},{"target":24,"source":13,"value":0}],"Prince Edward Island":[{"target":1,"source":0,"value":2},{"target":2,"source":0,"value":0},{"target":3,"source":0,"value":0},{"target":4,"source":0,"value":0},{"target":5,"source":1,"value":2},{"target":6,"source":1,"value":0},{"target":7,"source":1,"value":0},{"target":8,"source":2,"value":0},{"target":9,"source":2,"value":0},{"target":10,"source":2,"value":0},{"target":11,"source":3,"value":0},{"target":12,"source":3,"value":0},{"target":13,"source":3,"value":0},{"target":14,"source":4,"value":0},{"target":15,"source":4,"value":0},{"target":16,"source":4,"value":0},{"target":17,"source":7,"value":0},{"target":18,"source":7,"value":0},{"target":19,"source":7,"value":0},{"target":20,"source":7,"value":0},{"target":21,"source":13,"value":0},{"target":22,"source":13,"value":0},{"target":23,"source":13,"value":0},{"target":24,"source":13,"value":0}],"Nova Scotia":[{"target":1,"source":0,"value":1568},{"target":2,"source":0,"value":1489},{"target":3,"source":0,"value":7045},{"target":4,"source":0,"value":5539},{"target":5,"source":1,"value":1568},{"target":6,"source":1,"value":0},{"target":7,"source":1,"value":0},{"target":8,"source":2,"value":1481},{"target":9,"source":2,"value":8},{"target":10,"source":2,"value":0},{"target":11,"source":3,"value":7045},{"target":12,"source":3,"value":0},{"target":13,"source":3,"value":0},{"target":14,"source":4,"value":5539},{"target":15,"source":4,"value":0},{"target":16,"source":4,"value":0},{"target":17,"source":7,"value":0},{"target":18,"source":7,"value":0},{"target":19,"source":7,"value":0},{"target":20,"source":7,"value":0},{"target":21,"source":13,"value":0},{"target":22,"source":13,"value":0},{"target":23,"source":13,"value":0},{"target":24,"source":13,"value":0}],"New Brunswick":[{"target":1,"source":0,"value":41773},{"target":2,"source":0,"value":62},{"target":3,"source":0,"value":255229},{"target":4,"source":0,"value":893},{"target":5,"source":1,"value":189},{"target":6,"source":1,"value":0},{"target":7,"source":1,"value":41584},{"target":8,"source":2,"value":39},{"target":9,"source":2,"value":10},{"target":10,"source":2,"value":13},{"target":11,"source":3,"value":847},{"target":12,"source":3,"value":4},{"target":13,"source":3,"value":254378},{"target":14,"source":4,"value":892},{"target":15,"source":4,"value":1},{"target":16,"source":4,"value":0},{"target":17,"source":7,"value":41312},{"target":18,"source":7,"value":45},{"target":19,"source":7,"value":0},{"target":20,"source":7,"value":227},{"target":21,"source":13,"value":252612},{"target":22,"source":13,"value":1204},{"target":23,"source":13,"value":0},{"target":24,"source":13,"value":562}],"Quebec":[{"target":1,"source":0,"value":98260},{"target":2,"source":0,"value":36566},{"target":3,"source":0,"value":391632},{"target":4,"source":0,"value":252620},{"target":5,"source":1,"value":25979},{"target":6,"source":1,"value":0},{"target":7,"source":1,"value":72281},{"target":8,"source":2,"value":33130},{"target":9,"source":2,"value":9},{"target":10,"source":2,"value":3427},{"target":11,"source":3,"value":116049},{"target":12,"source":3,"value":0},{"target":13,"source":3,"value":275583},{"target":14,"source":4,"value":252620},{"target":15,"source":4,"value":0},{"target":16,"source":4,"value":0},{"target":17,"source":7,"value":62153},{"target":18,"source":7,"value":8912},{"target":19,"source":7,"value":899},{"target":20,"source":7,"value":317},{"target":21,"source":13,"value":256795},{"target":22,"source":13,"value":16512},{"target":23,"source":13,"value":1959},{"target":24,"source":13,"value":317}],"Ontario":[{"target":1,"source":0,"value":585635},{"target":2,"source":0,"value":89525},{"target":3,"source":0,"value":1888635},{"target":4,"source":0,"value":496884},{"target":5,"source":1,"value":100462},{"target":6,"source":1,"value":21},{"target":7,"source":1,"value":485152},{"target":8,"source":2,"value":81946},{"target":9,"source":2,"value":0},{"target":10,"source":2,"value":7579},{"target":11,"source":3,"value":339940},{"target":12,"source":3,"value":8},{"target":13,"source":3,"value":1548687},{"target":14,"source":4,"value":496884},{"target":15,"source":4,"value":0},{"target":16,"source":4,"value":0},{"target":17,"source":7,"value":430589},{"target":18,"source":7,"value":50434},{"target":19,"source":7,"value":339},{"target":20,"source":7,"value":3790},{"target":21,"source":13,"value":1499482},{"target":22,"source":13,"value":44539},{"target":23,"source":13,"value":485},{"target":24,"source":13,"value":4181}],"Manitoba":[{"target":1,"source":0,"value":16896},{"target":2,"source":0,"value":449},{"target":3,"source":0,"value":99223},{"target":4,"source":0,"value":22150},{"target":5,"source":1,"value":2864},{"target":6,"source":1,"value":0},{"target":7,"source":1,"value":14032},{"target":8,"source":2,"value":425},{"target":9,"source":2,"value":0},{"target":10,"source":2,"value":24},{"target":11,"source":3,"value":15298},{"target":12,"source":3,"value":0},{"target":13,"source":3,"value":83925},{"target":14,"source":4,"value":22150},{"target":15,"source":4,"value":0},{"target":16,"source":4,"value":0},{"target":17,"source":7,"value":13567},{"target":18,"source":7,"value":428},{"target":19,"source":7,"value":0},{"target":20,"source":7,"value":37},{"target":21,"source":13,"value":81779},{"target":22,"source":13,"value":2108},{"target":23,"source":13,"value":0},{"target":24,"source":13,"value":38}],"Saskatchewan":[{"target":1,"source":0,"value":5357},{"target":2,"source":0,"value":233},{"target":3,"source":0,"value":35723},{"target":4,"source":0,"value":22720},{"target":5,"source":1,"value":2121},{"target":6,"source":1,"value":0},{"target":7,"source":1,"value":3236},{"target":8,"source":2,"value":223},{"target":9,"source":2,"value":0},{"target":10,"source":2,"value":10},{"target":11,"source":3,"value":13473},{"target":12,"source":3,"value":0},{"target":13,"source":3,"value":22250},{"target":14,"source":4,"value":22720},{"target":15,"source":4,"value":0},{"target":16,"source":4,"value":0},{"target":17,"source":7,"value":3172},{"target":18,"source":7,"value":27},{"target":19,"source":7,"value":0},{"target":20,"source":7,"value":37},{"target":21,"source":13,"value":21633},{"target":22,"source":13,"value":563},{"target":23,"source":13,"value":0},{"target":24,"source":13,"value":54}],"Alberta":[{"target":1,"source":0,"value":29477},{"target":2,"source":0,"value":13036},{"target":3,"source":0,"value":163205},{"target":4,"source":0,"value":99780},{"target":5,"source":1,"value":25158},{"target":6,"source":1,"value":0},{"target":7,"source":1,"value":4319},{"target":8,"source":2,"value":12990},{"target":9,"source":2,"value":0},{"target":10,"source":2,"value":46},{"target":11,"source":3,"value":124876},{"target":12,"source":3,"value":0},{"target":13,"source":3,"value":38329},{"target":14,"source":4,"value":99780},{"target":15,"source":4,"value":0},{"target":16,"source":4,"value":0},{"target":17,"source":7,"value":4312},{"target":18,"source":7,"value":0},{"target":19,"source":7,"value":0},{"target":20,"source":7,"value":7},{"target":21,"source":13,"value":38014},{"target":22,"source":13,"value":275},{"target":23,"source":13,"value":0},{"target":24,"source":13,"value":40}],"British Columbia":[{"target":1,"source":0,"value":220353},{"target":2,"source":0,"value":70445},{"target":3,"source":0,"value":1111453},{"target":4,"source":0,"value":150334},{"target":5,"source":1,"value":38434},{"target":6,"source":1,"value":107},{"target":7,"source":1,"value":181812},{"target":8,"source":2,"value":55190},{"target":9,"source":2,"value":2},{"target":10,"source":2,"value":15253},{"target":11,"source":3,"value":127677},{"target":12,"source":3,"value":93},{"target":13,"source":3,"value":983683},{"target":14,"source":4,"value":149278},{"target":15,"source":4,"value":0},{"target":16,"source":4,"value":1056},{"target":17,"source":7,"value":170438},{"target":18,"source":7,"value":4753},{"target":19,"source":7,"value":1346},{"target":20,"source":7,"value":5275},{"target":21,"source":13,"value":964461},{"target":22,"source":13,"value":11551},{"target":23,"source":13,"value":1218},{"target":24,"source":13,"value":6453}],"Yukon":[{"target":1,"source":0,"value":1690},{"target":2,"source":0,"value":45},{"target":3,"source":0,"value":788},{"target":4,"source":0,"value":0},{"target":5,"source":1,"value":13},{"target":6,"source":1,"value":0},{"target":7,"source":1,"value":1677},{"target":8,"source":2,"value":10},{"target":9,"source":2,"value":0},{"target":10,"source":2,"value":35},{"target":11,"source":3,"value":7},{"target":12,"source":3,"value":0},{"target":13,"source":3,"value":781},{"target":14,"source":4,"value":0},{"target":15,"source":4,"value":0},{"target":16,"source":4,"value":0},{"target":17,"source":7,"value":1662},{"target":18,"source":7,"value":15},{"target":19,"source":7,"value":0},{"target":20,"source":7,"value":0},{"target":21,"source":13,"value":740},{"target":22,"source":13,"value":39},{"target":23,"source":13,"value":0},{"target":24,"source":13,"value":2}],"Nunavut":[{"target":1,"source":0,"value":22},{"target":2,"source":0,"value":53},{"target":3,"source":0,"value":3},{"target":4,"source":0,"value":0},{"target":5,"source":1,"value":22},{"target":6,"source":1,"value":0},{"target":7,"source":1,"value":0},{"target":8,"source":2,"value":53},{"target":9,"source":2,"value":0},{"target":10,"source":2,"value":".."},{"target":11,"source":3,"value":3},{"target":12,"source":3,"value":0},{"target":13,"source":3,"value":0},{"target":14,"source":4,"value":0},{"target":15,"source":4,"value":0},{"target":16,"source":4,"value":".."},{"target":17,"source":7,"value":".."},{"target":18,"source":7,"value":".."},{"target":19,"source":7,"value":".."},{"target":20,"source":7,"value":0},{"target":21,"source":13,"value":".."},{"target":22,"source":13,"value":".."},{"target":23,"source":13,"value":".."},{"target":24,"source":13,"value":0}],"nodes":[{"node":0,"name":"intl"},{"node":1,"name":"USres"},{"node":2,"name":"nonUSres"},{"node":3,"name":"cdnFromUS"},{"node":4,"name":"cdnFromOther"},{"node":5,"name":"USres_air"},{"node":6,"name":"USres_marine"},{"node":7,"name":"USres_land"},{"node":8,"name":"nonUSres_air"},{"node":9,"name":"nonUSres_marine"},{"node":10,"name":"nonUSres_land"},{"node":11,"name":"cdnFromUS_air"},{"node":12,"name":"cdnFromUS_marine"},{"node":13,"name":"cdnFromUS_land"},{"node":14,"name":"cdnFromOther_air"},{"node":15,"name":"cdnFromOther_marine"},{"node":16,"name":"cdnFromOther_land"},{"node":17,"name":"USres_car"},{"node":18,"name":"USres_bus"},{"node":19,"name":"USres_train"},{"node":20,"name":"USres_other"},{"node":21,"name":"cdnFromUS_car"},{"node":22,"name":"cdnFromUS_bus"},{"node":23,"name":"cdnFromUS_train"},{"node":24,"name":"cdnFromUS_other"}]}