{"Canada":[{"target":1,"source":0,"value":1184933},{"target":2,"source":0,"value":208871},{"target":3,"source":0,"value":4259030},{"target":4,"source":0,"value":653439},{"target":5,"source":1,"value":239724},{"target":6,"source":1,"value":1066},{"target":7,"source":1,"value":944143},{"target":8,"source":2,"value":178526},{"target":9,"source":2,"value":281},{"target":10,"source":2,"value":30064},{"target":11,"source":3,"value":662978},{"target":12,"source":3,"value":310},{"target":13,"source":3,"value":3595742},{"target":14,"source":4,"value":653011},{"target":15,"source":4,"value":31},{"target":16,"source":4,"value":397},{"target":17,"source":7,"value":876009},{"target":18,"source":7,"value":50096},{"target":19,"source":7,"value":3399},{"target":20,"source":7,"value":14639},{"target":21,"source":13,"value":3495861},{"target":22,"source":13,"value":81333},{"target":23,"source":13,"value":2515},{"target":24,"source":13,"value":16033}],"Newfoundland and Labrador":[{"target":1,"source":0,"value":1535},{"target":2,"source":0,"value":1477},{"target":3,"source":0,"value":1308},{"target":4,"source":0,"value":268},{"target":5,"source":1,"value":1531},{"target":6,"source":1,"value":4},{"target":7,"source":1,"value":0},{"target":8,"source":2,"value":1257},{"target":9,"source":2,"value":220},{"target":10,"source":2,"value":0},{"target":11,"source":3,"value":1306},{"target":12,"source":3,"value":2},{"target":13,"source":3,"value":0},{"target":14,"source":4,"value":237},{"target":15,"source":4,"value":31},{"target":16,"source":4,"value":0},{"target":17,"source":7,"value":0},{"target":18,"source":7,"value":0},{"target":19,"source":7,"value":0},{"target":20,"source":7,"value":0},{"target":21,"source":13,"value":0},{"target":22,"source":13,"value":0},{"target":23,"source":13,"value":0},{"target":24,"source":13,"value":0}],"Prince Edward Island":[{"target":1,"source":0,"value":3},{"target":2,"source":0,"value":0},{"target":3,"source":0,"value":1},{"target":4,"source":0,"value":0},{"target":5,"source":1,"value":3},{"target":6,"source":1,"value":0},{"target":7,"source":1,"value":0},{"target":8,"source":2,"value":0},{"target":9,"source":2,"value":0},{"target":10,"source":2,"value":0},{"target":11,"source":3,"value":1},{"target":12,"source":3,"value":0},{"target":13,"source":3,"value":0},{"target":14,"source":4,"value":0},{"target":15,"source":4,"value":0},{"target":16,"source":4,"value":0},{"target":17,"source":7,"value":0},{"target":18,"source":7,"value":0},{"target":19,"source":7,"value":0},{"target":20,"source":7,"value":0},{"target":21,"source":13,"value":0},{"target":22,"source":13,"value":0},{"target":23,"source":13,"value":0},{"target":24,"source":13,"value":0}],"Nova Scotia":[{"target":1,"source":0,"value":2427},{"target":2,"source":0,"value":1235},{"target":3,"source":0,"value":7344},{"target":4,"source":0,"value":3068},{"target":5,"source":1,"value":2427},{"target":6,"source":1,"value":0},{"target":7,"source":1,"value":0},{"target":8,"source":2,"value":1215},{"target":9,"source":2,"value":20},{"target":10,"source":2,"value":0},{"target":11,"source":3,"value":7342},{"target":12,"source":3,"value":2},{"target":13,"source":3,"value":0},{"target":14,"source":4,"value":3068},{"target":15,"source":4,"value":0},{"target":16,"source":4,"value":0},{"target":17,"source":7,"value":0},{"target":18,"source":7,"value":0},{"target":19,"source":7,"value":0},{"target":20,"source":7,"value":0},{"target":21,"source":13,"value":0},{"target":22,"source":13,"value":0},{"target":23,"source":13,"value":0},{"target":24,"source":13,"value":0}],"New Brunswick":[{"target":1,"source":0,"value":47833},{"target":2,"source":0,"value":142},{"target":3,"source":0,"value":302783},{"target":4,"source":0,"value":751},{"target":5,"source":1,"value":193},{"target":6,"source":1,"value":0},{"target":7,"source":1,"value":47640},{"target":8,"source":2,"value":52},{"target":9,"source":2,"value":9},{"target":10,"source":2,"value":81},{"target":11,"source":3,"value":1027},{"target":12,"source":3,"value":3},{"target":13,"source":3,"value":301753},{"target":14,"source":4,"value":751},{"target":15,"source":4,"value":0},{"target":16,"source":4,"value":0},{"target":17,"source":7,"value":47314},{"target":18,"source":7,"value":69},{"target":19,"source":7,"value":0},{"target":20,"source":7,"value":257},{"target":21,"source":13,"value":295611},{"target":22,"source":13,"value":5289},{"target":23,"source":13,"value":0},{"target":24,"source":13,"value":853}],"Quebec":[{"target":1,"source":0,"value":129352},{"target":2,"source":0,"value":37196},{"target":3,"source":0,"value":371479},{"target":4,"source":0,"value":136869},{"target":5,"source":1,"value":37469},{"target":6,"source":1,"value":0},{"target":7,"source":1,"value":91883},{"target":8,"source":2,"value":33091},{"target":9,"source":2,"value":27},{"target":10,"source":2,"value":4078},{"target":11,"source":3,"value":85793},{"target":12,"source":3,"value":0},{"target":13,"source":3,"value":285686},{"target":14,"source":4,"value":136869},{"target":15,"source":4,"value":0},{"target":16,"source":4,"value":0},{"target":17,"source":7,"value":84042},{"target":18,"source":7,"value":6675},{"target":19,"source":7,"value":1049},{"target":20,"source":7,"value":117},{"target":21,"source":13,"value":272309},{"target":22,"source":13,"value":12167},{"target":23,"source":13,"value":858},{"target":24,"source":13,"value":352}],"Ontario":[{"target":1,"source":0,"value":696145},{"target":2,"source":0,"value":94775},{"target":3,"source":0,"value":2070072},{"target":4,"source":0,"value":312449},{"target":5,"source":1,"value":124202},{"target":6,"source":1,"value":937},{"target":7,"source":1,"value":571006},{"target":8,"source":2,"value":88317},{"target":9,"source":2,"value":0},{"target":10,"source":2,"value":6458},{"target":11,"source":3,"value":309083},{"target":12,"source":3,"value":109},{"target":13,"source":3,"value":1760880},{"target":14,"source":4,"value":312449},{"target":15,"source":4,"value":0},{"target":16,"source":4,"value":0},{"target":17,"source":7,"value":525794},{"target":18,"source":7,"value":38933},{"target":19,"source":7,"value":346},{"target":20,"source":7,"value":5933},{"target":21,"source":13,"value":1707201},{"target":22,"source":13,"value":46666},{"target":23,"source":13,"value":249},{"target":24,"source":13,"value":6764}],"Manitoba":[{"target":1,"source":0,"value":19604},{"target":2,"source":0,"value":564},{"target":3,"source":0,"value":122395},{"target":4,"source":0,"value":4161},{"target":5,"source":1,"value":4480},{"target":6,"source":1,"value":0},{"target":7,"source":1,"value":15124},{"target":8,"source":2,"value":529},{"target":9,"source":2,"value":1},{"target":10,"source":2,"value":34},{"target":11,"source":3,"value":12321},{"target":12,"source":3,"value":0},{"target":13,"source":3,"value":110074},{"target":14,"source":4,"value":4161},{"target":15,"source":4,"value":0},{"target":16,"source":4,"value":0},{"target":17,"source":7,"value":14923},{"target":18,"source":7,"value":188},{"target":19,"source":7,"value":0},{"target":20,"source":7,"value":13},{"target":21,"source":13,"value":106058},{"target":22,"source":13,"value":3981},{"target":23,"source":13,"value":0},{"target":24,"source":13,"value":35}],"Saskatchewan":[{"target":1,"source":0,"value":8774},{"target":2,"source":0,"value":241},{"target":3,"source":0,"value":43503},{"target":4,"source":0,"value":3692},{"target":5,"source":1,"value":3812},{"target":6,"source":1,"value":0},{"target":7,"source":1,"value":4962},{"target":8,"source":2,"value":231},{"target":9,"source":2,"value":0},{"target":10,"source":2,"value":10},{"target":11,"source":3,"value":13681},{"target":12,"source":3,"value":0},{"target":13,"source":3,"value":29822},{"target":14,"source":4,"value":3692},{"target":15,"source":4,"value":0},{"target":16,"source":4,"value":0},{"target":17,"source":7,"value":4881},{"target":18,"source":7,"value":57},{"target":19,"source":7,"value":0},{"target":20,"source":7,"value":24},{"target":21,"source":13,"value":28683},{"target":22,"source":13,"value":1086},{"target":23,"source":13,"value":0},{"target":24,"source":13,"value":53}],"Alberta":[{"target":1,"source":0,"value":33077},{"target":2,"source":0,"value":10577},{"target":3,"source":0,"value":163785},{"target":4,"source":0,"value":72001},{"target":5,"source":1,"value":27220},{"target":6,"source":1,"value":0},{"target":7,"source":1,"value":5857},{"target":8,"source":2,"value":10482},{"target":9,"source":2,"value":0},{"target":10,"source":2,"value":95},{"target":11,"source":3,"value":125473},{"target":12,"source":3,"value":0},{"target":13,"source":3,"value":38312},{"target":14,"source":4,"value":72001},{"target":15,"source":4,"value":0},{"target":16,"source":4,"value":0},{"target":17,"source":7,"value":5793},{"target":18,"source":7,"value":35},{"target":19,"source":7,"value":0},{"target":20,"source":7,"value":29},{"target":21,"source":13,"value":37776},{"target":22,"source":13,"value":496},{"target":23,"source":13,"value":0},{"target":24,"source":13,"value":40}],"British Columbia":[{"target":1,"source":0,"value":243928},{"target":2,"source":0,"value":62584},{"target":3,"source":0,"value":1175373},{"target":4,"source":0,"value":120159},{"target":5,"source":1,"value":38327},{"target":6,"source":1,"value":125},{"target":7,"source":1,"value":205476},{"target":8,"source":2,"value":43335},{"target":9,"source":2,"value":4},{"target":10,"source":2,"value":19245},{"target":11,"source":3,"value":106911},{"target":12,"source":3,"value":194},{"target":13,"source":3,"value":1068268},{"target":14,"source":4,"value":119762},{"target":15,"source":4,"value":0},{"target":16,"source":4,"value":397},{"target":17,"source":7,"value":191068},{"target":18,"source":7,"value":4138},{"target":19,"source":7,"value":2004},{"target":20,"source":7,"value":8266},{"target":21,"source":13,"value":1047302},{"target":22,"source":13,"value":11622},{"target":23,"source":13,"value":1408},{"target":24,"source":13,"value":7936}],"Yukon":[{"target":1,"source":0,"value":2234},{"target":2,"source":0,"value":63},{"target":3,"source":0,"value":947},{"target":4,"source":0,"value":0},{"target":5,"source":1,"value":39},{"target":6,"source":1,"value":0},{"target":7,"source":1,"value":2195},{"target":8,"source":2,"value":0},{"target":9,"source":2,"value":0},{"target":10,"source":2,"value":63},{"target":11,"source":3,"value":0},{"target":12,"source":3,"value":0},{"target":13,"source":3,"value":947},{"target":14,"source":4,"value":0},{"target":15,"source":4,"value":0},{"target":16,"source":4,"value":0},{"target":17,"source":7,"value":2194},{"target":18,"source":7,"value":1},{"target":19,"source":7,"value":0},{"target":20,"source":7,"value":0},{"target":21,"source":13,"value":921},{"target":22,"source":13,"value":26},{"target":23,"source":13,"value":0},{"target":24,"source":13,"value":0}],"Nunavut":[{"target":1,"source":0,"value":21},{"target":2,"source":0,"value":17},{"target":3,"source":0,"value":40},{"target":4,"source":0,"value":21},{"target":5,"source":1,"value":21},{"target":6,"source":1,"value":0},{"target":7,"source":1,"value":0},{"target":8,"source":2,"value":17},{"target":9,"source":2,"value":0},{"target":10,"source":2,"value":".."},{"target":11,"source":3,"value":40},{"target":12,"source":3,"value":0},{"target":13,"source":3,"value":0},{"target":14,"source":4,"value":21},{"target":15,"source":4,"value":0},{"target":16,"source":4,"value":".."},{"target":17,"source":7,"value":".."},{"target":18,"source":7,"value":".."},{"target":19,"source":7,"value":".."},{"target":20,"source":7,"value":0},{"target":21,"source":13,"value":".."},{"target":22,"source":13,"value":".."},{"target":23,"source":13,"value":".."},{"target":24,"source":13,"value":0}],"nodes":[{"node":0,"name":"intl"},{"node":1,"name":"USres"},{"node":2,"name":"nonUSres"},{"node":3,"name":"cdnFromUS"},{"node":4,"name":"cdnFromOther"},{"node":5,"name":"USres_air"},{"node":6,"name":"USres_marine"},{"node":7,"name":"USres_land"},{"node":8,"name":"nonUSres_air"},{"node":9,"name":"nonUSres_marine"},{"node":10,"name":"nonUSres_land"},{"node":11,"name":"cdnFromUS_air"},{"node":12,"name":"cdnFromUS_marine"},{"node":13,"name":"cdnFromUS_land"},{"node":14,"name":"cdnFromOther_air"},{"node":15,"name":"cdnFromOther_marine"},{"node":16,"name":"cdnFromOther_land"},{"node":17,"name":"USres_car"},{"node":18,"name":"USres_bus"},{"node":19,"name":"USres_train"},{"node":20,"name":"USres_other"},{"node":21,"name":"cdnFromUS_car"},{"node":22,"name":"cdnFromUS_bus"},{"node":23,"name":"cdnFromUS_train"},{"node":24,"name":"cdnFromUS_other"}]}