{"Canada":[{"target":1,"source":0,"value":1222123},{"target":2,"source":0,"value":278085},{"target":3,"source":0,"value":4646596},{"target":4,"source":0,"value":946246},{"target":5,"source":1,"value":255990},{"target":6,"source":1,"value":4485},{"target":7,"source":1,"value":961648},{"target":8,"source":2,"value":243234},{"target":9,"source":2,"value":794},{"target":10,"source":2,"value":34057},{"target":11,"source":3,"value":828344},{"target":12,"source":3,"value":1864},{"target":13,"source":3,"value":3816388},{"target":14,"source":4,"value":945072},{"target":15,"source":4,"value":262},{"target":16,"source":4,"value":912},{"target":17,"source":7,"value":884082},{"target":18,"source":7,"value":53195},{"target":19,"source":7,"value":3942},{"target":20,"source":7,"value":20429},{"target":21,"source":13,"value":3693070},{"target":22,"source":13,"value":97517},{"target":23,"source":13,"value":3320},{"target":24,"source":13,"value":22481}],"Newfoundland and Labrador":[{"target":1,"source":0,"value":1208},{"target":2,"source":0,"value":1648},{"target":3,"source":0,"value":3590},{"target":4,"source":0,"value":7246},{"target":5,"source":1,"value":1208},{"target":6,"source":1,"value":0},{"target":7,"source":1,"value":0},{"target":8,"source":2,"value":1317},{"target":9,"source":2,"value":331},{"target":10,"source":2,"value":0},{"target":11,"source":3,"value":3588},{"target":12,"source":3,"value":2},{"target":13,"source":3,"value":0},{"target":14,"source":4,"value":6985},{"target":15,"source":4,"value":261},{"target":16,"source":4,"value":0},{"target":17,"source":7,"value":0},{"target":18,"source":7,"value":0},{"target":19,"source":7,"value":0},{"target":20,"source":7,"value":0},{"target":21,"source":13,"value":0},{"target":22,"source":13,"value":0},{"target":23,"source":13,"value":0},{"target":24,"source":13,"value":0}],"Prince Edward Island":[{"target":1,"source":0,"value":13},{"target":2,"source":0,"value":0},{"target":3,"source":0,"value":24},{"target":4,"source":0,"value":897},{"target":5,"source":1,"value":13},{"target":6,"source":1,"value":0},{"target":7,"source":1,"value":0},{"target":8,"source":2,"value":0},{"target":9,"source":2,"value":0},{"target":10,"source":2,"value":0},{"target":11,"source":3,"value":24},{"target":12,"source":3,"value":0},{"target":13,"source":3,"value":0},{"target":14,"source":4,"value":897},{"target":15,"source":4,"value":0},{"target":16,"source":4,"value":0},{"target":17,"source":7,"value":0},{"target":18,"source":7,"value":0},{"target":19,"source":7,"value":0},{"target":20,"source":7,"value":0},{"target":21,"source":13,"value":0},{"target":22,"source":13,"value":0},{"target":23,"source":13,"value":0},{"target":24,"source":13,"value":0}],"Nova Scotia":[{"target":1,"source":0,"value":2673},{"target":2,"source":0,"value":2320},{"target":3,"source":0,"value":19087},{"target":4,"source":0,"value":35521},{"target":5,"source":1,"value":2659},{"target":6,"source":1,"value":14},{"target":7,"source":1,"value":0},{"target":8,"source":2,"value":2309},{"target":9,"source":2,"value":11},{"target":10,"source":2,"value":0},{"target":11,"source":3,"value":19084},{"target":12,"source":3,"value":3},{"target":13,"source":3,"value":0},{"target":14,"source":4,"value":35521},{"target":15,"source":4,"value":0},{"target":16,"source":4,"value":0},{"target":17,"source":7,"value":0},{"target":18,"source":7,"value":0},{"target":19,"source":7,"value":0},{"target":20,"source":7,"value":0},{"target":21,"source":13,"value":0},{"target":22,"source":13,"value":0},{"target":23,"source":13,"value":0},{"target":24,"source":13,"value":0}],"New Brunswick":[{"target":1,"source":0,"value":49713},{"target":2,"source":0,"value":143},{"target":3,"source":0,"value":299673},{"target":4,"source":0,"value":9279},{"target":5,"source":1,"value":205},{"target":6,"source":1,"value":8},{"target":7,"source":1,"value":49500},{"target":8,"source":2,"value":47},{"target":9,"source":2,"value":8},{"target":10,"source":2,"value":88},{"target":11,"source":3,"value":1121},{"target":12,"source":3,"value":12},{"target":13,"source":3,"value":298540},{"target":14,"source":4,"value":9279},{"target":15,"source":4,"value":0},{"target":16,"source":4,"value":0},{"target":17,"source":7,"value":49093},{"target":18,"source":7,"value":153},{"target":19,"source":7,"value":0},{"target":20,"source":7,"value":254},{"target":21,"source":13,"value":294471},{"target":22,"source":13,"value":2527},{"target":23,"source":13,"value":0},{"target":24,"source":13,"value":1542}],"Quebec":[{"target":1,"source":0,"value":126657},{"target":2,"source":0,"value":55353},{"target":3,"source":0,"value":472262},{"target":4,"source":0,"value":221203},{"target":5,"source":1,"value":40585},{"target":6,"source":1,"value":2},{"target":7,"source":1,"value":86070},{"target":8,"source":2,"value":51499},{"target":9,"source":2,"value":31},{"target":10,"source":2,"value":3823},{"target":11,"source":3,"value":119688},{"target":12,"source":3,"value":0},{"target":13,"source":3,"value":352574},{"target":14,"source":4,"value":221203},{"target":15,"source":4,"value":0},{"target":16,"source":4,"value":0},{"target":17,"source":7,"value":76698},{"target":18,"source":7,"value":8178},{"target":19,"source":7,"value":1016},{"target":20,"source":7,"value":178},{"target":21,"source":13,"value":319365},{"target":22,"source":13,"value":30953},{"target":23,"source":13,"value":1259},{"target":24,"source":13,"value":997}],"Ontario":[{"target":1,"source":0,"value":704734},{"target":2,"source":0,"value":128291},{"target":3,"source":0,"value":2179482},{"target":4,"source":0,"value":427374},{"target":5,"source":1,"value":129898},{"target":6,"source":1,"value":1584},{"target":7,"source":1,"value":573252},{"target":8,"source":2,"value":116756},{"target":9,"source":2,"value":4},{"target":10,"source":2,"value":11531},{"target":11,"source":3,"value":374626},{"target":12,"source":3,"value":130},{"target":13,"source":3,"value":1804726},{"target":14,"source":4,"value":427373},{"target":15,"source":4,"value":1},{"target":16,"source":4,"value":0},{"target":17,"source":7,"value":523855},{"target":18,"source":7,"value":39307},{"target":19,"source":7,"value":456},{"target":20,"source":7,"value":9634},{"target":21,"source":13,"value":1752794},{"target":22,"source":13,"value":42118},{"target":23,"source":13,"value":358},{"target":24,"source":13,"value":9456}],"Manitoba":[{"target":1,"source":0,"value":17438},{"target":2,"source":0,"value":581},{"target":3,"source":0,"value":127965},{"target":4,"source":0,"value":8811},{"target":5,"source":1,"value":3894},{"target":6,"source":1,"value":0},{"target":7,"source":1,"value":13544},{"target":8,"source":2,"value":510},{"target":9,"source":2,"value":0},{"target":10,"source":2,"value":71},{"target":11,"source":3,"value":16164},{"target":12,"source":3,"value":0},{"target":13,"source":3,"value":111801},{"target":14,"source":4,"value":8811},{"target":15,"source":4,"value":0},{"target":16,"source":4,"value":0},{"target":17,"source":7,"value":13442},{"target":18,"source":7,"value":82},{"target":19,"source":7,"value":0},{"target":20,"source":7,"value":20},{"target":21,"source":13,"value":108538},{"target":22,"source":13,"value":3234},{"target":23,"source":13,"value":0},{"target":24,"source":13,"value":29}],"Saskatchewan":[{"target":1,"source":0,"value":7615},{"target":2,"source":0,"value":371},{"target":3,"source":0,"value":49208},{"target":4,"source":0,"value":7959},{"target":5,"source":1,"value":3048},{"target":6,"source":1,"value":0},{"target":7,"source":1,"value":4567},{"target":8,"source":2,"value":344},{"target":9,"source":2,"value":0},{"target":10,"source":2,"value":27},{"target":11,"source":3,"value":14739},{"target":12,"source":3,"value":0},{"target":13,"source":3,"value":34469},{"target":14,"source":4,"value":7959},{"target":15,"source":4,"value":0},{"target":16,"source":4,"value":0},{"target":17,"source":7,"value":4502},{"target":18,"source":7,"value":26},{"target":19,"source":7,"value":0},{"target":20,"source":7,"value":39},{"target":21,"source":13,"value":33264},{"target":22,"source":13,"value":1113},{"target":23,"source":13,"value":0},{"target":24,"source":13,"value":92}],"Alberta":[{"target":1,"source":0,"value":36587},{"target":2,"source":0,"value":13455},{"target":3,"source":0,"value":223429},{"target":4,"source":0,"value":94543},{"target":5,"source":1,"value":29309},{"target":6,"source":1,"value":0},{"target":7,"source":1,"value":7278},{"target":8,"source":2,"value":13302},{"target":9,"source":2,"value":0},{"target":10,"source":2,"value":153},{"target":11,"source":3,"value":147131},{"target":12,"source":3,"value":0},{"target":13,"source":3,"value":76298},{"target":14,"source":4,"value":94543},{"target":15,"source":4,"value":0},{"target":16,"source":4,"value":0},{"target":17,"source":7,"value":7143},{"target":18,"source":7,"value":117},{"target":19,"source":7,"value":0},{"target":20,"source":7,"value":18},{"target":21,"source":13,"value":75771},{"target":22,"source":13,"value":456},{"target":23,"source":13,"value":0},{"target":24,"source":13,"value":71}],"British Columbia":[{"target":1,"source":0,"value":271203},{"target":2,"source":0,"value":75785},{"target":3,"source":0,"value":1268676},{"target":4,"source":0,"value":133408},{"target":5,"source":1,"value":45113},{"target":6,"source":1,"value":2877},{"target":7,"source":1,"value":223213},{"target":8,"source":2,"value":57127},{"target":9,"source":2,"value":409},{"target":10,"source":2,"value":18249},{"target":11,"source":3,"value":132147},{"target":12,"source":3,"value":1717},{"target":13,"source":3,"value":1134812},{"target":14,"source":4,"value":132496},{"target":15,"source":4,"value":0},{"target":16,"source":4,"value":912},{"target":17,"source":7,"value":205157},{"target":18,"source":7,"value":5302},{"target":19,"source":7,"value":2470},{"target":20,"source":7,"value":10284},{"target":21,"source":13,"value":1105703},{"target":22,"source":13,"value":17116},{"target":23,"source":13,"value":1703},{"target":24,"source":13,"value":10290}],"Yukon":[{"target":1,"source":0,"value":4254},{"target":2,"source":0,"value":120},{"target":3,"source":0,"value":3184},{"target":4,"source":0,"value":0},{"target":5,"source":1,"value":30},{"target":6,"source":1,"value":0},{"target":7,"source":1,"value":4224},{"target":8,"source":2,"value":5},{"target":9,"source":2,"value":0},{"target":10,"source":2,"value":115},{"target":11,"source":3,"value":16},{"target":12,"source":3,"value":0},{"target":13,"source":3,"value":3168},{"target":14,"source":4,"value":0},{"target":15,"source":4,"value":0},{"target":16,"source":4,"value":0},{"target":17,"source":7,"value":4192},{"target":18,"source":7,"value":30},{"target":19,"source":7,"value":0},{"target":20,"source":7,"value":2},{"target":21,"source":13,"value":3164},{"target":22,"source":13,"value":0},{"target":23,"source":13,"value":0},{"target":24,"source":13,"value":4}],"Nunavut":[{"target":1,"source":0,"value":28},{"target":2,"source":0,"value":18},{"target":3,"source":0,"value":16},{"target":4,"source":0,"value":5},{"target":5,"source":1,"value":28},{"target":6,"source":1,"value":0},{"target":7,"source":1,"value":0},{"target":8,"source":2,"value":18},{"target":9,"source":2,"value":0},{"target":10,"source":2,"value":".."},{"target":11,"source":3,"value":16},{"target":12,"source":3,"value":0},{"target":13,"source":3,"value":0},{"target":14,"source":4,"value":5},{"target":15,"source":4,"value":0},{"target":16,"source":4,"value":".."},{"target":17,"source":7,"value":".."},{"target":18,"source":7,"value":".."},{"target":19,"source":7,"value":".."},{"target":20,"source":7,"value":0},{"target":21,"source":13,"value":".."},{"target":22,"source":13,"value":".."},{"target":23,"source":13,"value":".."},{"target":24,"source":13,"value":0}],"nodes":[{"node":0,"name":"intl"},{"node":1,"name":"USres"},{"node":2,"name":"nonUSres"},{"node":3,"name":"cdnFromUS"},{"node":4,"name":"cdnFromOther"},{"node":5,"name":"USres_air"},{"node":6,"name":"USres_marine"},{"node":7,"name":"USres_land"},{"node":8,"name":"nonUSres_air"},{"node":9,"name":"nonUSres_marine"},{"node":10,"name":"nonUSres_land"},{"node":11,"name":"cdnFromUS_air"},{"node":12,"name":"cdnFromUS_marine"},{"node":13,"name":"cdnFromUS_land"},{"node":14,"name":"cdnFromOther_air"},{"node":15,"name":"cdnFromOther_marine"},{"node":16,"name":"cdnFromOther_land"},{"node":17,"name":"USres_car"},{"node":18,"name":"USres_bus"},{"node":19,"name":"USres_train"},{"node":20,"name":"USres_other"},{"node":21,"name":"cdnFromUS_car"},{"node":22,"name":"cdnFromUS_bus"},{"node":23,"name":"cdnFromUS_train"},{"node":24,"name":"cdnFromUS_other"}]}