{"Canada":[{"target":1,"source":0,"value":1764126},{"target":2,"source":0,"value":425377},{"target":3,"source":0,"value":4784190},{"target":4,"source":0,"value":713146},{"target":5,"source":1,"value":347838},{"target":6,"source":1,"value":91218},{"target":7,"source":1,"value":1325070},{"target":8,"source":2,"value":348007},{"target":9,"source":2,"value":22565},{"target":10,"source":2,"value":54805},{"target":11,"source":3,"value":656710},{"target":12,"source":3,"value":30126},{"target":13,"source":3,"value":4097354},{"target":14,"source":4,"value":711493},{"target":15,"source":4,"value":898},{"target":16,"source":4,"value":755},{"target":17,"source":7,"value":1198224},{"target":18,"source":7,"value":80706},{"target":19,"source":7,"value":15926},{"target":20,"source":7,"value":30214},{"target":21,"source":13,"value":3936350},{"target":22,"source":13,"value":119329},{"target":23,"source":13,"value":4126},{"target":24,"source":13,"value":37549}],"Newfoundland and Labrador":[{"target":1,"source":0,"value":2014},{"target":2,"source":0,"value":2554},{"target":3,"source":0,"value":3198},{"target":4,"source":0,"value":5380},{"target":5,"source":1,"value":2001},{"target":6,"source":1,"value":13},{"target":7,"source":1,"value":0},{"target":8,"source":2,"value":2046},{"target":9,"source":2,"value":508},{"target":10,"source":2,"value":0},{"target":11,"source":3,"value":3195},{"target":12,"source":3,"value":3},{"target":13,"source":3,"value":0},{"target":14,"source":4,"value":4483},{"target":15,"source":4,"value":897},{"target":16,"source":4,"value":0},{"target":17,"source":7,"value":0},{"target":18,"source":7,"value":0},{"target":19,"source":7,"value":0},{"target":20,"source":7,"value":0},{"target":21,"source":13,"value":0},{"target":22,"source":13,"value":0},{"target":23,"source":13,"value":0},{"target":24,"source":13,"value":0}],"Prince Edward Island":[{"target":1,"source":0,"value":14},{"target":2,"source":0,"value":0},{"target":3,"source":0,"value":19},{"target":4,"source":0,"value":139},{"target":5,"source":1,"value":14},{"target":6,"source":1,"value":0},{"target":7,"source":1,"value":0},{"target":8,"source":2,"value":0},{"target":9,"source":2,"value":0},{"target":10,"source":2,"value":0},{"target":11,"source":3,"value":19},{"target":12,"source":3,"value":0},{"target":13,"source":3,"value":0},{"target":14,"source":4,"value":139},{"target":15,"source":4,"value":0},{"target":16,"source":4,"value":0},{"target":17,"source":7,"value":0},{"target":18,"source":7,"value":0},{"target":19,"source":7,"value":0},{"target":20,"source":7,"value":0},{"target":21,"source":13,"value":0},{"target":22,"source":13,"value":0},{"target":23,"source":13,"value":0},{"target":24,"source":13,"value":0}],"Nova Scotia":[{"target":1,"source":0,"value":9394},{"target":2,"source":0,"value":3765},{"target":3,"source":0,"value":12164},{"target":4,"source":0,"value":14902},{"target":5,"source":1,"value":4134},{"target":6,"source":1,"value":5260},{"target":7,"source":1,"value":0},{"target":8,"source":2,"value":2752},{"target":9,"source":2,"value":1013},{"target":10,"source":2,"value":0},{"target":11,"source":3,"value":11014},{"target":12,"source":3,"value":1150},{"target":13,"source":3,"value":0},{"target":14,"source":4,"value":14902},{"target":15,"source":4,"value":0},{"target":16,"source":4,"value":0},{"target":17,"source":7,"value":0},{"target":18,"source":7,"value":0},{"target":19,"source":7,"value":0},{"target":20,"source":7,"value":0},{"target":21,"source":13,"value":0},{"target":22,"source":13,"value":0},{"target":23,"source":13,"value":0},{"target":24,"source":13,"value":0}],"New Brunswick":[{"target":1,"source":0,"value":64913},{"target":2,"source":0,"value":271},{"target":3,"source":0,"value":326180},{"target":4,"source":0,"value":2705},{"target":5,"source":1,"value":853},{"target":6,"source":1,"value":12},{"target":7,"source":1,"value":64048},{"target":8,"source":2,"value":47},{"target":9,"source":2,"value":5},{"target":10,"source":2,"value":219},{"target":11,"source":3,"value":1017},{"target":12,"source":3,"value":22},{"target":13,"source":3,"value":325141},{"target":14,"source":4,"value":2705},{"target":15,"source":4,"value":0},{"target":16,"source":4,"value":0},{"target":17,"source":7,"value":63128},{"target":18,"source":7,"value":240},{"target":19,"source":7,"value":0},{"target":20,"source":7,"value":680},{"target":21,"source":13,"value":320268},{"target":22,"source":13,"value":3065},{"target":23,"source":13,"value":0},{"target":24,"source":13,"value":1808}],"Quebec":[{"target":1,"source":0,"value":180953},{"target":2,"source":0,"value":74233},{"target":3,"source":0,"value":489543},{"target":4,"source":0,"value":146992},{"target":5,"source":1,"value":56056},{"target":6,"source":1,"value":46},{"target":7,"source":1,"value":124851},{"target":8,"source":2,"value":65271},{"target":9,"source":2,"value":32},{"target":10,"source":2,"value":8930},{"target":11,"source":3,"value":82367},{"target":12,"source":3,"value":217},{"target":13,"source":3,"value":406959},{"target":14,"source":4,"value":146992},{"target":15,"source":4,"value":0},{"target":16,"source":4,"value":0},{"target":17,"source":7,"value":109077},{"target":18,"source":7,"value":13948},{"target":19,"source":7,"value":1512},{"target":20,"source":7,"value":314},{"target":21,"source":13,"value":358722},{"target":22,"source":13,"value":42919},{"target":23,"source":13,"value":1371},{"target":24,"source":13,"value":3947}],"Ontario":[{"target":1,"source":0,"value":971872},{"target":2,"source":0,"value":173015},{"target":3,"source":0,"value":2200128},{"target":4,"source":0,"value":359139},{"target":5,"source":1,"value":163618},{"target":6,"source":1,"value":8413},{"target":7,"source":1,"value":799841},{"target":8,"source":2,"value":157348},{"target":9,"source":2,"value":10},{"target":10,"source":2,"value":15657},{"target":11,"source":3,"value":314321},{"target":12,"source":3,"value":1949},{"target":13,"source":3,"value":1883858},{"target":14,"source":4,"value":359139},{"target":15,"source":4,"value":0},{"target":16,"source":4,"value":0},{"target":17,"source":7,"value":741564},{"target":18,"source":7,"value":43653},{"target":19,"source":7,"value":683},{"target":20,"source":7,"value":13941},{"target":21,"source":13,"value":1818123},{"target":22,"source":13,"value":47607},{"target":23,"source":13,"value":408},{"target":24,"source":13,"value":17720}],"Manitoba":[{"target":1,"source":0,"value":29874},{"target":2,"source":0,"value":1020},{"target":3,"source":0,"value":133758},{"target":4,"source":0,"value":2151},{"target":5,"source":1,"value":5218},{"target":6,"source":1,"value":0},{"target":7,"source":1,"value":24656},{"target":8,"source":2,"value":933},{"target":9,"source":2,"value":0},{"target":10,"source":2,"value":87},{"target":11,"source":3,"value":10514},{"target":12,"source":3,"value":0},{"target":13,"source":3,"value":123244},{"target":14,"source":4,"value":2151},{"target":15,"source":4,"value":0},{"target":16,"source":4,"value":0},{"target":17,"source":7,"value":23827},{"target":18,"source":7,"value":804},{"target":19,"source":7,"value":0},{"target":20,"source":7,"value":25},{"target":21,"source":13,"value":118344},{"target":22,"source":13,"value":4684},{"target":23,"source":13,"value":0},{"target":24,"source":13,"value":216}],"Saskatchewan":[{"target":1,"source":0,"value":11940},{"target":2,"source":0,"value":485},{"target":3,"source":0,"value":43477},{"target":4,"source":0,"value":1418},{"target":5,"source":1,"value":3946},{"target":6,"source":1,"value":0},{"target":7,"source":1,"value":7994},{"target":8,"source":2,"value":454},{"target":9,"source":2,"value":0},{"target":10,"source":2,"value":31},{"target":11,"source":3,"value":9254},{"target":12,"source":3,"value":0},{"target":13,"source":3,"value":34223},{"target":14,"source":4,"value":1418},{"target":15,"source":4,"value":0},{"target":16,"source":4,"value":0},{"target":17,"source":7,"value":7716},{"target":18,"source":7,"value":252},{"target":19,"source":7,"value":0},{"target":20,"source":7,"value":26},{"target":21,"source":13,"value":32998},{"target":22,"source":13,"value":946},{"target":23,"source":13,"value":0},{"target":24,"source":13,"value":279}],"Alberta":[{"target":1,"source":0,"value":49693},{"target":2,"source":0,"value":24578},{"target":3,"source":0,"value":175662},{"target":4,"source":0,"value":66249},{"target":5,"source":1,"value":36897},{"target":6,"source":1,"value":0},{"target":7,"source":1,"value":12796},{"target":8,"source":2,"value":24122},{"target":9,"source":2,"value":0},{"target":10,"source":2,"value":456},{"target":11,"source":3,"value":120585},{"target":12,"source":3,"value":0},{"target":13,"source":3,"value":55077},{"target":14,"source":4,"value":66249},{"target":15,"source":4,"value":0},{"target":16,"source":4,"value":0},{"target":17,"source":7,"value":12606},{"target":18,"source":7,"value":139},{"target":19,"source":7,"value":0},{"target":20,"source":7,"value":51},{"target":21,"source":13,"value":54649},{"target":22,"source":13,"value":146},{"target":23,"source":13,"value":0},{"target":24,"source":13,"value":282}],"British Columbia":[{"target":1,"source":0,"value":410661},{"target":2,"source":0,"value":140442},{"target":3,"source":0,"value":1392127},{"target":4,"source":0,"value":114067},{"target":5,"source":1,"value":75036},{"target":6,"source":1,"value":77474},{"target":7,"source":1,"value":258151},{"target":8,"source":2,"value":94991},{"target":9,"source":2,"value":20997},{"target":10,"source":2,"value":24454},{"target":11,"source":3,"value":104403},{"target":12,"source":3,"value":26785},{"target":13,"source":3,"value":1260939},{"target":14,"source":4,"value":113311},{"target":15,"source":4,"value":1},{"target":16,"source":4,"value":755},{"target":17,"source":7,"value":229085},{"target":18,"source":7,"value":9512},{"target":19,"source":7,"value":4450},{"target":20,"source":7,"value":15104},{"target":21,"source":13,"value":1227456},{"target":22,"source":13,"value":17898},{"target":23,"source":13,"value":2341},{"target":24,"source":13,"value":13244}],"Yukon":[{"target":1,"source":0,"value":32760},{"target":2,"source":0,"value":4971},{"target":3,"source":0,"value":7925},{"target":4,"source":0,"value":0},{"target":5,"source":1,"value":27},{"target":6,"source":1,"value":0},{"target":7,"source":1,"value":32733},{"target":8,"source":2,"value":0},{"target":9,"source":2,"value":0},{"target":10,"source":2,"value":4971},{"target":11,"source":3,"value":12},{"target":12,"source":3,"value":0},{"target":13,"source":3,"value":7913},{"target":14,"source":4,"value":0},{"target":15,"source":4,"value":0},{"target":16,"source":4,"value":0},{"target":17,"source":7,"value":11221},{"target":18,"source":7,"value":12158},{"target":19,"source":7,"value":9281},{"target":20,"source":7,"value":73},{"target":21,"source":13,"value":5790},{"target":22,"source":13,"value":2064},{"target":23,"source":13,"value":6},{"target":24,"source":13,"value":53}],"Nunavut":[{"target":1,"source":0,"value":38},{"target":2,"source":0,"value":43},{"target":3,"source":0,"value":9},{"target":4,"source":0,"value":4},{"target":5,"source":1,"value":38},{"target":6,"source":1,"value":0},{"target":7,"source":1,"value":0},{"target":8,"source":2,"value":43},{"target":9,"source":2,"value":0},{"target":10,"source":2,"value":".."},{"target":11,"source":3,"value":9},{"target":12,"source":3,"value":0},{"target":13,"source":3,"value":0},{"target":14,"source":4,"value":4},{"target":15,"source":4,"value":0},{"target":16,"source":4,"value":".."},{"target":17,"source":7,"value":".."},{"target":18,"source":7,"value":".."},{"target":19,"source":7,"value":".."},{"target":20,"source":7,"value":0},{"target":21,"source":13,"value":".."},{"target":22,"source":13,"value":".."},{"target":23,"source":13,"value":".."},{"target":24,"source":13,"value":0}],"nodes":[{"node":0,"name":"intl"},{"node":1,"name":"USres"},{"node":2,"name":"nonUSres"},{"node":3,"name":"cdnFromUS"},{"node":4,"name":"cdnFromOther"},{"node":5,"name":"USres_air"},{"node":6,"name":"USres_marine"},{"node":7,"name":"USres_land"},{"node":8,"name":"nonUSres_air"},{"node":9,"name":"nonUSres_marine"},{"node":10,"name":"nonUSres_land"},{"node":11,"name":"cdnFromUS_air"},{"node":12,"name":"cdnFromUS_marine"},{"node":13,"name":"cdnFromUS_land"},{"node":14,"name":"cdnFromOther_air"},{"node":15,"name":"cdnFromOther_marine"},{"node":16,"name":"cdnFromOther_land"},{"node":17,"name":"USres_car"},{"node":18,"name":"USres_bus"},{"node":19,"name":"USres_train"},{"node":20,"name":"USres_other"},{"node":21,"name":"cdnFromUS_car"},{"node":22,"name":"cdnFromUS_bus"},{"node":23,"name":"cdnFromUS_train"},{"node":24,"name":"cdnFromUS_other"}]}