{"Canada":[{"target":1,"source":0,"value":2982504},{"target":2,"source":0,"value":676748},{"target":3,"source":0,"value":6276556},{"target":4,"source":0,"value":844822},{"target":5,"source":1,"value":493849},{"target":6,"source":1,"value":221168},{"target":7,"source":1,"value":2267487},{"target":8,"source":2,"value":544155},{"target":9,"source":2,"value":32204},{"target":10,"source":2,"value":100389},{"target":11,"source":3,"value":641450},{"target":12,"source":3,"value":47068},{"target":13,"source":3,"value":5588038},{"target":14,"source":4,"value":842030},{"target":15,"source":4,"value":2141},{"target":16,"source":4,"value":651},{"target":17,"source":7,"value":2057395},{"target":18,"source":7,"value":112247},{"target":19,"source":7,"value":29272},{"target":20,"source":7,"value":68573},{"target":21,"source":13,"value":5410749},{"target":22,"source":13,"value":92924},{"target":23,"source":13,"value":5167},{"target":24,"source":13,"value":79198}],"Newfoundland and Labrador":[{"target":1,"source":0,"value":4241},{"target":2,"source":0,"value":5184},{"target":3,"source":0,"value":2744},{"target":4,"source":0,"value":4023},{"target":5,"source":1,"value":3075},{"target":6,"source":1,"value":1166},{"target":7,"source":1,"value":0},{"target":8,"source":2,"value":2682},{"target":9,"source":2,"value":2502},{"target":10,"source":2,"value":0},{"target":11,"source":3,"value":2634},{"target":12,"source":3,"value":110},{"target":13,"source":3,"value":0},{"target":14,"source":4,"value":2081},{"target":15,"source":4,"value":1942},{"target":16,"source":4,"value":0},{"target":17,"source":7,"value":0},{"target":18,"source":7,"value":0},{"target":19,"source":7,"value":0},{"target":20,"source":7,"value":0},{"target":21,"source":13,"value":0},{"target":22,"source":13,"value":0},{"target":23,"source":13,"value":0},{"target":24,"source":13,"value":0}],"Prince Edward Island":[{"target":1,"source":0,"value":750},{"target":2,"source":0,"value":198},{"target":3,"source":0,"value":181},{"target":4,"source":0,"value":33},{"target":5,"source":1,"value":750},{"target":6,"source":1,"value":0},{"target":7,"source":1,"value":0},{"target":8,"source":2,"value":198},{"target":9,"source":2,"value":0},{"target":10,"source":2,"value":0},{"target":11,"source":3,"value":181},{"target":12,"source":3,"value":0},{"target":13,"source":3,"value":0},{"target":14,"source":4,"value":33},{"target":15,"source":4,"value":0},{"target":16,"source":4,"value":0},{"target":17,"source":7,"value":0},{"target":18,"source":7,"value":0},{"target":19,"source":7,"value":0},{"target":20,"source":7,"value":0},{"target":21,"source":13,"value":0},{"target":22,"source":13,"value":0},{"target":23,"source":13,"value":0},{"target":24,"source":13,"value":0}],"Nova Scotia":[{"target":1,"source":0,"value":16403},{"target":2,"source":0,"value":10174},{"target":3,"source":0,"value":6985},{"target":4,"source":0,"value":7475},{"target":5,"source":1,"value":13220},{"target":6,"source":1,"value":3183},{"target":7,"source":1,"value":0},{"target":8,"source":2,"value":9776},{"target":9,"source":2,"value":398},{"target":10,"source":2,"value":0},{"target":11,"source":3,"value":6227},{"target":12,"source":3,"value":758},{"target":13,"source":3,"value":0},{"target":14,"source":4,"value":7475},{"target":15,"source":4,"value":0},{"target":16,"source":4,"value":0},{"target":17,"source":7,"value":0},{"target":18,"source":7,"value":0},{"target":19,"source":7,"value":0},{"target":20,"source":7,"value":0},{"target":21,"source":13,"value":0},{"target":22,"source":13,"value":0},{"target":23,"source":13,"value":0},{"target":24,"source":13,"value":0}],"New Brunswick":[{"target":1,"source":0,"value":141775},{"target":2,"source":0,"value":2564},{"target":3,"source":0,"value":388167},{"target":4,"source":0,"value":138},{"target":5,"source":1,"value":872},{"target":6,"source":1,"value":20902},{"target":7,"source":1,"value":120001},{"target":8,"source":2,"value":84},{"target":9,"source":2,"value":1598},{"target":10,"source":2,"value":882},{"target":11,"source":3,"value":689},{"target":12,"source":3,"value":1267},{"target":13,"source":3,"value":386211},{"target":14,"source":4,"value":138},{"target":15,"source":4,"value":0},{"target":16,"source":4,"value":0},{"target":17,"source":7,"value":116982},{"target":18,"source":7,"value":1081},{"target":19,"source":7,"value":0},{"target":20,"source":7,"value":1938},{"target":21,"source":13,"value":380353},{"target":22,"source":13,"value":929},{"target":23,"source":13,"value":0},{"target":24,"source":13,"value":4929}],"Quebec":[{"target":1,"source":0,"value":298745},{"target":2,"source":0,"value":125810},{"target":3,"source":0,"value":925522},{"target":4,"source":0,"value":221021},{"target":5,"source":1,"value":68781},{"target":6,"source":1,"value":474},{"target":7,"source":1,"value":229490},{"target":8,"source":2,"value":106078},{"target":9,"source":2,"value":55},{"target":10,"source":2,"value":19677},{"target":11,"source":3,"value":100842},{"target":12,"source":3,"value":3733},{"target":13,"source":3,"value":820947},{"target":14,"source":4,"value":221020},{"target":15,"source":4,"value":1},{"target":16,"source":4,"value":0},{"target":17,"source":7,"value":210196},{"target":18,"source":7,"value":15109},{"target":19,"source":7,"value":2813},{"target":20,"source":7,"value":1372},{"target":21,"source":13,"value":786453},{"target":22,"source":13,"value":20650},{"target":23,"source":13,"value":1907},{"target":24,"source":13,"value":11937}],"Ontario":[{"target":1,"source":0,"value":1567854},{"target":2,"source":0,"value":253425},{"target":3,"source":0,"value":2745514},{"target":4,"source":0,"value":417115},{"target":5,"source":1,"value":203928},{"target":6,"source":1,"value":30719},{"target":7,"source":1,"value":1333207},{"target":8,"source":2,"value":230057},{"target":9,"source":2,"value":123},{"target":10,"source":2,"value":23245},{"target":11,"source":3,"value":315412},{"target":12,"source":3,"value":12653},{"target":13,"source":3,"value":2417449},{"target":14,"source":4,"value":417113},{"target":15,"source":4,"value":2},{"target":16,"source":4,"value":0},{"target":17,"source":7,"value":1249925},{"target":18,"source":7,"value":50741},{"target":19,"source":7,"value":1541},{"target":20,"source":7,"value":31000},{"target":21,"source":13,"value":2334457},{"target":22,"source":13,"value":46371},{"target":23,"source":13,"value":709},{"target":24,"source":13,"value":35912}],"Manitoba":[{"target":1,"source":0,"value":44059},{"target":2,"source":0,"value":1710},{"target":3,"source":0,"value":206114},{"target":4,"source":0,"value":2119},{"target":5,"source":1,"value":8151},{"target":6,"source":1,"value":0},{"target":7,"source":1,"value":35908},{"target":8,"source":2,"value":1518},{"target":9,"source":2,"value":0},{"target":10,"source":2,"value":192},{"target":11,"source":3,"value":9468},{"target":12,"source":3,"value":0},{"target":13,"source":3,"value":196646},{"target":14,"source":4,"value":2119},{"target":15,"source":4,"value":0},{"target":16,"source":4,"value":0},{"target":17,"source":7,"value":35291},{"target":18,"source":7,"value":482},{"target":19,"source":7,"value":0},{"target":20,"source":7,"value":135},{"target":21,"source":13,"value":193339},{"target":22,"source":13,"value":1954},{"target":23,"source":13,"value":0},{"target":24,"source":13,"value":1353}],"Saskatchewan":[{"target":1,"source":0,"value":14840},{"target":2,"source":0,"value":826},{"target":3,"source":0,"value":58411},{"target":4,"source":0,"value":1221},{"target":5,"source":1,"value":4489},{"target":6,"source":1,"value":0},{"target":7,"source":1,"value":10351},{"target":8,"source":2,"value":678},{"target":9,"source":2,"value":0},{"target":10,"source":2,"value":148},{"target":11,"source":3,"value":6505},{"target":12,"source":3,"value":0},{"target":13,"source":3,"value":51906},{"target":14,"source":4,"value":1221},{"target":15,"source":4,"value":0},{"target":16,"source":4,"value":0},{"target":17,"source":7,"value":10070},{"target":18,"source":7,"value":168},{"target":19,"source":7,"value":0},{"target":20,"source":7,"value":113},{"target":21,"source":13,"value":50097},{"target":22,"source":13,"value":256},{"target":23,"source":13,"value":0},{"target":24,"source":13,"value":1553}],"Alberta":[{"target":1,"source":0,"value":98725},{"target":2,"source":0,"value":39825},{"target":3,"source":0,"value":213121},{"target":4,"source":0,"value":60864},{"target":5,"source":1,"value":63551},{"target":6,"source":1,"value":0},{"target":7,"source":1,"value":35174},{"target":8,"source":2,"value":38102},{"target":9,"source":2,"value":0},{"target":10,"source":2,"value":1723},{"target":11,"source":3,"value":109541},{"target":12,"source":3,"value":0},{"target":13,"source":3,"value":103580},{"target":14,"source":4,"value":60864},{"target":15,"source":4,"value":0},{"target":16,"source":4,"value":0},{"target":17,"source":7,"value":33045},{"target":18,"source":7,"value":1486},{"target":19,"source":7,"value":0},{"target":20,"source":7,"value":643},{"target":21,"source":13,"value":100938},{"target":22,"source":13,"value":511},{"target":23,"source":13,"value":0},{"target":24,"source":13,"value":2131}],"British Columbia":[{"target":1,"source":0,"value":714356},{"target":2,"source":0,"value":226264},{"target":3,"source":0,"value":1712502},{"target":4,"source":0,"value":130420},{"target":5,"source":1,"value":126755},{"target":6,"source":1,"value":164422},{"target":7,"source":1,"value":423179},{"target":8,"source":2,"value":153911},{"target":9,"source":2,"value":26686},{"target":10,"source":2,"value":45667},{"target":11,"source":3,"value":89861},{"target":12,"source":3,"value":28547},{"target":13,"source":3,"value":1594094},{"target":14,"source":4,"value":129769},{"target":15,"source":4,"value":0},{"target":16,"source":4,"value":651},{"target":17,"source":7,"value":373227},{"target":18,"source":7,"value":10727},{"target":19,"source":7,"value":6308},{"target":20,"source":7,"value":32917},{"target":21,"source":13,"value":1551800},{"target":22,"source":13,"value":18509},{"target":23,"source":13,"value":2551},{"target":24,"source":13,"value":21234}],"Yukon":[{"target":1,"source":0,"value":80393},{"target":2,"source":0,"value":9842},{"target":3,"source":0,"value":17271},{"target":4,"source":0,"value":81},{"target":5,"source":1,"value":216},{"target":6,"source":1,"value":0},{"target":7,"source":1,"value":80177},{"target":8,"source":2,"value":987},{"target":9,"source":2,"value":0},{"target":10,"source":2,"value":8855},{"target":11,"source":3,"value":66},{"target":12,"source":3,"value":0},{"target":13,"source":3,"value":17205},{"target":14,"source":4,"value":81},{"target":15,"source":4,"value":0},{"target":16,"source":4,"value":0},{"target":17,"source":7,"value":28659},{"target":18,"source":7,"value":32453},{"target":19,"source":7,"value":18610},{"target":20,"source":7,"value":455},{"target":21,"source":13,"value":13312},{"target":22,"source":13,"value":3744},{"target":23,"source":13,"value":0},{"target":24,"source":13,"value":149}],"Nunavut":[{"target":1,"source":0,"value":363},{"target":2,"source":0,"value":926},{"target":3,"source":0,"value":24},{"target":4,"source":0,"value":312},{"target":5,"source":1,"value":61},{"target":6,"source":1,"value":302},{"target":7,"source":1,"value":0},{"target":8,"source":2,"value":84},{"target":9,"source":2,"value":842},{"target":10,"source":2,"value":".."},{"target":11,"source":3,"value":24},{"target":12,"source":3,"value":0},{"target":13,"source":3,"value":0},{"target":14,"source":4,"value":116},{"target":15,"source":4,"value":196},{"target":16,"source":4,"value":".."},{"target":17,"source":7,"value":".."},{"target":18,"source":7,"value":".."},{"target":19,"source":7,"value":".."},{"target":20,"source":7,"value":0},{"target":21,"source":13,"value":".."},{"target":22,"source":13,"value":".."},{"target":23,"source":13,"value":".."},{"target":24,"source":13,"value":0}],"nodes":[{"node":0,"name":"intl"},{"node":1,"name":"USres"},{"node":2,"name":"nonUSres"},{"node":3,"name":"cdnFromUS"},{"node":4,"name":"cdnFromOther"},{"node":5,"name":"USres_air"},{"node":6,"name":"USres_marine"},{"node":7,"name":"USres_land"},{"node":8,"name":"nonUSres_air"},{"node":9,"name":"nonUSres_marine"},{"node":10,"name":"nonUSres_land"},{"node":11,"name":"cdnFromUS_air"},{"node":12,"name":"cdnFromUS_marine"},{"node":13,"name":"cdnFromUS_land"},{"node":14,"name":"cdnFromOther_air"},{"node":15,"name":"cdnFromOther_marine"},{"node":16,"name":"cdnFromOther_land"},{"node":17,"name":"USres_car"},{"node":18,"name":"USres_bus"},{"node":19,"name":"USres_train"},{"node":20,"name":"USres_other"},{"node":21,"name":"cdnFromUS_car"},{"node":22,"name":"cdnFromUS_bus"},{"node":23,"name":"cdnFromUS_train"},{"node":24,"name":"cdnFromUS_other"}]}