{"Canada":[{"target":1,"source":0,"value":1510038},{"target":2,"source":0,"value":341311},{"target":3,"source":0,"value":4423256},{"target":4,"source":0,"value":614109},{"target":5,"source":1,"value":315637},{"target":6,"source":1,"value":47628},{"target":7,"source":1,"value":1146773},{"target":8,"source":2,"value":284607},{"target":9,"source":2,"value":7639},{"target":10,"source":2,"value":49065},{"target":11,"source":3,"value":633441},{"target":12,"source":3,"value":4986},{"target":13,"source":3,"value":3784829},{"target":14,"source":4,"value":613375},{"target":15,"source":4,"value":267},{"target":16,"source":4,"value":467},{"target":17,"source":7,"value":1056895},{"target":18,"source":7,"value":60115},{"target":19,"source":7,"value":5034},{"target":20,"source":7,"value":24729},{"target":21,"source":13,"value":3655766},{"target":22,"source":13,"value":97004},{"target":23,"source":13,"value":3121},{"target":24,"source":13,"value":28938}],"Newfoundland and Labrador":[{"target":1,"source":0,"value":1796},{"target":2,"source":0,"value":2238},{"target":3,"source":0,"value":1212},{"target":4,"source":0,"value":1653},{"target":5,"source":1,"value":1782},{"target":6,"source":1,"value":14},{"target":7,"source":1,"value":0},{"target":8,"source":2,"value":2000},{"target":9,"source":2,"value":238},{"target":10,"source":2,"value":0},{"target":11,"source":3,"value":1210},{"target":12,"source":3,"value":2},{"target":13,"source":3,"value":0},{"target":14,"source":4,"value":1569},{"target":15,"source":4,"value":84},{"target":16,"source":4,"value":0},{"target":17,"source":7,"value":0},{"target":18,"source":7,"value":0},{"target":19,"source":7,"value":0},{"target":20,"source":7,"value":0},{"target":21,"source":13,"value":0},{"target":22,"source":13,"value":0},{"target":23,"source":13,"value":0},{"target":24,"source":13,"value":0}],"Prince Edward Island":[{"target":1,"source":0,"value":5},{"target":2,"source":0,"value":16},{"target":3,"source":0,"value":2},{"target":4,"source":0,"value":0},{"target":5,"source":1,"value":5},{"target":6,"source":1,"value":0},{"target":7,"source":1,"value":0},{"target":8,"source":2,"value":16},{"target":9,"source":2,"value":0},{"target":10,"source":2,"value":0},{"target":11,"source":3,"value":2},{"target":12,"source":3,"value":0},{"target":13,"source":3,"value":0},{"target":14,"source":4,"value":0},{"target":15,"source":4,"value":0},{"target":16,"source":4,"value":0},{"target":17,"source":7,"value":0},{"target":18,"source":7,"value":0},{"target":19,"source":7,"value":0},{"target":20,"source":7,"value":0},{"target":21,"source":13,"value":0},{"target":22,"source":13,"value":0},{"target":23,"source":13,"value":0},{"target":24,"source":13,"value":0}],"Nova Scotia":[{"target":1,"source":0,"value":22524},{"target":2,"source":0,"value":7227},{"target":3,"source":0,"value":8567},{"target":4,"source":0,"value":4659},{"target":5,"source":1,"value":5687},{"target":6,"source":1,"value":16837},{"target":7,"source":1,"value":0},{"target":8,"source":2,"value":3540},{"target":9,"source":2,"value":3687},{"target":10,"source":2,"value":0},{"target":11,"source":3,"value":7648},{"target":12,"source":3,"value":919},{"target":13,"source":3,"value":0},{"target":14,"source":4,"value":4659},{"target":15,"source":4,"value":0},{"target":16,"source":4,"value":0},{"target":17,"source":7,"value":0},{"target":18,"source":7,"value":0},{"target":19,"source":7,"value":0},{"target":20,"source":7,"value":0},{"target":21,"source":13,"value":0},{"target":22,"source":13,"value":0},{"target":23,"source":13,"value":0},{"target":24,"source":13,"value":0}],"New Brunswick":[{"target":1,"source":0,"value":89526},{"target":2,"source":0,"value":4123},{"target":3,"source":0,"value":305725},{"target":4,"source":0,"value":114},{"target":5,"source":1,"value":571},{"target":6,"source":1,"value":24379},{"target":7,"source":1,"value":64576},{"target":8,"source":2,"value":154},{"target":9,"source":2,"value":3624},{"target":10,"source":2,"value":345},{"target":11,"source":3,"value":977},{"target":12,"source":3,"value":1614},{"target":13,"source":3,"value":303134},{"target":14,"source":4,"value":114},{"target":15,"source":4,"value":0},{"target":16,"source":4,"value":0},{"target":17,"source":7,"value":63497},{"target":18,"source":7,"value":580},{"target":19,"source":7,"value":0},{"target":20,"source":7,"value":499},{"target":21,"source":13,"value":298506},{"target":22,"source":13,"value":3249},{"target":23,"source":13,"value":0},{"target":24,"source":13,"value":1379}],"Quebec":[{"target":1,"source":0,"value":175730},{"target":2,"source":0,"value":72850},{"target":3,"source":0,"value":473408},{"target":4,"source":0,"value":139820},{"target":5,"source":1,"value":60685},{"target":6,"source":1,"value":668},{"target":7,"source":1,"value":114377},{"target":8,"source":2,"value":62050},{"target":9,"source":2,"value":58},{"target":10,"source":2,"value":10742},{"target":11,"source":3,"value":84146},{"target":12,"source":3,"value":601},{"target":13,"source":3,"value":388661},{"target":14,"source":4,"value":139637},{"target":15,"source":4,"value":183},{"target":16,"source":4,"value":0},{"target":17,"source":7,"value":103934},{"target":18,"source":7,"value":8107},{"target":19,"source":7,"value":1951},{"target":20,"source":7,"value":385},{"target":21,"source":13,"value":359803},{"target":22,"source":13,"value":24609},{"target":23,"source":13,"value":1199},{"target":24,"source":13,"value":3050}],"Ontario":[{"target":1,"source":0,"value":868428},{"target":2,"source":0,"value":155163},{"target":3,"source":0,"value":2097992},{"target":4,"source":0,"value":315181},{"target":5,"source":1,"value":152514},{"target":6,"source":1,"value":5285},{"target":7,"source":1,"value":710629},{"target":8,"source":2,"value":137105},{"target":9,"source":2,"value":11},{"target":10,"source":2,"value":18047},{"target":11,"source":3,"value":303330},{"target":12,"source":3,"value":1337},{"target":13,"source":3,"value":1793325},{"target":14,"source":4,"value":315181},{"target":15,"source":4,"value":0},{"target":16,"source":4,"value":0},{"target":17,"source":7,"value":651663},{"target":18,"source":7,"value":46223},{"target":19,"source":7,"value":605},{"target":20,"source":7,"value":12138},{"target":21,"source":13,"value":1731282},{"target":22,"source":13,"value":47061},{"target":23,"source":13,"value":392},{"target":24,"source":13,"value":14590}],"Manitoba":[{"target":1,"source":0,"value":26493},{"target":2,"source":0,"value":705},{"target":3,"source":0,"value":120747},{"target":4,"source":0,"value":1368},{"target":5,"source":1,"value":5514},{"target":6,"source":1,"value":0},{"target":7,"source":1,"value":20979},{"target":8,"source":2,"value":620},{"target":9,"source":2,"value":0},{"target":10,"source":2,"value":85},{"target":11,"source":3,"value":9885},{"target":12,"source":3,"value":0},{"target":13,"source":3,"value":110862},{"target":14,"source":4,"value":1368},{"target":15,"source":4,"value":0},{"target":16,"source":4,"value":0},{"target":17,"source":7,"value":20635},{"target":18,"source":7,"value":293},{"target":19,"source":7,"value":0},{"target":20,"source":7,"value":51},{"target":21,"source":13,"value":106236},{"target":22,"source":13,"value":4490},{"target":23,"source":13,"value":0},{"target":24,"source":13,"value":136}],"Saskatchewan":[{"target":1,"source":0,"value":13096},{"target":2,"source":0,"value":383},{"target":3,"source":0,"value":42039},{"target":4,"source":0,"value":935},{"target":5,"source":1,"value":5204},{"target":6,"source":1,"value":0},{"target":7,"source":1,"value":7892},{"target":8,"source":2,"value":330},{"target":9,"source":2,"value":0},{"target":10,"source":2,"value":53},{"target":11,"source":3,"value":10314},{"target":12,"source":3,"value":0},{"target":13,"source":3,"value":31725},{"target":14,"source":4,"value":935},{"target":15,"source":4,"value":0},{"target":16,"source":4,"value":0},{"target":17,"source":7,"value":7824},{"target":18,"source":7,"value":47},{"target":19,"source":7,"value":0},{"target":20,"source":7,"value":21},{"target":21,"source":13,"value":29642},{"target":22,"source":13,"value":1995},{"target":23,"source":13,"value":0},{"target":24,"source":13,"value":88}],"Alberta":[{"target":1,"source":0,"value":43996},{"target":2,"source":0,"value":16936},{"target":3,"source":0,"value":163815},{"target":4,"source":0,"value":47217},{"target":5,"source":1,"value":35569},{"target":6,"source":1,"value":0},{"target":7,"source":1,"value":8427},{"target":8,"source":2,"value":16648},{"target":9,"source":2,"value":0},{"target":10,"source":2,"value":288},{"target":11,"source":3,"value":120929},{"target":12,"source":3,"value":0},{"target":13,"source":3,"value":42886},{"target":14,"source":4,"value":47217},{"target":15,"source":4,"value":0},{"target":16,"source":4,"value":0},{"target":17,"source":7,"value":8374},{"target":18,"source":7,"value":33},{"target":19,"source":7,"value":0},{"target":20,"source":7,"value":20},{"target":21,"source":13,"value":42186},{"target":22,"source":13,"value":624},{"target":23,"source":13,"value":0},{"target":24,"source":13,"value":76}],"British Columbia":[{"target":1,"source":0,"value":263460},{"target":2,"source":0,"value":81486},{"target":3,"source":0,"value":1207060},{"target":4,"source":0,"value":103144},{"target":5,"source":1,"value":47972},{"target":6,"source":1,"value":445},{"target":7,"source":1,"value":215043},{"target":8,"source":2,"value":62104},{"target":9,"source":2,"value":21},{"target":10,"source":2,"value":19361},{"target":11,"source":3,"value":94880},{"target":12,"source":3,"value":513},{"target":13,"source":3,"value":1111667},{"target":14,"source":4,"value":102677},{"target":15,"source":4,"value":0},{"target":16,"source":4,"value":467},{"target":17,"source":7,"value":196123},{"target":18,"source":7,"value":4830},{"target":19,"source":7,"value":2478},{"target":20,"source":7,"value":11612},{"target":21,"source":13,"value":1085570},{"target":22,"source":13,"value":14951},{"target":23,"source":13,"value":1530},{"target":24,"source":13,"value":9616}],"Yukon":[{"target":1,"source":0,"value":4921},{"target":2,"source":0,"value":144},{"target":3,"source":0,"value":2664},{"target":4,"source":0,"value":0},{"target":5,"source":1,"value":71},{"target":6,"source":1,"value":0},{"target":7,"source":1,"value":4850},{"target":8,"source":2,"value":0},{"target":9,"source":2,"value":0},{"target":10,"source":2,"value":144},{"target":11,"source":3,"value":95},{"target":12,"source":3,"value":0},{"target":13,"source":3,"value":2569},{"target":14,"source":4,"value":0},{"target":15,"source":4,"value":0},{"target":16,"source":4,"value":0},{"target":17,"source":7,"value":4845},{"target":18,"source":7,"value":2},{"target":19,"source":7,"value":0},{"target":20,"source":7,"value":3},{"target":21,"source":13,"value":2541},{"target":22,"source":13,"value":25},{"target":23,"source":13,"value":0},{"target":24,"source":13,"value":3}],"Nunavut":[{"target":1,"source":0,"value":63},{"target":2,"source":0,"value":40},{"target":3,"source":0,"value":25},{"target":4,"source":0,"value":18},{"target":5,"source":1,"value":63},{"target":6,"source":1,"value":0},{"target":7,"source":1,"value":0},{"target":8,"source":2,"value":40},{"target":9,"source":2,"value":0},{"target":10,"source":2,"value":".."},{"target":11,"source":3,"value":25},{"target":12,"source":3,"value":0},{"target":13,"source":3,"value":0},{"target":14,"source":4,"value":18},{"target":15,"source":4,"value":0},{"target":16,"source":4,"value":".."},{"target":17,"source":7,"value":".."},{"target":18,"source":7,"value":".."},{"target":19,"source":7,"value":".."},{"target":20,"source":7,"value":0},{"target":21,"source":13,"value":".."},{"target":22,"source":13,"value":".."},{"target":23,"source":13,"value":".."},{"target":24,"source":13,"value":0}],"nodes":[{"node":0,"name":"intl"},{"node":1,"name":"USres"},{"node":2,"name":"nonUSres"},{"node":3,"name":"cdnFromUS"},{"node":4,"name":"cdnFromOther"},{"node":5,"name":"USres_air"},{"node":6,"name":"USres_marine"},{"node":7,"name":"USres_land"},{"node":8,"name":"nonUSres_air"},{"node":9,"name":"nonUSres_marine"},{"node":10,"name":"nonUSres_land"},{"node":11,"name":"cdnFromUS_air"},{"node":12,"name":"cdnFromUS_marine"},{"node":13,"name":"cdnFromUS_land"},{"node":14,"name":"cdnFromOther_air"},{"node":15,"name":"cdnFromOther_marine"},{"node":16,"name":"cdnFromOther_land"},{"node":17,"name":"USres_car"},{"node":18,"name":"USres_bus"},{"node":19,"name":"USres_train"},{"node":20,"name":"USres_other"},{"node":21,"name":"cdnFromUS_car"},{"node":22,"name":"cdnFromUS_bus"},{"node":23,"name":"cdnFromUS_train"},{"node":24,"name":"cdnFromUS_other"}]}