{"Canada":[{"target":1,"source":0,"value":2410134},{"target":2,"source":0,"value":562198},{"target":3,"source":0,"value":4522572},{"target":4,"source":0,"value":596941},{"target":5,"source":1,"value":485499},{"target":6,"source":1,"value":192204},{"target":7,"source":1,"value":1732431},{"target":8,"source":2,"value":463693},{"target":9,"source":2,"value":29858},{"target":10,"source":2,"value":68647},{"target":11,"source":3,"value":512186},{"target":12,"source":3,"value":27582},{"target":13,"source":3,"value":3982804},{"target":14,"source":4,"value":595644},{"target":15,"source":4,"value":737},{"target":16,"source":4,"value":560},{"target":17,"source":7,"value":1558283},{"target":18,"source":7,"value":102788},{"target":19,"source":7,"value":27394},{"target":20,"source":7,"value":43966},{"target":21,"source":13,"value":3839532},{"target":22,"source":13,"value":88075},{"target":23,"source":13,"value":3385},{"target":24,"source":13,"value":51812}],"Newfoundland and Labrador":[{"target":1,"source":0,"value":3119},{"target":2,"source":0,"value":2759},{"target":3,"source":0,"value":1687},{"target":4,"source":0,"value":2330},{"target":5,"source":1,"value":3061},{"target":6,"source":1,"value":58},{"target":7,"source":1,"value":0},{"target":8,"source":2,"value":2302},{"target":9,"source":2,"value":457},{"target":10,"source":2,"value":0},{"target":11,"source":3,"value":1681},{"target":12,"source":3,"value":6},{"target":13,"source":3,"value":0},{"target":14,"source":4,"value":1593},{"target":15,"source":4,"value":737},{"target":16,"source":4,"value":0},{"target":17,"source":7,"value":0},{"target":18,"source":7,"value":0},{"target":19,"source":7,"value":0},{"target":20,"source":7,"value":0},{"target":21,"source":13,"value":0},{"target":22,"source":13,"value":0},{"target":23,"source":13,"value":0},{"target":24,"source":13,"value":0}],"Prince Edward Island":[{"target":1,"source":0,"value":68},{"target":2,"source":0,"value":6},{"target":3,"source":0,"value":6},{"target":4,"source":0,"value":0},{"target":5,"source":1,"value":68},{"target":6,"source":1,"value":0},{"target":7,"source":1,"value":0},{"target":8,"source":2,"value":6},{"target":9,"source":2,"value":0},{"target":10,"source":2,"value":0},{"target":11,"source":3,"value":6},{"target":12,"source":3,"value":0},{"target":13,"source":3,"value":0},{"target":14,"source":4,"value":0},{"target":15,"source":4,"value":0},{"target":16,"source":4,"value":0},{"target":17,"source":7,"value":0},{"target":18,"source":7,"value":0},{"target":19,"source":7,"value":0},{"target":20,"source":7,"value":0},{"target":21,"source":13,"value":0},{"target":22,"source":13,"value":0},{"target":23,"source":13,"value":0},{"target":24,"source":13,"value":0}],"Nova Scotia":[{"target":1,"source":0,"value":14328},{"target":2,"source":0,"value":6933},{"target":3,"source":0,"value":6680},{"target":4,"source":0,"value":5450},{"target":5,"source":1,"value":9986},{"target":6,"source":1,"value":4342},{"target":7,"source":1,"value":0},{"target":8,"source":2,"value":6476},{"target":9,"source":2,"value":457},{"target":10,"source":2,"value":0},{"target":11,"source":3,"value":5738},{"target":12,"source":3,"value":942},{"target":13,"source":3,"value":0},{"target":14,"source":4,"value":5450},{"target":15,"source":4,"value":0},{"target":16,"source":4,"value":0},{"target":17,"source":7,"value":0},{"target":18,"source":7,"value":0},{"target":19,"source":7,"value":0},{"target":20,"source":7,"value":0},{"target":21,"source":13,"value":0},{"target":22,"source":13,"value":0},{"target":23,"source":13,"value":0},{"target":24,"source":13,"value":0}],"New Brunswick":[{"target":1,"source":0,"value":104297},{"target":2,"source":0,"value":1171},{"target":3,"source":0,"value":317773},{"target":4,"source":0,"value":98},{"target":5,"source":1,"value":649},{"target":6,"source":1,"value":15983},{"target":7,"source":1,"value":87665},{"target":8,"source":2,"value":58},{"target":9,"source":2,"value":688},{"target":10,"source":2,"value":425},{"target":11,"source":3,"value":512},{"target":12,"source":3,"value":752},{"target":13,"source":3,"value":316509},{"target":14,"source":4,"value":98},{"target":15,"source":4,"value":0},{"target":16,"source":4,"value":0},{"target":17,"source":7,"value":85812},{"target":18,"source":7,"value":693},{"target":19,"source":7,"value":0},{"target":20,"source":7,"value":1160},{"target":21,"source":13,"value":312358},{"target":22,"source":13,"value":1164},{"target":23,"source":13,"value":0},{"target":24,"source":13,"value":2987}],"Quebec":[{"target":1,"source":0,"value":211640},{"target":2,"source":0,"value":92129},{"target":3,"source":0,"value":522901},{"target":4,"source":0,"value":142268},{"target":5,"source":1,"value":68079},{"target":6,"source":1,"value":203},{"target":7,"source":1,"value":143358},{"target":8,"source":2,"value":82172},{"target":9,"source":2,"value":35},{"target":10,"source":2,"value":9922},{"target":11,"source":3,"value":64881},{"target":12,"source":3,"value":961},{"target":13,"source":3,"value":457059},{"target":14,"source":4,"value":142268},{"target":15,"source":4,"value":0},{"target":16,"source":4,"value":0},{"target":17,"source":7,"value":129614},{"target":18,"source":7,"value":10714},{"target":19,"source":7,"value":2165},{"target":20,"source":7,"value":865},{"target":21,"source":13,"value":420989},{"target":22,"source":13,"value":24079},{"target":23,"source":13,"value":1203},{"target":24,"source":13,"value":10788}],"Ontario":[{"target":1,"source":0,"value":1282199},{"target":2,"source":0,"value":227989},{"target":3,"source":0,"value":2033864},{"target":4,"source":0,"value":302372},{"target":5,"source":1,"value":212498},{"target":6,"source":1,"value":21998},{"target":7,"source":1,"value":1047703},{"target":8,"source":2,"value":210863},{"target":9,"source":2,"value":32},{"target":10,"source":2,"value":17094},{"target":11,"source":3,"value":258717},{"target":12,"source":3,"value":4983},{"target":13,"source":3,"value":1770164},{"target":14,"source":4,"value":302372},{"target":15,"source":4,"value":0},{"target":16,"source":4,"value":0},{"target":17,"source":7,"value":972700},{"target":18,"source":7,"value":53757},{"target":19,"source":7,"value":990},{"target":20,"source":7,"value":20256},{"target":21,"source":13,"value":1708363},{"target":22,"source":13,"value":41282},{"target":23,"source":13,"value":390},{"target":24,"source":13,"value":20129}],"Manitoba":[{"target":1,"source":0,"value":44990},{"target":2,"source":0,"value":1237},{"target":3,"source":0,"value":121841},{"target":4,"source":0,"value":1206},{"target":5,"source":1,"value":8817},{"target":6,"source":1,"value":0},{"target":7,"source":1,"value":36173},{"target":8,"source":2,"value":1059},{"target":9,"source":2,"value":0},{"target":10,"source":2,"value":178},{"target":11,"source":3,"value":6836},{"target":12,"source":3,"value":0},{"target":13,"source":3,"value":115005},{"target":14,"source":4,"value":1206},{"target":15,"source":4,"value":0},{"target":16,"source":4,"value":0},{"target":17,"source":7,"value":35674},{"target":18,"source":7,"value":398},{"target":19,"source":7,"value":0},{"target":20,"source":7,"value":101},{"target":21,"source":13,"value":111625},{"target":22,"source":13,"value":2203},{"target":23,"source":13,"value":0},{"target":24,"source":13,"value":1177}],"Saskatchewan":[{"target":1,"source":0,"value":17200},{"target":2,"source":0,"value":647},{"target":3,"source":0,"value":35619},{"target":4,"source":0,"value":701},{"target":5,"source":1,"value":5265},{"target":6,"source":1,"value":0},{"target":7,"source":1,"value":11935},{"target":8,"source":2,"value":566},{"target":9,"source":2,"value":0},{"target":10,"source":2,"value":81},{"target":11,"source":3,"value":4720},{"target":12,"source":3,"value":0},{"target":13,"source":3,"value":30899},{"target":14,"source":4,"value":701},{"target":15,"source":4,"value":0},{"target":16,"source":4,"value":0},{"target":17,"source":7,"value":11753},{"target":18,"source":7,"value":60},{"target":19,"source":7,"value":0},{"target":20,"source":7,"value":122},{"target":21,"source":13,"value":29873},{"target":22,"source":13,"value":461},{"target":23,"source":13,"value":0},{"target":24,"source":13,"value":565}],"Alberta":[{"target":1,"source":0,"value":83178},{"target":2,"source":0,"value":35363},{"target":3,"source":0,"value":140032},{"target":4,"source":0,"value":45287},{"target":5,"source":1,"value":55666},{"target":6,"source":1,"value":0},{"target":7,"source":1,"value":27512},{"target":8,"source":2,"value":34030},{"target":9,"source":2,"value":0},{"target":10,"source":2,"value":1333},{"target":11,"source":3,"value":88760},{"target":12,"source":3,"value":0},{"target":13,"source":3,"value":51272},{"target":14,"source":4,"value":45287},{"target":15,"source":4,"value":0},{"target":16,"source":4,"value":0},{"target":17,"source":7,"value":26282},{"target":18,"source":7,"value":960},{"target":19,"source":7,"value":0},{"target":20,"source":7,"value":270},{"target":21,"source":13,"value":49991},{"target":22,"source":13,"value":417},{"target":23,"source":13,"value":0},{"target":24,"source":13,"value":864}],"British Columbia":[{"target":1,"source":0,"value":579900},{"target":2,"source":0,"value":184612},{"target":3,"source":0,"value":1328203},{"target":4,"source":0,"value":97116},{"target":5,"source":1,"value":121226},{"target":6,"source":1,"value":149618},{"target":7,"source":1,"value":309056},{"target":8,"source":2,"value":125022},{"target":9,"source":2,"value":28189},{"target":10,"source":2,"value":31401},{"target":11,"source":3,"value":80251},{"target":12,"source":3,"value":19938},{"target":13,"source":3,"value":1228014},{"target":14,"source":4,"value":96556},{"target":15,"source":4,"value":0},{"target":16,"source":4,"value":560},{"target":17,"source":7,"value":272781},{"target":18,"source":7,"value":9773},{"target":19,"source":7,"value":5795},{"target":20,"source":7,"value":20707},{"target":21,"source":13,"value":1196070},{"target":22,"source":13,"value":15040},{"target":23,"source":13,"value":1792},{"target":24,"source":13,"value":15112}],"Yukon":[{"target":1,"source":0,"value":69128},{"target":2,"source":0,"value":9233},{"target":3,"source":0,"value":13942},{"target":4,"source":0,"value":77},{"target":5,"source":1,"value":97},{"target":6,"source":1,"value":2},{"target":7,"source":1,"value":69029},{"target":8,"source":2,"value":1020},{"target":9,"source":2,"value":0},{"target":10,"source":2,"value":8213},{"target":11,"source":3,"value":60},{"target":12,"source":3,"value":0},{"target":13,"source":3,"value":13882},{"target":14,"source":4,"value":77},{"target":15,"source":4,"value":0},{"target":16,"source":4,"value":0},{"target":17,"source":7,"value":23667},{"target":18,"source":7,"value":26433},{"target":19,"source":7,"value":18444},{"target":20,"source":7,"value":485},{"target":21,"source":13,"value":10263},{"target":22,"source":13,"value":3429},{"target":23,"source":13,"value":0},{"target":24,"source":13,"value":190}],"Nunavut":[{"target":1,"source":0,"value":87},{"target":2,"source":0,"value":119},{"target":3,"source":0,"value":24},{"target":4,"source":0,"value":36},{"target":5,"source":1,"value":87},{"target":6,"source":1,"value":0},{"target":7,"source":1,"value":0},{"target":8,"source":2,"value":119},{"target":9,"source":2,"value":0},{"target":10,"source":2,"value":".."},{"target":11,"source":3,"value":24},{"target":12,"source":3,"value":0},{"target":13,"source":3,"value":0},{"target":14,"source":4,"value":36},{"target":15,"source":4,"value":0},{"target":16,"source":4,"value":".."},{"target":17,"source":7,"value":".."},{"target":18,"source":7,"value":".."},{"target":19,"source":7,"value":".."},{"target":20,"source":7,"value":0},{"target":21,"source":13,"value":".."},{"target":22,"source":13,"value":".."},{"target":23,"source":13,"value":".."},{"target":24,"source":13,"value":0}],"nodes":[{"node":0,"name":"intl"},{"node":1,"name":"USres"},{"node":2,"name":"nonUSres"},{"node":3,"name":"cdnFromUS"},{"node":4,"name":"cdnFromOther"},{"node":5,"name":"USres_air"},{"node":6,"name":"USres_marine"},{"node":7,"name":"USres_land"},{"node":8,"name":"nonUSres_air"},{"node":9,"name":"nonUSres_marine"},{"node":10,"name":"nonUSres_land"},{"node":11,"name":"cdnFromUS_air"},{"node":12,"name":"cdnFromUS_marine"},{"node":13,"name":"cdnFromUS_land"},{"node":14,"name":"cdnFromOther_air"},{"node":15,"name":"cdnFromOther_marine"},{"node":16,"name":"cdnFromOther_land"},{"node":17,"name":"USres_car"},{"node":18,"name":"USres_bus"},{"node":19,"name":"USres_train"},{"node":20,"name":"USres_other"},{"node":21,"name":"cdnFromUS_car"},{"node":22,"name":"cdnFromUS_bus"},{"node":23,"name":"cdnFromUS_train"},{"node":24,"name":"cdnFromUS_other"}]}