{"Canada":[{"target":1,"source":0,"value":1315563},{"target":2,"source":0,"value":323636},{"target":3,"source":0,"value":4226369},{"target":4,"source":0,"value":758324},{"target":5,"source":1,"value":293521},{"target":6,"source":1,"value":478},{"target":7,"source":1,"value":1021564},{"target":8,"source":2,"value":292351},{"target":9,"source":2,"value":501},{"target":10,"source":2,"value":30784},{"target":11,"source":3,"value":654290},{"target":12,"source":3,"value":171},{"target":13,"source":3,"value":3571908},{"target":14,"source":4,"value":757788},{"target":15,"source":4,"value":5},{"target":16,"source":4,"value":531},{"target":17,"source":7,"value":947649},{"target":18,"source":7,"value":52958},{"target":19,"source":7,"value":4698},{"target":20,"source":7,"value":16259},{"target":21,"source":13,"value":3475639},{"target":22,"source":13,"value":78257},{"target":23,"source":13,"value":3379},{"target":24,"source":13,"value":14633}],"Newfoundland and Labrador":[{"target":1,"source":0,"value":1275},{"target":2,"source":0,"value":1480},{"target":3,"source":0,"value":1185},{"target":4,"source":0,"value":289},{"target":5,"source":1,"value":1275},{"target":6,"source":1,"value":0},{"target":7,"source":1,"value":0},{"target":8,"source":2,"value":1354},{"target":9,"source":2,"value":126},{"target":10,"source":2,"value":0},{"target":11,"source":3,"value":1185},{"target":12,"source":3,"value":0},{"target":13,"source":3,"value":0},{"target":14,"source":4,"value":284},{"target":15,"source":4,"value":5},{"target":16,"source":4,"value":0},{"target":17,"source":7,"value":0},{"target":18,"source":7,"value":0},{"target":19,"source":7,"value":0},{"target":20,"source":7,"value":0},{"target":21,"source":13,"value":0},{"target":22,"source":13,"value":0},{"target":23,"source":13,"value":0},{"target":24,"source":13,"value":0}],"Prince Edward Island":[{"target":1,"source":0,"value":6},{"target":2,"source":0,"value":0},{"target":3,"source":0,"value":5},{"target":4,"source":0,"value":0},{"target":5,"source":1,"value":6},{"target":6,"source":1,"value":0},{"target":7,"source":1,"value":0},{"target":8,"source":2,"value":0},{"target":9,"source":2,"value":0},{"target":10,"source":2,"value":0},{"target":11,"source":3,"value":5},{"target":12,"source":3,"value":0},{"target":13,"source":3,"value":0},{"target":14,"source":4,"value":0},{"target":15,"source":4,"value":0},{"target":16,"source":4,"value":0},{"target":17,"source":7,"value":0},{"target":18,"source":7,"value":0},{"target":19,"source":7,"value":0},{"target":20,"source":7,"value":0},{"target":21,"source":13,"value":0},{"target":22,"source":13,"value":0},{"target":23,"source":13,"value":0},{"target":24,"source":13,"value":0}],"Nova Scotia":[{"target":1,"source":0,"value":3744},{"target":2,"source":0,"value":2221},{"target":3,"source":0,"value":7865},{"target":4,"source":0,"value":3457},{"target":5,"source":1,"value":3744},{"target":6,"source":1,"value":0},{"target":7,"source":1,"value":0},{"target":8,"source":2,"value":2210},{"target":9,"source":2,"value":11},{"target":10,"source":2,"value":0},{"target":11,"source":3,"value":7865},{"target":12,"source":3,"value":0},{"target":13,"source":3,"value":0},{"target":14,"source":4,"value":3457},{"target":15,"source":4,"value":0},{"target":16,"source":4,"value":0},{"target":17,"source":7,"value":0},{"target":18,"source":7,"value":0},{"target":19,"source":7,"value":0},{"target":20,"source":7,"value":0},{"target":21,"source":13,"value":0},{"target":22,"source":13,"value":0},{"target":23,"source":13,"value":0},{"target":24,"source":13,"value":0}],"New Brunswick":[{"target":1,"source":0,"value":45766},{"target":2,"source":0,"value":141},{"target":3,"source":0,"value":272169},{"target":4,"source":0,"value":684},{"target":5,"source":1,"value":250},{"target":6,"source":1,"value":0},{"target":7,"source":1,"value":45516},{"target":8,"source":2,"value":66},{"target":9,"source":2,"value":4},{"target":10,"source":2,"value":71},{"target":11,"source":3,"value":866},{"target":12,"source":3,"value":3},{"target":13,"source":3,"value":271300},{"target":14,"source":4,"value":684},{"target":15,"source":4,"value":0},{"target":16,"source":4,"value":0},{"target":17,"source":7,"value":45307},{"target":18,"source":7,"value":9},{"target":19,"source":7,"value":0},{"target":20,"source":7,"value":200},{"target":21,"source":13,"value":268723},{"target":22,"source":13,"value":1916},{"target":23,"source":13,"value":0},{"target":24,"source":13,"value":661}],"Quebec":[{"target":1,"source":0,"value":147988},{"target":2,"source":0,"value":61056},{"target":3,"source":0,"value":376336},{"target":4,"source":0,"value":167930},{"target":5,"source":1,"value":45266},{"target":6,"source":1,"value":0},{"target":7,"source":1,"value":102722},{"target":8,"source":2,"value":57455},{"target":9,"source":2,"value":15},{"target":10,"source":2,"value":3586},{"target":11,"source":3,"value":88780},{"target":12,"source":3,"value":0},{"target":13,"source":3,"value":287556},{"target":14,"source":4,"value":167930},{"target":15,"source":4,"value":0},{"target":16,"source":4,"value":0},{"target":17,"source":7,"value":94329},{"target":18,"source":7,"value":6721},{"target":19,"source":7,"value":1590},{"target":20,"source":7,"value":82},{"target":21,"source":13,"value":268734},{"target":22,"source":13,"value":17219},{"target":23,"source":13,"value":1349},{"target":24,"source":13,"value":254}],"Ontario":[{"target":1,"source":0,"value":747928},{"target":2,"source":0,"value":143729},{"target":3,"source":0,"value":2050845},{"target":4,"source":0,"value":359635},{"target":5,"source":1,"value":148965},{"target":6,"source":1,"value":211},{"target":7,"source":1,"value":598752},{"target":8,"source":2,"value":136509},{"target":9,"source":2,"value":0},{"target":10,"source":2,"value":7220},{"target":11,"source":3,"value":314899},{"target":12,"source":3,"value":10},{"target":13,"source":3,"value":1735936},{"target":14,"source":4,"value":359635},{"target":15,"source":4,"value":0},{"target":16,"source":4,"value":0},{"target":17,"source":7,"value":552541},{"target":18,"source":7,"value":41232},{"target":19,"source":7,"value":473},{"target":20,"source":7,"value":4506},{"target":21,"source":13,"value":1689457},{"target":22,"source":13,"value":41084},{"target":23,"source":13,"value":436},{"target":24,"source":13,"value":4959}],"Manitoba":[{"target":1,"source":0,"value":21724},{"target":2,"source":0,"value":952},{"target":3,"source":0,"value":107215},{"target":4,"source":0,"value":10321},{"target":5,"source":1,"value":4949},{"target":6,"source":1,"value":0},{"target":7,"source":1,"value":16775},{"target":8,"source":2,"value":874},{"target":9,"source":2,"value":0},{"target":10,"source":2,"value":78},{"target":11,"source":3,"value":12226},{"target":12,"source":3,"value":0},{"target":13,"source":3,"value":94989},{"target":14,"source":4,"value":10321},{"target":15,"source":4,"value":0},{"target":16,"source":4,"value":0},{"target":17,"source":7,"value":16535},{"target":18,"source":7,"value":206},{"target":19,"source":7,"value":0},{"target":20,"source":7,"value":34},{"target":21,"source":13,"value":92357},{"target":22,"source":13,"value":2617},{"target":23,"source":13,"value":0},{"target":24,"source":13,"value":15}],"Saskatchewan":[{"target":1,"source":0,"value":7372},{"target":2,"source":0,"value":272},{"target":3,"source":0,"value":40783},{"target":4,"source":0,"value":10737},{"target":5,"source":1,"value":2583},{"target":6,"source":1,"value":0},{"target":7,"source":1,"value":4789},{"target":8,"source":2,"value":261},{"target":9,"source":2,"value":0},{"target":10,"source":2,"value":11},{"target":11,"source":3,"value":13147},{"target":12,"source":3,"value":0},{"target":13,"source":3,"value":27636},{"target":14,"source":4,"value":10737},{"target":15,"source":4,"value":0},{"target":16,"source":4,"value":0},{"target":17,"source":7,"value":4719},{"target":18,"source":7,"value":53},{"target":19,"source":7,"value":0},{"target":20,"source":7,"value":17},{"target":21,"source":13,"value":26896},{"target":22,"source":13,"value":713},{"target":23,"source":13,"value":0},{"target":24,"source":13,"value":27}],"Alberta":[{"target":1,"source":0,"value":41276},{"target":2,"source":0,"value":18654},{"target":3,"source":0,"value":156499},{"target":4,"source":0,"value":83267},{"target":5,"source":1,"value":33717},{"target":6,"source":1,"value":0},{"target":7,"source":1,"value":7559},{"target":8,"source":2,"value":18611},{"target":9,"source":2,"value":0},{"target":10,"source":2,"value":43},{"target":11,"source":3,"value":118972},{"target":12,"source":3,"value":0},{"target":13,"source":3,"value":37527},{"target":14,"source":4,"value":83267},{"target":15,"source":4,"value":0},{"target":16,"source":4,"value":0},{"target":17,"source":7,"value":7393},{"target":18,"source":7,"value":151},{"target":19,"source":7,"value":0},{"target":20,"source":7,"value":15},{"target":21,"source":13,"value":37144},{"target":22,"source":13,"value":345},{"target":23,"source":13,"value":0},{"target":24,"source":13,"value":38}],"British Columbia":[{"target":1,"source":0,"value":296711},{"target":2,"source":0,"value":95092},{"target":3,"source":0,"value":1212660},{"target":4,"source":0,"value":121987},{"target":5,"source":1,"value":52732},{"target":6,"source":1,"value":267},{"target":7,"source":1,"value":243712},{"target":8,"source":2,"value":74991},{"target":9,"source":2,"value":345},{"target":10,"source":2,"value":19756},{"target":11,"source":3,"value":96334},{"target":12,"source":3,"value":158},{"target":13,"source":3,"value":1116168},{"target":14,"source":4,"value":121456},{"target":15,"source":4,"value":0},{"target":16,"source":4,"value":531},{"target":17,"source":7,"value":225088},{"target":18,"source":7,"value":4586},{"target":19,"source":7,"value":2635},{"target":20,"source":7,"value":11403},{"target":21,"source":13,"value":1091532},{"target":22,"source":13,"value":14363},{"target":23,"source":13,"value":1594},{"target":24,"source":13,"value":8679}],"Yukon":[{"target":1,"source":0,"value":1746},{"target":2,"source":0,"value":19},{"target":3,"source":0,"value":800},{"target":4,"source":0,"value":0},{"target":5,"source":1,"value":7},{"target":6,"source":1,"value":0},{"target":7,"source":1,"value":1739},{"target":8,"source":2,"value":0},{"target":9,"source":2,"value":0},{"target":10,"source":2,"value":19},{"target":11,"source":3,"value":4},{"target":12,"source":3,"value":0},{"target":13,"source":3,"value":796},{"target":14,"source":4,"value":0},{"target":15,"source":4,"value":0},{"target":16,"source":4,"value":0},{"target":17,"source":7,"value":1737},{"target":18,"source":7,"value":0},{"target":19,"source":7,"value":0},{"target":20,"source":7,"value":2},{"target":21,"source":13,"value":796},{"target":22,"source":13,"value":0},{"target":23,"source":13,"value":0},{"target":24,"source":13,"value":0}],"Nunavut":[{"target":1,"source":0,"value":27},{"target":2,"source":0,"value":20},{"target":3,"source":0,"value":7},{"target":4,"source":0,"value":17},{"target":5,"source":1,"value":27},{"target":6,"source":1,"value":0},{"target":7,"source":1,"value":0},{"target":8,"source":2,"value":20},{"target":9,"source":2,"value":0},{"target":10,"source":2,"value":".."},{"target":11,"source":3,"value":7},{"target":12,"source":3,"value":0},{"target":13,"source":3,"value":0},{"target":14,"source":4,"value":17},{"target":15,"source":4,"value":0},{"target":16,"source":4,"value":".."},{"target":17,"source":7,"value":".."},{"target":18,"source":7,"value":".."},{"target":19,"source":7,"value":".."},{"target":20,"source":7,"value":0},{"target":21,"source":13,"value":".."},{"target":22,"source":13,"value":".."},{"target":23,"source":13,"value":".."},{"target":24,"source":13,"value":0}],"nodes":[{"node":0,"name":"intl"},{"node":1,"name":"USres"},{"node":2,"name":"nonUSres"},{"node":3,"name":"cdnFromUS"},{"node":4,"name":"cdnFromOther"},{"node":5,"name":"USres_air"},{"node":6,"name":"USres_marine"},{"node":7,"name":"USres_land"},{"node":8,"name":"nonUSres_air"},{"node":9,"name":"nonUSres_marine"},{"node":10,"name":"nonUSres_land"},{"node":11,"name":"cdnFromUS_air"},{"node":12,"name":"cdnFromUS_marine"},{"node":13,"name":"cdnFromUS_land"},{"node":14,"name":"cdnFromOther_air"},{"node":15,"name":"cdnFromOther_marine"},{"node":16,"name":"cdnFromOther_land"},{"node":17,"name":"USres_car"},{"node":18,"name":"USres_bus"},{"node":19,"name":"USres_train"},{"node":20,"name":"USres_other"},{"node":21,"name":"cdnFromUS_car"},{"node":22,"name":"cdnFromUS_bus"},{"node":23,"name":"cdnFromUS_train"},{"node":24,"name":"cdnFromUS_other"}]}