{"Canada":[{"target":1,"source":0,"value":1242520},{"target":2,"source":0,"value":261250},{"target":3,"source":0,"value":5112463},{"target":4,"source":0,"value":1141298},{"target":5,"source":1,"value":248748},{"target":6,"source":1,"value":372},{"target":7,"source":1,"value":993400},{"target":8,"source":2,"value":229315},{"target":9,"source":2,"value":166},{"target":10,"source":2,"value":31769},{"target":11,"source":3,"value":912066},{"target":12,"source":3,"value":528},{"target":13,"source":3,"value":4199869},{"target":14,"source":4,"value":1140221},{"target":15,"source":4,"value":3},{"target":16,"source":4,"value":1074},{"target":17,"source":7,"value":919140},{"target":18,"source":7,"value":52321},{"target":19,"source":7,"value":4532},{"target":20,"source":7,"value":17407},{"target":21,"source":13,"value":4095368},{"target":22,"source":13,"value":84371},{"target":23,"source":13,"value":4079},{"target":24,"source":13,"value":16051}],"Newfoundland and Labrador":[{"target":1,"source":0,"value":1134},{"target":2,"source":0,"value":1174},{"target":3,"source":0,"value":2320},{"target":4,"source":0,"value":4074},{"target":5,"source":1,"value":1134},{"target":6,"source":1,"value":0},{"target":7,"source":1,"value":0},{"target":8,"source":2,"value":1056},{"target":9,"source":2,"value":118},{"target":10,"source":2,"value":0},{"target":11,"source":3,"value":2320},{"target":12,"source":3,"value":0},{"target":13,"source":3,"value":0},{"target":14,"source":4,"value":4073},{"target":15,"source":4,"value":1},{"target":16,"source":4,"value":0},{"target":17,"source":7,"value":0},{"target":18,"source":7,"value":0},{"target":19,"source":7,"value":0},{"target":20,"source":7,"value":0},{"target":21,"source":13,"value":0},{"target":22,"source":13,"value":0},{"target":23,"source":13,"value":0},{"target":24,"source":13,"value":0}],"Prince Edward Island":[{"target":1,"source":0,"value":12},{"target":2,"source":0,"value":0},{"target":3,"source":0,"value":15},{"target":4,"source":0,"value":672},{"target":5,"source":1,"value":12},{"target":6,"source":1,"value":0},{"target":7,"source":1,"value":0},{"target":8,"source":2,"value":0},{"target":9,"source":2,"value":0},{"target":10,"source":2,"value":0},{"target":11,"source":3,"value":15},{"target":12,"source":3,"value":0},{"target":13,"source":3,"value":0},{"target":14,"source":4,"value":672},{"target":15,"source":4,"value":0},{"target":16,"source":4,"value":0},{"target":17,"source":7,"value":0},{"target":18,"source":7,"value":0},{"target":19,"source":7,"value":0},{"target":20,"source":7,"value":0},{"target":21,"source":13,"value":0},{"target":22,"source":13,"value":0},{"target":23,"source":13,"value":0},{"target":24,"source":13,"value":0}],"Nova Scotia":[{"target":1,"source":0,"value":2234},{"target":2,"source":0,"value":1894},{"target":3,"source":0,"value":20181},{"target":4,"source":0,"value":35193},{"target":5,"source":1,"value":2234},{"target":6,"source":1,"value":0},{"target":7,"source":1,"value":0},{"target":8,"source":2,"value":1884},{"target":9,"source":2,"value":10},{"target":10,"source":2,"value":0},{"target":11,"source":3,"value":20178},{"target":12,"source":3,"value":3},{"target":13,"source":3,"value":0},{"target":14,"source":4,"value":35193},{"target":15,"source":4,"value":0},{"target":16,"source":4,"value":0},{"target":17,"source":7,"value":0},{"target":18,"source":7,"value":0},{"target":19,"source":7,"value":0},{"target":20,"source":7,"value":0},{"target":21,"source":13,"value":0},{"target":22,"source":13,"value":0},{"target":23,"source":13,"value":0},{"target":24,"source":13,"value":0}],"New Brunswick":[{"target":1,"source":0,"value":49737},{"target":2,"source":0,"value":81},{"target":3,"source":0,"value":319294},{"target":4,"source":0,"value":8046},{"target":5,"source":1,"value":202},{"target":6,"source":1,"value":0},{"target":7,"source":1,"value":49535},{"target":8,"source":2,"value":19},{"target":9,"source":2,"value":4},{"target":10,"source":2,"value":58},{"target":11,"source":3,"value":1217},{"target":12,"source":3,"value":5},{"target":13,"source":3,"value":318072},{"target":14,"source":4,"value":8046},{"target":15,"source":4,"value":0},{"target":16,"source":4,"value":0},{"target":17,"source":7,"value":48600},{"target":18,"source":7,"value":611},{"target":19,"source":7,"value":0},{"target":20,"source":7,"value":324},{"target":21,"source":13,"value":314920},{"target":22,"source":13,"value":2157},{"target":23,"source":13,"value":0},{"target":24,"source":13,"value":995}],"Quebec":[{"target":1,"source":0,"value":135690},{"target":2,"source":0,"value":48484},{"target":3,"source":0,"value":524505},{"target":4,"source":0,"value":277359},{"target":5,"source":1,"value":37462},{"target":6,"source":1,"value":0},{"target":7,"source":1,"value":98228},{"target":8,"source":2,"value":44394},{"target":9,"source":2,"value":20},{"target":10,"source":2,"value":4070},{"target":11,"source":3,"value":137208},{"target":12,"source":3,"value":0},{"target":13,"source":3,"value":387297},{"target":14,"source":4,"value":277359},{"target":15,"source":4,"value":0},{"target":16,"source":4,"value":0},{"target":17,"source":7,"value":87282},{"target":18,"source":7,"value":8682},{"target":19,"source":7,"value":2022},{"target":20,"source":7,"value":242},{"target":21,"source":13,"value":361228},{"target":22,"source":13,"value":23756},{"target":23,"source":13,"value":1869},{"target":24,"source":13,"value":444}],"Ontario":[{"target":1,"source":0,"value":712052},{"target":2,"source":0,"value":111006},{"target":3,"source":0,"value":2467270},{"target":4,"source":0,"value":526404},{"target":5,"source":1,"value":125679},{"target":6,"source":1,"value":82},{"target":7,"source":1,"value":586291},{"target":8,"source":2,"value":102691},{"target":9,"source":2,"value":0},{"target":10,"source":2,"value":8315},{"target":11,"source":3,"value":422379},{"target":12,"source":3,"value":4},{"target":13,"source":3,"value":2044887},{"target":14,"source":4,"value":526404},{"target":15,"source":4,"value":0},{"target":16,"source":4,"value":0},{"target":17,"source":7,"value":541385},{"target":18,"source":7,"value":37459},{"target":19,"source":7,"value":517},{"target":20,"source":7,"value":6930},{"target":21,"source":13,"value":1999278},{"target":22,"source":13,"value":39738},{"target":23,"source":13,"value":408},{"target":24,"source":13,"value":5463}],"Manitoba":[{"target":1,"source":0,"value":22073},{"target":2,"source":0,"value":606},{"target":3,"source":0,"value":150255},{"target":4,"source":0,"value":25553},{"target":5,"source":1,"value":3667},{"target":6,"source":1,"value":0},{"target":7,"source":1,"value":18406},{"target":8,"source":2,"value":573},{"target":9,"source":2,"value":0},{"target":10,"source":2,"value":33},{"target":11,"source":3,"value":19382},{"target":12,"source":3,"value":0},{"target":13,"source":3,"value":130873},{"target":14,"source":4,"value":25553},{"target":15,"source":4,"value":0},{"target":16,"source":4,"value":0},{"target":17,"source":7,"value":17854},{"target":18,"source":7,"value":543},{"target":19,"source":7,"value":0},{"target":20,"source":7,"value":9},{"target":21,"source":13,"value":127195},{"target":22,"source":13,"value":3561},{"target":23,"source":13,"value":0},{"target":24,"source":13,"value":117}],"Saskatchewan":[{"target":1,"source":0,"value":6444},{"target":2,"source":0,"value":292},{"target":3,"source":0,"value":40606},{"target":4,"source":0,"value":15913},{"target":5,"source":1,"value":2348},{"target":6,"source":1,"value":0},{"target":7,"source":1,"value":4096},{"target":8,"source":2,"value":274},{"target":9,"source":2,"value":0},{"target":10,"source":2,"value":18},{"target":11,"source":3,"value":15767},{"target":12,"source":3,"value":0},{"target":13,"source":3,"value":24839},{"target":14,"source":4,"value":15913},{"target":15,"source":4,"value":0},{"target":16,"source":4,"value":0},{"target":17,"source":7,"value":4071},{"target":18,"source":7,"value":0},{"target":19,"source":7,"value":0},{"target":20,"source":7,"value":25},{"target":21,"source":13,"value":24232},{"target":22,"source":13,"value":566},{"target":23,"source":13,"value":0},{"target":24,"source":13,"value":41}],"Alberta":[{"target":1,"source":0,"value":37199},{"target":2,"source":0,"value":17020},{"target":3,"source":0,"value":204189},{"target":4,"source":0,"value":102685},{"target":5,"source":1,"value":30430},{"target":6,"source":1,"value":0},{"target":7,"source":1,"value":6769},{"target":8,"source":2,"value":16911},{"target":9,"source":2,"value":0},{"target":10,"source":2,"value":109},{"target":11,"source":3,"value":149145},{"target":12,"source":3,"value":0},{"target":13,"source":3,"value":55044},{"target":14,"source":4,"value":102685},{"target":15,"source":4,"value":0},{"target":16,"source":4,"value":0},{"target":17,"source":7,"value":6656},{"target":18,"source":7,"value":88},{"target":19,"source":7,"value":0},{"target":20,"source":7,"value":25},{"target":21,"source":13,"value":54411},{"target":22,"source":13,"value":561},{"target":23,"source":13,"value":0},{"target":24,"source":13,"value":72}],"British Columbia":[{"target":1,"source":0,"value":272773},{"target":2,"source":0,"value":80533},{"target":3,"source":0,"value":1380778},{"target":4,"source":0,"value":145391},{"target":5,"source":1,"value":45510},{"target":6,"source":1,"value":290},{"target":7,"source":1,"value":226973},{"target":8,"source":2,"value":61489},{"target":9,"source":2,"value":14},{"target":10,"source":2,"value":19030},{"target":11,"source":3,"value":144372},{"target":12,"source":3,"value":516},{"target":13,"source":3,"value":1235890},{"target":14,"source":4,"value":144315},{"target":15,"source":4,"value":2},{"target":16,"source":4,"value":1074},{"target":17,"source":7,"value":210324},{"target":18,"source":7,"value":4921},{"target":19,"source":7,"value":1993},{"target":20,"source":7,"value":9735},{"target":21,"source":13,"value":1211137},{"target":22,"source":13,"value":14032},{"target":23,"source":13,"value":1802},{"target":24,"source":13,"value":8919}],"Yukon":[{"target":1,"source":0,"value":3141},{"target":2,"source":0,"value":136},{"target":3,"source":0,"value":3020},{"target":4,"source":0,"value":0},{"target":5,"source":1,"value":39},{"target":6,"source":1,"value":0},{"target":7,"source":1,"value":3102},{"target":8,"source":2,"value":0},{"target":9,"source":2,"value":0},{"target":10,"source":2,"value":136},{"target":11,"source":3,"value":53},{"target":12,"source":3,"value":0},{"target":13,"source":3,"value":2967},{"target":14,"source":4,"value":0},{"target":15,"source":4,"value":0},{"target":16,"source":4,"value":0},{"target":17,"source":7,"value":2968},{"target":18,"source":7,"value":17},{"target":19,"source":7,"value":0},{"target":20,"source":7,"value":117},{"target":21,"source":13,"value":2967},{"target":22,"source":13,"value":0},{"target":23,"source":13,"value":0},{"target":24,"source":13,"value":0}],"Nunavut":[{"target":1,"source":0,"value":31},{"target":2,"source":0,"value":24},{"target":3,"source":0,"value":30},{"target":4,"source":0,"value":8},{"target":5,"source":1,"value":31},{"target":6,"source":1,"value":0},{"target":7,"source":1,"value":0},{"target":8,"source":2,"value":24},{"target":9,"source":2,"value":0},{"target":10,"source":2,"value":".."},{"target":11,"source":3,"value":30},{"target":12,"source":3,"value":0},{"target":13,"source":3,"value":0},{"target":14,"source":4,"value":8},{"target":15,"source":4,"value":0},{"target":16,"source":4,"value":".."},{"target":17,"source":7,"value":".."},{"target":18,"source":7,"value":".."},{"target":19,"source":7,"value":".."},{"target":20,"source":7,"value":0},{"target":21,"source":13,"value":".."},{"target":22,"source":13,"value":".."},{"target":23,"source":13,"value":".."},{"target":24,"source":13,"value":0}],"nodes":[{"node":0,"name":"intl"},{"node":1,"name":"USres"},{"node":2,"name":"nonUSres"},{"node":3,"name":"cdnFromUS"},{"node":4,"name":"cdnFromOther"},{"node":5,"name":"USres_air"},{"node":6,"name":"USres_marine"},{"node":7,"name":"USres_land"},{"node":8,"name":"nonUSres_air"},{"node":9,"name":"nonUSres_marine"},{"node":10,"name":"nonUSres_land"},{"node":11,"name":"cdnFromUS_air"},{"node":12,"name":"cdnFromUS_marine"},{"node":13,"name":"cdnFromUS_land"},{"node":14,"name":"cdnFromOther_air"},{"node":15,"name":"cdnFromOther_marine"},{"node":16,"name":"cdnFromOther_land"},{"node":17,"name":"USres_car"},{"node":18,"name":"USres_bus"},{"node":19,"name":"USres_train"},{"node":20,"name":"USres_other"},{"node":21,"name":"cdnFromUS_car"},{"node":22,"name":"cdnFromUS_bus"},{"node":23,"name":"cdnFromUS_train"},{"node":24,"name":"cdnFromUS_other"}]}