{"Canada":[{"target":1,"source":0,"value":1869616},{"target":2,"source":0,"value":534930},{"target":3,"source":0,"value":4647280},{"target":4,"source":0,"value":677774},{"target":5,"source":1,"value":384289},{"target":6,"source":1,"value":155837},{"target":7,"source":1,"value":1329490},{"target":8,"source":2,"value":420219},{"target":9,"source":2,"value":42527},{"target":10,"source":2,"value":72184},{"target":11,"source":3,"value":559831},{"target":12,"source":3,"value":39668},{"target":13,"source":3,"value":4047781},{"target":14,"source":4,"value":676209},{"target":15,"source":4,"value":993},{"target":16,"source":4,"value":572},{"target":17,"source":7,"value":1198355},{"target":18,"source":7,"value":75124},{"target":19,"source":7,"value":16382},{"target":20,"source":7,"value":39629},{"target":21,"source":13,"value":3908749},{"target":22,"source":13,"value":90201},{"target":23,"source":13,"value":3246},{"target":24,"source":13,"value":45585}],"Newfoundland and Labrador":[{"target":1,"source":0,"value":6188},{"target":2,"source":0,"value":7494},{"target":3,"source":0,"value":2305},{"target":4,"source":0,"value":3048},{"target":5,"source":1,"value":3045},{"target":6,"source":1,"value":3143},{"target":7,"source":1,"value":0},{"target":8,"source":2,"value":2815},{"target":9,"source":2,"value":4679},{"target":10,"source":2,"value":0},{"target":11,"source":3,"value":2295},{"target":12,"source":3,"value":10},{"target":13,"source":3,"value":0},{"target":14,"source":4,"value":2060},{"target":15,"source":4,"value":988},{"target":16,"source":4,"value":0},{"target":17,"source":7,"value":0},{"target":18,"source":7,"value":0},{"target":19,"source":7,"value":0},{"target":20,"source":7,"value":0},{"target":21,"source":13,"value":0},{"target":22,"source":13,"value":0},{"target":23,"source":13,"value":0},{"target":24,"source":13,"value":0}],"Prince Edward Island":[{"target":1,"source":0,"value":56},{"target":2,"source":0,"value":7},{"target":3,"source":0,"value":24},{"target":4,"source":0,"value":0},{"target":5,"source":1,"value":56},{"target":6,"source":1,"value":0},{"target":7,"source":1,"value":0},{"target":8,"source":2,"value":7},{"target":9,"source":2,"value":0},{"target":10,"source":2,"value":0},{"target":11,"source":3,"value":24},{"target":12,"source":3,"value":0},{"target":13,"source":3,"value":0},{"target":14,"source":4,"value":0},{"target":15,"source":4,"value":0},{"target":16,"source":4,"value":0},{"target":17,"source":7,"value":0},{"target":18,"source":7,"value":0},{"target":19,"source":7,"value":0},{"target":20,"source":7,"value":0},{"target":21,"source":13,"value":0},{"target":22,"source":13,"value":0},{"target":23,"source":13,"value":0},{"target":24,"source":13,"value":0}],"Nova Scotia":[{"target":1,"source":0,"value":36418},{"target":2,"source":0,"value":13398},{"target":3,"source":0,"value":9452},{"target":4,"source":0,"value":5981},{"target":5,"source":1,"value":9965},{"target":6,"source":1,"value":26453},{"target":7,"source":1,"value":0},{"target":8,"source":2,"value":5673},{"target":9,"source":2,"value":7725},{"target":10,"source":2,"value":0},{"target":11,"source":3,"value":5693},{"target":12,"source":3,"value":3759},{"target":13,"source":3,"value":0},{"target":14,"source":4,"value":5981},{"target":15,"source":4,"value":0},{"target":16,"source":4,"value":0},{"target":17,"source":7,"value":0},{"target":18,"source":7,"value":0},{"target":19,"source":7,"value":0},{"target":20,"source":7,"value":0},{"target":21,"source":13,"value":0},{"target":22,"source":13,"value":0},{"target":23,"source":13,"value":0},{"target":24,"source":13,"value":0}],"New Brunswick":[{"target":1,"source":0,"value":102003},{"target":2,"source":0,"value":6059},{"target":3,"source":0,"value":307252},{"target":4,"source":0,"value":108},{"target":5,"source":1,"value":465},{"target":6,"source":1,"value":22877},{"target":7,"source":1,"value":78661},{"target":8,"source":2,"value":56},{"target":9,"source":2,"value":5368},{"target":10,"source":2,"value":635},{"target":11,"source":3,"value":952},{"target":12,"source":3,"value":2614},{"target":13,"source":3,"value":303686},{"target":14,"source":4,"value":108},{"target":15,"source":4,"value":0},{"target":16,"source":4,"value":0},{"target":17,"source":7,"value":76418},{"target":18,"source":7,"value":1474},{"target":19,"source":7,"value":0},{"target":20,"source":7,"value":769},{"target":21,"source":13,"value":299740},{"target":22,"source":13,"value":1656},{"target":23,"source":13,"value":0},{"target":24,"source":13,"value":2290}],"Quebec":[{"target":1,"source":0,"value":176127},{"target":2,"source":0,"value":100052},{"target":3,"source":0,"value":548917},{"target":4,"source":0,"value":168183},{"target":5,"source":1,"value":60692},{"target":6,"source":1,"value":157},{"target":7,"source":1,"value":115278},{"target":8,"source":2,"value":83681},{"target":9,"source":2,"value":35},{"target":10,"source":2,"value":16336},{"target":11,"source":3,"value":75348},{"target":12,"source":3,"value":2083},{"target":13,"source":3,"value":471486},{"target":14,"source":4,"value":168146},{"target":15,"source":4,"value":0},{"target":16,"source":4,"value":37},{"target":17,"source":7,"value":105193},{"target":18,"source":7,"value":7758},{"target":19,"source":7,"value":1570},{"target":20,"source":7,"value":757},{"target":21,"source":13,"value":442535},{"target":22,"source":13,"value":20424},{"target":23,"source":13,"value":1084},{"target":24,"source":13,"value":7443}],"Ontario":[{"target":1,"source":0,"value":962050},{"target":2,"source":0,"value":204175},{"target":3,"source":0,"value":2096016},{"target":4,"source":0,"value":341678},{"target":5,"source":1,"value":167001},{"target":6,"source":1,"value":12888},{"target":7,"source":1,"value":782161},{"target":8,"source":2,"value":184274},{"target":9,"source":2,"value":23},{"target":10,"source":2,"value":19878},{"target":11,"source":3,"value":277086},{"target":12,"source":3,"value":5094},{"target":13,"source":3,"value":1813836},{"target":14,"source":4,"value":341678},{"target":15,"source":4,"value":0},{"target":16,"source":4,"value":0},{"target":17,"source":7,"value":716826},{"target":18,"source":7,"value":46305},{"target":19,"source":7,"value":751},{"target":20,"source":7,"value":18279},{"target":21,"source":13,"value":1748836},{"target":22,"source":13,"value":45627},{"target":23,"source":13,"value":455},{"target":24,"source":13,"value":18918}],"Manitoba":[{"target":1,"source":0,"value":28985},{"target":2,"source":0,"value":1480},{"target":3,"source":0,"value":138925},{"target":4,"source":0,"value":1540},{"target":5,"source":1,"value":5745},{"target":6,"source":1,"value":0},{"target":7,"source":1,"value":23240},{"target":8,"source":2,"value":1253},{"target":9,"source":2,"value":2},{"target":10,"source":2,"value":225},{"target":11,"source":3,"value":9607},{"target":12,"source":3,"value":0},{"target":13,"source":3,"value":129318},{"target":14,"source":4,"value":1540},{"target":15,"source":4,"value":0},{"target":16,"source":4,"value":0},{"target":17,"source":7,"value":22959},{"target":18,"source":7,"value":182},{"target":19,"source":7,"value":0},{"target":20,"source":7,"value":99},{"target":21,"source":13,"value":124555},{"target":22,"source":13,"value":4176},{"target":23,"source":13,"value":0},{"target":24,"source":13,"value":587}],"Saskatchewan":[{"target":1,"source":0,"value":13542},{"target":2,"source":0,"value":545},{"target":3,"source":0,"value":39410},{"target":4,"source":0,"value":852},{"target":5,"source":1,"value":5240},{"target":6,"source":1,"value":0},{"target":7,"source":1,"value":8302},{"target":8,"source":2,"value":466},{"target":9,"source":2,"value":0},{"target":10,"source":2,"value":79},{"target":11,"source":3,"value":7540},{"target":12,"source":3,"value":0},{"target":13,"source":3,"value":31870},{"target":14,"source":4,"value":852},{"target":15,"source":4,"value":0},{"target":16,"source":4,"value":0},{"target":17,"source":7,"value":8243},{"target":18,"source":7,"value":4},{"target":19,"source":7,"value":0},{"target":20,"source":7,"value":55},{"target":21,"source":13,"value":30737},{"target":22,"source":13,"value":647},{"target":23,"source":13,"value":0},{"target":24,"source":13,"value":486}],"Alberta":[{"target":1,"source":0,"value":69459},{"target":2,"source":0,"value":29876},{"target":3,"source":0,"value":160137},{"target":4,"source":0,"value":46296},{"target":5,"source":1,"value":49162},{"target":6,"source":1,"value":0},{"target":7,"source":1,"value":20297},{"target":8,"source":2,"value":28840},{"target":9,"source":2,"value":0},{"target":10,"source":2,"value":1036},{"target":11,"source":3,"value":99904},{"target":12,"source":3,"value":0},{"target":13,"source":3,"value":60233},{"target":14,"source":4,"value":46296},{"target":15,"source":4,"value":0},{"target":16,"source":4,"value":0},{"target":17,"source":7,"value":19423},{"target":18,"source":7,"value":667},{"target":19,"source":7,"value":0},{"target":20,"source":7,"value":207},{"target":21,"source":13,"value":58715},{"target":22,"source":13,"value":367},{"target":23,"source":13,"value":0},{"target":24,"source":13,"value":1151}],"British Columbia":[{"target":1,"source":0,"value":438786},{"target":2,"source":0,"value":164707},{"target":3,"source":0,"value":1335524},{"target":4,"source":0,"value":109820},{"target":5,"source":1,"value":82772},{"target":6,"source":1,"value":90314},{"target":7,"source":1,"value":265700},{"target":8,"source":2,"value":112602},{"target":9,"source":2,"value":24321},{"target":10,"source":2,"value":27784},{"target":11,"source":3,"value":81350},{"target":12,"source":3,"value":26108},{"target":13,"source":3,"value":1228066},{"target":14,"source":4,"value":109285},{"target":15,"source":4,"value":0},{"target":16,"source":4,"value":535},{"target":17,"source":7,"value":233763},{"target":18,"source":7,"value":7642},{"target":19,"source":7,"value":4888},{"target":20,"source":7,"value":19407},{"target":21,"source":13,"value":1197319},{"target":22,"source":13,"value":14371},{"target":23,"source":13,"value":1689},{"target":24,"source":13,"value":14687}],"Yukon":[{"target":1,"source":0,"value":35945},{"target":2,"source":0,"value":6669},{"target":3,"source":0,"value":9304},{"target":4,"source":0,"value":109},{"target":5,"source":1,"value":92},{"target":6,"source":1,"value":2},{"target":7,"source":1,"value":35851},{"target":8,"source":2,"value":458},{"target":9,"source":2,"value":0},{"target":10,"source":2,"value":6211},{"target":11,"source":3,"value":18},{"target":12,"source":3,"value":0},{"target":13,"source":3,"value":9286},{"target":14,"source":4,"value":109},{"target":15,"source":4,"value":0},{"target":16,"source":4,"value":0},{"target":17,"source":7,"value":15530},{"target":18,"source":7,"value":11092},{"target":19,"source":7,"value":9173},{"target":20,"source":7,"value":56},{"target":21,"source":13,"value":6312},{"target":22,"source":13,"value":2933},{"target":23,"source":13,"value":18},{"target":24,"source":13,"value":23}],"Nunavut":[{"target":1,"source":0,"value":57},{"target":2,"source":0,"value":468},{"target":3,"source":0,"value":14},{"target":4,"source":0,"value":159},{"target":5,"source":1,"value":54},{"target":6,"source":1,"value":3},{"target":7,"source":1,"value":0},{"target":8,"source":2,"value":94},{"target":9,"source":2,"value":374},{"target":10,"source":2,"value":".."},{"target":11,"source":3,"value":14},{"target":12,"source":3,"value":0},{"target":13,"source":3,"value":0},{"target":14,"source":4,"value":154},{"target":15,"source":4,"value":5},{"target":16,"source":4,"value":".."},{"target":17,"source":7,"value":".."},{"target":18,"source":7,"value":".."},{"target":19,"source":7,"value":".."},{"target":20,"source":7,"value":0},{"target":21,"source":13,"value":".."},{"target":22,"source":13,"value":".."},{"target":23,"source":13,"value":".."},{"target":24,"source":13,"value":0}],"nodes":[{"node":0,"name":"intl"},{"node":1,"name":"USres"},{"node":2,"name":"nonUSres"},{"node":3,"name":"cdnFromUS"},{"node":4,"name":"cdnFromOther"},{"node":5,"name":"USres_air"},{"node":6,"name":"USres_marine"},{"node":7,"name":"USres_land"},{"node":8,"name":"nonUSres_air"},{"node":9,"name":"nonUSres_marine"},{"node":10,"name":"nonUSres_land"},{"node":11,"name":"cdnFromUS_air"},{"node":12,"name":"cdnFromUS_marine"},{"node":13,"name":"cdnFromUS_land"},{"node":14,"name":"cdnFromOther_air"},{"node":15,"name":"cdnFromOther_marine"},{"node":16,"name":"cdnFromOther_land"},{"node":17,"name":"USres_car"},{"node":18,"name":"USres_bus"},{"node":19,"name":"USres_train"},{"node":20,"name":"USres_other"},{"node":21,"name":"cdnFromUS_car"},{"node":22,"name":"cdnFromUS_bus"},{"node":23,"name":"cdnFromUS_train"},{"node":24,"name":"cdnFromUS_other"}]}