{"Canada":[{"target":1,"source":0,"value":1113080},{"target":2,"source":0,"value":242594},{"target":3,"source":0,"value":4653998},{"target":4,"source":0,"value":1216035},{"target":5,"source":1,"value":252290},{"target":6,"source":1,"value":343},{"target":7,"source":1,"value":860447},{"target":8,"source":2,"value":211400},{"target":9,"source":2,"value":173},{"target":10,"source":2,"value":31021},{"target":11,"source":3,"value":940687},{"target":12,"source":3,"value":295},{"target":13,"source":3,"value":3713016},{"target":14,"source":4,"value":1215070},{"target":15,"source":4,"value":1},{"target":16,"source":4,"value":964},{"target":17,"source":7,"value":794546},{"target":18,"source":7,"value":49262},{"target":19,"source":7,"value":3718},{"target":20,"source":7,"value":12921},{"target":21,"source":13,"value":3621375},{"target":22,"source":13,"value":79111},{"target":23,"source":13,"value":3866},{"target":24,"source":13,"value":8664}],"Newfoundland and Labrador":[{"target":1,"source":0,"value":1583},{"target":2,"source":0,"value":1435},{"target":3,"source":0,"value":3141},{"target":4,"source":0,"value":3851},{"target":5,"source":1,"value":1582},{"target":6,"source":1,"value":1},{"target":7,"source":1,"value":0},{"target":8,"source":2,"value":1331},{"target":9,"source":2,"value":104},{"target":10,"source":2,"value":0},{"target":11,"source":3,"value":3141},{"target":12,"source":3,"value":0},{"target":13,"source":3,"value":0},{"target":14,"source":4,"value":3850},{"target":15,"source":4,"value":1},{"target":16,"source":4,"value":0},{"target":17,"source":7,"value":0},{"target":18,"source":7,"value":0},{"target":19,"source":7,"value":0},{"target":20,"source":7,"value":0},{"target":21,"source":13,"value":0},{"target":22,"source":13,"value":0},{"target":23,"source":13,"value":0},{"target":24,"source":13,"value":0}],"Prince Edward Island":[{"target":1,"source":0,"value":0},{"target":2,"source":0,"value":0},{"target":3,"source":0,"value":13},{"target":4,"source":0,"value":708},{"target":5,"source":1,"value":0},{"target":6,"source":1,"value":0},{"target":7,"source":1,"value":0},{"target":8,"source":2,"value":0},{"target":9,"source":2,"value":0},{"target":10,"source":2,"value":0},{"target":11,"source":3,"value":13},{"target":12,"source":3,"value":0},{"target":13,"source":3,"value":0},{"target":14,"source":4,"value":708},{"target":15,"source":4,"value":0},{"target":16,"source":4,"value":0},{"target":17,"source":7,"value":0},{"target":18,"source":7,"value":0},{"target":19,"source":7,"value":0},{"target":20,"source":7,"value":0},{"target":21,"source":13,"value":0},{"target":22,"source":13,"value":0},{"target":23,"source":13,"value":0},{"target":24,"source":13,"value":0}],"Nova Scotia":[{"target":1,"source":0,"value":1840},{"target":2,"source":0,"value":1540},{"target":3,"source":0,"value":17539},{"target":4,"source":0,"value":31108},{"target":5,"source":1,"value":1833},{"target":6,"source":1,"value":7},{"target":7,"source":1,"value":0},{"target":8,"source":2,"value":1514},{"target":9,"source":2,"value":26},{"target":10,"source":2,"value":0},{"target":11,"source":3,"value":17538},{"target":12,"source":3,"value":1},{"target":13,"source":3,"value":0},{"target":14,"source":4,"value":31108},{"target":15,"source":4,"value":0},{"target":16,"source":4,"value":0},{"target":17,"source":7,"value":0},{"target":18,"source":7,"value":0},{"target":19,"source":7,"value":0},{"target":20,"source":7,"value":0},{"target":21,"source":13,"value":0},{"target":22,"source":13,"value":0},{"target":23,"source":13,"value":0},{"target":24,"source":13,"value":0}],"New Brunswick":[{"target":1,"source":0,"value":39710},{"target":2,"source":0,"value":113},{"target":3,"source":0,"value":269352},{"target":4,"source":0,"value":10578},{"target":5,"source":1,"value":178},{"target":6,"source":1,"value":0},{"target":7,"source":1,"value":39532},{"target":8,"source":2,"value":29},{"target":9,"source":2,"value":3},{"target":10,"source":2,"value":81},{"target":11,"source":3,"value":1447},{"target":12,"source":3,"value":2},{"target":13,"source":3,"value":267903},{"target":14,"source":4,"value":10578},{"target":15,"source":4,"value":0},{"target":16,"source":4,"value":0},{"target":17,"source":7,"value":39236},{"target":18,"source":7,"value":130},{"target":19,"source":7,"value":0},{"target":20,"source":7,"value":166},{"target":21,"source":13,"value":265653},{"target":22,"source":13,"value":1739},{"target":23,"source":13,"value":0},{"target":24,"source":13,"value":511}],"Quebec":[{"target":1,"source":0,"value":114285},{"target":2,"source":0,"value":42071},{"target":3,"source":0,"value":487452},{"target":4,"source":0,"value":268193},{"target":5,"source":1,"value":35593},{"target":6,"source":1,"value":0},{"target":7,"source":1,"value":78692},{"target":8,"source":2,"value":38147},{"target":9,"source":2,"value":22},{"target":10,"source":2,"value":3902},{"target":11,"source":3,"value":140172},{"target":12,"source":3,"value":0},{"target":13,"source":3,"value":347280},{"target":14,"source":4,"value":268193},{"target":15,"source":4,"value":0},{"target":16,"source":4,"value":0},{"target":17,"source":7,"value":70135},{"target":18,"source":7,"value":7030},{"target":19,"source":7,"value":1225},{"target":20,"source":7,"value":302},{"target":21,"source":13,"value":323306},{"target":22,"source":13,"value":21912},{"target":23,"source":13,"value":1732},{"target":24,"source":13,"value":330}],"Ontario":[{"target":1,"source":0,"value":620193},{"target":2,"source":0,"value":103321},{"target":3,"source":0,"value":2249631},{"target":4,"source":0,"value":559933},{"target":5,"source":1,"value":122707},{"target":6,"source":1,"value":49},{"target":7,"source":1,"value":497437},{"target":8,"source":2,"value":94330},{"target":9,"source":2,"value":0},{"target":10,"source":2,"value":8991},{"target":11,"source":3,"value":444096},{"target":12,"source":3,"value":11},{"target":13,"source":3,"value":1805524},{"target":14,"source":4,"value":559933},{"target":15,"source":4,"value":0},{"target":16,"source":4,"value":0},{"target":17,"source":7,"value":455605},{"target":18,"source":7,"value":36886},{"target":19,"source":7,"value":370},{"target":20,"source":7,"value":4576},{"target":21,"source":13,"value":1763286},{"target":22,"source":13,"value":38886},{"target":23,"source":13,"value":379},{"target":24,"source":13,"value":2973}],"Manitoba":[{"target":1,"source":0,"value":19377},{"target":2,"source":0,"value":599},{"target":3,"source":0,"value":111055},{"target":4,"source":0,"value":25712},{"target":5,"source":1,"value":4157},{"target":6,"source":1,"value":0},{"target":7,"source":1,"value":15220},{"target":8,"source":2,"value":564},{"target":9,"source":2,"value":0},{"target":10,"source":2,"value":35},{"target":11,"source":3,"value":19704},{"target":12,"source":3,"value":0},{"target":13,"source":3,"value":91351},{"target":14,"source":4,"value":25712},{"target":15,"source":4,"value":0},{"target":16,"source":4,"value":0},{"target":17,"source":7,"value":15001},{"target":18,"source":7,"value":168},{"target":19,"source":7,"value":0},{"target":20,"source":7,"value":51},{"target":21,"source":13,"value":88997},{"target":22,"source":13,"value":2296},{"target":23,"source":13,"value":0},{"target":24,"source":13,"value":58}],"Saskatchewan":[{"target":1,"source":0,"value":6427},{"target":2,"source":0,"value":268},{"target":3,"source":0,"value":44465},{"target":4,"source":0,"value":18628},{"target":5,"source":1,"value":2298},{"target":6,"source":1,"value":0},{"target":7,"source":1,"value":4129},{"target":8,"source":2,"value":232},{"target":9,"source":2,"value":0},{"target":10,"source":2,"value":36},{"target":11,"source":3,"value":16498},{"target":12,"source":3,"value":0},{"target":13,"source":3,"value":27967},{"target":14,"source":4,"value":18628},{"target":15,"source":4,"value":0},{"target":16,"source":4,"value":0},{"target":17,"source":7,"value":4080},{"target":18,"source":7,"value":0},{"target":19,"source":7,"value":0},{"target":20,"source":7,"value":49},{"target":21,"source":13,"value":27323},{"target":22,"source":13,"value":553},{"target":23,"source":13,"value":0},{"target":24,"source":13,"value":91}],"Alberta":[{"target":1,"source":0,"value":37451},{"target":2,"source":0,"value":14982},{"target":3,"source":0,"value":216611},{"target":4,"source":0,"value":114891},{"target":5,"source":1,"value":31727},{"target":6,"source":1,"value":0},{"target":7,"source":1,"value":5724},{"target":8,"source":2,"value":14863},{"target":9,"source":2,"value":0},{"target":10,"source":2,"value":119},{"target":11,"source":3,"value":165725},{"target":12,"source":3,"value":0},{"target":13,"source":3,"value":50886},{"target":14,"source":4,"value":114891},{"target":15,"source":4,"value":0},{"target":16,"source":4,"value":0},{"target":17,"source":7,"value":5637},{"target":18,"source":7,"value":46},{"target":19,"source":7,"value":0},{"target":20,"source":7,"value":41},{"target":21,"source":13,"value":50292},{"target":22,"source":13,"value":560},{"target":23,"source":13,"value":0},{"target":24,"source":13,"value":34}],"British Columbia":[{"target":1,"source":0,"value":269439},{"target":2,"source":0,"value":78149},{"target":3,"source":0,"value":1251606},{"target":4,"source":0,"value":182433},{"target":5,"source":1,"value":52170},{"target":6,"source":1,"value":286},{"target":7,"source":1,"value":216983},{"target":8,"source":2,"value":60364},{"target":9,"source":2,"value":18},{"target":10,"source":2,"value":17767},{"target":11,"source":3,"value":131766},{"target":12,"source":3,"value":281},{"target":13,"source":3,"value":1119559},{"target":14,"source":4,"value":181469},{"target":15,"source":4,"value":0},{"target":16,"source":4,"value":964},{"target":17,"source":7,"value":202122},{"target":18,"source":7,"value":5002},{"target":19,"source":7,"value":2123},{"target":20,"source":7,"value":7736},{"target":21,"source":13,"value":1099977},{"target":22,"source":13,"value":13165},{"target":23,"source":13,"value":1755},{"target":24,"source":13,"value":4662}],"Yukon":[{"target":1,"source":0,"value":2755},{"target":2,"source":0,"value":90},{"target":3,"source":0,"value":3003},{"target":4,"source":0,"value":0},{"target":5,"source":1,"value":25},{"target":6,"source":1,"value":0},{"target":7,"source":1,"value":2730},{"target":8,"source":2,"value":0},{"target":9,"source":2,"value":0},{"target":10,"source":2,"value":90},{"target":11,"source":3,"value":457},{"target":12,"source":3,"value":0},{"target":13,"source":3,"value":2546},{"target":14,"source":4,"value":0},{"target":15,"source":4,"value":0},{"target":16,"source":4,"value":0},{"target":17,"source":7,"value":2730},{"target":18,"source":7,"value":0},{"target":19,"source":7,"value":0},{"target":20,"source":7,"value":0},{"target":21,"source":13,"value":2541},{"target":22,"source":13,"value":0},{"target":23,"source":13,"value":0},{"target":24,"source":13,"value":5}],"Nunavut":[{"target":1,"source":0,"value":20},{"target":2,"source":0,"value":26},{"target":3,"source":0,"value":130},{"target":4,"source":0,"value":0},{"target":5,"source":1,"value":20},{"target":6,"source":1,"value":0},{"target":7,"source":1,"value":0},{"target":8,"source":2,"value":26},{"target":9,"source":2,"value":0},{"target":10,"source":2,"value":".."},{"target":11,"source":3,"value":130},{"target":12,"source":3,"value":0},{"target":13,"source":3,"value":0},{"target":14,"source":4,"value":0},{"target":15,"source":4,"value":0},{"target":16,"source":4,"value":".."},{"target":17,"source":7,"value":".."},{"target":18,"source":7,"value":".."},{"target":19,"source":7,"value":".."},{"target":20,"source":7,"value":0},{"target":21,"source":13,"value":".."},{"target":22,"source":13,"value":".."},{"target":23,"source":13,"value":".."},{"target":24,"source":13,"value":0}],"nodes":[{"node":0,"name":"intl"},{"node":1,"name":"USres"},{"node":2,"name":"nonUSres"},{"node":3,"name":"cdnFromUS"},{"node":4,"name":"cdnFromOther"},{"node":5,"name":"USres_air"},{"node":6,"name":"USres_marine"},{"node":7,"name":"USres_land"},{"node":8,"name":"nonUSres_air"},{"node":9,"name":"nonUSres_marine"},{"node":10,"name":"nonUSres_land"},{"node":11,"name":"cdnFromUS_air"},{"node":12,"name":"cdnFromUS_marine"},{"node":13,"name":"cdnFromUS_land"},{"node":14,"name":"cdnFromOther_air"},{"node":15,"name":"cdnFromOther_marine"},{"node":16,"name":"cdnFromOther_land"},{"node":17,"name":"USres_car"},{"node":18,"name":"USres_bus"},{"node":19,"name":"USres_train"},{"node":20,"name":"USres_other"},{"node":21,"name":"cdnFromUS_car"},{"node":22,"name":"cdnFromUS_bus"},{"node":23,"name":"cdnFromUS_train"},{"node":24,"name":"cdnFromUS_other"}]}