{"Canada":[{"target":1,"source":0,"value":1291033},{"target":2,"source":0,"value":324302},{"target":3,"source":0,"value":4568679},{"target":4,"source":0,"value":992708},{"target":5,"source":1,"value":277585},{"target":6,"source":1,"value":4952},{"target":7,"source":1,"value":1008496},{"target":8,"source":2,"value":280837},{"target":9,"source":2,"value":1220},{"target":10,"source":2,"value":42245},{"target":11,"source":3,"value":814538},{"target":12,"source":3,"value":1553},{"target":13,"source":3,"value":3752588},{"target":14,"source":4,"value":991835},{"target":15,"source":4,"value":184},{"target":16,"source":4,"value":689},{"target":17,"source":7,"value":934058},{"target":18,"source":7,"value":51321},{"target":19,"source":7,"value":4446},{"target":20,"source":7,"value":18671},{"target":21,"source":13,"value":3633446},{"target":22,"source":13,"value":101290},{"target":23,"source":13,"value":3197},{"target":24,"source":13,"value":14655}],"Newfoundland and Labrador":[{"target":1,"source":0,"value":1401},{"target":2,"source":0,"value":1768},{"target":3,"source":0,"value":4177},{"target":4,"source":0,"value":7391},{"target":5,"source":1,"value":1401},{"target":6,"source":1,"value":0},{"target":7,"source":1,"value":0},{"target":8,"source":2,"value":1466},{"target":9,"source":2,"value":302},{"target":10,"source":2,"value":0},{"target":11,"source":3,"value":4177},{"target":12,"source":3,"value":0},{"target":13,"source":3,"value":0},{"target":14,"source":4,"value":7207},{"target":15,"source":4,"value":184},{"target":16,"source":4,"value":0},{"target":17,"source":7,"value":0},{"target":18,"source":7,"value":0},{"target":19,"source":7,"value":0},{"target":20,"source":7,"value":0},{"target":21,"source":13,"value":0},{"target":22,"source":13,"value":0},{"target":23,"source":13,"value":0},{"target":24,"source":13,"value":0}],"Prince Edward Island":[{"target":1,"source":0,"value":10},{"target":2,"source":0,"value":7},{"target":3,"source":0,"value":15},{"target":4,"source":0,"value":918},{"target":5,"source":1,"value":10},{"target":6,"source":1,"value":0},{"target":7,"source":1,"value":0},{"target":8,"source":2,"value":7},{"target":9,"source":2,"value":0},{"target":10,"source":2,"value":0},{"target":11,"source":3,"value":15},{"target":12,"source":3,"value":0},{"target":13,"source":3,"value":0},{"target":14,"source":4,"value":918},{"target":15,"source":4,"value":0},{"target":16,"source":4,"value":0},{"target":17,"source":7,"value":0},{"target":18,"source":7,"value":0},{"target":19,"source":7,"value":0},{"target":20,"source":7,"value":0},{"target":21,"source":13,"value":0},{"target":22,"source":13,"value":0},{"target":23,"source":13,"value":0},{"target":24,"source":13,"value":0}],"Nova Scotia":[{"target":1,"source":0,"value":2673},{"target":2,"source":0,"value":2200},{"target":3,"source":0,"value":17041},{"target":4,"source":0,"value":32660},{"target":5,"source":1,"value":2672},{"target":6,"source":1,"value":1},{"target":7,"source":1,"value":0},{"target":8,"source":2,"value":2183},{"target":9,"source":2,"value":17},{"target":10,"source":2,"value":0},{"target":11,"source":3,"value":17036},{"target":12,"source":3,"value":5},{"target":13,"source":3,"value":0},{"target":14,"source":4,"value":32660},{"target":15,"source":4,"value":0},{"target":16,"source":4,"value":0},{"target":17,"source":7,"value":0},{"target":18,"source":7,"value":0},{"target":19,"source":7,"value":0},{"target":20,"source":7,"value":0},{"target":21,"source":13,"value":0},{"target":22,"source":13,"value":0},{"target":23,"source":13,"value":0},{"target":24,"source":13,"value":0}],"New Brunswick":[{"target":1,"source":0,"value":46286},{"target":2,"source":0,"value":158},{"target":3,"source":0,"value":283896},{"target":4,"source":0,"value":9965},{"target":5,"source":1,"value":206},{"target":6,"source":1,"value":0},{"target":7,"source":1,"value":46080},{"target":8,"source":2,"value":31},{"target":9,"source":2,"value":4},{"target":10,"source":2,"value":123},{"target":11,"source":3,"value":1444},{"target":12,"source":3,"value":8},{"target":13,"source":3,"value":282444},{"target":14,"source":4,"value":9965},{"target":15,"source":4,"value":0},{"target":16,"source":4,"value":0},{"target":17,"source":7,"value":45717},{"target":18,"source":7,"value":82},{"target":19,"source":7,"value":0},{"target":20,"source":7,"value":281},{"target":21,"source":13,"value":279382},{"target":22,"source":13,"value":2127},{"target":23,"source":13,"value":0},{"target":24,"source":13,"value":935}],"Quebec":[{"target":1,"source":0,"value":145125},{"target":2,"source":0,"value":58701},{"target":3,"source":0,"value":485711},{"target":4,"source":0,"value":219674},{"target":5,"source":1,"value":44246},{"target":6,"source":1,"value":0},{"target":7,"source":1,"value":100879},{"target":8,"source":2,"value":53905},{"target":9,"source":2,"value":26},{"target":10,"source":2,"value":4770},{"target":11,"source":3,"value":117755},{"target":12,"source":3,"value":0},{"target":13,"source":3,"value":367956},{"target":14,"source":4,"value":219674},{"target":15,"source":4,"value":0},{"target":16,"source":4,"value":0},{"target":17,"source":7,"value":90993},{"target":18,"source":7,"value":8545},{"target":19,"source":7,"value":1190},{"target":20,"source":7,"value":151},{"target":21,"source":13,"value":333032},{"target":22,"source":13,"value":32888},{"target":23,"source":13,"value":1322},{"target":24,"source":13,"value":714}],"Ontario":[{"target":1,"source":0,"value":743214},{"target":2,"source":0,"value":151992},{"target":3,"source":0,"value":2096754},{"target":4,"source":0,"value":449712},{"target":5,"source":1,"value":140807},{"target":6,"source":1,"value":2419},{"target":7,"source":1,"value":599988},{"target":8,"source":2,"value":134418},{"target":9,"source":2,"value":0},{"target":10,"source":2,"value":17574},{"target":11,"source":3,"value":355067},{"target":12,"source":3,"value":133},{"target":13,"source":3,"value":1741554},{"target":14,"source":4,"value":449712},{"target":15,"source":4,"value":0},{"target":16,"source":4,"value":0},{"target":17,"source":7,"value":555379},{"target":18,"source":7,"value":36366},{"target":19,"source":7,"value":494},{"target":20,"source":7,"value":7749},{"target":21,"source":13,"value":1690233},{"target":22,"source":13,"value":44974},{"target":23,"source":13,"value":318},{"target":24,"source":13,"value":6029}],"Manitoba":[{"target":1,"source":0,"value":17521},{"target":2,"source":0,"value":617},{"target":3,"source":0,"value":145199},{"target":4,"source":0,"value":11193},{"target":5,"source":1,"value":4148},{"target":6,"source":1,"value":0},{"target":7,"source":1,"value":13373},{"target":8,"source":2,"value":543},{"target":9,"source":2,"value":0},{"target":10,"source":2,"value":74},{"target":11,"source":3,"value":16704},{"target":12,"source":3,"value":0},{"target":13,"source":3,"value":128495},{"target":14,"source":4,"value":11193},{"target":15,"source":4,"value":0},{"target":16,"source":4,"value":0},{"target":17,"source":7,"value":13171},{"target":18,"source":7,"value":149},{"target":19,"source":7,"value":0},{"target":20,"source":7,"value":53},{"target":21,"source":13,"value":125110},{"target":22,"source":13,"value":3336},{"target":23,"source":13,"value":0},{"target":24,"source":13,"value":49}],"Saskatchewan":[{"target":1,"source":0,"value":7324},{"target":2,"source":0,"value":379},{"target":3,"source":0,"value":50326},{"target":4,"source":0,"value":7894},{"target":5,"source":1,"value":2577},{"target":6,"source":1,"value":0},{"target":7,"source":1,"value":4747},{"target":8,"source":2,"value":323},{"target":9,"source":2,"value":0},{"target":10,"source":2,"value":56},{"target":11,"source":3,"value":15069},{"target":12,"source":3,"value":0},{"target":13,"source":3,"value":35257},{"target":14,"source":4,"value":7894},{"target":15,"source":4,"value":0},{"target":16,"source":4,"value":0},{"target":17,"source":7,"value":4662},{"target":18,"source":7,"value":39},{"target":19,"source":7,"value":0},{"target":20,"source":7,"value":46},{"target":21,"source":13,"value":34491},{"target":22,"source":13,"value":701},{"target":23,"source":13,"value":0},{"target":24,"source":13,"value":65}],"Alberta":[{"target":1,"source":0,"value":37987},{"target":2,"source":0,"value":16893},{"target":3,"source":0,"value":237392},{"target":4,"source":0,"value":100559},{"target":5,"source":1,"value":30431},{"target":6,"source":1,"value":0},{"target":7,"source":1,"value":7556},{"target":8,"source":2,"value":16752},{"target":9,"source":2,"value":0},{"target":10,"source":2,"value":141},{"target":11,"source":3,"value":158710},{"target":12,"source":3,"value":0},{"target":13,"source":3,"value":78682},{"target":14,"source":4,"value":100559},{"target":15,"source":4,"value":0},{"target":16,"source":4,"value":0},{"target":17,"source":7,"value":7351},{"target":18,"source":7,"value":167},{"target":19,"source":7,"value":0},{"target":20,"source":7,"value":38},{"target":21,"source":13,"value":78214},{"target":22,"source":13,"value":356},{"target":23,"source":13,"value":0},{"target":24,"source":13,"value":112}],"British Columbia":[{"target":1,"source":0,"value":286160},{"target":2,"source":0,"value":91397},{"target":3,"source":0,"value":1243952},{"target":4,"source":0,"value":152735},{"target":5,"source":1,"value":50993},{"target":6,"source":1,"value":2532},{"target":7,"source":1,"value":232635},{"target":8,"source":2,"value":71175},{"target":9,"source":2,"value":871},{"target":10,"source":2,"value":19351},{"target":11,"source":3,"value":128499},{"target":12,"source":3,"value":1407},{"target":13,"source":3,"value":1114046},{"target":14,"source":4,"value":152046},{"target":15,"source":4,"value":0},{"target":16,"source":4,"value":689},{"target":17,"source":7,"value":213578},{"target":18,"source":7,"value":5943},{"target":19,"source":7,"value":2762},{"target":20,"source":7,"value":10352},{"target":21,"source":13,"value":1088857},{"target":22,"source":13,"value":16905},{"target":23,"source":13,"value":1557},{"target":24,"source":13,"value":6727}],"Yukon":[{"target":1,"source":0,"value":3265},{"target":2,"source":0,"value":156},{"target":3,"source":0,"value":4194},{"target":4,"source":0,"value":0},{"target":5,"source":1,"value":27},{"target":6,"source":1,"value":0},{"target":7,"source":1,"value":3238},{"target":8,"source":2,"value":0},{"target":9,"source":2,"value":0},{"target":10,"source":2,"value":156},{"target":11,"source":3,"value":40},{"target":12,"source":3,"value":0},{"target":13,"source":3,"value":4154},{"target":14,"source":4,"value":0},{"target":15,"source":4,"value":0},{"target":16,"source":4,"value":0},{"target":17,"source":7,"value":3207},{"target":18,"source":7,"value":30},{"target":19,"source":7,"value":0},{"target":20,"source":7,"value":1},{"target":21,"source":13,"value":4127},{"target":22,"source":13,"value":3},{"target":23,"source":13,"value":0},{"target":24,"source":13,"value":24}],"Nunavut":[{"target":1,"source":0,"value":67},{"target":2,"source":0,"value":34},{"target":3,"source":0,"value":22},{"target":4,"source":0,"value":7},{"target":5,"source":1,"value":67},{"target":6,"source":1,"value":0},{"target":7,"source":1,"value":0},{"target":8,"source":2,"value":34},{"target":9,"source":2,"value":0},{"target":10,"source":2,"value":".."},{"target":11,"source":3,"value":22},{"target":12,"source":3,"value":0},{"target":13,"source":3,"value":0},{"target":14,"source":4,"value":7},{"target":15,"source":4,"value":0},{"target":16,"source":4,"value":".."},{"target":17,"source":7,"value":".."},{"target":18,"source":7,"value":".."},{"target":19,"source":7,"value":".."},{"target":20,"source":7,"value":0},{"target":21,"source":13,"value":".."},{"target":22,"source":13,"value":".."},{"target":23,"source":13,"value":".."},{"target":24,"source":13,"value":0}],"nodes":[{"node":0,"name":"intl"},{"node":1,"name":"USres"},{"node":2,"name":"nonUSres"},{"node":3,"name":"cdnFromUS"},{"node":4,"name":"cdnFromOther"},{"node":5,"name":"USres_air"},{"node":6,"name":"USres_marine"},{"node":7,"name":"USres_land"},{"node":8,"name":"nonUSres_air"},{"node":9,"name":"nonUSres_marine"},{"node":10,"name":"nonUSres_land"},{"node":11,"name":"cdnFromUS_air"},{"node":12,"name":"cdnFromUS_marine"},{"node":13,"name":"cdnFromUS_land"},{"node":14,"name":"cdnFromOther_air"},{"node":15,"name":"cdnFromOther_marine"},{"node":16,"name":"cdnFromOther_land"},{"node":17,"name":"USres_car"},{"node":18,"name":"USres_bus"},{"node":19,"name":"USres_train"},{"node":20,"name":"USres_other"},{"node":21,"name":"cdnFromUS_car"},{"node":22,"name":"cdnFromUS_bus"},{"node":23,"name":"cdnFromUS_train"},{"node":24,"name":"cdnFromUS_other"}]}