{"Canada":[{"target":1,"source":0,"value":1796721},{"target":2,"source":0,"value":468223},{"target":3,"source":0,"value":4661694},{"target":4,"source":0,"value":813469},{"target":5,"source":1,"value":387360},{"target":6,"source":1,"value":94609},{"target":7,"source":1,"value":1314752},{"target":8,"source":2,"value":368405},{"target":9,"source":2,"value":27168},{"target":10,"source":2,"value":72650},{"target":11,"source":3,"value":695485},{"target":12,"source":3,"value":32945},{"target":13,"source":3,"value":3933264},{"target":14,"source":4,"value":812253},{"target":15,"source":4,"value":600},{"target":16,"source":4,"value":616},{"target":17,"source":7,"value":1188240},{"target":18,"source":7,"value":81456},{"target":19,"source":7,"value":16106},{"target":20,"source":7,"value":28950},{"target":21,"source":13,"value":3780141},{"target":22,"source":13,"value":122411},{"target":23,"source":13,"value":4092},{"target":24,"source":13,"value":26620}],"Newfoundland and Labrador":[{"target":1,"source":0,"value":1957},{"target":2,"source":0,"value":2225},{"target":3,"source":0,"value":3602},{"target":4,"source":0,"value":4854},{"target":5,"source":1,"value":1953},{"target":6,"source":1,"value":4},{"target":7,"source":1,"value":0},{"target":8,"source":2,"value":1823},{"target":9,"source":2,"value":402},{"target":10,"source":2,"value":0},{"target":11,"source":3,"value":3596},{"target":12,"source":3,"value":6},{"target":13,"source":3,"value":0},{"target":14,"source":4,"value":4254},{"target":15,"source":4,"value":600},{"target":16,"source":4,"value":0},{"target":17,"source":7,"value":0},{"target":18,"source":7,"value":0},{"target":19,"source":7,"value":0},{"target":20,"source":7,"value":0},{"target":21,"source":13,"value":0},{"target":22,"source":13,"value":0},{"target":23,"source":13,"value":0},{"target":24,"source":13,"value":0}],"Prince Edward Island":[{"target":1,"source":0,"value":21},{"target":2,"source":0,"value":0},{"target":3,"source":0,"value":4},{"target":4,"source":0,"value":358},{"target":5,"source":1,"value":21},{"target":6,"source":1,"value":0},{"target":7,"source":1,"value":0},{"target":8,"source":2,"value":0},{"target":9,"source":2,"value":0},{"target":10,"source":2,"value":0},{"target":11,"source":3,"value":4},{"target":12,"source":3,"value":0},{"target":13,"source":3,"value":0},{"target":14,"source":4,"value":358},{"target":15,"source":4,"value":0},{"target":16,"source":4,"value":0},{"target":17,"source":7,"value":0},{"target":18,"source":7,"value":0},{"target":19,"source":7,"value":0},{"target":20,"source":7,"value":0},{"target":21,"source":13,"value":0},{"target":22,"source":13,"value":0},{"target":23,"source":13,"value":0},{"target":24,"source":13,"value":0}],"Nova Scotia":[{"target":1,"source":0,"value":11458},{"target":2,"source":0,"value":5140},{"target":3,"source":0,"value":12712},{"target":4,"source":0,"value":15661},{"target":5,"source":1,"value":4606},{"target":6,"source":1,"value":5685},{"target":7,"source":1,"value":1167},{"target":8,"source":2,"value":3859},{"target":9,"source":2,"value":1242},{"target":10,"source":2,"value":39},{"target":11,"source":3,"value":11169},{"target":12,"source":3,"value":1113},{"target":13,"source":3,"value":430},{"target":14,"source":4,"value":15661},{"target":15,"source":4,"value":0},{"target":16,"source":4,"value":0},{"target":17,"source":7,"value":588},{"target":18,"source":7,"value":0},{"target":19,"source":7,"value":0},{"target":20,"source":7,"value":579},{"target":21,"source":13,"value":340},{"target":22,"source":13,"value":0},{"target":23,"source":13,"value":0},{"target":24,"source":13,"value":90}],"New Brunswick":[{"target":1,"source":0,"value":57947},{"target":2,"source":0,"value":231},{"target":3,"source":0,"value":306842},{"target":4,"source":0,"value":4592},{"target":5,"source":1,"value":258},{"target":6,"source":1,"value":13},{"target":7,"source":1,"value":57676},{"target":8,"source":2,"value":38},{"target":9,"source":2,"value":7},{"target":10,"source":2,"value":186},{"target":11,"source":3,"value":1287},{"target":12,"source":3,"value":22},{"target":13,"source":3,"value":305533},{"target":14,"source":4,"value":4592},{"target":15,"source":4,"value":0},{"target":16,"source":4,"value":0},{"target":17,"source":7,"value":56929},{"target":18,"source":7,"value":273},{"target":19,"source":7,"value":0},{"target":20,"source":7,"value":474},{"target":21,"source":13,"value":301823},{"target":22,"source":13,"value":2458},{"target":23,"source":13,"value":0},{"target":24,"source":13,"value":1252}],"Quebec":[{"target":1,"source":0,"value":182989},{"target":2,"source":0,"value":75068},{"target":3,"source":0,"value":484267},{"target":4,"source":0,"value":162459},{"target":5,"source":1,"value":59417},{"target":6,"source":1,"value":84},{"target":7,"source":1,"value":123488},{"target":8,"source":2,"value":66083},{"target":9,"source":2,"value":18},{"target":10,"source":2,"value":8967},{"target":11,"source":3,"value":88678},{"target":12,"source":3,"value":185},{"target":13,"source":3,"value":395404},{"target":14,"source":4,"value":162459},{"target":15,"source":4,"value":0},{"target":16,"source":4,"value":0},{"target":17,"source":7,"value":109068},{"target":18,"source":7,"value":12647},{"target":19,"source":7,"value":1434},{"target":20,"source":7,"value":339},{"target":21,"source":13,"value":348020},{"target":22,"source":13,"value":42402},{"target":23,"source":13,"value":1372},{"target":24,"source":13,"value":3610}],"Ontario":[{"target":1,"source":0,"value":977808},{"target":2,"source":0,"value":194205},{"target":3,"source":0,"value":2149114},{"target":4,"source":0,"value":414057},{"target":5,"source":1,"value":181802},{"target":6,"source":1,"value":9472},{"target":7,"source":1,"value":786534},{"target":8,"source":2,"value":162587},{"target":9,"source":2,"value":8},{"target":10,"source":2,"value":31610},{"target":11,"source":3,"value":328841},{"target":12,"source":3,"value":2210},{"target":13,"source":3,"value":1818063},{"target":14,"source":4,"value":414057},{"target":15,"source":4,"value":0},{"target":16,"source":4,"value":0},{"target":17,"source":7,"value":727711},{"target":18,"source":7,"value":46147},{"target":19,"source":7,"value":677},{"target":20,"source":7,"value":11999},{"target":21,"source":13,"value":1753768},{"target":22,"source":13,"value":53163},{"target":23,"source":13,"value":414},{"target":24,"source":13,"value":10718}],"Manitoba":[{"target":1,"source":0,"value":27151},{"target":2,"source":0,"value":799},{"target":3,"source":0,"value":127086},{"target":4,"source":0,"value":2204},{"target":5,"source":1,"value":4897},{"target":6,"source":1,"value":0},{"target":7,"source":1,"value":22254},{"target":8,"source":2,"value":710},{"target":9,"source":2,"value":0},{"target":10,"source":2,"value":89},{"target":11,"source":3,"value":11561},{"target":12,"source":3,"value":0},{"target":13,"source":3,"value":115525},{"target":14,"source":4,"value":2204},{"target":15,"source":4,"value":0},{"target":16,"source":4,"value":0},{"target":17,"source":7,"value":21780},{"target":18,"source":7,"value":410},{"target":19,"source":7,"value":0},{"target":20,"source":7,"value":64},{"target":21,"source":13,"value":111456},{"target":22,"source":13,"value":3788},{"target":23,"source":13,"value":0},{"target":24,"source":13,"value":281}],"Saskatchewan":[{"target":1,"source":0,"value":10999},{"target":2,"source":0,"value":420},{"target":3,"source":0,"value":41885},{"target":4,"source":0,"value":1630},{"target":5,"source":1,"value":3769},{"target":6,"source":1,"value":0},{"target":7,"source":1,"value":7230},{"target":8,"source":2,"value":353},{"target":9,"source":2,"value":0},{"target":10,"source":2,"value":67},{"target":11,"source":3,"value":10105},{"target":12,"source":3,"value":0},{"target":13,"source":3,"value":31780},{"target":14,"source":4,"value":1630},{"target":15,"source":4,"value":0},{"target":16,"source":4,"value":0},{"target":17,"source":7,"value":7064},{"target":18,"source":7,"value":128},{"target":19,"source":7,"value":0},{"target":20,"source":7,"value":38},{"target":21,"source":13,"value":30356},{"target":22,"source":13,"value":1131},{"target":23,"source":13,"value":0},{"target":24,"source":13,"value":293}],"Alberta":[{"target":1,"source":0,"value":52607},{"target":2,"source":0,"value":26353},{"target":3,"source":0,"value":186722},{"target":4,"source":0,"value":75139},{"target":5,"source":1,"value":40003},{"target":6,"source":1,"value":0},{"target":7,"source":1,"value":12604},{"target":8,"source":2,"value":25836},{"target":9,"source":2,"value":0},{"target":10,"source":2,"value":517},{"target":11,"source":3,"value":132796},{"target":12,"source":3,"value":0},{"target":13,"source":3,"value":53926},{"target":14,"source":4,"value":75139},{"target":15,"source":4,"value":0},{"target":16,"source":4,"value":0},{"target":17,"source":7,"value":12378},{"target":18,"source":7,"value":159},{"target":19,"source":7,"value":0},{"target":20,"source":7,"value":67},{"target":21,"source":13,"value":53213},{"target":22,"source":13,"value":421},{"target":23,"source":13,"value":0},{"target":24,"source":13,"value":292}],"British Columbia":[{"target":1,"source":0,"value":442525},{"target":2,"source":0,"value":158543},{"target":3,"source":0,"value":1340189},{"target":4,"source":0,"value":132505},{"target":5,"source":1,"value":89848},{"target":6,"source":1,"value":79351},{"target":7,"source":1,"value":273326},{"target":8,"source":2,"value":106955},{"target":9,"source":2,"value":25491},{"target":10,"source":2,"value":26097},{"target":11,"source":3,"value":107216},{"target":12,"source":3,"value":29409},{"target":13,"source":3,"value":1203564},{"target":14,"source":4,"value":131889},{"target":15,"source":4,"value":0},{"target":16,"source":4,"value":616},{"target":17,"source":7,"value":242723},{"target":18,"source":7,"value":10505},{"target":19,"source":7,"value":4818},{"target":20,"source":7,"value":15280},{"target":21,"source":13,"value":1174033},{"target":22,"source":13,"value":17167},{"target":23,"source":13,"value":2306},{"target":24,"source":13,"value":10058}],"Yukon":[{"target":1,"source":0,"value":31219},{"target":2,"source":0,"value":5212},{"target":3,"source":0,"value":9268},{"target":4,"source":0,"value":10},{"target":5,"source":1,"value":746},{"target":6,"source":1,"value":0},{"target":7,"source":1,"value":30473},{"target":8,"source":2,"value":134},{"target":9,"source":2,"value":0},{"target":10,"source":2,"value":5078},{"target":11,"source":3,"value":229},{"target":12,"source":3,"value":0},{"target":13,"source":3,"value":9039},{"target":14,"source":4,"value":10},{"target":15,"source":4,"value":0},{"target":16,"source":4,"value":0},{"target":17,"source":7,"value":9999},{"target":18,"source":7,"value":11187},{"target":19,"source":7,"value":9177},{"target":20,"source":7,"value":110},{"target":21,"source":13,"value":7132},{"target":22,"source":13,"value":1881},{"target":23,"source":13,"value":0},{"target":24,"source":13,"value":26}],"Nunavut":[{"target":1,"source":0,"value":40},{"target":2,"source":0,"value":27},{"target":3,"source":0,"value":3},{"target":4,"source":0,"value":0},{"target":5,"source":1,"value":40},{"target":6,"source":1,"value":0},{"target":7,"source":1,"value":0},{"target":8,"source":2,"value":27},{"target":9,"source":2,"value":0},{"target":10,"source":2,"value":".."},{"target":11,"source":3,"value":3},{"target":12,"source":3,"value":0},{"target":13,"source":3,"value":0},{"target":14,"source":4,"value":0},{"target":15,"source":4,"value":0},{"target":16,"source":4,"value":".."},{"target":17,"source":7,"value":".."},{"target":18,"source":7,"value":".."},{"target":19,"source":7,"value":".."},{"target":20,"source":7,"value":0},{"target":21,"source":13,"value":".."},{"target":22,"source":13,"value":".."},{"target":23,"source":13,"value":".."},{"target":24,"source":13,"value":0}],"nodes":[{"node":0,"name":"intl"},{"node":1,"name":"USres"},{"node":2,"name":"nonUSres"},{"node":3,"name":"cdnFromUS"},{"node":4,"name":"cdnFromOther"},{"node":5,"name":"USres_air"},{"node":6,"name":"USres_marine"},{"node":7,"name":"USres_land"},{"node":8,"name":"nonUSres_air"},{"node":9,"name":"nonUSres_marine"},{"node":10,"name":"nonUSres_land"},{"node":11,"name":"cdnFromUS_air"},{"node":12,"name":"cdnFromUS_marine"},{"node":13,"name":"cdnFromUS_land"},{"node":14,"name":"cdnFromOther_air"},{"node":15,"name":"cdnFromOther_marine"},{"node":16,"name":"cdnFromOther_land"},{"node":17,"name":"USres_car"},{"node":18,"name":"USres_bus"},{"node":19,"name":"USres_train"},{"node":20,"name":"USres_other"},{"node":21,"name":"cdnFromUS_car"},{"node":22,"name":"cdnFromUS_bus"},{"node":23,"name":"cdnFromUS_train"},{"node":24,"name":"cdnFromUS_other"}]}