{"Canada":[{"target":1,"source":0,"value":1377156},{"target":2,"source":0,"value":348648},{"target":3,"source":0,"value":3890368},{"target":4,"source":0,"value":843632},{"target":5,"source":1,"value":314794},{"target":6,"source":1,"value":408},{"target":7,"source":1,"value":1061954},{"target":8,"source":2,"value":316772},{"target":9,"source":2,"value":212},{"target":10,"source":2,"value":31664},{"target":11,"source":3,"value":664571},{"target":12,"source":3,"value":125},{"target":13,"source":3,"value":3225672},{"target":14,"source":4,"value":843289},{"target":15,"source":4,"value":47},{"target":16,"source":4,"value":296},{"target":17,"source":7,"value":993741},{"target":18,"source":7,"value":46729},{"target":19,"source":7,"value":4552},{"target":20,"source":7,"value":16932},{"target":21,"source":13,"value":3137105},{"target":22,"source":13,"value":69739},{"target":23,"source":13,"value":3133},{"target":24,"source":13,"value":15695}],"Newfoundland and Labrador":[{"target":1,"source":0,"value":1382},{"target":2,"source":0,"value":1993},{"target":3,"source":0,"value":1266},{"target":4,"source":0,"value":864},{"target":5,"source":1,"value":1376},{"target":6,"source":1,"value":6},{"target":7,"source":1,"value":0},{"target":8,"source":2,"value":1825},{"target":9,"source":2,"value":168},{"target":10,"source":2,"value":0},{"target":11,"source":3,"value":1266},{"target":12,"source":3,"value":0},{"target":13,"source":3,"value":0},{"target":14,"source":4,"value":817},{"target":15,"source":4,"value":47},{"target":16,"source":4,"value":0},{"target":17,"source":7,"value":0},{"target":18,"source":7,"value":0},{"target":19,"source":7,"value":0},{"target":20,"source":7,"value":0},{"target":21,"source":13,"value":0},{"target":22,"source":13,"value":0},{"target":23,"source":13,"value":0},{"target":24,"source":13,"value":0}],"Prince Edward Island":[{"target":1,"source":0,"value":8},{"target":2,"source":0,"value":0},{"target":3,"source":0,"value":3},{"target":4,"source":0,"value":0},{"target":5,"source":1,"value":8},{"target":6,"source":1,"value":0},{"target":7,"source":1,"value":0},{"target":8,"source":2,"value":0},{"target":9,"source":2,"value":0},{"target":10,"source":2,"value":0},{"target":11,"source":3,"value":3},{"target":12,"source":3,"value":0},{"target":13,"source":3,"value":0},{"target":14,"source":4,"value":0},{"target":15,"source":4,"value":0},{"target":16,"source":4,"value":0},{"target":17,"source":7,"value":0},{"target":18,"source":7,"value":0},{"target":19,"source":7,"value":0},{"target":20,"source":7,"value":0},{"target":21,"source":13,"value":0},{"target":22,"source":13,"value":0},{"target":23,"source":13,"value":0},{"target":24,"source":13,"value":0}],"Nova Scotia":[{"target":1,"source":0,"value":3563},{"target":2,"source":0,"value":2068},{"target":3,"source":0,"value":7995},{"target":4,"source":0,"value":3259},{"target":5,"source":1,"value":3562},{"target":6,"source":1,"value":1},{"target":7,"source":1,"value":0},{"target":8,"source":2,"value":2062},{"target":9,"source":2,"value":6},{"target":10,"source":2,"value":0},{"target":11,"source":3,"value":7995},{"target":12,"source":3,"value":0},{"target":13,"source":3,"value":0},{"target":14,"source":4,"value":3259},{"target":15,"source":4,"value":0},{"target":16,"source":4,"value":0},{"target":17,"source":7,"value":0},{"target":18,"source":7,"value":0},{"target":19,"source":7,"value":0},{"target":20,"source":7,"value":0},{"target":21,"source":13,"value":0},{"target":22,"source":13,"value":0},{"target":23,"source":13,"value":0},{"target":24,"source":13,"value":0}],"New Brunswick":[{"target":1,"source":0,"value":47564},{"target":2,"source":0,"value":133},{"target":3,"source":0,"value":248037},{"target":4,"source":0,"value":474},{"target":5,"source":1,"value":51},{"target":6,"source":1,"value":0},{"target":7,"source":1,"value":47513},{"target":8,"source":2,"value":25},{"target":9,"source":2,"value":0},{"target":10,"source":2,"value":108},{"target":11,"source":3,"value":181},{"target":12,"source":3,"value":7},{"target":13,"source":3,"value":247849},{"target":14,"source":4,"value":474},{"target":15,"source":4,"value":0},{"target":16,"source":4,"value":0},{"target":17,"source":7,"value":47101},{"target":18,"source":7,"value":222},{"target":19,"source":7,"value":0},{"target":20,"source":7,"value":190},{"target":21,"source":13,"value":246354},{"target":22,"source":13,"value":1041},{"target":23,"source":13,"value":0},{"target":24,"source":13,"value":454}],"Quebec":[{"target":1,"source":0,"value":157283},{"target":2,"source":0,"value":63712},{"target":3,"source":0,"value":341244},{"target":4,"source":0,"value":175506},{"target":5,"source":1,"value":45620},{"target":6,"source":1,"value":0},{"target":7,"source":1,"value":111663},{"target":8,"source":2,"value":60259},{"target":9,"source":2,"value":34},{"target":10,"source":2,"value":3419},{"target":11,"source":3,"value":85601},{"target":12,"source":3,"value":0},{"target":13,"source":3,"value":255643},{"target":14,"source":4,"value":175506},{"target":15,"source":4,"value":0},{"target":16,"source":4,"value":0},{"target":17,"source":7,"value":103629},{"target":18,"source":7,"value":6360},{"target":19,"source":7,"value":1601},{"target":20,"source":7,"value":73},{"target":21,"source":13,"value":241280},{"target":22,"source":13,"value":12854},{"target":23,"source":13,"value":1316},{"target":24,"source":13,"value":193}],"Ontario":[{"target":1,"source":0,"value":771191},{"target":2,"source":0,"value":148519},{"target":3,"source":0,"value":1900665},{"target":4,"source":0,"value":415572},{"target":5,"source":1,"value":155764},{"target":6,"source":1,"value":256},{"target":7,"source":1,"value":615171},{"target":8,"source":2,"value":139212},{"target":9,"source":2,"value":1},{"target":10,"source":2,"value":9306},{"target":11,"source":3,"value":305153},{"target":12,"source":3,"value":9},{"target":13,"source":3,"value":1595503},{"target":14,"source":4,"value":415572},{"target":15,"source":4,"value":0},{"target":16,"source":4,"value":0},{"target":17,"source":7,"value":574448},{"target":18,"source":7,"value":35284},{"target":19,"source":7,"value":454},{"target":20,"source":7,"value":4985},{"target":21,"source":13,"value":1549015},{"target":22,"source":13,"value":41146},{"target":23,"source":13,"value":430},{"target":24,"source":13,"value":4912}],"Manitoba":[{"target":1,"source":0,"value":20538},{"target":2,"source":0,"value":739},{"target":3,"source":0,"value":99893},{"target":4,"source":0,"value":11141},{"target":5,"source":1,"value":4238},{"target":6,"source":1,"value":0},{"target":7,"source":1,"value":16300},{"target":8,"source":2,"value":703},{"target":9,"source":2,"value":0},{"target":10,"source":2,"value":36},{"target":11,"source":3,"value":13138},{"target":12,"source":3,"value":0},{"target":13,"source":3,"value":86755},{"target":14,"source":4,"value":11141},{"target":15,"source":4,"value":0},{"target":16,"source":4,"value":0},{"target":17,"source":7,"value":16182},{"target":18,"source":7,"value":114},{"target":19,"source":7,"value":0},{"target":20,"source":7,"value":4},{"target":21,"source":13,"value":84171},{"target":22,"source":13,"value":2583},{"target":23,"source":13,"value":0},{"target":24,"source":13,"value":1}],"Saskatchewan":[{"target":1,"source":0,"value":8057},{"target":2,"source":0,"value":401},{"target":3,"source":0,"value":37558},{"target":4,"source":0,"value":11335},{"target":5,"source":1,"value":2926},{"target":6,"source":1,"value":0},{"target":7,"source":1,"value":5131},{"target":8,"source":2,"value":381},{"target":9,"source":2,"value":0},{"target":10,"source":2,"value":20},{"target":11,"source":3,"value":12581},{"target":12,"source":3,"value":0},{"target":13,"source":3,"value":24977},{"target":14,"source":4,"value":11335},{"target":15,"source":4,"value":0},{"target":16,"source":4,"value":0},{"target":17,"source":7,"value":5076},{"target":18,"source":7,"value":0},{"target":19,"source":7,"value":0},{"target":20,"source":7,"value":55},{"target":21,"source":13,"value":24553},{"target":22,"source":13,"value":353},{"target":23,"source":13,"value":0},{"target":24,"source":13,"value":71}],"Alberta":[{"target":1,"source":0,"value":42989},{"target":2,"source":0,"value":19617},{"target":3,"source":0,"value":159936},{"target":4,"source":0,"value":88096},{"target":5,"source":1,"value":35709},{"target":6,"source":1,"value":0},{"target":7,"source":1,"value":7280},{"target":8,"source":2,"value":19581},{"target":9,"source":2,"value":0},{"target":10,"source":2,"value":36},{"target":11,"source":3,"value":124118},{"target":12,"source":3,"value":0},{"target":13,"source":3,"value":35818},{"target":14,"source":4,"value":88096},{"target":15,"source":4,"value":0},{"target":16,"source":4,"value":0},{"target":17,"source":7,"value":7280},{"target":18,"source":7,"value":0},{"target":19,"source":7,"value":0},{"target":20,"source":7,"value":0},{"target":21,"source":13,"value":35601},{"target":22,"source":13,"value":207},{"target":23,"source":13,"value":0},{"target":24,"source":13,"value":10}],"British Columbia":[{"target":1,"source":0,"value":322424},{"target":2,"source":0,"value":111391},{"target":3,"source":0,"value":1092540},{"target":4,"source":0,"value":137366},{"target":5,"source":1,"value":65493},{"target":6,"source":1,"value":145},{"target":7,"source":1,"value":256786},{"target":8,"source":2,"value":92688},{"target":9,"source":2,"value":3},{"target":10,"source":2,"value":18700},{"target":11,"source":3,"value":114522},{"target":12,"source":3,"value":109},{"target":13,"source":3,"value":977909},{"target":14,"source":4,"value":137070},{"target":15,"source":4,"value":0},{"target":16,"source":4,"value":296},{"target":17,"source":7,"value":237930},{"target":18,"source":7,"value":4735},{"target":19,"source":7,"value":2497},{"target":20,"source":7,"value":11624},{"target":21,"source":13,"value":954937},{"target":22,"source":13,"value":11541},{"target":23,"source":13,"value":1387},{"target":24,"source":13,"value":10044}],"Yukon":[{"target":1,"source":0,"value":2122},{"target":2,"source":0,"value":51},{"target":3,"source":0,"value":1225},{"target":4,"source":0,"value":0},{"target":5,"source":1,"value":12},{"target":6,"source":1,"value":0},{"target":7,"source":1,"value":2110},{"target":8,"source":2,"value":12},{"target":9,"source":2,"value":0},{"target":10,"source":2,"value":39},{"target":11,"source":3,"value":7},{"target":12,"source":3,"value":0},{"target":13,"source":3,"value":1218},{"target":14,"source":4,"value":0},{"target":15,"source":4,"value":0},{"target":16,"source":4,"value":0},{"target":17,"source":7,"value":2095},{"target":18,"source":7,"value":14},{"target":19,"source":7,"value":0},{"target":20,"source":7,"value":1},{"target":21,"source":13,"value":1194},{"target":22,"source":13,"value":14},{"target":23,"source":13,"value":0},{"target":24,"source":13,"value":10}],"Nunavut":[{"target":1,"source":0,"value":35},{"target":2,"source":0,"value":24},{"target":3,"source":0,"value":6},{"target":4,"source":0,"value":19},{"target":5,"source":1,"value":35},{"target":6,"source":1,"value":0},{"target":7,"source":1,"value":0},{"target":8,"source":2,"value":24},{"target":9,"source":2,"value":0},{"target":10,"source":2,"value":".."},{"target":11,"source":3,"value":6},{"target":12,"source":3,"value":0},{"target":13,"source":3,"value":0},{"target":14,"source":4,"value":19},{"target":15,"source":4,"value":0},{"target":16,"source":4,"value":".."},{"target":17,"source":7,"value":".."},{"target":18,"source":7,"value":".."},{"target":19,"source":7,"value":".."},{"target":20,"source":7,"value":0},{"target":21,"source":13,"value":".."},{"target":22,"source":13,"value":".."},{"target":23,"source":13,"value":".."},{"target":24,"source":13,"value":0}],"nodes":[{"node":0,"name":"intl"},{"node":1,"name":"USres"},{"node":2,"name":"nonUSres"},{"node":3,"name":"cdnFromUS"},{"node":4,"name":"cdnFromOther"},{"node":5,"name":"USres_air"},{"node":6,"name":"USres_marine"},{"node":7,"name":"USres_land"},{"node":8,"name":"nonUSres_air"},{"node":9,"name":"nonUSres_marine"},{"node":10,"name":"nonUSres_land"},{"node":11,"name":"cdnFromUS_air"},{"node":12,"name":"cdnFromUS_marine"},{"node":13,"name":"cdnFromUS_land"},{"node":14,"name":"cdnFromOther_air"},{"node":15,"name":"cdnFromOther_marine"},{"node":16,"name":"cdnFromOther_land"},{"node":17,"name":"USres_car"},{"node":18,"name":"USres_bus"},{"node":19,"name":"USres_train"},{"node":20,"name":"USres_other"},{"node":21,"name":"cdnFromUS_car"},{"node":22,"name":"cdnFromUS_bus"},{"node":23,"name":"cdnFromUS_train"},{"node":24,"name":"cdnFromUS_other"}]}