{"Canada":[{"target":1,"source":0,"value":2384427},{"target":2,"source":0,"value":619889},{"target":3,"source":0,"value":4415870},{"target":4,"source":0,"value":673130},{"target":5,"source":1,"value":533777},{"target":6,"source":1,"value":166371},{"target":7,"source":1,"value":1684279},{"target":8,"source":2,"value":506218},{"target":9,"source":2,"value":30337},{"target":10,"source":2,"value":83334},{"target":11,"source":3,"value":530751},{"target":12,"source":3,"value":26599},{"target":13,"source":3,"value":3858520},{"target":14,"source":4,"value":672140},{"target":15,"source":4,"value":553},{"target":16,"source":4,"value":437},{"target":17,"source":7,"value":1516930},{"target":18,"source":7,"value":99374},{"target":19,"source":7,"value":24313},{"target":20,"source":7,"value":43662},{"target":21,"source":13,"value":3714487},{"target":22,"source":13,"value":94406},{"target":23,"source":13,"value":3762},{"target":24,"source":13,"value":45865}],"Newfoundland and Labrador":[{"target":1,"source":0,"value":4038},{"target":2,"source":0,"value":3516},{"target":3,"source":0,"value":2239},{"target":4,"source":0,"value":3712},{"target":5,"source":1,"value":3976},{"target":6,"source":1,"value":62},{"target":7,"source":1,"value":0},{"target":8,"source":2,"value":3117},{"target":9,"source":2,"value":399},{"target":10,"source":2,"value":0},{"target":11,"source":3,"value":1920},{"target":12,"source":3,"value":319},{"target":13,"source":3,"value":0},{"target":14,"source":4,"value":3161},{"target":15,"source":4,"value":551},{"target":16,"source":4,"value":0},{"target":17,"source":7,"value":0},{"target":18,"source":7,"value":0},{"target":19,"source":7,"value":0},{"target":20,"source":7,"value":0},{"target":21,"source":13,"value":0},{"target":22,"source":13,"value":0},{"target":23,"source":13,"value":0},{"target":24,"source":13,"value":0}],"Prince Edward Island":[{"target":1,"source":0,"value":52},{"target":2,"source":0,"value":1},{"target":3,"source":0,"value":4},{"target":4,"source":0,"value":0},{"target":5,"source":1,"value":52},{"target":6,"source":1,"value":0},{"target":7,"source":1,"value":0},{"target":8,"source":2,"value":1},{"target":9,"source":2,"value":0},{"target":10,"source":2,"value":0},{"target":11,"source":3,"value":4},{"target":12,"source":3,"value":0},{"target":13,"source":3,"value":0},{"target":14,"source":4,"value":0},{"target":15,"source":4,"value":0},{"target":16,"source":4,"value":0},{"target":17,"source":7,"value":0},{"target":18,"source":7,"value":0},{"target":19,"source":7,"value":0},{"target":20,"source":7,"value":0},{"target":21,"source":13,"value":0},{"target":22,"source":13,"value":0},{"target":23,"source":13,"value":0},{"target":24,"source":13,"value":0}],"Nova Scotia":[{"target":1,"source":0,"value":18585},{"target":2,"source":0,"value":8317},{"target":3,"source":0,"value":8609},{"target":4,"source":0,"value":5272},{"target":5,"source":1,"value":9551},{"target":6,"source":1,"value":6408},{"target":7,"source":1,"value":2626},{"target":8,"source":2,"value":5980},{"target":9,"source":2,"value":2238},{"target":10,"source":2,"value":99},{"target":11,"source":3,"value":6140},{"target":12,"source":3,"value":1430},{"target":13,"source":3,"value":1039},{"target":14,"source":4,"value":5272},{"target":15,"source":4,"value":0},{"target":16,"source":4,"value":0},{"target":17,"source":7,"value":1903},{"target":18,"source":7,"value":0},{"target":19,"source":7,"value":0},{"target":20,"source":7,"value":723},{"target":21,"source":13,"value":668},{"target":22,"source":13,"value":0},{"target":23,"source":13,"value":0},{"target":24,"source":13,"value":371}],"New Brunswick":[{"target":1,"source":0,"value":81865},{"target":2,"source":0,"value":475},{"target":3,"source":0,"value":297793},{"target":4,"source":0,"value":126},{"target":5,"source":1,"value":689},{"target":6,"source":1,"value":45},{"target":7,"source":1,"value":81131},{"target":8,"source":2,"value":68},{"target":9,"source":2,"value":4},{"target":10,"source":2,"value":403},{"target":11,"source":3,"value":727},{"target":12,"source":3,"value":57},{"target":13,"source":3,"value":297009},{"target":14,"source":4,"value":126},{"target":15,"source":4,"value":0},{"target":16,"source":4,"value":0},{"target":17,"source":7,"value":79443},{"target":18,"source":7,"value":673},{"target":19,"source":7,"value":0},{"target":20,"source":7,"value":1015},{"target":21,"source":13,"value":292657},{"target":22,"source":13,"value":1568},{"target":23,"source":13,"value":0},{"target":24,"source":13,"value":2784}],"Quebec":[{"target":1,"source":0,"value":228766},{"target":2,"source":0,"value":102282},{"target":3,"source":0,"value":536912},{"target":4,"source":0,"value":159280},{"target":5,"source":1,"value":83393},{"target":6,"source":1,"value":290},{"target":7,"source":1,"value":145083},{"target":8,"source":2,"value":91111},{"target":9,"source":2,"value":66},{"target":10,"source":2,"value":11105},{"target":11,"source":3,"value":69148},{"target":12,"source":3,"value":1635},{"target":13,"source":3,"value":466129},{"target":14,"source":4,"value":159278},{"target":15,"source":4,"value":2},{"target":16,"source":4,"value":0},{"target":17,"source":7,"value":130662},{"target":18,"source":7,"value":11360},{"target":19,"source":7,"value":2039},{"target":20,"source":7,"value":1022},{"target":21,"source":13,"value":424304},{"target":22,"source":13,"value":25309},{"target":23,"source":13,"value":1409},{"target":24,"source":13,"value":15107}],"Ontario":[{"target":1,"source":0,"value":1265756},{"target":2,"source":0,"value":255046},{"target":3,"source":0,"value":1960654},{"target":4,"source":0,"value":340063},{"target":5,"source":1,"value":232153},{"target":6,"source":1,"value":20296},{"target":7,"source":1,"value":1013307},{"target":8,"source":2,"value":223191},{"target":9,"source":2,"value":32},{"target":10,"source":2,"value":31823},{"target":11,"source":3,"value":263827},{"target":12,"source":3,"value":6041},{"target":13,"source":3,"value":1690786},{"target":14,"source":4,"value":340063},{"target":15,"source":4,"value":0},{"target":16,"source":4,"value":0},{"target":17,"source":7,"value":938068},{"target":18,"source":7,"value":54018},{"target":19,"source":7,"value":814},{"target":20,"source":7,"value":20407},{"target":21,"source":13,"value":1627140},{"target":22,"source":13,"value":49445},{"target":23,"source":13,"value":400},{"target":24,"source":13,"value":13801}],"Manitoba":[{"target":1,"source":0,"value":43215},{"target":2,"source":0,"value":1161},{"target":3,"source":0,"value":114474},{"target":4,"source":0,"value":1162},{"target":5,"source":1,"value":8941},{"target":6,"source":1,"value":0},{"target":7,"source":1,"value":34274},{"target":8,"source":2,"value":980},{"target":9,"source":2,"value":0},{"target":10,"source":2,"value":181},{"target":11,"source":3,"value":7979},{"target":12,"source":3,"value":0},{"target":13,"source":3,"value":106495},{"target":14,"source":4,"value":1162},{"target":15,"source":4,"value":0},{"target":16,"source":4,"value":0},{"target":17,"source":7,"value":33682},{"target":18,"source":7,"value":420},{"target":19,"source":7,"value":0},{"target":20,"source":7,"value":172},{"target":21,"source":13,"value":103596},{"target":22,"source":13,"value":2082},{"target":23,"source":13,"value":0},{"target":24,"source":13,"value":817}],"Saskatchewan":[{"target":1,"source":0,"value":16385},{"target":2,"source":0,"value":716},{"target":3,"source":0,"value":36064},{"target":4,"source":0,"value":827},{"target":5,"source":1,"value":5290},{"target":6,"source":1,"value":0},{"target":7,"source":1,"value":11095},{"target":8,"source":2,"value":621},{"target":9,"source":2,"value":0},{"target":10,"source":2,"value":95},{"target":11,"source":3,"value":6651},{"target":12,"source":3,"value":0},{"target":13,"source":3,"value":29413},{"target":14,"source":4,"value":827},{"target":15,"source":4,"value":0},{"target":16,"source":4,"value":0},{"target":17,"source":7,"value":10681},{"target":18,"source":7,"value":311},{"target":19,"source":7,"value":0},{"target":20,"source":7,"value":103},{"target":21,"source":13,"value":28626},{"target":22,"source":13,"value":452},{"target":23,"source":13,"value":0},{"target":24,"source":13,"value":335}],"Alberta":[{"target":1,"source":0,"value":91096},{"target":2,"source":0,"value":39510},{"target":3,"source":0,"value":146424},{"target":4,"source":0,"value":50925},{"target":5,"source":1,"value":62910},{"target":6,"source":1,"value":0},{"target":7,"source":1,"value":28186},{"target":8,"source":2,"value":38253},{"target":9,"source":2,"value":0},{"target":10,"source":2,"value":1257},{"target":11,"source":3,"value":95611},{"target":12,"source":3,"value":0},{"target":13,"source":3,"value":50813},{"target":14,"source":4,"value":50925},{"target":15,"source":4,"value":0},{"target":16,"source":4,"value":0},{"target":17,"source":7,"value":27031},{"target":18,"source":7,"value":936},{"target":19,"source":7,"value":0},{"target":20,"source":7,"value":219},{"target":21,"source":13,"value":49785},{"target":22,"source":13,"value":358},{"target":23,"source":13,"value":0},{"target":24,"source":13,"value":670}],"British Columbia":[{"target":1,"source":0,"value":574646},{"target":2,"source":0,"value":199222},{"target":3,"source":0,"value":1298755},{"target":4,"source":0,"value":111677},{"target":5,"source":1,"value":126048},{"target":6,"source":1,"value":139270},{"target":7,"source":1,"value":309328},{"target":8,"source":2,"value":141699},{"target":9,"source":2,"value":27598},{"target":10,"source":2,"value":29925},{"target":11,"source":3,"value":78528},{"target":12,"source":3,"value":17117},{"target":13,"source":3,"value":1203110},{"target":14,"source":4,"value":111240},{"target":15,"source":4,"value":0},{"target":16,"source":4,"value":437},{"target":17,"source":7,"value":275048},{"target":18,"source":7,"value":9511},{"target":19,"source":7,"value":5614},{"target":20,"source":7,"value":19155},{"target":21,"source":13,"value":1177608},{"target":22,"source":13,"value":12164},{"target":23,"source":13,"value":1495},{"target":24,"source":13,"value":11843}],"Yukon":[{"target":1,"source":0,"value":59941},{"target":2,"source":0,"value":9568},{"target":3,"source":0,"value":13895},{"target":4,"source":0,"value":50},{"target":5,"source":1,"value":692},{"target":6,"source":1,"value":0},{"target":7,"source":1,"value":59249},{"target":8,"source":2,"value":1122},{"target":9,"source":2,"value":0},{"target":10,"source":2,"value":8446},{"target":11,"source":3,"value":169},{"target":12,"source":3,"value":0},{"target":13,"source":3,"value":13726},{"target":14,"source":4,"value":50},{"target":15,"source":4,"value":0},{"target":16,"source":4,"value":0},{"target":17,"source":7,"value":20412},{"target":18,"source":7,"value":22145},{"target":19,"source":7,"value":15846},{"target":20,"source":7,"value":846},{"target":21,"source":13,"value":10103},{"target":22,"source":13,"value":3028},{"target":23,"source":13,"value":458},{"target":24,"source":13,"value":137}],"Nunavut":[{"target":1,"source":0,"value":82},{"target":2,"source":0,"value":75},{"target":3,"source":0,"value":47},{"target":4,"source":0,"value":36},{"target":5,"source":1,"value":82},{"target":6,"source":1,"value":0},{"target":7,"source":1,"value":0},{"target":8,"source":2,"value":75},{"target":9,"source":2,"value":0},{"target":10,"source":2,"value":".."},{"target":11,"source":3,"value":47},{"target":12,"source":3,"value":0},{"target":13,"source":3,"value":0},{"target":14,"source":4,"value":36},{"target":15,"source":4,"value":0},{"target":16,"source":4,"value":".."},{"target":17,"source":7,"value":".."},{"target":18,"source":7,"value":".."},{"target":19,"source":7,"value":".."},{"target":20,"source":7,"value":0},{"target":21,"source":13,"value":".."},{"target":22,"source":13,"value":".."},{"target":23,"source":13,"value":".."},{"target":24,"source":13,"value":0}],"nodes":[{"node":0,"name":"intl"},{"node":1,"name":"USres"},{"node":2,"name":"nonUSres"},{"node":3,"name":"cdnFromUS"},{"node":4,"name":"cdnFromOther"},{"node":5,"name":"USres_air"},{"node":6,"name":"USres_marine"},{"node":7,"name":"USres_land"},{"node":8,"name":"nonUSres_air"},{"node":9,"name":"nonUSres_marine"},{"node":10,"name":"nonUSres_land"},{"node":11,"name":"cdnFromUS_air"},{"node":12,"name":"cdnFromUS_marine"},{"node":13,"name":"cdnFromUS_land"},{"node":14,"name":"cdnFromOther_air"},{"node":15,"name":"cdnFromOther_marine"},{"node":16,"name":"cdnFromOther_land"},{"node":17,"name":"USres_car"},{"node":18,"name":"USres_bus"},{"node":19,"name":"USres_train"},{"node":20,"name":"USres_other"},{"node":21,"name":"cdnFromUS_car"},{"node":22,"name":"cdnFromUS_bus"},{"node":23,"name":"cdnFromUS_train"},{"node":24,"name":"cdnFromUS_other"}]}