{"Canada":[{"target":1,"source":0,"value":965268},{"target":2,"source":0,"value":222831},{"target":3,"source":0,"value":3460438},{"target":4,"source":0,"value":968400},{"target":5,"source":1,"value":206159},{"target":6,"source":1,"value":111},{"target":7,"source":1,"value":758998},{"target":8,"source":2,"value":198920},{"target":9,"source":2,"value":77},{"target":10,"source":2,"value":23834},{"target":11,"source":3,"value":769379},{"target":12,"source":3,"value":157},{"target":13,"source":3,"value":2690902},{"target":14,"source":4,"value":967995},{"target":15,"source":4,"value":1},{"target":16,"source":4,"value":404},{"target":17,"source":7,"value":701138},{"target":18,"source":7,"value":46824},{"target":19,"source":7,"value":2794},{"target":20,"source":7,"value":8242},{"target":21,"source":13,"value":2616517},{"target":22,"source":13,"value":64052},{"target":23,"source":13,"value":2526},{"target":24,"source":13,"value":7807}],"Newfoundland and Labrador":[{"target":1,"source":0,"value":836},{"target":2,"source":0,"value":1370},{"target":3,"source":0,"value":869},{"target":4,"source":0,"value":373},{"target":5,"source":1,"value":835},{"target":6,"source":1,"value":1},{"target":7,"source":1,"value":0},{"target":8,"source":2,"value":1331},{"target":9,"source":2,"value":39},{"target":10,"source":2,"value":0},{"target":11,"source":3,"value":869},{"target":12,"source":3,"value":0},{"target":13,"source":3,"value":0},{"target":14,"source":4,"value":372},{"target":15,"source":4,"value":1},{"target":16,"source":4,"value":0},{"target":17,"source":7,"value":0},{"target":18,"source":7,"value":0},{"target":19,"source":7,"value":0},{"target":20,"source":7,"value":0},{"target":21,"source":13,"value":0},{"target":22,"source":13,"value":0},{"target":23,"source":13,"value":0},{"target":24,"source":13,"value":0}],"Prince Edward Island":[{"target":1,"source":0,"value":4},{"target":2,"source":0,"value":5},{"target":3,"source":0,"value":8},{"target":4,"source":0,"value":171},{"target":5,"source":1,"value":4},{"target":6,"source":1,"value":0},{"target":7,"source":1,"value":0},{"target":8,"source":2,"value":5},{"target":9,"source":2,"value":0},{"target":10,"source":2,"value":0},{"target":11,"source":3,"value":8},{"target":12,"source":3,"value":0},{"target":13,"source":3,"value":0},{"target":14,"source":4,"value":171},{"target":15,"source":4,"value":0},{"target":16,"source":4,"value":0},{"target":17,"source":7,"value":0},{"target":18,"source":7,"value":0},{"target":19,"source":7,"value":0},{"target":20,"source":7,"value":0},{"target":21,"source":13,"value":0},{"target":22,"source":13,"value":0},{"target":23,"source":13,"value":0},{"target":24,"source":13,"value":0}],"Nova Scotia":[{"target":1,"source":0,"value":1567},{"target":2,"source":0,"value":1339},{"target":3,"source":0,"value":9597},{"target":4,"source":0,"value":13983},{"target":5,"source":1,"value":1567},{"target":6,"source":1,"value":0},{"target":7,"source":1,"value":0},{"target":8,"source":2,"value":1333},{"target":9,"source":2,"value":6},{"target":10,"source":2,"value":0},{"target":11,"source":3,"value":9597},{"target":12,"source":3,"value":0},{"target":13,"source":3,"value":0},{"target":14,"source":4,"value":13983},{"target":15,"source":4,"value":0},{"target":16,"source":4,"value":0},{"target":17,"source":7,"value":0},{"target":18,"source":7,"value":0},{"target":19,"source":7,"value":0},{"target":20,"source":7,"value":0},{"target":21,"source":13,"value":0},{"target":22,"source":13,"value":0},{"target":23,"source":13,"value":0},{"target":24,"source":13,"value":0}],"New Brunswick":[{"target":1,"source":0,"value":36889},{"target":2,"source":0,"value":52},{"target":3,"source":0,"value":214853},{"target":4,"source":0,"value":3826},{"target":5,"source":1,"value":109},{"target":6,"source":1,"value":0},{"target":7,"source":1,"value":36780},{"target":8,"source":2,"value":16},{"target":9,"source":2,"value":8},{"target":10,"source":2,"value":28},{"target":11,"source":3,"value":672},{"target":12,"source":3,"value":2},{"target":13,"source":3,"value":214179},{"target":14,"source":4,"value":3826},{"target":15,"source":4,"value":0},{"target":16,"source":4,"value":0},{"target":17,"source":7,"value":36418},{"target":18,"source":7,"value":100},{"target":19,"source":7,"value":0},{"target":20,"source":7,"value":262},{"target":21,"source":13,"value":213267},{"target":22,"source":13,"value":348},{"target":23,"source":13,"value":0},{"target":24,"source":13,"value":564}],"Quebec":[{"target":1,"source":0,"value":115413},{"target":2,"source":0,"value":43991},{"target":3,"source":0,"value":316368},{"target":4,"source":0,"value":217053},{"target":5,"source":1,"value":30920},{"target":6,"source":1,"value":0},{"target":7,"source":1,"value":84493},{"target":8,"source":2,"value":41856},{"target":9,"source":2,"value":17},{"target":10,"source":2,"value":2118},{"target":11,"source":3,"value":103473},{"target":12,"source":3,"value":0},{"target":13,"source":3,"value":212895},{"target":14,"source":4,"value":217053},{"target":15,"source":4,"value":0},{"target":16,"source":4,"value":0},{"target":17,"source":7,"value":74316},{"target":18,"source":7,"value":9000},{"target":19,"source":7,"value":843},{"target":20,"source":7,"value":334},{"target":21,"source":13,"value":198299},{"target":22,"source":13,"value":13505},{"target":23,"source":13,"value":846},{"target":24,"source":13,"value":245}],"Ontario":[{"target":1,"source":0,"value":519965},{"target":2,"source":0,"value":87884},{"target":3,"source":0,"value":1635382},{"target":4,"source":0,"value":440796},{"target":5,"source":1,"value":97382},{"target":6,"source":1,"value":18},{"target":7,"source":1,"value":422565},{"target":8,"source":2,"value":81424},{"target":9,"source":2,"value":0},{"target":10,"source":2,"value":6460},{"target":11,"source":3,"value":363694},{"target":12,"source":3,"value":10},{"target":13,"source":3,"value":1271678},{"target":14,"source":4,"value":440796},{"target":15,"source":4,"value":0},{"target":16,"source":4,"value":0},{"target":17,"source":7,"value":387369},{"target":18,"source":7,"value":32625},{"target":19,"source":7,"value":257},{"target":20,"source":7,"value":2314},{"target":21,"source":13,"value":1236240},{"target":22,"source":13,"value":33315},{"target":23,"source":13,"value":291},{"target":24,"source":13,"value":1832}],"Manitoba":[{"target":1,"source":0,"value":16059},{"target":2,"source":0,"value":551},{"target":3,"source":0,"value":95346},{"target":4,"source":0,"value":25471},{"target":5,"source":1,"value":2999},{"target":6,"source":1,"value":0},{"target":7,"source":1,"value":13060},{"target":8,"source":2,"value":456},{"target":9,"source":2,"value":0},{"target":10,"source":2,"value":95},{"target":11,"source":3,"value":16506},{"target":12,"source":3,"value":0},{"target":13,"source":3,"value":78840},{"target":14,"source":4,"value":25471},{"target":15,"source":4,"value":0},{"target":16,"source":4,"value":0},{"target":17,"source":7,"value":12599},{"target":18,"source":7,"value":428},{"target":19,"source":7,"value":0},{"target":20,"source":7,"value":33},{"target":21,"source":13,"value":75601},{"target":22,"source":13,"value":3160},{"target":23,"source":13,"value":0},{"target":24,"source":13,"value":79}],"Saskatchewan":[{"target":1,"source":0,"value":5280},{"target":2,"source":0,"value":191},{"target":3,"source":0,"value":38381},{"target":4,"source":0,"value":24727},{"target":5,"source":1,"value":1707},{"target":6,"source":1,"value":0},{"target":7,"source":1,"value":3573},{"target":8,"source":2,"value":172},{"target":9,"source":2,"value":0},{"target":10,"source":2,"value":19},{"target":11,"source":3,"value":14554},{"target":12,"source":3,"value":0},{"target":13,"source":3,"value":23827},{"target":14,"source":4,"value":24727},{"target":15,"source":4,"value":0},{"target":16,"source":4,"value":0},{"target":17,"source":7,"value":3532},{"target":18,"source":7,"value":13},{"target":19,"source":7,"value":0},{"target":20,"source":7,"value":28},{"target":21,"source":13,"value":23190},{"target":22,"source":13,"value":598},{"target":23,"source":13,"value":0},{"target":24,"source":13,"value":39}],"Alberta":[{"target":1,"source":0,"value":29995},{"target":2,"source":0,"value":13842},{"target":3,"source":0,"value":183409},{"target":4,"source":0,"value":102107},{"target":5,"source":1,"value":25197},{"target":6,"source":1,"value":0},{"target":7,"source":1,"value":4798},{"target":8,"source":2,"value":13759},{"target":9,"source":2,"value":0},{"target":10,"source":2,"value":83},{"target":11,"source":3,"value":144371},{"target":12,"source":3,"value":0},{"target":13,"source":3,"value":39038},{"target":14,"source":4,"value":102107},{"target":15,"source":4,"value":0},{"target":16,"source":4,"value":0},{"target":17,"source":7,"value":4726},{"target":18,"source":7,"value":44},{"target":19,"source":7,"value":0},{"target":20,"source":7,"value":28},{"target":21,"source":13,"value":38423},{"target":22,"source":13,"value":607},{"target":23,"source":13,"value":0},{"target":24,"source":13,"value":8}],"British Columbia":[{"target":1,"source":0,"value":237541},{"target":2,"source":0,"value":73503},{"target":3,"source":0,"value":965367},{"target":4,"source":0,"value":139891},{"target":5,"source":1,"value":45365},{"target":6,"source":1,"value":92},{"target":7,"source":1,"value":192084},{"target":8,"source":2,"value":58541},{"target":9,"source":2,"value":7},{"target":10,"source":2,"value":14955},{"target":11,"source":3,"value":115613},{"target":12,"source":3,"value":145},{"target":13,"source":3,"value":849609},{"target":14,"source":4,"value":139487},{"target":15,"source":4,"value":0},{"target":16,"source":4,"value":404},{"target":17,"source":7,"value":180553},{"target":18,"source":7,"value":4594},{"target":19,"source":7,"value":1694},{"target":20,"source":7,"value":5243},{"target":21,"source":13,"value":830661},{"target":22,"source":13,"value":12519},{"target":23,"source":13,"value":1389},{"target":24,"source":13,"value":5040}],"Yukon":[{"target":1,"source":0,"value":1677},{"target":2,"source":0,"value":79},{"target":3,"source":0,"value":839},{"target":4,"source":0,"value":0},{"target":5,"source":1,"value":32},{"target":6,"source":1,"value":0},{"target":7,"source":1,"value":1645},{"target":8,"source":2,"value":3},{"target":9,"source":2,"value":0},{"target":10,"source":2,"value":76},{"target":11,"source":3,"value":3},{"target":12,"source":3,"value":0},{"target":13,"source":3,"value":836},{"target":14,"source":4,"value":0},{"target":15,"source":4,"value":0},{"target":16,"source":4,"value":0},{"target":17,"source":7,"value":1625},{"target":18,"source":7,"value":20},{"target":19,"source":7,"value":0},{"target":20,"source":7,"value":0},{"target":21,"source":13,"value":836},{"target":22,"source":13,"value":0},{"target":23,"source":13,"value":0},{"target":24,"source":13,"value":0}],"Nunavut":[{"target":1,"source":0,"value":42},{"target":2,"source":0,"value":24},{"target":3,"source":0,"value":19},{"target":4,"source":0,"value":2},{"target":5,"source":1,"value":42},{"target":6,"source":1,"value":0},{"target":7,"source":1,"value":0},{"target":8,"source":2,"value":24},{"target":9,"source":2,"value":0},{"target":10,"source":2,"value":".."},{"target":11,"source":3,"value":19},{"target":12,"source":3,"value":0},{"target":13,"source":3,"value":0},{"target":14,"source":4,"value":2},{"target":15,"source":4,"value":0},{"target":16,"source":4,"value":".."},{"target":17,"source":7,"value":".."},{"target":18,"source":7,"value":".."},{"target":19,"source":7,"value":".."},{"target":20,"source":7,"value":0},{"target":21,"source":13,"value":".."},{"target":22,"source":13,"value":".."},{"target":23,"source":13,"value":".."},{"target":24,"source":13,"value":0}],"nodes":[{"node":0,"name":"intl"},{"node":1,"name":"USres"},{"node":2,"name":"nonUSres"},{"node":3,"name":"cdnFromUS"},{"node":4,"name":"cdnFromOther"},{"node":5,"name":"USres_air"},{"node":6,"name":"USres_marine"},{"node":7,"name":"USres_land"},{"node":8,"name":"nonUSres_air"},{"node":9,"name":"nonUSres_marine"},{"node":10,"name":"nonUSres_land"},{"node":11,"name":"cdnFromUS_air"},{"node":12,"name":"cdnFromUS_marine"},{"node":13,"name":"cdnFromUS_land"},{"node":14,"name":"cdnFromOther_air"},{"node":15,"name":"cdnFromOther_marine"},{"node":16,"name":"cdnFromOther_land"},{"node":17,"name":"USres_car"},{"node":18,"name":"USres_bus"},{"node":19,"name":"USres_train"},{"node":20,"name":"USres_other"},{"node":21,"name":"cdnFromUS_car"},{"node":22,"name":"cdnFromUS_bus"},{"node":23,"name":"cdnFromUS_train"},{"node":24,"name":"cdnFromUS_other"}]}