{"Canada":[{"target":1,"source":0,"value":1859587},{"target":2,"source":0,"value":595446},{"target":3,"source":0,"value":4330689},{"target":4,"source":0,"value":739478},{"target":5,"source":1,"value":413045},{"target":6,"source":1,"value":158065},{"target":7,"source":1,"value":1288477},{"target":8,"source":2,"value":455347},{"target":9,"source":2,"value":47914},{"target":10,"source":2,"value":92185},{"target":11,"source":3,"value":566026},{"target":12,"source":3,"value":36166},{"target":13,"source":3,"value":3728497},{"target":14,"source":4,"value":738359},{"target":15,"source":4,"value":745},{"target":16,"source":4,"value":374},{"target":17,"source":7,"value":1156392},{"target":18,"source":7,"value":78403},{"target":19,"source":7,"value":15384},{"target":20,"source":7,"value":38298},{"target":21,"source":13,"value":3608108},{"target":22,"source":13,"value":83337},{"target":23,"source":13,"value":2734},{"target":24,"source":13,"value":34318}],"Newfoundland and Labrador":[{"target":1,"source":0,"value":6044},{"target":2,"source":0,"value":11674},{"target":3,"source":0,"value":2390},{"target":4,"source":0,"value":5921},{"target":5,"source":1,"value":3077},{"target":6,"source":1,"value":2967},{"target":7,"source":1,"value":0},{"target":8,"source":2,"value":2810},{"target":9,"source":2,"value":8864},{"target":10,"source":2,"value":0},{"target":11,"source":3,"value":1883},{"target":12,"source":3,"value":507},{"target":13,"source":3,"value":0},{"target":14,"source":4,"value":5200},{"target":15,"source":4,"value":721},{"target":16,"source":4,"value":0},{"target":17,"source":7,"value":0},{"target":18,"source":7,"value":0},{"target":19,"source":7,"value":0},{"target":20,"source":7,"value":0},{"target":21,"source":13,"value":0},{"target":22,"source":13,"value":0},{"target":23,"source":13,"value":0},{"target":24,"source":13,"value":0}],"Prince Edward Island":[{"target":1,"source":0,"value":82},{"target":2,"source":0,"value":0},{"target":3,"source":0,"value":11},{"target":4,"source":0,"value":0},{"target":5,"source":1,"value":82},{"target":6,"source":1,"value":0},{"target":7,"source":1,"value":0},{"target":8,"source":2,"value":0},{"target":9,"source":2,"value":0},{"target":10,"source":2,"value":0},{"target":11,"source":3,"value":11},{"target":12,"source":3,"value":0},{"target":13,"source":3,"value":0},{"target":14,"source":4,"value":0},{"target":15,"source":4,"value":0},{"target":16,"source":4,"value":0},{"target":17,"source":7,"value":0},{"target":18,"source":7,"value":0},{"target":19,"source":7,"value":0},{"target":20,"source":7,"value":0},{"target":21,"source":13,"value":0},{"target":22,"source":13,"value":0},{"target":23,"source":13,"value":0},{"target":24,"source":13,"value":0}],"Nova Scotia":[{"target":1,"source":0,"value":36405},{"target":2,"source":0,"value":13505},{"target":3,"source":0,"value":11069},{"target":4,"source":0,"value":5833},{"target":5,"source":1,"value":9514},{"target":6,"source":1,"value":23054},{"target":7,"source":1,"value":3837},{"target":8,"source":2,"value":5971},{"target":9,"source":2,"value":7392},{"target":10,"source":2,"value":142},{"target":11,"source":3,"value":6259},{"target":12,"source":3,"value":3346},{"target":13,"source":3,"value":1464},{"target":14,"source":4,"value":5827},{"target":15,"source":4,"value":6},{"target":16,"source":4,"value":0},{"target":17,"source":7,"value":3109},{"target":18,"source":7,"value":48},{"target":19,"source":7,"value":0},{"target":20,"source":7,"value":680},{"target":21,"source":13,"value":1110},{"target":22,"source":13,"value":0},{"target":23,"source":13,"value":0},{"target":24,"source":13,"value":354}],"New Brunswick":[{"target":1,"source":0,"value":105276},{"target":2,"source":0,"value":5376},{"target":3,"source":0,"value":282609},{"target":4,"source":0,"value":37},{"target":5,"source":1,"value":350},{"target":6,"source":1,"value":28470},{"target":7,"source":1,"value":76456},{"target":8,"source":2,"value":42},{"target":9,"source":2,"value":4696},{"target":10,"source":2,"value":638},{"target":11,"source":3,"value":509},{"target":12,"source":3,"value":2295},{"target":13,"source":3,"value":279805},{"target":14,"source":4,"value":37},{"target":15,"source":4,"value":0},{"target":16,"source":4,"value":0},{"target":17,"source":7,"value":74240},{"target":18,"source":7,"value":1459},{"target":19,"source":7,"value":0},{"target":20,"source":7,"value":757},{"target":21,"source":13,"value":276143},{"target":22,"source":13,"value":1237},{"target":23,"source":13,"value":0},{"target":24,"source":13,"value":2425}],"Quebec":[{"target":1,"source":0,"value":174196},{"target":2,"source":0,"value":102936},{"target":3,"source":0,"value":509401},{"target":4,"source":0,"value":172318},{"target":5,"source":1,"value":66404},{"target":6,"source":1,"value":440},{"target":7,"source":1,"value":107352},{"target":8,"source":2,"value":86507},{"target":9,"source":2,"value":44},{"target":10,"source":2,"value":16385},{"target":11,"source":3,"value":77470},{"target":12,"source":3,"value":1716},{"target":13,"source":3,"value":430215},{"target":14,"source":4,"value":172318},{"target":15,"source":4,"value":0},{"target":16,"source":4,"value":0},{"target":17,"source":7,"value":97954},{"target":18,"source":7,"value":7220},{"target":19,"source":7,"value":1407},{"target":20,"source":7,"value":771},{"target":21,"source":13,"value":402759},{"target":22,"source":13,"value":18385},{"target":23,"source":13,"value":722},{"target":24,"source":13,"value":8349}],"Ontario":[{"target":1,"source":0,"value":943876},{"target":2,"source":0,"value":242692},{"target":3,"source":0,"value":1920124},{"target":4,"source":0,"value":382105},{"target":5,"source":1,"value":184506},{"target":6,"source":1,"value":12572},{"target":7,"source":1,"value":746798},{"target":8,"source":2,"value":205129},{"target":9,"source":2,"value":21},{"target":10,"source":2,"value":37542},{"target":11,"source":3,"value":271578},{"target":12,"source":3,"value":5068},{"target":13,"source":3,"value":1643478},{"target":14,"source":4,"value":382105},{"target":15,"source":4,"value":0},{"target":16,"source":4,"value":0},{"target":17,"source":7,"value":682605},{"target":18,"source":7,"value":46660},{"target":19,"source":7,"value":620},{"target":20,"source":7,"value":16913},{"target":21,"source":13,"value":1587609},{"target":22,"source":13,"value":46479},{"target":23,"source":13,"value":319},{"target":24,"source":13,"value":9071}],"Manitoba":[{"target":1,"source":0,"value":26077},{"target":2,"source":0,"value":1079},{"target":3,"source":0,"value":121510},{"target":4,"source":0,"value":1500},{"target":5,"source":1,"value":6325},{"target":6,"source":1,"value":0},{"target":7,"source":1,"value":19752},{"target":8,"source":2,"value":961},{"target":9,"source":2,"value":0},{"target":10,"source":2,"value":118},{"target":11,"source":3,"value":9582},{"target":12,"source":3,"value":0},{"target":13,"source":3,"value":111928},{"target":14,"source":4,"value":1500},{"target":15,"source":4,"value":0},{"target":16,"source":4,"value":0},{"target":17,"source":7,"value":19398},{"target":18,"source":7,"value":274},{"target":19,"source":7,"value":0},{"target":20,"source":7,"value":80},{"target":21,"source":13,"value":108067},{"target":22,"source":13,"value":3256},{"target":23,"source":13,"value":0},{"target":24,"source":13,"value":605}],"Saskatchewan":[{"target":1,"source":0,"value":13030},{"target":2,"source":0,"value":525},{"target":3,"source":0,"value":36263},{"target":4,"source":0,"value":818},{"target":5,"source":1,"value":5058},{"target":6,"source":1,"value":0},{"target":7,"source":1,"value":7972},{"target":8,"source":2,"value":439},{"target":9,"source":2,"value":0},{"target":10,"source":2,"value":86},{"target":11,"source":3,"value":8038},{"target":12,"source":3,"value":0},{"target":13,"source":3,"value":28225},{"target":14,"source":4,"value":818},{"target":15,"source":4,"value":0},{"target":16,"source":4,"value":0},{"target":17,"source":7,"value":7721},{"target":18,"source":7,"value":165},{"target":19,"source":7,"value":0},{"target":20,"source":7,"value":86},{"target":21,"source":13,"value":27508},{"target":22,"source":13,"value":358},{"target":23,"source":13,"value":0},{"target":24,"source":13,"value":359}],"Alberta":[{"target":1,"source":0,"value":70175},{"target":2,"source":0,"value":32782},{"target":3,"source":0,"value":154758},{"target":4,"source":0,"value":48820},{"target":5,"source":1,"value":51130},{"target":6,"source":1,"value":0},{"target":7,"source":1,"value":19045},{"target":8,"source":2,"value":31817},{"target":9,"source":2,"value":0},{"target":10,"source":2,"value":965},{"target":11,"source":3,"value":103075},{"target":12,"source":3,"value":0},{"target":13,"source":3,"value":51683},{"target":14,"source":4,"value":48820},{"target":15,"source":4,"value":0},{"target":16,"source":4,"value":0},{"target":17,"source":7,"value":17848},{"target":18,"source":7,"value":1057},{"target":19,"source":7,"value":0},{"target":20,"source":7,"value":140},{"target":21,"source":13,"value":50718},{"target":22,"source":13,"value":337},{"target":23,"source":13,"value":0},{"target":24,"source":13,"value":628}],"British Columbia":[{"target":1,"source":0,"value":444425},{"target":2,"source":0,"value":176344},{"target":3,"source":0,"value":1283884},{"target":4,"source":0,"value":121926},{"target":5,"source":1,"value":86134},{"target":6,"source":1,"value":90530},{"target":7,"source":1,"value":267761},{"target":8,"source":2,"value":121271},{"target":9,"source":2,"value":26397},{"target":10,"source":2,"value":28676},{"target":11,"source":3,"value":87475},{"target":12,"source":3,"value":23234},{"target":13,"source":3,"value":1173175},{"target":14,"source":4,"value":121552},{"target":15,"source":4,"value":0},{"target":16,"source":4,"value":374},{"target":17,"source":7,"value":237051},{"target":18,"source":7,"value":7775},{"target":19,"source":7,"value":4116},{"target":20,"source":7,"value":18819},{"target":21,"source":13,"value":1148062},{"target":22,"source":13,"value":10907},{"target":23,"source":13,"value":1693},{"target":24,"source":13,"value":12513}],"Yukon":[{"target":1,"source":0,"value":39915},{"target":2,"source":0,"value":7965},{"target":3,"source":0,"value":8647},{"target":4,"source":0,"value":107},{"target":5,"source":1,"value":411},{"target":6,"source":1,"value":0},{"target":7,"source":1,"value":39504},{"target":8,"source":2,"value":332},{"target":9,"source":2,"value":0},{"target":10,"source":2,"value":7633},{"target":11,"source":3,"value":123},{"target":12,"source":3,"value":0},{"target":13,"source":3,"value":8524},{"target":14,"source":4,"value":107},{"target":15,"source":4,"value":0},{"target":16,"source":4,"value":0},{"target":17,"source":7,"value":16466},{"target":18,"source":7,"value":13745},{"target":19,"source":7,"value":9241},{"target":20,"source":7,"value":52},{"target":21,"source":13,"value":6132},{"target":22,"source":13,"value":2378},{"target":23,"source":13,"value":0},{"target":24,"source":13,"value":14}],"Nunavut":[{"target":1,"source":0,"value":86},{"target":2,"source":0,"value":568},{"target":3,"source":0,"value":23},{"target":4,"source":0,"value":93},{"target":5,"source":1,"value":54},{"target":6,"source":1,"value":32},{"target":7,"source":1,"value":0},{"target":8,"source":2,"value":68},{"target":9,"source":2,"value":500},{"target":10,"source":2,"value":".."},{"target":11,"source":3,"value":23},{"target":12,"source":3,"value":0},{"target":13,"source":3,"value":0},{"target":14,"source":4,"value":75},{"target":15,"source":4,"value":18},{"target":16,"source":4,"value":".."},{"target":17,"source":7,"value":".."},{"target":18,"source":7,"value":".."},{"target":19,"source":7,"value":".."},{"target":20,"source":7,"value":0},{"target":21,"source":13,"value":".."},{"target":22,"source":13,"value":".."},{"target":23,"source":13,"value":".."},{"target":24,"source":13,"value":0}],"nodes":[{"node":0,"name":"intl"},{"node":1,"name":"USres"},{"node":2,"name":"nonUSres"},{"node":3,"name":"cdnFromUS"},{"node":4,"name":"cdnFromOther"},{"node":5,"name":"USres_air"},{"node":6,"name":"USres_marine"},{"node":7,"name":"USres_land"},{"node":8,"name":"nonUSres_air"},{"node":9,"name":"nonUSres_marine"},{"node":10,"name":"nonUSres_land"},{"node":11,"name":"cdnFromUS_air"},{"node":12,"name":"cdnFromUS_marine"},{"node":13,"name":"cdnFromUS_land"},{"node":14,"name":"cdnFromOther_air"},{"node":15,"name":"cdnFromOther_marine"},{"node":16,"name":"cdnFromOther_land"},{"node":17,"name":"USres_car"},{"node":18,"name":"USres_bus"},{"node":19,"name":"USres_train"},{"node":20,"name":"USres_other"},{"node":21,"name":"cdnFromUS_car"},{"node":22,"name":"cdnFromUS_bus"},{"node":23,"name":"cdnFromUS_train"},{"node":24,"name":"cdnFromUS_other"}]}