{"Canada":[{"target":1,"source":0,"value":1144248},{"target":2,"source":0,"value":225758},{"target":3,"source":0,"value":3952744},{"target":4,"source":0,"value":743950},{"target":5,"source":1,"value":254339},{"target":6,"source":1,"value":1423},{"target":7,"source":1,"value":888486},{"target":8,"source":2,"value":194937},{"target":9,"source":2,"value":747},{"target":10,"source":2,"value":30074},{"target":11,"source":3,"value":675339},{"target":12,"source":3,"value":1274},{"target":13,"source":3,"value":3276131},{"target":14,"source":4,"value":743305},{"target":15,"source":4,"value":133},{"target":16,"source":4,"value":512},{"target":17,"source":7,"value":830050},{"target":18,"source":7,"value":42304},{"target":19,"source":7,"value":3014},{"target":20,"source":7,"value":13118},{"target":21,"source":13,"value":3179432},{"target":22,"source":13,"value":81331},{"target":23,"source":13,"value":2759},{"target":24,"source":13,"value":12609}],"Newfoundland and Labrador":[{"target":1,"source":0,"value":1346},{"target":2,"source":0,"value":1657},{"target":3,"source":0,"value":1489},{"target":4,"source":0,"value":921},{"target":5,"source":1,"value":1344},{"target":6,"source":1,"value":2},{"target":7,"source":1,"value":0},{"target":8,"source":2,"value":1495},{"target":9,"source":2,"value":162},{"target":10,"source":2,"value":0},{"target":11,"source":3,"value":1487},{"target":12,"source":3,"value":2},{"target":13,"source":3,"value":0},{"target":14,"source":4,"value":788},{"target":15,"source":4,"value":133},{"target":16,"source":4,"value":0},{"target":17,"source":7,"value":0},{"target":18,"source":7,"value":0},{"target":19,"source":7,"value":0},{"target":20,"source":7,"value":0},{"target":21,"source":13,"value":0},{"target":22,"source":13,"value":0},{"target":23,"source":13,"value":0},{"target":24,"source":13,"value":0}],"Prince Edward Island":[{"target":1,"source":0,"value":475},{"target":2,"source":0,"value":149},{"target":3,"source":0,"value":976},{"target":4,"source":0,"value":0},{"target":5,"source":1,"value":9},{"target":6,"source":1,"value":466},{"target":7,"source":1,"value":0},{"target":8,"source":2,"value":0},{"target":9,"source":2,"value":149},{"target":10,"source":2,"value":0},{"target":11,"source":3,"value":15},{"target":12,"source":3,"value":961},{"target":13,"source":3,"value":0},{"target":14,"source":4,"value":0},{"target":15,"source":4,"value":0},{"target":16,"source":4,"value":0},{"target":17,"source":7,"value":0},{"target":18,"source":7,"value":0},{"target":19,"source":7,"value":0},{"target":20,"source":7,"value":0},{"target":21,"source":13,"value":0},{"target":22,"source":13,"value":0},{"target":23,"source":13,"value":0},{"target":24,"source":13,"value":0}],"Nova Scotia":[{"target":1,"source":0,"value":2785},{"target":2,"source":0,"value":1637},{"target":3,"source":0,"value":8054},{"target":4,"source":0,"value":2939},{"target":5,"source":1,"value":2773},{"target":6,"source":1,"value":12},{"target":7,"source":1,"value":0},{"target":8,"source":2,"value":1275},{"target":9,"source":2,"value":362},{"target":10,"source":2,"value":0},{"target":11,"source":3,"value":8054},{"target":12,"source":3,"value":0},{"target":13,"source":3,"value":0},{"target":14,"source":4,"value":2939},{"target":15,"source":4,"value":0},{"target":16,"source":4,"value":0},{"target":17,"source":7,"value":0},{"target":18,"source":7,"value":0},{"target":19,"source":7,"value":0},{"target":20,"source":7,"value":0},{"target":21,"source":13,"value":0},{"target":22,"source":13,"value":0},{"target":23,"source":13,"value":0},{"target":24,"source":13,"value":0}],"New Brunswick":[{"target":1,"source":0,"value":43119},{"target":2,"source":0,"value":77},{"target":3,"source":0,"value":262406},{"target":4,"source":0,"value":537},{"target":5,"source":1,"value":54},{"target":6,"source":1,"value":1},{"target":7,"source":1,"value":43064},{"target":8,"source":2,"value":16},{"target":9,"source":2,"value":5},{"target":10,"source":2,"value":56},{"target":11,"source":3,"value":157},{"target":12,"source":3,"value":2},{"target":13,"source":3,"value":262247},{"target":14,"source":4,"value":537},{"target":15,"source":4,"value":0},{"target":16,"source":4,"value":0},{"target":17,"source":7,"value":42773},{"target":18,"source":7,"value":118},{"target":19,"source":7,"value":0},{"target":20,"source":7,"value":173},{"target":21,"source":13,"value":258343},{"target":22,"source":13,"value":3327},{"target":23,"source":13,"value":0},{"target":24,"source":13,"value":577}],"Quebec":[{"target":1,"source":0,"value":128077},{"target":2,"source":0,"value":40778},{"target":3,"source":0,"value":358492},{"target":4,"source":0,"value":149013},{"target":5,"source":1,"value":39281},{"target":6,"source":1,"value":0},{"target":7,"source":1,"value":88796},{"target":8,"source":2,"value":36967},{"target":9,"source":2,"value":46},{"target":10,"source":2,"value":3765},{"target":11,"source":3,"value":86201},{"target":12,"source":3,"value":2},{"target":13,"source":3,"value":272289},{"target":14,"source":4,"value":149013},{"target":15,"source":4,"value":0},{"target":16,"source":4,"value":0},{"target":17,"source":7,"value":81330},{"target":18,"source":7,"value":6574},{"target":19,"source":7,"value":792},{"target":20,"source":7,"value":100},{"target":21,"source":13,"value":256006},{"target":22,"source":13,"value":15117},{"target":23,"source":13,"value":869},{"target":24,"source":13,"value":297}],"Ontario":[{"target":1,"source":0,"value":661418},{"target":2,"source":0,"value":105345},{"target":3,"source":0,"value":1907018},{"target":4,"source":0,"value":368405},{"target":5,"source":1,"value":131688},{"target":6,"source":1,"value":807},{"target":7,"source":1,"value":528923},{"target":8,"source":2,"value":95936},{"target":9,"source":2,"value":18},{"target":10,"source":2,"value":9391},{"target":11,"source":3,"value":311591},{"target":12,"source":3,"value":91},{"target":13,"source":3,"value":1595336},{"target":14,"source":4,"value":368405},{"target":15,"source":4,"value":0},{"target":16,"source":4,"value":0},{"target":17,"source":7,"value":492419},{"target":18,"source":7,"value":31667},{"target":19,"source":7,"value":321},{"target":20,"source":7,"value":4516},{"target":21,"source":13,"value":1543365},{"target":22,"source":13,"value":47631},{"target":23,"source":13,"value":274},{"target":24,"source":13,"value":4066}],"Manitoba":[{"target":1,"source":0,"value":17269},{"target":2,"source":0,"value":475},{"target":3,"source":0,"value":114027},{"target":4,"source":0,"value":4371},{"target":5,"source":1,"value":4589},{"target":6,"source":1,"value":0},{"target":7,"source":1,"value":12680},{"target":8,"source":2,"value":443},{"target":9,"source":2,"value":0},{"target":10,"source":2,"value":32},{"target":11,"source":3,"value":12617},{"target":12,"source":3,"value":0},{"target":13,"source":3,"value":101410},{"target":14,"source":4,"value":4371},{"target":15,"source":4,"value":0},{"target":16,"source":4,"value":0},{"target":17,"source":7,"value":12599},{"target":18,"source":7,"value":58},{"target":19,"source":7,"value":0},{"target":20,"source":7,"value":23},{"target":21,"source":13,"value":97265},{"target":22,"source":13,"value":4109},{"target":23,"source":13,"value":0},{"target":24,"source":13,"value":36}],"Saskatchewan":[{"target":1,"source":0,"value":8088},{"target":2,"source":0,"value":185},{"target":3,"source":0,"value":40714},{"target":4,"source":0,"value":4422},{"target":5,"source":1,"value":3206},{"target":6,"source":1,"value":0},{"target":7,"source":1,"value":4882},{"target":8,"source":2,"value":154},{"target":9,"source":2,"value":0},{"target":10,"source":2,"value":31},{"target":11,"source":3,"value":12626},{"target":12,"source":3,"value":0},{"target":13,"source":3,"value":28088},{"target":14,"source":4,"value":4422},{"target":15,"source":4,"value":0},{"target":16,"source":4,"value":0},{"target":17,"source":7,"value":4828},{"target":18,"source":7,"value":1},{"target":19,"source":7,"value":0},{"target":20,"source":7,"value":53},{"target":21,"source":13,"value":26468},{"target":22,"source":13,"value":1563},{"target":23,"source":13,"value":0},{"target":24,"source":13,"value":57}],"Alberta":[{"target":1,"source":0,"value":34038},{"target":2,"source":0,"value":11490},{"target":3,"source":0,"value":171379},{"target":4,"source":0,"value":78718},{"target":5,"source":1,"value":28179},{"target":6,"source":1,"value":0},{"target":7,"source":1,"value":5859},{"target":8,"source":2,"value":11429},{"target":9,"source":2,"value":0},{"target":10,"source":2,"value":61},{"target":11,"source":3,"value":136192},{"target":12,"source":3,"value":0},{"target":13,"source":3,"value":35187},{"target":14,"source":4,"value":78718},{"target":15,"source":4,"value":0},{"target":16,"source":4,"value":0},{"target":17,"source":7,"value":5759},{"target":18,"source":7,"value":96},{"target":19,"source":7,"value":0},{"target":20,"source":7,"value":4},{"target":21,"source":13,"value":34886},{"target":22,"source":13,"value":278},{"target":23,"source":13,"value":0},{"target":24,"source":13,"value":23}],"British Columbia":[{"target":1,"source":0,"value":245014},{"target":2,"source":0,"value":63877},{"target":3,"source":0,"value":1087006},{"target":4,"source":0,"value":134621},{"target":5,"source":1,"value":43186},{"target":6,"source":1,"value":135},{"target":7,"source":1,"value":201693},{"target":8,"source":2,"value":47195},{"target":9,"source":2,"value":5},{"target":10,"source":2,"value":16677},{"target":11,"source":3,"value":106350},{"target":12,"source":3,"value":216},{"target":13,"source":3,"value":980440},{"target":14,"source":4,"value":134109},{"target":15,"source":4,"value":0},{"target":16,"source":4,"value":512},{"target":17,"source":7,"value":187753},{"target":18,"source":7,"value":3790},{"target":19,"source":7,"value":1901},{"target":20,"source":7,"value":8249},{"target":21,"source":13,"value":961986},{"target":22,"source":13,"value":9291},{"target":23,"source":13,"value":1616},{"target":24,"source":13,"value":7547}],"Yukon":[{"target":1,"source":0,"value":2597},{"target":2,"source":0,"value":61},{"target":3,"source":0,"value":1136},{"target":4,"source":0,"value":0},{"target":5,"source":1,"value":8},{"target":6,"source":1,"value":0},{"target":7,"source":1,"value":2589},{"target":8,"source":2,"value":0},{"target":9,"source":2,"value":0},{"target":10,"source":2,"value":61},{"target":11,"source":3,"value":2},{"target":12,"source":3,"value":0},{"target":13,"source":3,"value":1134},{"target":14,"source":4,"value":0},{"target":15,"source":4,"value":0},{"target":16,"source":4,"value":0},{"target":17,"source":7,"value":2589},{"target":18,"source":7,"value":0},{"target":19,"source":7,"value":0},{"target":20,"source":7,"value":0},{"target":21,"source":13,"value":1113},{"target":22,"source":13,"value":15},{"target":23,"source":13,"value":0},{"target":24,"source":13,"value":6}],"Nunavut":[{"target":1,"source":0,"value":22},{"target":2,"source":0,"value":27},{"target":3,"source":0,"value":47},{"target":4,"source":0,"value":3},{"target":5,"source":1,"value":22},{"target":6,"source":1,"value":0},{"target":7,"source":1,"value":0},{"target":8,"source":2,"value":27},{"target":9,"source":2,"value":0},{"target":10,"source":2,"value":".."},{"target":11,"source":3,"value":47},{"target":12,"source":3,"value":0},{"target":13,"source":3,"value":0},{"target":14,"source":4,"value":3},{"target":15,"source":4,"value":0},{"target":16,"source":4,"value":".."},{"target":17,"source":7,"value":".."},{"target":18,"source":7,"value":".."},{"target":19,"source":7,"value":".."},{"target":20,"source":7,"value":0},{"target":21,"source":13,"value":".."},{"target":22,"source":13,"value":".."},{"target":23,"source":13,"value":".."},{"target":24,"source":13,"value":0}],"nodes":[{"node":0,"name":"intl"},{"node":1,"name":"USres"},{"node":2,"name":"nonUSres"},{"node":3,"name":"cdnFromUS"},{"node":4,"name":"cdnFromOther"},{"node":5,"name":"USres_air"},{"node":6,"name":"USres_marine"},{"node":7,"name":"USres_land"},{"node":8,"name":"nonUSres_air"},{"node":9,"name":"nonUSres_marine"},{"node":10,"name":"nonUSres_land"},{"node":11,"name":"cdnFromUS_air"},{"node":12,"name":"cdnFromUS_marine"},{"node":13,"name":"cdnFromUS_land"},{"node":14,"name":"cdnFromOther_air"},{"node":15,"name":"cdnFromOther_marine"},{"node":16,"name":"cdnFromOther_land"},{"node":17,"name":"USres_car"},{"node":18,"name":"USres_bus"},{"node":19,"name":"USres_train"},{"node":20,"name":"USres_other"},{"node":21,"name":"cdnFromUS_car"},{"node":22,"name":"cdnFromUS_bus"},{"node":23,"name":"cdnFromUS_train"},{"node":24,"name":"cdnFromUS_other"}]}