{"Canada":[{"target":1,"source":0,"value":2984275},{"target":2,"source":0,"value":765844},{"target":3,"source":0,"value":6107315},{"target":4,"source":0,"value":951249},{"target":5,"source":1,"value":524644},{"target":6,"source":1,"value":199629},{"target":7,"source":1,"value":2260002},{"target":8,"source":2,"value":612393},{"target":9,"source":2,"value":32540},{"target":10,"source":2,"value":120911},{"target":11,"source":3,"value":651906},{"target":12,"source":3,"value":44729},{"target":13,"source":3,"value":5410680},{"target":14,"source":4,"value":948869},{"target":15,"source":4,"value":1808},{"target":16,"source":4,"value":572},{"target":17,"source":7,"value":2063231},{"target":18,"source":7,"value":96033},{"target":19,"source":7,"value":28364},{"target":20,"source":7,"value":72374},{"target":21,"source":13,"value":5251515},{"target":22,"source":13,"value":95953},{"target":23,"source":13,"value":4831},{"target":24,"source":13,"value":58381}],"Newfoundland and Labrador":[{"target":1,"source":0,"value":4885},{"target":2,"source":0,"value":5453},{"target":3,"source":0,"value":1958},{"target":4,"source":0,"value":7109},{"target":5,"source":1,"value":3601},{"target":6,"source":1,"value":1284},{"target":7,"source":1,"value":0},{"target":8,"source":2,"value":3665},{"target":9,"source":2,"value":1788},{"target":10,"source":2,"value":0},{"target":11,"source":3,"value":1929},{"target":12,"source":3,"value":29},{"target":13,"source":3,"value":0},{"target":14,"source":4,"value":5335},{"target":15,"source":4,"value":1774},{"target":16,"source":4,"value":0},{"target":17,"source":7,"value":0},{"target":18,"source":7,"value":0},{"target":19,"source":7,"value":0},{"target":20,"source":7,"value":0},{"target":21,"source":13,"value":0},{"target":22,"source":13,"value":0},{"target":23,"source":13,"value":0},{"target":24,"source":13,"value":0}],"Prince Edward Island":[{"target":1,"source":0,"value":992},{"target":2,"source":0,"value":195},{"target":3,"source":0,"value":226},{"target":4,"source":0,"value":32},{"target":5,"source":1,"value":992},{"target":6,"source":1,"value":0},{"target":7,"source":1,"value":0},{"target":8,"source":2,"value":180},{"target":9,"source":2,"value":15},{"target":10,"source":2,"value":0},{"target":11,"source":3,"value":226},{"target":12,"source":3,"value":0},{"target":13,"source":3,"value":0},{"target":14,"source":4,"value":30},{"target":15,"source":4,"value":2},{"target":16,"source":4,"value":0},{"target":17,"source":7,"value":0},{"target":18,"source":7,"value":0},{"target":19,"source":7,"value":0},{"target":20,"source":7,"value":0},{"target":21,"source":13,"value":0},{"target":22,"source":13,"value":0},{"target":23,"source":13,"value":0},{"target":24,"source":13,"value":0}],"Nova Scotia":[{"target":1,"source":0,"value":27798},{"target":2,"source":0,"value":12947},{"target":3,"source":0,"value":11109},{"target":4,"source":0,"value":7567},{"target":5,"source":1,"value":15343},{"target":6,"source":1,"value":4233},{"target":7,"source":1,"value":8222},{"target":8,"source":2,"value":11005},{"target":9,"source":2,"value":1742},{"target":10,"source":2,"value":200},{"target":11,"source":3,"value":7128},{"target":12,"source":3,"value":886},{"target":13,"source":3,"value":3095},{"target":14,"source":4,"value":7565},{"target":15,"source":4,"value":2},{"target":16,"source":4,"value":0},{"target":17,"source":7,"value":6943},{"target":18,"source":7,"value":36},{"target":19,"source":7,"value":0},{"target":20,"source":7,"value":1243},{"target":21,"source":13,"value":2648},{"target":22,"source":13,"value":0},{"target":23,"source":13,"value":0},{"target":24,"source":13,"value":447}],"New Brunswick":[{"target":1,"source":0,"value":131377},{"target":2,"source":0,"value":1460},{"target":3,"source":0,"value":366464},{"target":4,"source":0,"value":106},{"target":5,"source":1,"value":880},{"target":6,"source":1,"value":8070},{"target":7,"source":1,"value":122427},{"target":8,"source":2,"value":80},{"target":9,"source":2,"value":514},{"target":10,"source":2,"value":866},{"target":11,"source":3,"value":667},{"target":12,"source":3,"value":366},{"target":13,"source":3,"value":365431},{"target":14,"source":4,"value":106},{"target":15,"source":4,"value":0},{"target":16,"source":4,"value":0},{"target":17,"source":7,"value":119402},{"target":18,"source":7,"value":1192},{"target":19,"source":7,"value":0},{"target":20,"source":7,"value":1833},{"target":21,"source":13,"value":359496},{"target":22,"source":13,"value":1582},{"target":23,"source":13,"value":0},{"target":24,"source":13,"value":4353}],"Quebec":[{"target":1,"source":0,"value":300953},{"target":2,"source":0,"value":137756},{"target":3,"source":0,"value":910756},{"target":4,"source":0,"value":240551},{"target":5,"source":1,"value":72929},{"target":6,"source":1,"value":449},{"target":7,"source":1,"value":227575},{"target":8,"source":2,"value":116315},{"target":9,"source":2,"value":47},{"target":10,"source":2,"value":21394},{"target":11,"source":3,"value":99882},{"target":12,"source":3,"value":4107},{"target":13,"source":3,"value":806767},{"target":14,"source":4,"value":240551},{"target":15,"source":4,"value":0},{"target":16,"source":4,"value":0},{"target":17,"source":7,"value":209649},{"target":18,"source":7,"value":13899},{"target":19,"source":7,"value":2637},{"target":20,"source":7,"value":1390},{"target":21,"source":13,"value":767274},{"target":22,"source":13,"value":25148},{"target":23,"source":13,"value":2044},{"target":24,"source":13,"value":12301}],"Ontario":[{"target":1,"source":0,"value":1567094},{"target":2,"source":0,"value":303330},{"target":3,"source":0,"value":2683774},{"target":4,"source":0,"value":486342},{"target":5,"source":1,"value":216483},{"target":6,"source":1,"value":27500},{"target":7,"source":1,"value":1323111},{"target":8,"source":2,"value":260596},{"target":9,"source":2,"value":133},{"target":10,"source":2,"value":42601},{"target":11,"source":3,"value":314454},{"target":12,"source":3,"value":12382},{"target":13,"source":3,"value":2356938},{"target":14,"source":4,"value":486339},{"target":15,"source":4,"value":3},{"target":16,"source":4,"value":0},{"target":17,"source":7,"value":1244264},{"target":18,"source":7,"value":42935},{"target":19,"source":7,"value":1387},{"target":20,"source":7,"value":34525},{"target":21,"source":13,"value":2289986},{"target":22,"source":13,"value":47529},{"target":23,"source":13,"value":671},{"target":24,"source":13,"value":18752}],"Manitoba":[{"target":1,"source":0,"value":42097},{"target":2,"source":0,"value":1785},{"target":3,"source":0,"value":199416},{"target":4,"source":0,"value":2201},{"target":5,"source":1,"value":8314},{"target":6,"source":1,"value":0},{"target":7,"source":1,"value":33783},{"target":8,"source":2,"value":1504},{"target":9,"source":2,"value":0},{"target":10,"source":2,"value":281},{"target":11,"source":3,"value":10439},{"target":12,"source":3,"value":0},{"target":13,"source":3,"value":188977},{"target":14,"source":4,"value":2201},{"target":15,"source":4,"value":0},{"target":16,"source":4,"value":0},{"target":17,"source":7,"value":32865},{"target":18,"source":7,"value":733},{"target":19,"source":7,"value":0},{"target":20,"source":7,"value":185},{"target":21,"source":13,"value":185729},{"target":22,"source":13,"value":2071},{"target":23,"source":13,"value":0},{"target":24,"source":13,"value":1177}],"Saskatchewan":[{"target":1,"source":0,"value":14411},{"target":2,"source":0,"value":871},{"target":3,"source":0,"value":60797},{"target":4,"source":0,"value":1449},{"target":5,"source":1,"value":4755},{"target":6,"source":1,"value":0},{"target":7,"source":1,"value":9656},{"target":8,"source":2,"value":677},{"target":9,"source":2,"value":0},{"target":10,"source":2,"value":194},{"target":11,"source":3,"value":9831},{"target":12,"source":3,"value":0},{"target":13,"source":3,"value":50966},{"target":14,"source":4,"value":1449},{"target":15,"source":4,"value":0},{"target":16,"source":4,"value":0},{"target":17,"source":7,"value":9480},{"target":18,"source":7,"value":71},{"target":19,"source":7,"value":0},{"target":20,"source":7,"value":105},{"target":21,"source":13,"value":49055},{"target":22,"source":13,"value":334},{"target":23,"source":13,"value":0},{"target":24,"source":13,"value":1577}],"Alberta":[{"target":1,"source":0,"value":97792},{"target":2,"source":0,"value":46384},{"target":3,"source":0,"value":223753},{"target":4,"source":0,"value":66923},{"target":5,"source":1,"value":62928},{"target":6,"source":1,"value":0},{"target":7,"source":1,"value":34864},{"target":8,"source":2,"value":44723},{"target":9,"source":2,"value":0},{"target":10,"source":2,"value":1661},{"target":11,"source":3,"value":116829},{"target":12,"source":3,"value":0},{"target":13,"source":3,"value":106924},{"target":14,"source":4,"value":66923},{"target":15,"source":4,"value":0},{"target":16,"source":4,"value":0},{"target":17,"source":7,"value":33319},{"target":18,"source":7,"value":1069},{"target":19,"source":7,"value":0},{"target":20,"source":7,"value":476},{"target":21,"source":13,"value":104670},{"target":22,"source":13,"value":799},{"target":23,"source":13,"value":0},{"target":24,"source":13,"value":1455}],"British Columbia":[{"target":1,"source":0,"value":727196},{"target":2,"source":0,"value":243717},{"target":3,"source":0,"value":1632549},{"target":4,"source":0,"value":138735},{"target":5,"source":1,"value":136313},{"target":6,"source":1,"value":157937},{"target":7,"source":1,"value":432946},{"target":8,"source":2,"value":172330},{"target":9,"source":2,"value":27851},{"target":10,"source":2,"value":43536},{"target":11,"source":3,"value":90005},{"target":12,"source":3,"value":26959},{"target":13,"source":3,"value":1515585},{"target":14,"source":4,"value":138163},{"target":15,"source":4,"value":0},{"target":16,"source":4,"value":572},{"target":17,"source":7,"value":383133},{"target":18,"source":7,"value":11404},{"target":19,"source":7,"value":6280},{"target":20,"source":7,"value":32129},{"target":21,"source":13,"value":1480600},{"target":22,"source":13,"value":14710},{"target":23,"source":13,"value":2102},{"target":24,"source":13,"value":18173}],"Yukon":[{"target":1,"source":0,"value":69427},{"target":2,"source":0,"value":11440},{"target":3,"source":0,"value":16513},{"target":4,"source":0,"value":106},{"target":5,"source":1,"value":2009},{"target":6,"source":1,"value":0},{"target":7,"source":1,"value":67418},{"target":8,"source":2,"value":1262},{"target":9,"source":2,"value":0},{"target":10,"source":2,"value":10178},{"target":11,"source":3,"value":516},{"target":12,"source":3,"value":0},{"target":13,"source":3,"value":15997},{"target":14,"source":4,"value":106},{"target":15,"source":4,"value":0},{"target":16,"source":4,"value":0},{"target":17,"source":7,"value":24176},{"target":18,"source":7,"value":24694},{"target":19,"source":7,"value":18060},{"target":20,"source":7,"value":488},{"target":21,"source":13,"value":12057},{"target":22,"source":13,"value":3780},{"target":23,"source":13,"value":14},{"target":24,"source":13,"value":146}],"Nunavut":[{"target":1,"source":0,"value":253},{"target":2,"source":0,"value":506},{"target":3,"source":0,"value":0},{"target":4,"source":0,"value":128},{"target":5,"source":1,"value":97},{"target":6,"source":1,"value":156},{"target":7,"source":1,"value":0},{"target":8,"source":2,"value":56},{"target":9,"source":2,"value":450},{"target":10,"source":2,"value":".."},{"target":11,"source":3,"value":0},{"target":12,"source":3,"value":0},{"target":13,"source":3,"value":0},{"target":14,"source":4,"value":101},{"target":15,"source":4,"value":27},{"target":16,"source":4,"value":".."},{"target":17,"source":7,"value":".."},{"target":18,"source":7,"value":".."},{"target":19,"source":7,"value":".."},{"target":20,"source":7,"value":0},{"target":21,"source":13,"value":".."},{"target":22,"source":13,"value":".."},{"target":23,"source":13,"value":".."},{"target":24,"source":13,"value":0}],"nodes":[{"node":0,"name":"intl"},{"node":1,"name":"USres"},{"node":2,"name":"nonUSres"},{"node":3,"name":"cdnFromUS"},{"node":4,"name":"cdnFromOther"},{"node":5,"name":"USres_air"},{"node":6,"name":"USres_marine"},{"node":7,"name":"USres_land"},{"node":8,"name":"nonUSres_air"},{"node":9,"name":"nonUSres_marine"},{"node":10,"name":"nonUSres_land"},{"node":11,"name":"cdnFromUS_air"},{"node":12,"name":"cdnFromUS_marine"},{"node":13,"name":"cdnFromUS_land"},{"node":14,"name":"cdnFromOther_air"},{"node":15,"name":"cdnFromOther_marine"},{"node":16,"name":"cdnFromOther_land"},{"node":17,"name":"USres_car"},{"node":18,"name":"USres_bus"},{"node":19,"name":"USres_train"},{"node":20,"name":"USres_other"},{"node":21,"name":"cdnFromUS_car"},{"node":22,"name":"cdnFromUS_bus"},{"node":23,"name":"cdnFromUS_train"},{"node":24,"name":"cdnFromUS_other"}]}