{"Canada":[{"target":1,"source":0,"value":953524},{"target":2,"source":0,"value":235661},{"target":3,"source":0,"value":3761567},{"target":4,"source":0,"value":1122124},{"target":5,"source":1,"value":201965},{"target":6,"source":1,"value":98},{"target":7,"source":1,"value":751461},{"target":8,"source":2,"value":208763},{"target":9,"source":2,"value":74},{"target":10,"source":2,"value":26824},{"target":11,"source":3,"value":760867},{"target":12,"source":3,"value":178},{"target":13,"source":3,"value":3000522},{"target":14,"source":4,"value":1121395},{"target":15,"source":4,"value":1},{"target":16,"source":4,"value":728},{"target":17,"source":7,"value":687393},{"target":18,"source":7,"value":52753},{"target":19,"source":7,"value":2964},{"target":20,"source":7,"value":8351},{"target":21,"source":13,"value":2923969},{"target":22,"source":13,"value":64569},{"target":23,"source":13,"value":4014},{"target":24,"source":13,"value":7970}],"Newfoundland and Labrador":[{"target":1,"source":0,"value":1090},{"target":2,"source":0,"value":1046},{"target":3,"source":0,"value":1012},{"target":4,"source":0,"value":227},{"target":5,"source":1,"value":1090},{"target":6,"source":1,"value":0},{"target":7,"source":1,"value":0},{"target":8,"source":2,"value":997},{"target":9,"source":2,"value":49},{"target":10,"source":2,"value":0},{"target":11,"source":3,"value":1009},{"target":12,"source":3,"value":3},{"target":13,"source":3,"value":0},{"target":14,"source":4,"value":226},{"target":15,"source":4,"value":1},{"target":16,"source":4,"value":0},{"target":17,"source":7,"value":0},{"target":18,"source":7,"value":0},{"target":19,"source":7,"value":0},{"target":20,"source":7,"value":0},{"target":21,"source":13,"value":0},{"target":22,"source":13,"value":0},{"target":23,"source":13,"value":0},{"target":24,"source":13,"value":0}],"Prince Edward Island":[{"target":1,"source":0,"value":0},{"target":2,"source":0,"value":0},{"target":3,"source":0,"value":2},{"target":4,"source":0,"value":0},{"target":5,"source":1,"value":0},{"target":6,"source":1,"value":0},{"target":7,"source":1,"value":0},{"target":8,"source":2,"value":0},{"target":9,"source":2,"value":0},{"target":10,"source":2,"value":0},{"target":11,"source":3,"value":2},{"target":12,"source":3,"value":0},{"target":13,"source":3,"value":0},{"target":14,"source":4,"value":0},{"target":15,"source":4,"value":0},{"target":16,"source":4,"value":0},{"target":17,"source":7,"value":0},{"target":18,"source":7,"value":0},{"target":19,"source":7,"value":0},{"target":20,"source":7,"value":0},{"target":21,"source":13,"value":0},{"target":22,"source":13,"value":0},{"target":23,"source":13,"value":0},{"target":24,"source":13,"value":0}],"Nova Scotia":[{"target":1,"source":0,"value":1484},{"target":2,"source":0,"value":1130},{"target":3,"source":0,"value":6743},{"target":4,"source":0,"value":6400},{"target":5,"source":1,"value":1484},{"target":6,"source":1,"value":0},{"target":7,"source":1,"value":0},{"target":8,"source":2,"value":1127},{"target":9,"source":2,"value":3},{"target":10,"source":2,"value":0},{"target":11,"source":3,"value":6743},{"target":12,"source":3,"value":0},{"target":13,"source":3,"value":0},{"target":14,"source":4,"value":6400},{"target":15,"source":4,"value":0},{"target":16,"source":4,"value":0},{"target":17,"source":7,"value":0},{"target":18,"source":7,"value":0},{"target":19,"source":7,"value":0},{"target":20,"source":7,"value":0},{"target":21,"source":13,"value":0},{"target":22,"source":13,"value":0},{"target":23,"source":13,"value":0},{"target":24,"source":13,"value":0}],"New Brunswick":[{"target":1,"source":0,"value":37332},{"target":2,"source":0,"value":117},{"target":3,"source":0,"value":232225},{"target":4,"source":0,"value":1334},{"target":5,"source":1,"value":147},{"target":6,"source":1,"value":0},{"target":7,"source":1,"value":37185},{"target":8,"source":2,"value":58},{"target":9,"source":2,"value":4},{"target":10,"source":2,"value":55},{"target":11,"source":3,"value":834},{"target":12,"source":3,"value":4},{"target":13,"source":3,"value":231387},{"target":14,"source":4,"value":1334},{"target":15,"source":4,"value":0},{"target":16,"source":4,"value":0},{"target":17,"source":7,"value":36793},{"target":18,"source":7,"value":241},{"target":19,"source":7,"value":0},{"target":20,"source":7,"value":151},{"target":21,"source":13,"value":229822},{"target":22,"source":13,"value":1054},{"target":23,"source":13,"value":0},{"target":24,"source":13,"value":511}],"Quebec":[{"target":1,"source":0,"value":100388},{"target":2,"source":0,"value":36054},{"target":3,"source":0,"value":387039},{"target":4,"source":0,"value":273981},{"target":5,"source":1,"value":27527},{"target":6,"source":1,"value":0},{"target":7,"source":1,"value":72861},{"target":8,"source":2,"value":33024},{"target":9,"source":2,"value":14},{"target":10,"source":2,"value":3016},{"target":11,"source":3,"value":112491},{"target":12,"source":3,"value":0},{"target":13,"source":3,"value":274548},{"target":14,"source":4,"value":273981},{"target":15,"source":4,"value":0},{"target":16,"source":4,"value":0},{"target":17,"source":7,"value":62797},{"target":18,"source":7,"value":8984},{"target":19,"source":7,"value":953},{"target":20,"source":7,"value":127},{"target":21,"source":13,"value":256337},{"target":22,"source":13,"value":15914},{"target":23,"source":13,"value":2047},{"target":24,"source":13,"value":250}],"Ontario":[{"target":1,"source":0,"value":524680},{"target":2,"source":0,"value":98955},{"target":3,"source":0,"value":1754641},{"target":4,"source":0,"value":506847},{"target":5,"source":1,"value":99916},{"target":6,"source":1,"value":26},{"target":7,"source":1,"value":424738},{"target":8,"source":2,"value":91749},{"target":9,"source":2,"value":0},{"target":10,"source":2,"value":7206},{"target":11,"source":3,"value":359367},{"target":12,"source":3,"value":6},{"target":13,"source":3,"value":1395268},{"target":14,"source":4,"value":506847},{"target":15,"source":4,"value":0},{"target":16,"source":4,"value":0},{"target":17,"source":7,"value":382913},{"target":18,"source":7,"value":38426},{"target":19,"source":7,"value":272},{"target":20,"source":7,"value":3127},{"target":21,"source":13,"value":1357541},{"target":22,"source":13,"value":34960},{"target":23,"source":13,"value":528},{"target":24,"source":13,"value":2239}],"Manitoba":[{"target":1,"source":0,"value":15545},{"target":2,"source":0,"value":504},{"target":3,"source":0,"value":90908},{"target":4,"source":0,"value":25519},{"target":5,"source":1,"value":2855},{"target":6,"source":1,"value":0},{"target":7,"source":1,"value":12690},{"target":8,"source":2,"value":457},{"target":9,"source":2,"value":0},{"target":10,"source":2,"value":47},{"target":11,"source":3,"value":15397},{"target":12,"source":3,"value":0},{"target":13,"source":3,"value":75511},{"target":14,"source":4,"value":25519},{"target":15,"source":4,"value":0},{"target":16,"source":4,"value":0},{"target":17,"source":7,"value":12242},{"target":18,"source":7,"value":389},{"target":19,"source":7,"value":0},{"target":20,"source":7,"value":59},{"target":21,"source":13,"value":73481},{"target":22,"source":13,"value":1996},{"target":23,"source":13,"value":0},{"target":24,"source":13,"value":34}],"Saskatchewan":[{"target":1,"source":0,"value":5526},{"target":2,"source":0,"value":251},{"target":3,"source":0,"value":38340},{"target":4,"source":0,"value":23784},{"target":5,"source":1,"value":1988},{"target":6,"source":1,"value":0},{"target":7,"source":1,"value":3538},{"target":8,"source":2,"value":247},{"target":9,"source":2,"value":0},{"target":10,"source":2,"value":4},{"target":11,"source":3,"value":13971},{"target":12,"source":3,"value":0},{"target":13,"source":3,"value":24369},{"target":14,"source":4,"value":23784},{"target":15,"source":4,"value":0},{"target":16,"source":4,"value":0},{"target":17,"source":7,"value":3474},{"target":18,"source":7,"value":55},{"target":19,"source":7,"value":0},{"target":20,"source":7,"value":9},{"target":21,"source":13,"value":23574},{"target":22,"source":13,"value":783},{"target":23,"source":13,"value":0},{"target":24,"source":13,"value":12}],"Alberta":[{"target":1,"source":0,"value":29620},{"target":2,"source":0,"value":13255},{"target":3,"source":0,"value":175586},{"target":4,"source":0,"value":111650},{"target":5,"source":1,"value":24575},{"target":6,"source":1,"value":0},{"target":7,"source":1,"value":5045},{"target":8,"source":2,"value":13199},{"target":9,"source":2,"value":0},{"target":10,"source":2,"value":56},{"target":11,"source":3,"value":135956},{"target":12,"source":3,"value":0},{"target":13,"source":3,"value":39630},{"target":14,"source":4,"value":111650},{"target":15,"source":4,"value":0},{"target":16,"source":4,"value":0},{"target":17,"source":7,"value":4961},{"target":18,"source":7,"value":57},{"target":19,"source":7,"value":0},{"target":20,"source":7,"value":27},{"target":21,"source":13,"value":39487},{"target":22,"source":13,"value":114},{"target":23,"source":13,"value":0},{"target":24,"source":13,"value":29}],"British Columbia":[{"target":1,"source":0,"value":236124},{"target":2,"source":0,"value":84246},{"target":3,"source":0,"value":1074177},{"target":4,"source":0,"value":172379},{"target":5,"source":1,"value":42346},{"target":6,"source":1,"value":72},{"target":7,"source":1,"value":193706},{"target":8,"source":2,"value":67835},{"target":9,"source":2,"value":4},{"target":10,"source":2,"value":16407},{"target":11,"source":3,"value":115063},{"target":12,"source":3,"value":165},{"target":13,"source":3,"value":958949},{"target":14,"source":4,"value":171651},{"target":15,"source":4,"value":0},{"target":16,"source":4,"value":728},{"target":17,"source":7,"value":182516},{"target":18,"source":7,"value":4601},{"target":19,"source":7,"value":1739},{"target":20,"source":7,"value":4850},{"target":21,"source":13,"value":942867},{"target":22,"source":13,"value":9748},{"target":23,"source":13,"value":1439},{"target":24,"source":13,"value":4895}],"Yukon":[{"target":1,"source":0,"value":1713},{"target":2,"source":0,"value":33},{"target":3,"source":0,"value":888},{"target":4,"source":0,"value":0},{"target":5,"source":1,"value":15},{"target":6,"source":1,"value":0},{"target":7,"source":1,"value":1698},{"target":8,"source":2,"value":0},{"target":9,"source":2,"value":0},{"target":10,"source":2,"value":33},{"target":11,"source":3,"value":28},{"target":12,"source":3,"value":0},{"target":13,"source":3,"value":860},{"target":14,"source":4,"value":0},{"target":15,"source":4,"value":0},{"target":16,"source":4,"value":0},{"target":17,"source":7,"value":1697},{"target":18,"source":7,"value":0},{"target":19,"source":7,"value":0},{"target":20,"source":7,"value":1},{"target":21,"source":13,"value":860},{"target":22,"source":13,"value":0},{"target":23,"source":13,"value":0},{"target":24,"source":13,"value":0}],"Nunavut":[{"target":1,"source":0,"value":22},{"target":2,"source":0,"value":70},{"target":3,"source":0,"value":6},{"target":4,"source":0,"value":3},{"target":5,"source":1,"value":22},{"target":6,"source":1,"value":0},{"target":7,"source":1,"value":0},{"target":8,"source":2,"value":70},{"target":9,"source":2,"value":0},{"target":10,"source":2,"value":".."},{"target":11,"source":3,"value":6},{"target":12,"source":3,"value":0},{"target":13,"source":3,"value":0},{"target":14,"source":4,"value":3},{"target":15,"source":4,"value":0},{"target":16,"source":4,"value":".."},{"target":17,"source":7,"value":".."},{"target":18,"source":7,"value":".."},{"target":19,"source":7,"value":".."},{"target":20,"source":7,"value":0},{"target":21,"source":13,"value":".."},{"target":22,"source":13,"value":".."},{"target":23,"source":13,"value":".."},{"target":24,"source":13,"value":0}],"nodes":[{"node":0,"name":"intl"},{"node":1,"name":"USres"},{"node":2,"name":"nonUSres"},{"node":3,"name":"cdnFromUS"},{"node":4,"name":"cdnFromOther"},{"node":5,"name":"USres_air"},{"node":6,"name":"USres_marine"},{"node":7,"name":"USres_land"},{"node":8,"name":"nonUSres_air"},{"node":9,"name":"nonUSres_marine"},{"node":10,"name":"nonUSres_land"},{"node":11,"name":"cdnFromUS_air"},{"node":12,"name":"cdnFromUS_marine"},{"node":13,"name":"cdnFromUS_land"},{"node":14,"name":"cdnFromOther_air"},{"node":15,"name":"cdnFromOther_marine"},{"node":16,"name":"cdnFromOther_land"},{"node":17,"name":"USres_car"},{"node":18,"name":"USres_bus"},{"node":19,"name":"USres_train"},{"node":20,"name":"USres_other"},{"node":21,"name":"cdnFromUS_car"},{"node":22,"name":"cdnFromUS_bus"},{"node":23,"name":"cdnFromUS_train"},{"node":24,"name":"cdnFromUS_other"}]}