{"Canada":[{"target":1,"source":0,"value":1561984},{"target":2,"source":0,"value":389951},{"target":3,"source":0,"value":4164134},{"target":4,"source":0,"value":690581},{"target":5,"source":1,"value":344274},{"target":6,"source":1,"value":53220},{"target":7,"source":1,"value":1164490},{"target":8,"source":2,"value":320972},{"target":9,"source":2,"value":8377},{"target":10,"source":2,"value":60602},{"target":11,"source":3,"value":649840},{"target":12,"source":3,"value":9112},{"target":13,"source":3,"value":3505182},{"target":14,"source":4,"value":688852},{"target":15,"source":4,"value":1438},{"target":16,"source":4,"value":291},{"target":17,"source":7,"value":1074649},{"target":18,"source":7,"value":60784},{"target":19,"source":7,"value":5140},{"target":20,"source":7,"value":23917},{"target":21,"source":13,"value":3391311},{"target":22,"source":13,"value":93809},{"target":23,"source":13,"value":2911},{"target":24,"source":13,"value":17151}],"Newfoundland and Labrador":[{"target":1,"source":0,"value":2547},{"target":2,"source":0,"value":2491},{"target":3,"source":0,"value":1263},{"target":4,"source":0,"value":5404},{"target":5,"source":1,"value":2139},{"target":6,"source":1,"value":408},{"target":7,"source":1,"value":0},{"target":8,"source":2,"value":2177},{"target":9,"source":2,"value":314},{"target":10,"source":2,"value":0},{"target":11,"source":3,"value":1263},{"target":12,"source":3,"value":0},{"target":13,"source":3,"value":0},{"target":14,"source":4,"value":4065},{"target":15,"source":4,"value":1339},{"target":16,"source":4,"value":0},{"target":17,"source":7,"value":0},{"target":18,"source":7,"value":0},{"target":19,"source":7,"value":0},{"target":20,"source":7,"value":0},{"target":21,"source":13,"value":0},{"target":22,"source":13,"value":0},{"target":23,"source":13,"value":0},{"target":24,"source":13,"value":0}],"Prince Edward Island":[{"target":1,"source":0,"value":31},{"target":2,"source":0,"value":4},{"target":3,"source":0,"value":6},{"target":4,"source":0,"value":0},{"target":5,"source":1,"value":31},{"target":6,"source":1,"value":0},{"target":7,"source":1,"value":0},{"target":8,"source":2,"value":4},{"target":9,"source":2,"value":0},{"target":10,"source":2,"value":0},{"target":11,"source":3,"value":6},{"target":12,"source":3,"value":0},{"target":13,"source":3,"value":0},{"target":14,"source":4,"value":0},{"target":15,"source":4,"value":0},{"target":16,"source":4,"value":0},{"target":17,"source":7,"value":0},{"target":18,"source":7,"value":0},{"target":19,"source":7,"value":0},{"target":20,"source":7,"value":0},{"target":21,"source":13,"value":0},{"target":22,"source":13,"value":0},{"target":23,"source":13,"value":0},{"target":24,"source":13,"value":0}],"Nova Scotia":[{"target":1,"source":0,"value":26613},{"target":2,"source":0,"value":8795},{"target":3,"source":0,"value":9502},{"target":4,"source":0,"value":5004},{"target":5,"source":1,"value":6043},{"target":6,"source":1,"value":19104},{"target":7,"source":1,"value":1466},{"target":8,"source":2,"value":3481},{"target":9,"source":2,"value":5281},{"target":10,"source":2,"value":33},{"target":11,"source":3,"value":7525},{"target":12,"source":3,"value":1231},{"target":13,"source":3,"value":746},{"target":14,"source":4,"value":4905},{"target":15,"source":4,"value":99},{"target":16,"source":4,"value":0},{"target":17,"source":7,"value":1158},{"target":18,"source":7,"value":28},{"target":19,"source":7,"value":0},{"target":20,"source":7,"value":280},{"target":21,"source":13,"value":552},{"target":22,"source":13,"value":0},{"target":23,"source":13,"value":0},{"target":24,"source":13,"value":194}],"New Brunswick":[{"target":1,"source":0,"value":90734},{"target":2,"source":0,"value":2679},{"target":3,"source":0,"value":284952},{"target":4,"source":0,"value":0},{"target":5,"source":1,"value":129},{"target":6,"source":1,"value":27624},{"target":7,"source":1,"value":62981},{"target":8,"source":2,"value":17},{"target":9,"source":2,"value":2332},{"target":10,"source":2,"value":330},{"target":11,"source":3,"value":128},{"target":12,"source":3,"value":1300},{"target":13,"source":3,"value":283524},{"target":14,"source":4,"value":0},{"target":15,"source":4,"value":0},{"target":16,"source":4,"value":0},{"target":17,"source":7,"value":61651},{"target":18,"source":7,"value":585},{"target":19,"source":7,"value":0},{"target":20,"source":7,"value":745},{"target":21,"source":13,"value":279738},{"target":22,"source":13,"value":3176},{"target":23,"source":13,"value":0},{"target":24,"source":13,"value":610}],"Quebec":[{"target":1,"source":0,"value":178750},{"target":2,"source":0,"value":77206},{"target":3,"source":0,"value":439058},{"target":4,"source":0,"value":153308},{"target":5,"source":1,"value":60422},{"target":6,"source":1,"value":101},{"target":7,"source":1,"value":118227},{"target":8,"source":2,"value":68893},{"target":9,"source":2,"value":53},{"target":10,"source":2,"value":8260},{"target":11,"source":3,"value":84261},{"target":12,"source":3,"value":436},{"target":13,"source":3,"value":354361},{"target":14,"source":4,"value":153308},{"target":15,"source":4,"value":0},{"target":16,"source":4,"value":0},{"target":17,"source":7,"value":107883},{"target":18,"source":7,"value":8094},{"target":19,"source":7,"value":1953},{"target":20,"source":7,"value":297},{"target":21,"source":13,"value":332170},{"target":22,"source":13,"value":19474},{"target":23,"source":13,"value":1046},{"target":24,"source":13,"value":1671}],"Ontario":[{"target":1,"source":0,"value":887536},{"target":2,"source":0,"value":185190},{"target":3,"source":0,"value":2015556},{"target":4,"source":0,"value":355258},{"target":5,"source":1,"value":169513},{"target":6,"source":1,"value":4379},{"target":7,"source":1,"value":713644},{"target":8,"source":2,"value":154377},{"target":9,"source":2,"value":2},{"target":10,"source":2,"value":30811},{"target":11,"source":3,"value":312446},{"target":12,"source":3,"value":831},{"target":13,"source":3,"value":1702279},{"target":14,"source":4,"value":355258},{"target":15,"source":4,"value":0},{"target":16,"source":4,"value":0},{"target":17,"source":7,"value":655968},{"target":18,"source":7,"value":46179},{"target":19,"source":7,"value":570},{"target":20,"source":7,"value":10927},{"target":21,"source":13,"value":1641922},{"target":22,"source":13,"value":52977},{"target":23,"source":13,"value":384},{"target":24,"source":13,"value":6996}],"Manitoba":[{"target":1,"source":0,"value":26114},{"target":2,"source":0,"value":806},{"target":3,"source":0,"value":109392},{"target":4,"source":0,"value":1400},{"target":5,"source":1,"value":6304},{"target":6,"source":1,"value":0},{"target":7,"source":1,"value":19810},{"target":8,"source":2,"value":700},{"target":9,"source":2,"value":0},{"target":10,"source":2,"value":106},{"target":11,"source":3,"value":10994},{"target":12,"source":3,"value":0},{"target":13,"source":3,"value":98398},{"target":14,"source":4,"value":1400},{"target":15,"source":4,"value":0},{"target":16,"source":4,"value":0},{"target":17,"source":7,"value":19391},{"target":18,"source":7,"value":375},{"target":19,"source":7,"value":0},{"target":20,"source":7,"value":44},{"target":21,"source":13,"value":94371},{"target":22,"source":13,"value":3880},{"target":23,"source":13,"value":0},{"target":24,"source":13,"value":147}],"Saskatchewan":[{"target":1,"source":0,"value":12957},{"target":2,"source":0,"value":276},{"target":3,"source":0,"value":38919},{"target":4,"source":0,"value":746},{"target":5,"source":1,"value":4814},{"target":6,"source":1,"value":0},{"target":7,"source":1,"value":8143},{"target":8,"source":2,"value":226},{"target":9,"source":2,"value":0},{"target":10,"source":2,"value":50},{"target":11,"source":3,"value":9461},{"target":12,"source":3,"value":0},{"target":13,"source":3,"value":29458},{"target":14,"source":4,"value":746},{"target":15,"source":4,"value":0},{"target":16,"source":4,"value":0},{"target":17,"source":7,"value":8090},{"target":18,"source":7,"value":1},{"target":19,"source":7,"value":0},{"target":20,"source":7,"value":52},{"target":21,"source":13,"value":27386},{"target":22,"source":13,"value":1916},{"target":23,"source":13,"value":0},{"target":24,"source":13,"value":156}],"Alberta":[{"target":1,"source":0,"value":44808},{"target":2,"source":0,"value":17362},{"target":3,"source":0,"value":168062},{"target":4,"source":0,"value":50669},{"target":5,"source":1,"value":36630},{"target":6,"source":1,"value":0},{"target":7,"source":1,"value":8178},{"target":8,"source":2,"value":17155},{"target":9,"source":2,"value":0},{"target":10,"source":2,"value":207},{"target":11,"source":3,"value":126331},{"target":12,"source":3,"value":0},{"target":13,"source":3,"value":41731},{"target":14,"source":4,"value":50669},{"target":15,"source":4,"value":0},{"target":16,"source":4,"value":0},{"target":17,"source":7,"value":8154},{"target":18,"source":7,"value":17},{"target":19,"source":7,"value":0},{"target":20,"source":7,"value":7},{"target":21,"source":13,"value":40939},{"target":22,"source":13,"value":691},{"target":23,"source":13,"value":0},{"target":24,"source":13,"value":101}],"British Columbia":[{"target":1,"source":0,"value":286729},{"target":2,"source":0,"value":94931},{"target":3,"source":0,"value":1094778},{"target":4,"source":0,"value":118758},{"target":5,"source":1,"value":58180},{"target":6,"source":1,"value":1604},{"target":7,"source":1,"value":226945},{"target":8,"source":2,"value":73908},{"target":9,"source":2,"value":395},{"target":10,"source":2,"value":20628},{"target":11,"source":3,"value":97314},{"target":12,"source":3,"value":5314},{"target":13,"source":3,"value":992150},{"target":14,"source":4,"value":118467},{"target":15,"source":4,"value":0},{"target":16,"source":4,"value":291},{"target":17,"source":7,"value":207258},{"target":18,"source":7,"value":5505},{"target":19,"source":7,"value":2617},{"target":20,"source":7,"value":11565},{"target":21,"source":13,"value":971743},{"target":22,"source":13,"value":11682},{"target":23,"source":13,"value":1481},{"target":24,"source":13,"value":7244}],"Yukon":[{"target":1,"source":0,"value":5131},{"target":2,"source":0,"value":177},{"target":3,"source":0,"value":2615},{"target":4,"source":0,"value":0},{"target":5,"source":1,"value":35},{"target":6,"source":1,"value":0},{"target":7,"source":1,"value":5096},{"target":8,"source":2,"value":0},{"target":9,"source":2,"value":0},{"target":10,"source":2,"value":177},{"target":11,"source":3,"value":80},{"target":12,"source":3,"value":0},{"target":13,"source":3,"value":2535},{"target":14,"source":4,"value":0},{"target":15,"source":4,"value":0},{"target":16,"source":4,"value":0},{"target":17,"source":7,"value":5096},{"target":18,"source":7,"value":0},{"target":19,"source":7,"value":0},{"target":20,"source":7,"value":0},{"target":21,"source":13,"value":2490},{"target":22,"source":13,"value":13},{"target":23,"source":13,"value":0},{"target":24,"source":13,"value":32}],"Nunavut":[{"target":1,"source":0,"value":34},{"target":2,"source":0,"value":34},{"target":3,"source":0,"value":31},{"target":4,"source":0,"value":34},{"target":5,"source":1,"value":34},{"target":6,"source":1,"value":0},{"target":7,"source":1,"value":0},{"target":8,"source":2,"value":34},{"target":9,"source":2,"value":0},{"target":10,"source":2,"value":".."},{"target":11,"source":3,"value":31},{"target":12,"source":3,"value":0},{"target":13,"source":3,"value":0},{"target":14,"source":4,"value":34},{"target":15,"source":4,"value":0},{"target":16,"source":4,"value":".."},{"target":17,"source":7,"value":".."},{"target":18,"source":7,"value":".."},{"target":19,"source":7,"value":".."},{"target":20,"source":7,"value":0},{"target":21,"source":13,"value":".."},{"target":22,"source":13,"value":".."},{"target":23,"source":13,"value":".."},{"target":24,"source":13,"value":0}],"nodes":[{"node":0,"name":"intl"},{"node":1,"name":"USres"},{"node":2,"name":"nonUSres"},{"node":3,"name":"cdnFromUS"},{"node":4,"name":"cdnFromOther"},{"node":5,"name":"USres_air"},{"node":6,"name":"USres_marine"},{"node":7,"name":"USres_land"},{"node":8,"name":"nonUSres_air"},{"node":9,"name":"nonUSres_marine"},{"node":10,"name":"nonUSres_land"},{"node":11,"name":"cdnFromUS_air"},{"node":12,"name":"cdnFromUS_marine"},{"node":13,"name":"cdnFromUS_land"},{"node":14,"name":"cdnFromOther_air"},{"node":15,"name":"cdnFromOther_marine"},{"node":16,"name":"cdnFromOther_land"},{"node":17,"name":"USres_car"},{"node":18,"name":"USres_bus"},{"node":19,"name":"USres_train"},{"node":20,"name":"USres_other"},{"node":21,"name":"cdnFromUS_car"},{"node":22,"name":"cdnFromUS_bus"},{"node":23,"name":"cdnFromUS_train"},{"node":24,"name":"cdnFromUS_other"}]}