{"Canada":[{"target":1,"source":0,"value":2141658},{"target":2,"source":0,"value":647404},{"target":3,"source":0,"value":3453056},{"target":4,"source":0,"value":799072},{"target":5,"source":1,"value":429431},{"target":6,"source":1,"value":166902},{"target":7,"source":1,"value":1545325},{"target":8,"source":2,"value":508453},{"target":9,"source":2,"value":48672},{"target":10,"source":2,"value":90279},{"target":11,"source":3,"value":528082},{"target":12,"source":3,"value":33381},{"target":13,"source":3,"value":2891593},{"target":14,"source":4,"value":797812},{"target":15,"source":4,"value":923},{"target":16,"source":4,"value":337},{"target":17,"source":7,"value":1404423},{"target":18,"source":7,"value":82275},{"target":19,"source":7,"value":16924},{"target":20,"source":7,"value":41703},{"target":21,"source":13,"value":2781953},{"target":22,"source":13,"value":73477},{"target":23,"source":13,"value":2447},{"target":24,"source":13,"value":33716}],"Newfoundland and Labrador":[{"target":1,"source":0,"value":5962},{"target":2,"source":0,"value":12139},{"target":3,"source":0,"value":881},{"target":4,"source":0,"value":4019},{"target":5,"source":1,"value":2128},{"target":6,"source":1,"value":3834},{"target":7,"source":1,"value":0},{"target":8,"source":2,"value":3638},{"target":9,"source":2,"value":8501},{"target":10,"source":2,"value":0},{"target":11,"source":3,"value":864},{"target":12,"source":3,"value":17},{"target":13,"source":3,"value":0},{"target":14,"source":4,"value":3156},{"target":15,"source":4,"value":863},{"target":16,"source":4,"value":0},{"target":17,"source":7,"value":0},{"target":18,"source":7,"value":0},{"target":19,"source":7,"value":0},{"target":20,"source":7,"value":0},{"target":21,"source":13,"value":0},{"target":22,"source":13,"value":0},{"target":23,"source":13,"value":0},{"target":24,"source":13,"value":0}],"Prince Edward Island":[{"target":1,"source":0,"value":41},{"target":2,"source":0,"value":0},{"target":3,"source":0,"value":19},{"target":4,"source":0,"value":0},{"target":5,"source":1,"value":41},{"target":6,"source":1,"value":0},{"target":7,"source":1,"value":0},{"target":8,"source":2,"value":0},{"target":9,"source":2,"value":0},{"target":10,"source":2,"value":0},{"target":11,"source":3,"value":19},{"target":12,"source":3,"value":0},{"target":13,"source":3,"value":0},{"target":14,"source":4,"value":0},{"target":15,"source":4,"value":0},{"target":16,"source":4,"value":0},{"target":17,"source":7,"value":0},{"target":18,"source":7,"value":0},{"target":19,"source":7,"value":0},{"target":20,"source":7,"value":0},{"target":21,"source":13,"value":0},{"target":22,"source":13,"value":0},{"target":23,"source":13,"value":0},{"target":24,"source":13,"value":0}],"Nova Scotia":[{"target":1,"source":0,"value":40692},{"target":2,"source":0,"value":13676},{"target":3,"source":0,"value":6644},{"target":4,"source":0,"value":6794},{"target":5,"source":1,"value":8532},{"target":6,"source":1,"value":27667},{"target":7,"source":1,"value":4493},{"target":8,"source":2,"value":5758},{"target":9,"source":2,"value":7812},{"target":10,"source":2,"value":106},{"target":11,"source":3,"value":3410},{"target":12,"source":3,"value":2396},{"target":13,"source":3,"value":838},{"target":14,"source":4,"value":6748},{"target":15,"source":4,"value":46},{"target":16,"source":4,"value":0},{"target":17,"source":7,"value":3350},{"target":18,"source":7,"value":473},{"target":19,"source":7,"value":0},{"target":20,"source":7,"value":670},{"target":21,"source":13,"value":583},{"target":22,"source":13,"value":28},{"target":23,"source":13,"value":0},{"target":24,"source":13,"value":227}],"New Brunswick":[{"target":1,"source":0,"value":107315},{"target":2,"source":0,"value":4903},{"target":3,"source":0,"value":207679},{"target":4,"source":0,"value":0},{"target":5,"source":1,"value":260},{"target":6,"source":1,"value":22109},{"target":7,"source":1,"value":84946},{"target":8,"source":2,"value":45},{"target":9,"source":2,"value":4244},{"target":10,"source":2,"value":614},{"target":11,"source":3,"value":186},{"target":12,"source":3,"value":1654},{"target":13,"source":3,"value":205839},{"target":14,"source":4,"value":0},{"target":15,"source":4,"value":0},{"target":16,"source":4,"value":0},{"target":17,"source":7,"value":82658},{"target":18,"source":7,"value":1491},{"target":19,"source":7,"value":0},{"target":20,"source":7,"value":797},{"target":21,"source":13,"value":202591},{"target":22,"source":13,"value":1326},{"target":23,"source":13,"value":0},{"target":24,"source":13,"value":1922}],"Quebec":[{"target":1,"source":0,"value":211617},{"target":2,"source":0,"value":107089},{"target":3,"source":0,"value":438811},{"target":4,"source":0,"value":183861},{"target":5,"source":1,"value":71519},{"target":6,"source":1,"value":335},{"target":7,"source":1,"value":139763},{"target":8,"source":2,"value":93667},{"target":9,"source":2,"value":29},{"target":10,"source":2,"value":13393},{"target":11,"source":3,"value":73223},{"target":12,"source":3,"value":2343},{"target":13,"source":3,"value":363245},{"target":14,"source":4,"value":183861},{"target":15,"source":4,"value":0},{"target":16,"source":4,"value":0},{"target":17,"source":7,"value":129378},{"target":18,"source":7,"value":8047},{"target":19,"source":7,"value":1531},{"target":20,"source":7,"value":807},{"target":21,"source":13,"value":337718},{"target":22,"source":13,"value":16318},{"target":23,"source":13,"value":831},{"target":24,"source":13,"value":8378}],"Ontario":[{"target":1,"source":0,"value":1129305},{"target":2,"source":0,"value":282856},{"target":3,"source":0,"value":1618992},{"target":4,"source":0,"value":419924},{"target":5,"source":1,"value":196097},{"target":6,"source":1,"value":16177},{"target":7,"source":1,"value":917031},{"target":8,"source":2,"value":241187},{"target":9,"source":2,"value":39},{"target":10,"source":2,"value":41630},{"target":11,"source":3,"value":246578},{"target":12,"source":3,"value":5728},{"target":13,"source":3,"value":1366686},{"target":14,"source":4,"value":419924},{"target":15,"source":4,"value":0},{"target":16,"source":4,"value":0},{"target":17,"source":7,"value":845969},{"target":18,"source":7,"value":50357},{"target":19,"source":7,"value":672},{"target":20,"source":7,"value":20033},{"target":21,"source":13,"value":1317135},{"target":22,"source":13,"value":41433},{"target":23,"source":13,"value":283},{"target":24,"source":13,"value":7835}],"Manitoba":[{"target":1,"source":0,"value":31356},{"target":2,"source":0,"value":1128},{"target":3,"source":0,"value":99981},{"target":4,"source":0,"value":1282},{"target":5,"source":1,"value":5978},{"target":6,"source":1,"value":0},{"target":7,"source":1,"value":25378},{"target":8,"source":2,"value":949},{"target":9,"source":2,"value":0},{"target":10,"source":2,"value":179},{"target":11,"source":3,"value":8113},{"target":12,"source":3,"value":0},{"target":13,"source":3,"value":91868},{"target":14,"source":4,"value":1282},{"target":15,"source":4,"value":0},{"target":16,"source":4,"value":0},{"target":17,"source":7,"value":25024},{"target":18,"source":7,"value":267},{"target":19,"source":7,"value":0},{"target":20,"source":7,"value":87},{"target":21,"source":13,"value":88211},{"target":22,"source":13,"value":3119},{"target":23,"source":13,"value":0},{"target":24,"source":13,"value":538}],"Saskatchewan":[{"target":1,"source":0,"value":11825},{"target":2,"source":0,"value":284},{"target":3,"source":0,"value":25408},{"target":4,"source":0,"value":323},{"target":5,"source":1,"value":3029},{"target":6,"source":1,"value":0},{"target":7,"source":1,"value":8796},{"target":8,"source":2,"value":159},{"target":9,"source":2,"value":0},{"target":10,"source":2,"value":125},{"target":11,"source":3,"value":4287},{"target":12,"source":3,"value":0},{"target":13,"source":3,"value":21121},{"target":14,"source":4,"value":323},{"target":15,"source":4,"value":0},{"target":16,"source":4,"value":0},{"target":17,"source":7,"value":8533},{"target":18,"source":7,"value":189},{"target":19,"source":7,"value":0},{"target":20,"source":7,"value":74},{"target":21,"source":13,"value":20061},{"target":22,"source":13,"value":600},{"target":23,"source":13,"value":0},{"target":24,"source":13,"value":460}],"Alberta":[{"target":1,"source":0,"value":67680},{"target":2,"source":0,"value":31054},{"target":3,"source":0,"value":135855},{"target":4,"source":0,"value":51372},{"target":5,"source":1,"value":47667},{"target":6,"source":1,"value":0},{"target":7,"source":1,"value":20013},{"target":8,"source":2,"value":29931},{"target":9,"source":2,"value":0},{"target":10,"source":2,"value":1123},{"target":11,"source":3,"value":94357},{"target":12,"source":3,"value":0},{"target":13,"source":3,"value":41498},{"target":14,"source":4,"value":51372},{"target":15,"source":4,"value":0},{"target":16,"source":4,"value":0},{"target":17,"source":7,"value":19031},{"target":18,"source":7,"value":878},{"target":19,"source":7,"value":0},{"target":20,"source":7,"value":104},{"target":21,"source":13,"value":40903},{"target":22,"source":13,"value":134},{"target":23,"source":13,"value":0},{"target":24,"source":13,"value":461}],"British Columbia":[{"target":1,"source":0,"value":499149},{"target":2,"source":0,"value":187511},{"target":3,"source":0,"value":911339},{"target":4,"source":0,"value":131371},{"target":5,"source":1,"value":93814},{"target":6,"source":1,"value":96780},{"target":7,"source":1,"value":308555},{"target":8,"source":2,"value":132884},{"target":9,"source":2,"value":28047},{"target":10,"source":2,"value":26580},{"target":11,"source":3,"value":96931},{"target":12,"source":3,"value":21243},{"target":13,"source":3,"value":793165},{"target":14,"source":4,"value":131020},{"target":15,"source":4,"value":14},{"target":16,"source":4,"value":337},{"target":17,"source":7,"value":276250},{"target":18,"source":7,"value":8084},{"target":19,"source":7,"value":5163},{"target":20,"source":7,"value":19058},{"target":21,"source":13,"value":769471},{"target":22,"source":13,"value":8517},{"target":23,"source":13,"value":1333},{"target":24,"source":13,"value":13844}],"Yukon":[{"target":1,"source":0,"value":36635},{"target":2,"source":0,"value":6738},{"target":3,"source":0,"value":7419},{"target":4,"source":0,"value":69},{"target":5,"source":1,"value":285},{"target":6,"source":1,"value":0},{"target":7,"source":1,"value":36350},{"target":8,"source":2,"value":209},{"target":9,"source":2,"value":0},{"target":10,"source":2,"value":6529},{"target":11,"source":3,"value":86},{"target":12,"source":3,"value":0},{"target":13,"source":3,"value":7333},{"target":14,"source":4,"value":69},{"target":15,"source":4,"value":0},{"target":16,"source":4,"value":0},{"target":17,"source":7,"value":14230},{"target":18,"source":7,"value":12489},{"target":19,"source":7,"value":9558},{"target":20,"source":7,"value":73},{"target":21,"source":13,"value":5280},{"target":22,"source":13,"value":2002},{"target":23,"source":13,"value":0},{"target":24,"source":13,"value":51}],"Nunavut":[{"target":1,"source":0,"value":81},{"target":2,"source":0,"value":26},{"target":3,"source":0,"value":28},{"target":4,"source":0,"value":57},{"target":5,"source":1,"value":81},{"target":6,"source":1,"value":0},{"target":7,"source":1,"value":0},{"target":8,"source":2,"value":26},{"target":9,"source":2,"value":0},{"target":10,"source":2,"value":".."},{"target":11,"source":3,"value":28},{"target":12,"source":3,"value":0},{"target":13,"source":3,"value":0},{"target":14,"source":4,"value":57},{"target":15,"source":4,"value":0},{"target":16,"source":4,"value":".."},{"target":17,"source":7,"value":".."},{"target":18,"source":7,"value":".."},{"target":19,"source":7,"value":".."},{"target":20,"source":7,"value":0},{"target":21,"source":13,"value":".."},{"target":22,"source":13,"value":".."},{"target":23,"source":13,"value":".."},{"target":24,"source":13,"value":0}],"nodes":[{"node":0,"name":"intl"},{"node":1,"name":"USres"},{"node":2,"name":"nonUSres"},{"node":3,"name":"cdnFromUS"},{"node":4,"name":"cdnFromOther"},{"node":5,"name":"USres_air"},{"node":6,"name":"USres_marine"},{"node":7,"name":"USres_land"},{"node":8,"name":"nonUSres_air"},{"node":9,"name":"nonUSres_marine"},{"node":10,"name":"nonUSres_land"},{"node":11,"name":"cdnFromUS_air"},{"node":12,"name":"cdnFromUS_marine"},{"node":13,"name":"cdnFromUS_land"},{"node":14,"name":"cdnFromOther_air"},{"node":15,"name":"cdnFromOther_marine"},{"node":16,"name":"cdnFromOther_land"},{"node":17,"name":"USres_car"},{"node":18,"name":"USres_bus"},{"node":19,"name":"USres_train"},{"node":20,"name":"USres_other"},{"node":21,"name":"cdnFromUS_car"},{"node":22,"name":"cdnFromUS_bus"},{"node":23,"name":"cdnFromUS_train"},{"node":24,"name":"cdnFromUS_other"}]}