{"Canada":[{"target":1,"source":0,"value":1366855},{"target":2,"source":0,"value":320173},{"target":3,"source":0,"value":3913648},{"target":4,"source":0,"value":1096752},{"target":5,"source":1,"value":302288},{"target":6,"source":1,"value":9354},{"target":7,"source":1,"value":1055213},{"target":8,"source":2,"value":276827},{"target":9,"source":2,"value":1446},{"target":10,"source":2,"value":41900},{"target":11,"source":3,"value":831565},{"target":12,"source":3,"value":7353},{"target":13,"source":3,"value":3074730},{"target":14,"source":4,"value":1095593},{"target":15,"source":4,"value":111},{"target":16,"source":4,"value":1048},{"target":17,"source":7,"value":981152},{"target":18,"source":7,"value":50499},{"target":19,"source":7,"value":4635},{"target":20,"source":7,"value":18927},{"target":21,"source":13,"value":2967783},{"target":22,"source":13,"value":87225},{"target":23,"source":13,"value":2896},{"target":24,"source":13,"value":16826}],"Newfoundland and Labrador":[{"target":1,"source":0,"value":1161},{"target":2,"source":0,"value":1921},{"target":3,"source":0,"value":3835},{"target":4,"source":0,"value":8166},{"target":5,"source":1,"value":1161},{"target":6,"source":1,"value":0},{"target":7,"source":1,"value":0},{"target":8,"source":2,"value":1728},{"target":9,"source":2,"value":193},{"target":10,"source":2,"value":0},{"target":11,"source":3,"value":3835},{"target":12,"source":3,"value":0},{"target":13,"source":3,"value":0},{"target":14,"source":4,"value":8060},{"target":15,"source":4,"value":106},{"target":16,"source":4,"value":0},{"target":17,"source":7,"value":0},{"target":18,"source":7,"value":0},{"target":19,"source":7,"value":0},{"target":20,"source":7,"value":0},{"target":21,"source":13,"value":0},{"target":22,"source":13,"value":0},{"target":23,"source":13,"value":0},{"target":24,"source":13,"value":0}],"Prince Edward Island":[{"target":1,"source":0,"value":4},{"target":2,"source":0,"value":0},{"target":3,"source":0,"value":385},{"target":4,"source":0,"value":372},{"target":5,"source":1,"value":4},{"target":6,"source":1,"value":0},{"target":7,"source":1,"value":0},{"target":8,"source":2,"value":0},{"target":9,"source":2,"value":0},{"target":10,"source":2,"value":0},{"target":11,"source":3,"value":385},{"target":12,"source":3,"value":0},{"target":13,"source":3,"value":0},{"target":14,"source":4,"value":372},{"target":15,"source":4,"value":0},{"target":16,"source":4,"value":0},{"target":17,"source":7,"value":0},{"target":18,"source":7,"value":0},{"target":19,"source":7,"value":0},{"target":20,"source":7,"value":0},{"target":21,"source":13,"value":0},{"target":22,"source":13,"value":0},{"target":23,"source":13,"value":0},{"target":24,"source":13,"value":0}],"Nova Scotia":[{"target":1,"source":0,"value":2392},{"target":2,"source":0,"value":2266},{"target":3,"source":0,"value":17021},{"target":4,"source":0,"value":29474},{"target":5,"source":1,"value":2376},{"target":6,"source":1,"value":16},{"target":7,"source":1,"value":0},{"target":8,"source":2,"value":1652},{"target":9,"source":2,"value":614},{"target":10,"source":2,"value":0},{"target":11,"source":3,"value":17017},{"target":12,"source":3,"value":4},{"target":13,"source":3,"value":0},{"target":14,"source":4,"value":29474},{"target":15,"source":4,"value":0},{"target":16,"source":4,"value":0},{"target":17,"source":7,"value":0},{"target":18,"source":7,"value":0},{"target":19,"source":7,"value":0},{"target":20,"source":7,"value":0},{"target":21,"source":13,"value":0},{"target":22,"source":13,"value":0},{"target":23,"source":13,"value":0},{"target":24,"source":13,"value":0}],"New Brunswick":[{"target":1,"source":0,"value":46462},{"target":2,"source":0,"value":100},{"target":3,"source":0,"value":223805},{"target":4,"source":0,"value":10286},{"target":5,"source":1,"value":62},{"target":6,"source":1,"value":4},{"target":7,"source":1,"value":46396},{"target":8,"source":2,"value":31},{"target":9,"source":2,"value":4},{"target":10,"source":2,"value":65},{"target":11,"source":3,"value":2647},{"target":12,"source":3,"value":4},{"target":13,"source":3,"value":221154},{"target":14,"source":4,"value":10286},{"target":15,"source":4,"value":0},{"target":16,"source":4,"value":0},{"target":17,"source":7,"value":45967},{"target":18,"source":7,"value":252},{"target":19,"source":7,"value":0},{"target":20,"source":7,"value":177},{"target":21,"source":13,"value":219315},{"target":22,"source":13,"value":1341},{"target":23,"source":13,"value":0},{"target":24,"source":13,"value":498}],"Quebec":[{"target":1,"source":0,"value":155733},{"target":2,"source":0,"value":56727},{"target":3,"source":0,"value":416213},{"target":4,"source":0,"value":228643},{"target":5,"source":1,"value":49404},{"target":6,"source":1,"value":0},{"target":7,"source":1,"value":106329},{"target":8,"source":2,"value":52747},{"target":9,"source":2,"value":50},{"target":10,"source":2,"value":3930},{"target":11,"source":3,"value":106327},{"target":12,"source":3,"value":0},{"target":13,"source":3,"value":309886},{"target":14,"source":4,"value":228638},{"target":15,"source":4,"value":5},{"target":16,"source":4,"value":0},{"target":17,"source":7,"value":97188},{"target":18,"source":7,"value":7725},{"target":19,"source":7,"value":1280},{"target":20,"source":7,"value":136},{"target":21,"source":13,"value":280200},{"target":22,"source":13,"value":27938},{"target":23,"source":13,"value":1137},{"target":24,"source":13,"value":611}],"Ontario":[{"target":1,"source":0,"value":780623},{"target":2,"source":0,"value":153726},{"target":3,"source":0,"value":1856392},{"target":4,"source":0,"value":511562},{"target":5,"source":1,"value":154213},{"target":6,"source":1,"value":5413},{"target":7,"source":1,"value":620997},{"target":8,"source":2,"value":134617},{"target":9,"source":2,"value":17},{"target":10,"source":2,"value":19092},{"target":11,"source":3,"value":389985},{"target":12,"source":3,"value":189},{"target":13,"source":3,"value":1466218},{"target":14,"source":4,"value":511562},{"target":15,"source":4,"value":0},{"target":16,"source":4,"value":0},{"target":17,"source":7,"value":576342},{"target":18,"source":7,"value":37011},{"target":19,"source":7,"value":453},{"target":20,"source":7,"value":7191},{"target":21,"source":13,"value":1417449},{"target":22,"source":13,"value":42304},{"target":23,"source":13,"value":260},{"target":24,"source":13,"value":6205}],"Manitoba":[{"target":1,"source":0,"value":17480},{"target":2,"source":0,"value":635},{"target":3,"source":0,"value":115118},{"target":4,"source":0,"value":11954},{"target":5,"source":1,"value":3546},{"target":6,"source":1,"value":0},{"target":7,"source":1,"value":13934},{"target":8,"source":2,"value":563},{"target":9,"source":2,"value":0},{"target":10,"source":2,"value":72},{"target":11,"source":3,"value":14438},{"target":12,"source":3,"value":0},{"target":13,"source":3,"value":100680},{"target":14,"source":4,"value":11954},{"target":15,"source":4,"value":0},{"target":16,"source":4,"value":0},{"target":17,"source":7,"value":13769},{"target":18,"source":7,"value":147},{"target":19,"source":7,"value":0},{"target":20,"source":7,"value":18},{"target":21,"source":13,"value":98024},{"target":22,"source":13,"value":2506},{"target":23,"source":13,"value":0},{"target":24,"source":13,"value":150}],"Saskatchewan":[{"target":1,"source":0,"value":7209},{"target":2,"source":0,"value":213},{"target":3,"source":0,"value":38425},{"target":4,"source":0,"value":8303},{"target":5,"source":1,"value":1828},{"target":6,"source":1,"value":0},{"target":7,"source":1,"value":5381},{"target":8,"source":2,"value":169},{"target":9,"source":2,"value":0},{"target":10,"source":2,"value":44},{"target":11,"source":3,"value":10363},{"target":12,"source":3,"value":0},{"target":13,"source":3,"value":28062},{"target":14,"source":4,"value":8303},{"target":15,"source":4,"value":0},{"target":16,"source":4,"value":0},{"target":17,"source":7,"value":5233},{"target":18,"source":7,"value":45},{"target":19,"source":7,"value":0},{"target":20,"source":7,"value":103},{"target":21,"source":13,"value":27237},{"target":22,"source":13,"value":684},{"target":23,"source":13,"value":0},{"target":24,"source":13,"value":141}],"Alberta":[{"target":1,"source":0,"value":36636},{"target":2,"source":0,"value":15044},{"target":3,"source":0,"value":226369},{"target":4,"source":0,"value":113414},{"target":5,"source":1,"value":28695},{"target":6,"source":1,"value":0},{"target":7,"source":1,"value":7941},{"target":8,"source":2,"value":14871},{"target":9,"source":2,"value":0},{"target":10,"source":2,"value":173},{"target":11,"source":3,"value":155628},{"target":12,"source":3,"value":0},{"target":13,"source":3,"value":70741},{"target":14,"source":4,"value":113414},{"target":15,"source":4,"value":0},{"target":16,"source":4,"value":0},{"target":17,"source":7,"value":7903},{"target":18,"source":7,"value":22},{"target":19,"source":7,"value":0},{"target":20,"source":7,"value":16},{"target":21,"source":13,"value":70190},{"target":22,"source":13,"value":484},{"target":23,"source":13,"value":0},{"target":24,"source":13,"value":67}],"British Columbia":[{"target":1,"source":0,"value":314844},{"target":2,"source":0,"value":89212},{"target":3,"source":0,"value":1012078},{"target":4,"source":0,"value":174578},{"target":5,"source":1,"value":60892},{"target":6,"source":1,"value":3921},{"target":7,"source":1,"value":250031},{"target":8,"source":2,"value":70320},{"target":9,"source":2,"value":568},{"target":10,"source":2,"value":18324},{"target":11,"source":3,"value":130914},{"target":12,"source":3,"value":7156},{"target":13,"source":3,"value":874008},{"target":14,"source":4,"value":173530},{"target":15,"source":4,"value":0},{"target":16,"source":4,"value":1048},{"target":17,"source":7,"value":230636},{"target":18,"source":7,"value":5208},{"target":19,"source":7,"value":2902},{"target":20,"source":7,"value":11285},{"target":21,"source":13,"value":851388},{"target":22,"source":13,"value":11967},{"target":23,"source":13,"value":1499},{"target":24,"source":13,"value":9154}],"Yukon":[{"target":1,"source":0,"value":4226},{"target":2,"source":0,"value":214},{"target":3,"source":0,"value":3992},{"target":4,"source":0,"value":0},{"target":5,"source":1,"value":22},{"target":6,"source":1,"value":0},{"target":7,"source":1,"value":4204},{"target":8,"source":2,"value":14},{"target":9,"source":2,"value":0},{"target":10,"source":2,"value":200},{"target":11,"source":3,"value":11},{"target":12,"source":3,"value":0},{"target":13,"source":3,"value":3981},{"target":14,"source":4,"value":0},{"target":15,"source":4,"value":0},{"target":16,"source":4,"value":0},{"target":17,"source":7,"value":4114},{"target":18,"source":7,"value":89},{"target":19,"source":7,"value":0},{"target":20,"source":7,"value":1},{"target":21,"source":13,"value":3980},{"target":22,"source":13,"value":1},{"target":23,"source":13,"value":0},{"target":24,"source":13,"value":0}],"Nunavut":[{"target":1,"source":0,"value":85},{"target":2,"source":0,"value":115},{"target":3,"source":0,"value":15},{"target":4,"source":0,"value":0},{"target":5,"source":1,"value":85},{"target":6,"source":1,"value":0},{"target":7,"source":1,"value":0},{"target":8,"source":2,"value":115},{"target":9,"source":2,"value":0},{"target":10,"source":2,"value":".."},{"target":11,"source":3,"value":15},{"target":12,"source":3,"value":0},{"target":13,"source":3,"value":0},{"target":14,"source":4,"value":0},{"target":15,"source":4,"value":0},{"target":16,"source":4,"value":".."},{"target":17,"source":7,"value":".."},{"target":18,"source":7,"value":".."},{"target":19,"source":7,"value":".."},{"target":20,"source":7,"value":0},{"target":21,"source":13,"value":".."},{"target":22,"source":13,"value":".."},{"target":23,"source":13,"value":".."},{"target":24,"source":13,"value":0}],"nodes":[{"node":0,"name":"intl"},{"node":1,"name":"USres"},{"node":2,"name":"nonUSres"},{"node":3,"name":"cdnFromUS"},{"node":4,"name":"cdnFromOther"},{"node":5,"name":"USres_air"},{"node":6,"name":"USres_marine"},{"node":7,"name":"USres_land"},{"node":8,"name":"nonUSres_air"},{"node":9,"name":"nonUSres_marine"},{"node":10,"name":"nonUSres_land"},{"node":11,"name":"cdnFromUS_air"},{"node":12,"name":"cdnFromUS_marine"},{"node":13,"name":"cdnFromUS_land"},{"node":14,"name":"cdnFromOther_air"},{"node":15,"name":"cdnFromOther_marine"},{"node":16,"name":"cdnFromOther_land"},{"node":17,"name":"USres_car"},{"node":18,"name":"USres_bus"},{"node":19,"name":"USres_train"},{"node":20,"name":"USres_other"},{"node":21,"name":"cdnFromUS_car"},{"node":22,"name":"cdnFromUS_bus"},{"node":23,"name":"cdnFromUS_train"},{"node":24,"name":"cdnFromUS_other"}]}