{"Canada":[{"target":1,"source":0,"value":1667215},{"target":2,"source":0,"value":405859},{"target":3,"source":0,"value":3307043},{"target":4,"source":0,"value":806505},{"target":5,"source":1,"value":361001},{"target":6,"source":1,"value":50341},{"target":7,"source":1,"value":1255873},{"target":8,"source":2,"value":334754},{"target":9,"source":2,"value":8105},{"target":10,"source":2,"value":63000},{"target":11,"source":3,"value":595191},{"target":12,"source":3,"value":9647},{"target":13,"source":3,"value":2702205},{"target":14,"source":4,"value":806227},{"target":15,"source":4,"value":68},{"target":16,"source":4,"value":210},{"target":17,"source":7,"value":1167956},{"target":18,"source":7,"value":57842},{"target":19,"source":7,"value":5077},{"target":20,"source":7,"value":24998},{"target":21,"source":13,"value":2605336},{"target":22,"source":13,"value":74852},{"target":23,"source":13,"value":2336},{"target":24,"source":13,"value":19681}],"Newfoundland and Labrador":[{"target":1,"source":0,"value":2037},{"target":2,"source":0,"value":2692},{"target":3,"source":0,"value":1261},{"target":4,"source":0,"value":4295},{"target":5,"source":1,"value":2036},{"target":6,"source":1,"value":1},{"target":7,"source":1,"value":0},{"target":8,"source":2,"value":2442},{"target":9,"source":2,"value":250},{"target":10,"source":2,"value":0},{"target":11,"source":3,"value":1261},{"target":12,"source":3,"value":0},{"target":13,"source":3,"value":0},{"target":14,"source":4,"value":4227},{"target":15,"source":4,"value":68},{"target":16,"source":4,"value":0},{"target":17,"source":7,"value":0},{"target":18,"source":7,"value":0},{"target":19,"source":7,"value":0},{"target":20,"source":7,"value":0},{"target":21,"source":13,"value":0},{"target":22,"source":13,"value":0},{"target":23,"source":13,"value":0},{"target":24,"source":13,"value":0}],"Prince Edward Island":[{"target":1,"source":0,"value":18},{"target":2,"source":0,"value":6},{"target":3,"source":0,"value":3},{"target":4,"source":0,"value":0},{"target":5,"source":1,"value":18},{"target":6,"source":1,"value":0},{"target":7,"source":1,"value":0},{"target":8,"source":2,"value":6},{"target":9,"source":2,"value":0},{"target":10,"source":2,"value":0},{"target":11,"source":3,"value":3},{"target":12,"source":3,"value":0},{"target":13,"source":3,"value":0},{"target":14,"source":4,"value":0},{"target":15,"source":4,"value":0},{"target":16,"source":4,"value":0},{"target":17,"source":7,"value":0},{"target":18,"source":7,"value":0},{"target":19,"source":7,"value":0},{"target":20,"source":7,"value":0},{"target":21,"source":13,"value":0},{"target":22,"source":13,"value":0},{"target":23,"source":13,"value":0},{"target":24,"source":13,"value":0}],"Nova Scotia":[{"target":1,"source":0,"value":25992},{"target":2,"source":0,"value":8547},{"target":3,"source":0,"value":8390},{"target":4,"source":0,"value":6195},{"target":5,"source":1,"value":5631},{"target":6,"source":1,"value":19075},{"target":7,"source":1,"value":1286},{"target":8,"source":2,"value":3269},{"target":9,"source":2,"value":5260},{"target":10,"source":2,"value":18},{"target":11,"source":3,"value":6889},{"target":12,"source":3,"value":1228},{"target":13,"source":3,"value":273},{"target":14,"source":4,"value":6195},{"target":15,"source":4,"value":0},{"target":16,"source":4,"value":0},{"target":17,"source":7,"value":935},{"target":18,"source":7,"value":77},{"target":19,"source":7,"value":0},{"target":20,"source":7,"value":274},{"target":21,"source":13,"value":206},{"target":22,"source":13,"value":0},{"target":23,"source":13,"value":0},{"target":24,"source":13,"value":67}],"New Brunswick":[{"target":1,"source":0,"value":89181},{"target":2,"source":0,"value":2504},{"target":3,"source":0,"value":204304},{"target":4,"source":0,"value":28},{"target":5,"source":1,"value":144},{"target":6,"source":1,"value":23583},{"target":7,"source":1,"value":65454},{"target":8,"source":2,"value":14},{"target":9,"source":2,"value":2120},{"target":10,"source":2,"value":370},{"target":11,"source":3,"value":233},{"target":12,"source":3,"value":1015},{"target":13,"source":3,"value":203056},{"target":14,"source":4,"value":28},{"target":15,"source":4,"value":0},{"target":16,"source":4,"value":0},{"target":17,"source":7,"value":64739},{"target":18,"source":7,"value":447},{"target":19,"source":7,"value":0},{"target":20,"source":7,"value":268},{"target":21,"source":13,"value":199860},{"target":22,"source":13,"value":2593},{"target":23,"source":13,"value":0},{"target":24,"source":13,"value":603}],"Quebec":[{"target":1,"source":0,"value":193225},{"target":2,"source":0,"value":88848},{"target":3,"source":0,"value":370096},{"target":4,"source":0,"value":176362},{"target":5,"source":1,"value":66377},{"target":6,"source":1,"value":27},{"target":7,"source":1,"value":126821},{"target":8,"source":2,"value":79440},{"target":9,"source":2,"value":47},{"target":10,"source":2,"value":9361},{"target":11,"source":3,"value":76407},{"target":12,"source":3,"value":694},{"target":13,"source":3,"value":292995},{"target":14,"source":4,"value":176362},{"target":15,"source":4,"value":0},{"target":16,"source":4,"value":0},{"target":17,"source":7,"value":117265},{"target":18,"source":7,"value":7363},{"target":19,"source":7,"value":1992},{"target":20,"source":7,"value":201},{"target":21,"source":13,"value":271685},{"target":22,"source":13,"value":18547},{"target":23,"source":13,"value":942},{"target":24,"source":13,"value":1821}],"Ontario":[{"target":1,"source":0,"value":957112},{"target":2,"source":0,"value":187802},{"target":3,"source":0,"value":1616214},{"target":4,"source":0,"value":438503},{"target":5,"source":1,"value":182441},{"target":6,"source":1,"value":5205},{"target":7,"source":1,"value":769466},{"target":8,"source":2,"value":155674},{"target":9,"source":2,"value":13},{"target":10,"source":2,"value":32115},{"target":11,"source":3,"value":273211},{"target":12,"source":3,"value":866},{"target":13,"source":3,"value":1342137},{"target":14,"source":4,"value":438503},{"target":15,"source":4,"value":0},{"target":16,"source":4,"value":0},{"target":17,"source":7,"value":712560},{"target":18,"source":7,"value":43911},{"target":19,"source":7,"value":560},{"target":20,"source":7,"value":12435},{"target":21,"source":13,"value":1296543},{"target":22,"source":13,"value":39595},{"target":23,"source":13,"value":274},{"target":24,"source":13,"value":5725}],"Manitoba":[{"target":1,"source":0,"value":28470},{"target":2,"source":0,"value":491},{"target":3,"source":0,"value":84068},{"target":4,"source":0,"value":1011},{"target":5,"source":1,"value":5757},{"target":6,"source":1,"value":0},{"target":7,"source":1,"value":22713},{"target":8,"source":2,"value":372},{"target":9,"source":2,"value":0},{"target":10,"source":2,"value":119},{"target":11,"source":3,"value":8373},{"target":12,"source":3,"value":0},{"target":13,"source":3,"value":75695},{"target":14,"source":4,"value":1011},{"target":15,"source":4,"value":0},{"target":16,"source":4,"value":0},{"target":17,"source":7,"value":22135},{"target":18,"source":7,"value":529},{"target":19,"source":7,"value":0},{"target":20,"source":7,"value":49},{"target":21,"source":13,"value":72662},{"target":22,"source":13,"value":2861},{"target":23,"source":13,"value":0},{"target":24,"source":13,"value":172}],"Saskatchewan":[{"target":1,"source":0,"value":12013},{"target":2,"source":0,"value":250},{"target":3,"source":0,"value":27434},{"target":4,"source":0,"value":392},{"target":5,"source":1,"value":3364},{"target":6,"source":1,"value":0},{"target":7,"source":1,"value":8649},{"target":8,"source":2,"value":156},{"target":9,"source":2,"value":0},{"target":10,"source":2,"value":94},{"target":11,"source":3,"value":6310},{"target":12,"source":3,"value":0},{"target":13,"source":3,"value":21124},{"target":14,"source":4,"value":392},{"target":15,"source":4,"value":0},{"target":16,"source":4,"value":0},{"target":17,"source":7,"value":8589},{"target":18,"source":7,"value":18},{"target":19,"source":7,"value":0},{"target":20,"source":7,"value":42},{"target":21,"source":13,"value":19670},{"target":22,"source":13,"value":1145},{"target":23,"source":13,"value":0},{"target":24,"source":13,"value":309}],"Alberta":[{"target":1,"source":0,"value":44189},{"target":2,"source":0,"value":15143},{"target":3,"source":0,"value":151654},{"target":4,"source":0,"value":56826},{"target":5,"source":1,"value":35051},{"target":6,"source":1,"value":0},{"target":7,"source":1,"value":9138},{"target":8,"source":2,"value":14938},{"target":9,"source":2,"value":0},{"target":10,"source":2,"value":205},{"target":11,"source":3,"value":117663},{"target":12,"source":3,"value":0},{"target":13,"source":3,"value":33991},{"target":14,"source":4,"value":56826},{"target":15,"source":4,"value":0},{"target":16,"source":4,"value":0},{"target":17,"source":7,"value":9009},{"target":18,"source":7,"value":111},{"target":19,"source":7,"value":0},{"target":20,"source":7,"value":18},{"target":21,"source":13,"value":33593},{"target":22,"source":13,"value":318},{"target":23,"source":13,"value":0},{"target":24,"source":13,"value":80}],"British Columbia":[{"target":1,"source":0,"value":310025},{"target":2,"source":0,"value":99326},{"target":3,"source":0,"value":841145},{"target":4,"source":0,"value":122829},{"target":5,"source":1,"value":60063},{"target":6,"source":1,"value":2450},{"target":7,"source":1,"value":247512},{"target":8,"source":2,"value":78383},{"target":9,"source":2,"value":415},{"target":10,"source":2,"value":20528},{"target":11,"source":3,"value":104684},{"target":12,"source":3,"value":5844},{"target":13,"source":3,"value":730617},{"target":14,"source":4,"value":122619},{"target":15,"source":4,"value":0},{"target":16,"source":4,"value":210},{"target":17,"source":7,"value":227918},{"target":18,"source":7,"value":5360},{"target":19,"source":7,"value":2525},{"target":20,"source":7,"value":11709},{"target":21,"source":13,"value":708834},{"target":22,"source":13,"value":9777},{"target":23,"source":13,"value":1120},{"target":24,"source":13,"value":10886}],"Yukon":[{"target":1,"source":0,"value":4890},{"target":2,"source":0,"value":194},{"target":3,"source":0,"value":2421},{"target":4,"source":0,"value":2},{"target":5,"source":1,"value":56},{"target":6,"source":1,"value":0},{"target":7,"source":1,"value":4834},{"target":8,"source":2,"value":4},{"target":9,"source":2,"value":0},{"target":10,"source":2,"value":190},{"target":11,"source":3,"value":104},{"target":12,"source":3,"value":0},{"target":13,"source":3,"value":2317},{"target":14,"source":4,"value":2},{"target":15,"source":4,"value":0},{"target":16,"source":4,"value":0},{"target":17,"source":7,"value":4806},{"target":18,"source":7,"value":26},{"target":19,"source":7,"value":0},{"target":20,"source":7,"value":2},{"target":21,"source":13,"value":2283},{"target":22,"source":13,"value":16},{"target":23,"source":13,"value":0},{"target":24,"source":13,"value":18}],"Nunavut":[{"target":1,"source":0,"value":63},{"target":2,"source":0,"value":56},{"target":3,"source":0,"value":53},{"target":4,"source":0,"value":62},{"target":5,"source":1,"value":63},{"target":6,"source":1,"value":0},{"target":7,"source":1,"value":0},{"target":8,"source":2,"value":56},{"target":9,"source":2,"value":0},{"target":10,"source":2,"value":".."},{"target":11,"source":3,"value":53},{"target":12,"source":3,"value":0},{"target":13,"source":3,"value":0},{"target":14,"source":4,"value":62},{"target":15,"source":4,"value":0},{"target":16,"source":4,"value":".."},{"target":17,"source":7,"value":".."},{"target":18,"source":7,"value":".."},{"target":19,"source":7,"value":".."},{"target":20,"source":7,"value":0},{"target":21,"source":13,"value":".."},{"target":22,"source":13,"value":".."},{"target":23,"source":13,"value":".."},{"target":24,"source":13,"value":0}],"nodes":[{"node":0,"name":"intl"},{"node":1,"name":"USres"},{"node":2,"name":"nonUSres"},{"node":3,"name":"cdnFromUS"},{"node":4,"name":"cdnFromOther"},{"node":5,"name":"USres_air"},{"node":6,"name":"USres_marine"},{"node":7,"name":"USres_land"},{"node":8,"name":"nonUSres_air"},{"node":9,"name":"nonUSres_marine"},{"node":10,"name":"nonUSres_land"},{"node":11,"name":"cdnFromUS_air"},{"node":12,"name":"cdnFromUS_marine"},{"node":13,"name":"cdnFromUS_land"},{"node":14,"name":"cdnFromOther_air"},{"node":15,"name":"cdnFromOther_marine"},{"node":16,"name":"cdnFromOther_land"},{"node":17,"name":"USres_car"},{"node":18,"name":"USres_bus"},{"node":19,"name":"USres_train"},{"node":20,"name":"USres_other"},{"node":21,"name":"cdnFromUS_car"},{"node":22,"name":"cdnFromUS_bus"},{"node":23,"name":"cdnFromUS_train"},{"node":24,"name":"cdnFromUS_other"}]}