{"Canada":[{"target":1,"source":0,"value":3247114},{"target":2,"source":0,"value":836319},{"target":3,"source":0,"value":4520721},{"target":4,"source":0,"value":851722},{"target":5,"source":1,"value":622153},{"target":6,"source":1,"value":209731},{"target":7,"source":1,"value":2415230},{"target":8,"source":2,"value":684310},{"target":9,"source":2,"value":34670},{"target":10,"source":2,"value":117339},{"target":11,"source":3,"value":542140},{"target":12,"source":3,"value":34890},{"target":13,"source":3,"value":3943691},{"target":14,"source":4,"value":849088},{"target":15,"source":4,"value":2278},{"target":16,"source":4,"value":356},{"target":17,"source":7,"value":2201758},{"target":18,"source":7,"value":114980},{"target":19,"source":7,"value":29479},{"target":20,"source":7,"value":69013},{"target":21,"source":13,"value":3815594},{"target":22,"source":13,"value":75140},{"target":23,"source":13,"value":3669},{"target":24,"source":13,"value":49288}],"Newfoundland and Labrador":[{"target":1,"source":0,"value":4274},{"target":2,"source":0,"value":3920},{"target":3,"source":0,"value":1299},{"target":4,"source":0,"value":4798},{"target":5,"source":1,"value":3050},{"target":6,"source":1,"value":1224},{"target":7,"source":1,"value":0},{"target":8,"source":2,"value":2815},{"target":9,"source":2,"value":1105},{"target":10,"source":2,"value":0},{"target":11,"source":3,"value":1169},{"target":12,"source":3,"value":130},{"target":13,"source":3,"value":0},{"target":14,"source":4,"value":2583},{"target":15,"source":4,"value":2215},{"target":16,"source":4,"value":0},{"target":17,"source":7,"value":0},{"target":18,"source":7,"value":0},{"target":19,"source":7,"value":0},{"target":20,"source":7,"value":0},{"target":21,"source":13,"value":0},{"target":22,"source":13,"value":0},{"target":23,"source":13,"value":0},{"target":24,"source":13,"value":0}],"Prince Edward Island":[{"target":1,"source":0,"value":118},{"target":2,"source":0,"value":3},{"target":3,"source":0,"value":14},{"target":4,"source":0,"value":2},{"target":5,"source":1,"value":107},{"target":6,"source":1,"value":11},{"target":7,"source":1,"value":0},{"target":8,"source":2,"value":3},{"target":9,"source":2,"value":0},{"target":10,"source":2,"value":0},{"target":11,"source":3,"value":14},{"target":12,"source":3,"value":0},{"target":13,"source":3,"value":0},{"target":14,"source":4,"value":0},{"target":15,"source":4,"value":2},{"target":16,"source":4,"value":0},{"target":17,"source":7,"value":0},{"target":18,"source":7,"value":0},{"target":19,"source":7,"value":0},{"target":20,"source":7,"value":0},{"target":21,"source":13,"value":0},{"target":22,"source":13,"value":0},{"target":23,"source":13,"value":0},{"target":24,"source":13,"value":0}],"Nova Scotia":[{"target":1,"source":0,"value":22280},{"target":2,"source":0,"value":14720},{"target":3,"source":0,"value":6037},{"target":4,"source":0,"value":8965},{"target":5,"source":1,"value":10352},{"target":6,"source":1,"value":5122},{"target":7,"source":1,"value":6806},{"target":8,"source":2,"value":10901},{"target":9,"source":2,"value":3713},{"target":10,"source":2,"value":106},{"target":11,"source":3,"value":3916},{"target":12,"source":3,"value":908},{"target":13,"source":3,"value":1213},{"target":14,"source":4,"value":8904},{"target":15,"source":4,"value":61},{"target":16,"source":4,"value":0},{"target":17,"source":7,"value":4871},{"target":18,"source":7,"value":1053},{"target":19,"source":7,"value":0},{"target":20,"source":7,"value":882},{"target":21,"source":13,"value":971},{"target":22,"source":13,"value":0},{"target":23,"source":13,"value":0},{"target":24,"source":13,"value":242}],"New Brunswick":[{"target":1,"source":0,"value":123382},{"target":2,"source":0,"value":1150},{"target":3,"source":0,"value":271531},{"target":4,"source":0,"value":0},{"target":5,"source":1,"value":530},{"target":6,"source":1,"value":3912},{"target":7,"source":1,"value":118940},{"target":8,"source":2,"value":40},{"target":9,"source":2,"value":460},{"target":10,"source":2,"value":650},{"target":11,"source":3,"value":172},{"target":12,"source":3,"value":266},{"target":13,"source":3,"value":271093},{"target":14,"source":4,"value":0},{"target":15,"source":4,"value":0},{"target":16,"source":4,"value":0},{"target":17,"source":7,"value":117120},{"target":18,"source":7,"value":650},{"target":19,"source":7,"value":0},{"target":20,"source":7,"value":1170},{"target":21,"source":13,"value":267635},{"target":22,"source":13,"value":1459},{"target":23,"source":13,"value":0},{"target":24,"source":13,"value":1999}],"Quebec":[{"target":1,"source":0,"value":309074},{"target":2,"source":0,"value":142468},{"target":3,"source":0,"value":666043},{"target":4,"source":0,"value":220217},{"target":5,"source":1,"value":83884},{"target":6,"source":1,"value":576},{"target":7,"source":1,"value":224614},{"target":8,"source":2,"value":128369},{"target":9,"source":2,"value":63},{"target":10,"source":2,"value":14036},{"target":11,"source":3,"value":75029},{"target":12,"source":3,"value":3703},{"target":13,"source":3,"value":587311},{"target":14,"source":4,"value":220217},{"target":15,"source":4,"value":0},{"target":16,"source":4,"value":0},{"target":17,"source":7,"value":208409},{"target":18,"source":7,"value":12696},{"target":19,"source":7,"value":2392},{"target":20,"source":7,"value":1117},{"target":21,"source":13,"value":557554},{"target":22,"source":13,"value":17664},{"target":23,"source":13,"value":1573},{"target":24,"source":13,"value":10520}],"Ontario":[{"target":1,"source":0,"value":1735562},{"target":2,"source":0,"value":351586},{"target":3,"source":0,"value":2018948},{"target":4,"source":0,"value":436070},{"target":5,"source":1,"value":268925},{"target":6,"source":1,"value":35005},{"target":7,"source":1,"value":1431632},{"target":8,"source":2,"value":303086},{"target":9,"source":2,"value":128},{"target":10,"source":2,"value":48372},{"target":11,"source":3,"value":281247},{"target":12,"source":3,"value":11996},{"target":13,"source":3,"value":1725705},{"target":14,"source":4,"value":436070},{"target":15,"source":4,"value":0},{"target":16,"source":4,"value":0},{"target":17,"source":7,"value":1335727},{"target":18,"source":7,"value":58929},{"target":19,"source":7,"value":1080},{"target":20,"source":7,"value":35896},{"target":21,"source":13,"value":1670218},{"target":22,"source":13,"value":38369},{"target":23,"source":13,"value":467},{"target":24,"source":13,"value":16651}],"Manitoba":[{"target":1,"source":0,"value":50251},{"target":2,"source":0,"value":1464},{"target":3,"source":0,"value":142110},{"target":4,"source":0,"value":1310},{"target":5,"source":1,"value":8477},{"target":6,"source":1,"value":0},{"target":7,"source":1,"value":41774},{"target":8,"source":2,"value":1056},{"target":9,"source":2,"value":0},{"target":10,"source":2,"value":408},{"target":11,"source":3,"value":7213},{"target":12,"source":3,"value":0},{"target":13,"source":3,"value":134897},{"target":14,"source":4,"value":1310},{"target":15,"source":4,"value":0},{"target":16,"source":4,"value":0},{"target":17,"source":7,"value":40862},{"target":18,"source":7,"value":735},{"target":19,"source":7,"value":0},{"target":20,"source":7,"value":177},{"target":21,"source":13,"value":131937},{"target":22,"source":13,"value":2150},{"target":23,"source":13,"value":0},{"target":24,"source":13,"value":810}],"Saskatchewan":[{"target":1,"source":0,"value":16755},{"target":2,"source":0,"value":602},{"target":3,"source":0,"value":42377},{"target":4,"source":0,"value":678},{"target":5,"source":1,"value":3467},{"target":6,"source":1,"value":0},{"target":7,"source":1,"value":13288},{"target":8,"source":2,"value":425},{"target":9,"source":2,"value":0},{"target":10,"source":2,"value":177},{"target":11,"source":3,"value":6546},{"target":12,"source":3,"value":0},{"target":13,"source":3,"value":35831},{"target":14,"source":4,"value":678},{"target":15,"source":4,"value":0},{"target":16,"source":4,"value":0},{"target":17,"source":7,"value":12878},{"target":18,"source":7,"value":282},{"target":19,"source":7,"value":0},{"target":20,"source":7,"value":128},{"target":21,"source":13,"value":34793},{"target":22,"source":13,"value":298},{"target":23,"source":13,"value":0},{"target":24,"source":13,"value":740}],"Alberta":[{"target":1,"source":0,"value":123878},{"target":2,"source":0,"value":48580},{"target":3,"source":0,"value":170573},{"target":4,"source":0,"value":52885},{"target":5,"source":1,"value":75080},{"target":6,"source":1,"value":0},{"target":7,"source":1,"value":48798},{"target":8,"source":2,"value":46840},{"target":9,"source":2,"value":0},{"target":10,"source":2,"value":1740},{"target":11,"source":3,"value":96202},{"target":12,"source":3,"value":0},{"target":13,"source":3,"value":74371},{"target":14,"source":4,"value":52885},{"target":15,"source":4,"value":0},{"target":16,"source":4,"value":0},{"target":17,"source":7,"value":46071},{"target":18,"source":7,"value":2114},{"target":19,"source":7,"value":0},{"target":20,"source":7,"value":613},{"target":21,"source":13,"value":72342},{"target":22,"source":13,"value":826},{"target":23,"source":13,"value":0},{"target":24,"source":13,"value":1203}],"British Columbia":[{"target":1,"source":0,"value":787718},{"target":2,"source":0,"value":261387},{"target":3,"source":0,"value":1188955},{"target":4,"source":0,"value":126687},{"target":5,"source":1,"value":166087},{"target":6,"source":1,"value":163881},{"target":7,"source":1,"value":457750},{"target":8,"source":2,"value":189663},{"target":9,"source":2,"value":29201},{"target":10,"source":2,"value":42523},{"target":11,"source":3,"value":70370},{"target":12,"source":3,"value":17887},{"target":13,"source":3,"value":1100698},{"target":14,"source":4,"value":126331},{"target":15,"source":4,"value":0},{"target":16,"source":4,"value":356},{"target":17,"source":7,"value":411547},{"target":18,"source":7,"value":11197},{"target":19,"source":7,"value":6865},{"target":20,"source":7,"value":28141},{"target":21,"source":13,"value":1070654},{"target":22,"source":13,"value":11460},{"target":23,"source":13,"value":1629},{"target":24,"source":13,"value":16955}],"Yukon":[{"target":1,"source":0,"value":73780},{"target":2,"source":0,"value":10368},{"target":3,"source":0,"value":12820},{"target":4,"source":0,"value":56},{"target":5,"source":1,"value":2152},{"target":6,"source":1,"value":0},{"target":7,"source":1,"value":71628},{"target":8,"source":2,"value":1041},{"target":9,"source":2,"value":0},{"target":10,"source":2,"value":9327},{"target":11,"source":3,"value":248},{"target":12,"source":3,"value":0},{"target":13,"source":3,"value":12572},{"target":14,"source":4,"value":56},{"target":15,"source":4,"value":0},{"target":16,"source":4,"value":0},{"target":17,"source":7,"value":24273},{"target":18,"source":7,"value":27324},{"target":19,"source":7,"value":19142},{"target":20,"source":7,"value":889},{"target":21,"source":13,"value":9490},{"target":22,"source":13,"value":2914},{"target":23,"source":13,"value":0},{"target":24,"source":13,"value":168}],"Nunavut":[{"target":1,"source":0,"value":42},{"target":2,"source":0,"value":71},{"target":3,"source":0,"value":14},{"target":4,"source":0,"value":54},{"target":5,"source":1,"value":42},{"target":6,"source":1,"value":0},{"target":7,"source":1,"value":0},{"target":8,"source":2,"value":71},{"target":9,"source":2,"value":0},{"target":10,"source":2,"value":".."},{"target":11,"source":3,"value":14},{"target":12,"source":3,"value":0},{"target":13,"source":3,"value":0},{"target":14,"source":4,"value":54},{"target":15,"source":4,"value":0},{"target":16,"source":4,"value":".."},{"target":17,"source":7,"value":".."},{"target":18,"source":7,"value":".."},{"target":19,"source":7,"value":".."},{"target":20,"source":7,"value":0},{"target":21,"source":13,"value":".."},{"target":22,"source":13,"value":".."},{"target":23,"source":13,"value":".."},{"target":24,"source":13,"value":0}],"nodes":[{"node":0,"name":"intl"},{"node":1,"name":"USres"},{"node":2,"name":"nonUSres"},{"node":3,"name":"cdnFromUS"},{"node":4,"name":"cdnFromOther"},{"node":5,"name":"USres_air"},{"node":6,"name":"USres_marine"},{"node":7,"name":"USres_land"},{"node":8,"name":"nonUSres_air"},{"node":9,"name":"nonUSres_marine"},{"node":10,"name":"nonUSres_land"},{"node":11,"name":"cdnFromUS_air"},{"node":12,"name":"cdnFromUS_marine"},{"node":13,"name":"cdnFromUS_land"},{"node":14,"name":"cdnFromOther_air"},{"node":15,"name":"cdnFromOther_marine"},{"node":16,"name":"cdnFromOther_land"},{"node":17,"name":"USres_car"},{"node":18,"name":"USres_bus"},{"node":19,"name":"USres_train"},{"node":20,"name":"USres_other"},{"node":21,"name":"cdnFromUS_car"},{"node":22,"name":"cdnFromUS_bus"},{"node":23,"name":"cdnFromUS_train"},{"node":24,"name":"cdnFromUS_other"}]}