{"Canada":[{"target":1,"source":0,"value":1277052},{"target":2,"source":0,"value":233368},{"target":3,"source":0,"value":3177780},{"target":4,"source":0,"value":803293},{"target":5,"source":1,"value":275818},{"target":6,"source":1,"value":2055},{"target":7,"source":1,"value":999179},{"target":8,"source":2,"value":199379},{"target":9,"source":2,"value":2457},{"target":10,"source":2,"value":31532},{"target":11,"source":3,"value":645772},{"target":12,"source":3,"value":2612},{"target":13,"source":3,"value":2529396},{"target":14,"source":4,"value":803130},{"target":15,"source":4,"value":23},{"target":16,"source":4,"value":140},{"target":17,"source":7,"value":934932},{"target":18,"source":7,"value":46136},{"target":19,"source":7,"value":3475},{"target":20,"source":7,"value":14636},{"target":21,"source":13,"value":2445364},{"target":22,"source":13,"value":67823},{"target":23,"source":13,"value":2108},{"target":24,"source":13,"value":14101}],"Newfoundland and Labrador":[{"target":1,"source":0,"value":1151},{"target":2,"source":0,"value":1479},{"target":3,"source":0,"value":1732},{"target":4,"source":0,"value":752},{"target":5,"source":1,"value":1151},{"target":6,"source":1,"value":0},{"target":7,"source":1,"value":0},{"target":8,"source":2,"value":1363},{"target":9,"source":2,"value":116},{"target":10,"source":2,"value":0},{"target":11,"source":3,"value":1731},{"target":12,"source":3,"value":1},{"target":13,"source":3,"value":0},{"target":14,"source":4,"value":730},{"target":15,"source":4,"value":22},{"target":16,"source":4,"value":0},{"target":17,"source":7,"value":0},{"target":18,"source":7,"value":0},{"target":19,"source":7,"value":0},{"target":20,"source":7,"value":0},{"target":21,"source":13,"value":0},{"target":22,"source":13,"value":0},{"target":23,"source":13,"value":0},{"target":24,"source":13,"value":0}],"Prince Edward Island":[{"target":1,"source":0,"value":11},{"target":2,"source":0,"value":0},{"target":3,"source":0,"value":0},{"target":4,"source":0,"value":0},{"target":5,"source":1,"value":11},{"target":6,"source":1,"value":0},{"target":7,"source":1,"value":0},{"target":8,"source":2,"value":0},{"target":9,"source":2,"value":0},{"target":10,"source":2,"value":0},{"target":11,"source":3,"value":0},{"target":12,"source":3,"value":0},{"target":13,"source":3,"value":0},{"target":14,"source":4,"value":0},{"target":15,"source":4,"value":0},{"target":16,"source":4,"value":0},{"target":17,"source":7,"value":0},{"target":18,"source":7,"value":0},{"target":19,"source":7,"value":0},{"target":20,"source":7,"value":0},{"target":21,"source":13,"value":0},{"target":22,"source":13,"value":0},{"target":23,"source":13,"value":0},{"target":24,"source":13,"value":0}],"Nova Scotia":[{"target":1,"source":0,"value":1828},{"target":2,"source":0,"value":3017},{"target":3,"source":0,"value":5237},{"target":4,"source":0,"value":2831},{"target":5,"source":1,"value":1826},{"target":6,"source":1,"value":2},{"target":7,"source":1,"value":0},{"target":8,"source":2,"value":827},{"target":9,"source":2,"value":2190},{"target":10,"source":2,"value":0},{"target":11,"source":3,"value":5237},{"target":12,"source":3,"value":0},{"target":13,"source":3,"value":0},{"target":14,"source":4,"value":2831},{"target":15,"source":4,"value":0},{"target":16,"source":4,"value":0},{"target":17,"source":7,"value":0},{"target":18,"source":7,"value":0},{"target":19,"source":7,"value":0},{"target":20,"source":7,"value":0},{"target":21,"source":13,"value":0},{"target":22,"source":13,"value":0},{"target":23,"source":13,"value":0},{"target":24,"source":13,"value":0}],"New Brunswick":[{"target":1,"source":0,"value":48148},{"target":2,"source":0,"value":61},{"target":3,"source":0,"value":191759},{"target":4,"source":0,"value":507},{"target":5,"source":1,"value":33},{"target":6,"source":1,"value":0},{"target":7,"source":1,"value":48115},{"target":8,"source":2,"value":4},{"target":9,"source":2,"value":0},{"target":10,"source":2,"value":57},{"target":11,"source":3,"value":174},{"target":12,"source":3,"value":5},{"target":13,"source":3,"value":191580},{"target":14,"source":4,"value":507},{"target":15,"source":4,"value":0},{"target":16,"source":4,"value":0},{"target":17,"source":7,"value":47962},{"target":18,"source":7,"value":27},{"target":19,"source":7,"value":0},{"target":20,"source":7,"value":126},{"target":21,"source":13,"value":188632},{"target":22,"source":13,"value":2543},{"target":23,"source":13,"value":0},{"target":24,"source":13,"value":405}],"Quebec":[{"target":1,"source":0,"value":140966},{"target":2,"source":0,"value":40570},{"target":3,"source":0,"value":310501},{"target":4,"source":0,"value":154190},{"target":5,"source":1,"value":41702},{"target":6,"source":1,"value":3},{"target":7,"source":1,"value":99261},{"target":8,"source":2,"value":37836},{"target":9,"source":2,"value":21},{"target":10,"source":2,"value":2713},{"target":11,"source":3,"value":88771},{"target":12,"source":3,"value":0},{"target":13,"source":3,"value":221730},{"target":14,"source":4,"value":154189},{"target":15,"source":4,"value":1},{"target":16,"source":4,"value":0},{"target":17,"source":7,"value":91926},{"target":18,"source":7,"value":6314},{"target":19,"source":7,"value":937},{"target":20,"source":7,"value":84},{"target":21,"source":13,"value":208065},{"target":22,"source":13,"value":12434},{"target":23,"source":13,"value":755},{"target":24,"source":13,"value":476}],"Ontario":[{"target":1,"source":0,"value":752517},{"target":2,"source":0,"value":109185},{"target":3,"source":0,"value":1579221},{"target":4,"source":0,"value":410652},{"target":5,"source":1,"value":148699},{"target":6,"source":1,"value":1576},{"target":7,"source":1,"value":602242},{"target":8,"source":2,"value":97234},{"target":9,"source":2,"value":0},{"target":10,"source":2,"value":11951},{"target":11,"source":3,"value":288858},{"target":12,"source":3,"value":166},{"target":13,"source":3,"value":1290197},{"target":14,"source":4,"value":410652},{"target":15,"source":4,"value":0},{"target":16,"source":4,"value":0},{"target":17,"source":7,"value":559868},{"target":18,"source":7,"value":35915},{"target":19,"source":7,"value":239},{"target":20,"source":7,"value":6220},{"target":21,"source":13,"value":1244739},{"target":22,"source":13,"value":41018},{"target":23,"source":13,"value":242},{"target":24,"source":13,"value":4198}],"Manitoba":[{"target":1,"source":0,"value":17899},{"target":2,"source":0,"value":337},{"target":3,"source":0,"value":84014},{"target":4,"source":0,"value":4086},{"target":5,"source":1,"value":4547},{"target":6,"source":1,"value":0},{"target":7,"source":1,"value":13352},{"target":8,"source":2,"value":318},{"target":9,"source":2,"value":0},{"target":10,"source":2,"value":19},{"target":11,"source":3,"value":11437},{"target":12,"source":3,"value":0},{"target":13,"source":3,"value":72577},{"target":14,"source":4,"value":4086},{"target":15,"source":4,"value":0},{"target":16,"source":4,"value":0},{"target":17,"source":7,"value":13024},{"target":18,"source":7,"value":317},{"target":19,"source":7,"value":0},{"target":20,"source":7,"value":11},{"target":21,"source":13,"value":68940},{"target":22,"source":13,"value":3610},{"target":23,"source":13,"value":0},{"target":24,"source":13,"value":27}],"Saskatchewan":[{"target":1,"source":0,"value":7464},{"target":2,"source":0,"value":127},{"target":3,"source":0,"value":28953},{"target":4,"source":0,"value":4410},{"target":5,"source":1,"value":2490},{"target":6,"source":1,"value":0},{"target":7,"source":1,"value":4974},{"target":8,"source":2,"value":92},{"target":9,"source":2,"value":0},{"target":10,"source":2,"value":35},{"target":11,"source":3,"value":10698},{"target":12,"source":3,"value":0},{"target":13,"source":3,"value":18255},{"target":14,"source":4,"value":4410},{"target":15,"source":4,"value":0},{"target":16,"source":4,"value":0},{"target":17,"source":7,"value":4940},{"target":18,"source":7,"value":10},{"target":19,"source":7,"value":0},{"target":20,"source":7,"value":24},{"target":21,"source":13,"value":17463},{"target":22,"source":13,"value":685},{"target":23,"source":13,"value":0},{"target":24,"source":13,"value":107}],"Alberta":[{"target":1,"source":0,"value":32971},{"target":2,"source":0,"value":10045},{"target":3,"source":0,"value":159709},{"target":4,"source":0,"value":79593},{"target":5,"source":1,"value":26686},{"target":6,"source":1,"value":0},{"target":7,"source":1,"value":6285},{"target":8,"source":2,"value":9972},{"target":9,"source":2,"value":0},{"target":10,"source":2,"value":73},{"target":11,"source":3,"value":130054},{"target":12,"source":3,"value":0},{"target":13,"source":3,"value":29655},{"target":14,"source":4,"value":79593},{"target":15,"source":4,"value":0},{"target":16,"source":4,"value":0},{"target":17,"source":7,"value":6206},{"target":18,"source":7,"value":66},{"target":19,"source":7,"value":0},{"target":20,"source":7,"value":13},{"target":21,"source":13,"value":29414},{"target":22,"source":13,"value":171},{"target":23,"source":13,"value":0},{"target":24,"source":13,"value":70}],"British Columbia":[{"target":1,"source":0,"value":271477},{"target":2,"source":0,"value":68481},{"target":3,"source":0,"value":815514},{"target":4,"source":0,"value":146261},{"target":5,"source":1,"value":48596},{"target":6,"source":1,"value":474},{"target":7,"source":1,"value":222407},{"target":8,"source":2,"value":51704},{"target":9,"source":2,"value":130},{"target":10,"source":2,"value":16647},{"target":11,"source":3,"value":108769},{"target":12,"source":3,"value":2440},{"target":13,"source":3,"value":704305},{"target":14,"source":4,"value":146121},{"target":15,"source":4,"value":0},{"target":16,"source":4,"value":140},{"target":17,"source":7,"value":208473},{"target":18,"source":7,"value":3477},{"target":19,"source":7,"value":2299},{"target":20,"source":7,"value":8158},{"target":21,"source":13,"value":687014},{"target":22,"source":13,"value":7362},{"target":23,"source":13,"value":1111},{"target":24,"source":13,"value":8818}],"Yukon":[{"target":1,"source":0,"value":2561},{"target":2,"source":0,"value":38},{"target":3,"source":0,"value":1108},{"target":4,"source":0,"value":0},{"target":5,"source":1,"value":18},{"target":6,"source":1,"value":0},{"target":7,"source":1,"value":2543},{"target":8,"source":2,"value":1},{"target":9,"source":2,"value":0},{"target":10,"source":2,"value":37},{"target":11,"source":3,"value":11},{"target":12,"source":3,"value":0},{"target":13,"source":3,"value":1097},{"target":14,"source":4,"value":0},{"target":15,"source":4,"value":0},{"target":16,"source":4,"value":0},{"target":17,"source":7,"value":2533},{"target":18,"source":7,"value":10},{"target":19,"source":7,"value":0},{"target":20,"source":7,"value":0},{"target":21,"source":13,"value":1097},{"target":22,"source":13,"value":0},{"target":23,"source":13,"value":0},{"target":24,"source":13,"value":0}],"Nunavut":[{"target":1,"source":0,"value":59},{"target":2,"source":0,"value":28},{"target":3,"source":0,"value":32},{"target":4,"source":0,"value":11},{"target":5,"source":1,"value":59},{"target":6,"source":1,"value":0},{"target":7,"source":1,"value":0},{"target":8,"source":2,"value":28},{"target":9,"source":2,"value":0},{"target":10,"source":2,"value":".."},{"target":11,"source":3,"value":32},{"target":12,"source":3,"value":0},{"target":13,"source":3,"value":0},{"target":14,"source":4,"value":11},{"target":15,"source":4,"value":0},{"target":16,"source":4,"value":".."},{"target":17,"source":7,"value":".."},{"target":18,"source":7,"value":".."},{"target":19,"source":7,"value":".."},{"target":20,"source":7,"value":0},{"target":21,"source":13,"value":".."},{"target":22,"source":13,"value":".."},{"target":23,"source":13,"value":".."},{"target":24,"source":13,"value":0}],"nodes":[{"node":0,"name":"intl"},{"node":1,"name":"USres"},{"node":2,"name":"nonUSres"},{"node":3,"name":"cdnFromUS"},{"node":4,"name":"cdnFromOther"},{"node":5,"name":"USres_air"},{"node":6,"name":"USres_marine"},{"node":7,"name":"USres_land"},{"node":8,"name":"nonUSres_air"},{"node":9,"name":"nonUSres_marine"},{"node":10,"name":"nonUSres_land"},{"node":11,"name":"cdnFromUS_air"},{"node":12,"name":"cdnFromUS_marine"},{"node":13,"name":"cdnFromUS_land"},{"node":14,"name":"cdnFromOther_air"},{"node":15,"name":"cdnFromOther_marine"},{"node":16,"name":"cdnFromOther_land"},{"node":17,"name":"USres_car"},{"node":18,"name":"USres_bus"},{"node":19,"name":"USres_train"},{"node":20,"name":"USres_other"},{"node":21,"name":"cdnFromUS_car"},{"node":22,"name":"cdnFromUS_bus"},{"node":23,"name":"cdnFromUS_train"},{"node":24,"name":"cdnFromUS_other"}]}