{"Canada":[{"target":1,"source":0,"value":1018877},{"target":2,"source":0,"value":241250},{"target":3,"source":0,"value":3429575},{"target":4,"source":0,"value":1217158},{"target":5,"source":1,"value":215393},{"target":6,"source":1,"value":146},{"target":7,"source":1,"value":803338},{"target":8,"source":2,"value":214228},{"target":9,"source":2,"value":74},{"target":10,"source":2,"value":26948},{"target":11,"source":3,"value":799317},{"target":12,"source":3,"value":166},{"target":13,"source":3,"value":2630092},{"target":14,"source":4,"value":1216816},{"target":15,"source":4,"value":1},{"target":16,"source":4,"value":341},{"target":17,"source":7,"value":742552},{"target":18,"source":7,"value":50514},{"target":19,"source":7,"value":2918},{"target":20,"source":7,"value":7354},{"target":21,"source":13,"value":2556369},{"target":22,"source":13,"value":59694},{"target":23,"source":13,"value":3453},{"target":24,"source":13,"value":10576}],"Newfoundland and Labrador":[{"target":1,"source":0,"value":1172},{"target":2,"source":0,"value":1319},{"target":3,"source":0,"value":1201},{"target":4,"source":0,"value":1236},{"target":5,"source":1,"value":1172},{"target":6,"source":1,"value":0},{"target":7,"source":1,"value":0},{"target":8,"source":2,"value":1285},{"target":9,"source":2,"value":34},{"target":10,"source":2,"value":0},{"target":11,"source":3,"value":1201},{"target":12,"source":3,"value":0},{"target":13,"source":3,"value":0},{"target":14,"source":4,"value":1235},{"target":15,"source":4,"value":1},{"target":16,"source":4,"value":0},{"target":17,"source":7,"value":0},{"target":18,"source":7,"value":0},{"target":19,"source":7,"value":0},{"target":20,"source":7,"value":0},{"target":21,"source":13,"value":0},{"target":22,"source":13,"value":0},{"target":23,"source":13,"value":0},{"target":24,"source":13,"value":0}],"Prince Edward Island":[{"target":1,"source":0,"value":8},{"target":2,"source":0,"value":0},{"target":3,"source":0,"value":23},{"target":4,"source":0,"value":0},{"target":5,"source":1,"value":8},{"target":6,"source":1,"value":0},{"target":7,"source":1,"value":0},{"target":8,"source":2,"value":0},{"target":9,"source":2,"value":0},{"target":10,"source":2,"value":0},{"target":11,"source":3,"value":23},{"target":12,"source":3,"value":0},{"target":13,"source":3,"value":0},{"target":14,"source":4,"value":0},{"target":15,"source":4,"value":0},{"target":16,"source":4,"value":0},{"target":17,"source":7,"value":0},{"target":18,"source":7,"value":0},{"target":19,"source":7,"value":0},{"target":20,"source":7,"value":0},{"target":21,"source":13,"value":0},{"target":22,"source":13,"value":0},{"target":23,"source":13,"value":0},{"target":24,"source":13,"value":0}],"Nova Scotia":[{"target":1,"source":0,"value":1619},{"target":2,"source":0,"value":1094},{"target":3,"source":0,"value":7982},{"target":4,"source":0,"value":5904},{"target":5,"source":1,"value":1617},{"target":6,"source":1,"value":2},{"target":7,"source":1,"value":0},{"target":8,"source":2,"value":1081},{"target":9,"source":2,"value":13},{"target":10,"source":2,"value":0},{"target":11,"source":3,"value":7982},{"target":12,"source":3,"value":0},{"target":13,"source":3,"value":0},{"target":14,"source":4,"value":5904},{"target":15,"source":4,"value":0},{"target":16,"source":4,"value":0},{"target":17,"source":7,"value":0},{"target":18,"source":7,"value":0},{"target":19,"source":7,"value":0},{"target":20,"source":7,"value":0},{"target":21,"source":13,"value":0},{"target":22,"source":13,"value":0},{"target":23,"source":13,"value":0},{"target":24,"source":13,"value":0}],"New Brunswick":[{"target":1,"source":0,"value":37235},{"target":2,"source":0,"value":62},{"target":3,"source":0,"value":189364},{"target":4,"source":0,"value":735},{"target":5,"source":1,"value":52},{"target":6,"source":1,"value":0},{"target":7,"source":1,"value":37183},{"target":8,"source":2,"value":20},{"target":9,"source":2,"value":3},{"target":10,"source":2,"value":39},{"target":11,"source":3,"value":181},{"target":12,"source":3,"value":0},{"target":13,"source":3,"value":189183},{"target":14,"source":4,"value":735},{"target":15,"source":4,"value":0},{"target":16,"source":4,"value":0},{"target":17,"source":7,"value":36687},{"target":18,"source":7,"value":357},{"target":19,"source":7,"value":0},{"target":20,"source":7,"value":139},{"target":21,"source":13,"value":188270},{"target":22,"source":13,"value":590},{"target":23,"source":13,"value":0},{"target":24,"source":13,"value":323}],"Quebec":[{"target":1,"source":0,"value":103080},{"target":2,"source":0,"value":39153},{"target":3,"source":0,"value":354014},{"target":4,"source":0,"value":285946},{"target":5,"source":1,"value":26822},{"target":6,"source":1,"value":0},{"target":7,"source":1,"value":76258},{"target":8,"source":2,"value":35942},{"target":9,"source":2,"value":22},{"target":10,"source":2,"value":3189},{"target":11,"source":3,"value":114058},{"target":12,"source":3,"value":0},{"target":13,"source":3,"value":239956},{"target":14,"source":4,"value":285946},{"target":15,"source":4,"value":0},{"target":16,"source":4,"value":0},{"target":17,"source":7,"value":66622},{"target":18,"source":7,"value":8577},{"target":19,"source":7,"value":925},{"target":20,"source":7,"value":134},{"target":21,"source":13,"value":222597},{"target":22,"source":13,"value":15421},{"target":23,"source":13,"value":1725},{"target":24,"source":13,"value":213}],"Ontario":[{"target":1,"source":0,"value":569728},{"target":2,"source":0,"value":104487},{"target":3,"source":0,"value":1655419},{"target":4,"source":0,"value":570548},{"target":5,"source":1,"value":106211},{"target":6,"source":1,"value":46},{"target":7,"source":1,"value":463471},{"target":8,"source":2,"value":96634},{"target":9,"source":2,"value":0},{"target":10,"source":2,"value":7853},{"target":11,"source":3,"value":380490},{"target":12,"source":3,"value":8},{"target":13,"source":3,"value":1274921},{"target":14,"source":4,"value":570548},{"target":15,"source":4,"value":0},{"target":16,"source":4,"value":0},{"target":17,"source":7,"value":425077},{"target":18,"source":7,"value":36705},{"target":19,"source":7,"value":258},{"target":20,"source":7,"value":1431},{"target":21,"source":13,"value":1239389},{"target":22,"source":13,"value":31711},{"target":23,"source":13,"value":546},{"target":24,"source":13,"value":3275}],"Manitoba":[{"target":1,"source":0,"value":15896},{"target":2,"source":0,"value":521},{"target":3,"source":0,"value":86253},{"target":4,"source":0,"value":26057},{"target":5,"source":1,"value":2950},{"target":6,"source":1,"value":0},{"target":7,"source":1,"value":12946},{"target":8,"source":2,"value":475},{"target":9,"source":2,"value":0},{"target":10,"source":2,"value":46},{"target":11,"source":3,"value":16517},{"target":12,"source":3,"value":0},{"target":13,"source":3,"value":69736},{"target":14,"source":4,"value":26057},{"target":15,"source":4,"value":0},{"target":16,"source":4,"value":0},{"target":17,"source":7,"value":12594},{"target":18,"source":7,"value":336},{"target":19,"source":7,"value":0},{"target":20,"source":7,"value":16},{"target":21,"source":13,"value":67580},{"target":22,"source":13,"value":2143},{"target":23,"source":13,"value":0},{"target":24,"source":13,"value":13}],"Saskatchewan":[{"target":1,"source":0,"value":5549},{"target":2,"source":0,"value":798},{"target":3,"source":0,"value":34566},{"target":4,"source":0,"value":24451},{"target":5,"source":1,"value":2053},{"target":6,"source":1,"value":0},{"target":7,"source":1,"value":3496},{"target":8,"source":2,"value":789},{"target":9,"source":2,"value":0},{"target":10,"source":2,"value":9},{"target":11,"source":3,"value":12998},{"target":12,"source":3,"value":0},{"target":13,"source":3,"value":21568},{"target":14,"source":4,"value":24451},{"target":15,"source":4,"value":0},{"target":16,"source":4,"value":0},{"target":17,"source":7,"value":3452},{"target":18,"source":7,"value":0},{"target":19,"source":7,"value":0},{"target":20,"source":7,"value":44},{"target":21,"source":13,"value":21021},{"target":22,"source":13,"value":501},{"target":23,"source":13,"value":0},{"target":24,"source":13,"value":46}],"Alberta":[{"target":1,"source":0,"value":28874},{"target":2,"source":0,"value":13003},{"target":3,"source":0,"value":172900},{"target":4,"source":0,"value":118840},{"target":5,"source":1,"value":23996},{"target":6,"source":1,"value":0},{"target":7,"source":1,"value":4878},{"target":8,"source":2,"value":12948},{"target":9,"source":2,"value":0},{"target":10,"source":2,"value":55},{"target":11,"source":3,"value":136234},{"target":12,"source":3,"value":0},{"target":13,"source":3,"value":36666},{"target":14,"source":4,"value":118840},{"target":15,"source":4,"value":0},{"target":16,"source":4,"value":0},{"target":17,"source":7,"value":4872},{"target":18,"source":7,"value":0},{"target":19,"source":7,"value":0},{"target":20,"source":7,"value":6},{"target":21,"source":13,"value":36451},{"target":22,"source":13,"value":212},{"target":23,"source":13,"value":0},{"target":24,"source":13,"value":3}],"British Columbia":[{"target":1,"source":0,"value":253703},{"target":2,"source":0,"value":80703},{"target":3,"source":0,"value":927067},{"target":4,"source":0,"value":183434},{"target":5,"source":1,"value":50452},{"target":6,"source":1,"value":98},{"target":7,"source":1,"value":203153},{"target":8,"source":2,"value":65000},{"target":9,"source":2,"value":2},{"target":10,"source":2,"value":15701},{"target":11,"source":3,"value":129609},{"target":12,"source":3,"value":158},{"target":13,"source":3,"value":797300},{"target":14,"source":4,"value":183093},{"target":15,"source":4,"value":0},{"target":16,"source":4,"value":341},{"target":17,"source":7,"value":191328},{"target":18,"source":7,"value":4507},{"target":19,"source":7,"value":1735},{"target":20,"source":7,"value":5583},{"target":21,"source":13,"value":780306},{"target":22,"source":13,"value":9116},{"target":23,"source":13,"value":1182},{"target":24,"source":13,"value":6696}],"Yukon":[{"target":1,"source":0,"value":1963},{"target":2,"source":0,"value":66},{"target":3,"source":0,"value":768},{"target":4,"source":0,"value":0},{"target":5,"source":1,"value":10},{"target":6,"source":1,"value":0},{"target":7,"source":1,"value":1953},{"target":8,"source":2,"value":10},{"target":9,"source":2,"value":0},{"target":10,"source":2,"value":56},{"target":11,"source":3,"value":6},{"target":12,"source":3,"value":0},{"target":13,"source":3,"value":762},{"target":14,"source":4,"value":0},{"target":15,"source":4,"value":0},{"target":16,"source":4,"value":0},{"target":17,"source":7,"value":1920},{"target":18,"source":7,"value":32},{"target":19,"source":7,"value":0},{"target":20,"source":7,"value":1},{"target":21,"source":13,"value":755},{"target":22,"source":13,"value":0},{"target":23,"source":13,"value":0},{"target":24,"source":13,"value":7}],"Nunavut":[{"target":1,"source":0,"value":50},{"target":2,"source":0,"value":44},{"target":3,"source":0,"value":18},{"target":4,"source":0,"value":7},{"target":5,"source":1,"value":50},{"target":6,"source":1,"value":0},{"target":7,"source":1,"value":0},{"target":8,"source":2,"value":44},{"target":9,"source":2,"value":0},{"target":10,"source":2,"value":".."},{"target":11,"source":3,"value":18},{"target":12,"source":3,"value":0},{"target":13,"source":3,"value":0},{"target":14,"source":4,"value":7},{"target":15,"source":4,"value":0},{"target":16,"source":4,"value":".."},{"target":17,"source":7,"value":".."},{"target":18,"source":7,"value":".."},{"target":19,"source":7,"value":".."},{"target":20,"source":7,"value":0},{"target":21,"source":13,"value":".."},{"target":22,"source":13,"value":".."},{"target":23,"source":13,"value":".."},{"target":24,"source":13,"value":0}],"nodes":[{"node":0,"name":"intl"},{"node":1,"name":"USres"},{"node":2,"name":"nonUSres"},{"node":3,"name":"cdnFromUS"},{"node":4,"name":"cdnFromOther"},{"node":5,"name":"USres_air"},{"node":6,"name":"USres_marine"},{"node":7,"name":"USres_land"},{"node":8,"name":"nonUSres_air"},{"node":9,"name":"nonUSres_marine"},{"node":10,"name":"nonUSres_land"},{"node":11,"name":"cdnFromUS_air"},{"node":12,"name":"cdnFromUS_marine"},{"node":13,"name":"cdnFromUS_land"},{"node":14,"name":"cdnFromOther_air"},{"node":15,"name":"cdnFromOther_marine"},{"node":16,"name":"cdnFromOther_land"},{"node":17,"name":"USres_car"},{"node":18,"name":"USres_bus"},{"node":19,"name":"USres_train"},{"node":20,"name":"USres_other"},{"node":21,"name":"cdnFromUS_car"},{"node":22,"name":"cdnFromUS_bus"},{"node":23,"name":"cdnFromUS_train"},{"node":24,"name":"cdnFromUS_other"}]}