{"Canada":[{"target":1,"source":0,"value":1945998},{"target":2,"source":0,"value":507535},{"target":3,"source":0,"value":4065567},{"target":4,"source":0,"value":910866},{"target":5,"source":1,"value":412512},{"target":6,"source":1,"value":108050},{"target":7,"source":1,"value":1425436},{"target":8,"source":2,"value":402923},{"target":9,"source":2,"value":29315},{"target":10,"source":2,"value":75297},{"target":11,"source":3,"value":652724},{"target":12,"source":3,"value":30468},{"target":13,"source":3,"value":3382375},{"target":14,"source":4,"value":909234},{"target":15,"source":4,"value":1257},{"target":16,"source":4,"value":375},{"target":17,"source":7,"value":1294606},{"target":18,"source":7,"value":82401},{"target":19,"source":7,"value":16637},{"target":20,"source":7,"value":31792},{"target":21,"source":13,"value":3243331},{"target":22,"source":13,"value":108068},{"target":23,"source":13,"value":3315},{"target":24,"source":13,"value":27661}],"Newfoundland and Labrador":[{"target":1,"source":0,"value":3194},{"target":2,"source":0,"value":3896},{"target":3,"source":0,"value":3911},{"target":4,"source":0,"value":7736},{"target":5,"source":1,"value":2398},{"target":6,"source":1,"value":796},{"target":7,"source":1,"value":0},{"target":8,"source":2,"value":3232},{"target":9,"source":2,"value":664},{"target":10,"source":2,"value":0},{"target":11,"source":3,"value":3700},{"target":12,"source":3,"value":211},{"target":13,"source":3,"value":0},{"target":14,"source":4,"value":7001},{"target":15,"source":4,"value":735},{"target":16,"source":4,"value":0},{"target":17,"source":7,"value":0},{"target":18,"source":7,"value":0},{"target":19,"source":7,"value":0},{"target":20,"source":7,"value":0},{"target":21,"source":13,"value":0},{"target":22,"source":13,"value":0},{"target":23,"source":13,"value":0},{"target":24,"source":13,"value":0}],"Prince Edward Island":[{"target":1,"source":0,"value":28},{"target":2,"source":0,"value":0},{"target":3,"source":0,"value":2},{"target":4,"source":0,"value":372},{"target":5,"source":1,"value":28},{"target":6,"source":1,"value":0},{"target":7,"source":1,"value":0},{"target":8,"source":2,"value":0},{"target":9,"source":2,"value":0},{"target":10,"source":2,"value":0},{"target":11,"source":3,"value":2},{"target":12,"source":3,"value":0},{"target":13,"source":3,"value":0},{"target":14,"source":4,"value":372},{"target":15,"source":4,"value":0},{"target":16,"source":4,"value":0},{"target":17,"source":7,"value":0},{"target":18,"source":7,"value":0},{"target":19,"source":7,"value":0},{"target":20,"source":7,"value":0},{"target":21,"source":13,"value":0},{"target":22,"source":13,"value":0},{"target":23,"source":13,"value":0},{"target":24,"source":13,"value":0}],"Nova Scotia":[{"target":1,"source":0,"value":6362},{"target":2,"source":0,"value":5049},{"target":3,"source":0,"value":9758},{"target":4,"source":0,"value":15832},{"target":5,"source":1,"value":3279},{"target":6,"source":1,"value":3083},{"target":7,"source":1,"value":0},{"target":8,"source":2,"value":3956},{"target":9,"source":2,"value":1093},{"target":10,"source":2,"value":0},{"target":11,"source":3,"value":9112},{"target":12,"source":3,"value":646},{"target":13,"source":3,"value":0},{"target":14,"source":4,"value":15832},{"target":15,"source":4,"value":0},{"target":16,"source":4,"value":0},{"target":17,"source":7,"value":0},{"target":18,"source":7,"value":0},{"target":19,"source":7,"value":0},{"target":20,"source":7,"value":0},{"target":21,"source":13,"value":0},{"target":22,"source":13,"value":0},{"target":23,"source":13,"value":0},{"target":24,"source":13,"value":0}],"New Brunswick":[{"target":1,"source":0,"value":61717},{"target":2,"source":0,"value":625},{"target":3,"source":0,"value":255463},{"target":4,"source":0,"value":4635},{"target":5,"source":1,"value":153},{"target":6,"source":1,"value":721},{"target":7,"source":1,"value":60843},{"target":8,"source":2,"value":22},{"target":9,"source":2,"value":395},{"target":10,"source":2,"value":208},{"target":11,"source":3,"value":949},{"target":12,"source":3,"value":87},{"target":13,"source":3,"value":254427},{"target":14,"source":4,"value":4635},{"target":15,"source":4,"value":0},{"target":16,"source":4,"value":0},{"target":17,"source":7,"value":60281},{"target":18,"source":7,"value":113},{"target":19,"source":7,"value":0},{"target":20,"source":7,"value":449},{"target":21,"source":13,"value":250572},{"target":22,"source":13,"value":2659},{"target":23,"source":13,"value":0},{"target":24,"source":13,"value":1196}],"Quebec":[{"target":1,"source":0,"value":197858},{"target":2,"source":0,"value":79944},{"target":3,"source":0,"value":443057},{"target":4,"source":0,"value":184989},{"target":5,"source":1,"value":62494},{"target":6,"source":1,"value":145},{"target":7,"source":1,"value":135219},{"target":8,"source":2,"value":71335},{"target":9,"source":2,"value":39},{"target":10,"source":2,"value":8570},{"target":11,"source":3,"value":73854},{"target":12,"source":3,"value":144},{"target":13,"source":3,"value":369059},{"target":14,"source":4,"value":184988},{"target":15,"source":4,"value":1},{"target":16,"source":4,"value":0},{"target":17,"source":7,"value":121446},{"target":18,"source":7,"value":11971},{"target":19,"source":7,"value":1410},{"target":20,"source":7,"value":392},{"target":21,"source":13,"value":328549},{"target":22,"source":13,"value":35095},{"target":23,"source":13,"value":1133},{"target":24,"source":13,"value":4282}],"Ontario":[{"target":1,"source":0,"value":1066994},{"target":2,"source":0,"value":214558},{"target":3,"source":0,"value":1901407},{"target":4,"source":0,"value":460786},{"target":5,"source":1,"value":199796},{"target":6,"source":1,"value":11359},{"target":7,"source":1,"value":855839},{"target":8,"source":2,"value":181617},{"target":9,"source":2,"value":13},{"target":10,"source":2,"value":32928},{"target":11,"source":3,"value":324688},{"target":12,"source":3,"value":2594},{"target":13,"source":3,"value":1574125},{"target":14,"source":4,"value":460786},{"target":15,"source":4,"value":0},{"target":16,"source":4,"value":0},{"target":17,"source":7,"value":790819},{"target":18,"source":7,"value":48508},{"target":19,"source":7,"value":585},{"target":20,"source":7,"value":15927},{"target":21,"source":13,"value":1515207},{"target":22,"source":13,"value":48091},{"target":23,"source":13,"value":312},{"target":24,"source":13,"value":10515}],"Manitoba":[{"target":1,"source":0,"value":28644},{"target":2,"source":0,"value":664},{"target":3,"source":0,"value":109532},{"target":4,"source":0,"value":2403},{"target":5,"source":1,"value":5084},{"target":6,"source":1,"value":0},{"target":7,"source":1,"value":23560},{"target":8,"source":2,"value":622},{"target":9,"source":2,"value":0},{"target":10,"source":2,"value":42},{"target":11,"source":3,"value":10038},{"target":12,"source":3,"value":0},{"target":13,"source":3,"value":99494},{"target":14,"source":4,"value":2403},{"target":15,"source":4,"value":0},{"target":16,"source":4,"value":0},{"target":17,"source":7,"value":23061},{"target":18,"source":7,"value":444},{"target":19,"source":7,"value":0},{"target":20,"source":7,"value":55},{"target":21,"source":13,"value":95880},{"target":22,"source":13,"value":3264},{"target":23,"source":13,"value":0},{"target":24,"source":13,"value":350}],"Saskatchewan":[{"target":1,"source":0,"value":10026},{"target":2,"source":0,"value":231},{"target":3,"source":0,"value":31814},{"target":4,"source":0,"value":1050},{"target":5,"source":1,"value":2374},{"target":6,"source":1,"value":0},{"target":7,"source":1,"value":7652},{"target":8,"source":2,"value":177},{"target":9,"source":2,"value":0},{"target":10,"source":2,"value":54},{"target":11,"source":3,"value":6427},{"target":12,"source":3,"value":0},{"target":13,"source":3,"value":25387},{"target":14,"source":4,"value":1050},{"target":15,"source":4,"value":0},{"target":16,"source":4,"value":0},{"target":17,"source":7,"value":7393},{"target":18,"source":7,"value":149},{"target":19,"source":7,"value":0},{"target":20,"source":7,"value":110},{"target":21,"source":13,"value":24377},{"target":22,"source":13,"value":785},{"target":23,"source":13,"value":0},{"target":24,"source":13,"value":225}],"Alberta":[{"target":1,"source":0,"value":52264},{"target":2,"source":0,"value":27082},{"target":3,"source":0,"value":173115},{"target":4,"source":0,"value":73836},{"target":5,"source":1,"value":38471},{"target":6,"source":1,"value":0},{"target":7,"source":1,"value":13793},{"target":8,"source":2,"value":26488},{"target":9,"source":2,"value":0},{"target":10,"source":2,"value":594},{"target":11,"source":3,"value":122819},{"target":12,"source":3,"value":0},{"target":13,"source":3,"value":50296},{"target":14,"source":4,"value":73836},{"target":15,"source":4,"value":0},{"target":16,"source":4,"value":0},{"target":17,"source":7,"value":13615},{"target":18,"source":7,"value":114},{"target":19,"source":7,"value":0},{"target":20,"source":7,"value":64},{"target":21,"source":13,"value":49462},{"target":22,"source":13,"value":479},{"target":23,"source":13,"value":0},{"target":24,"source":13,"value":355}],"British Columbia":[{"target":1,"source":0,"value":485436},{"target":2,"source":0,"value":168614},{"target":3,"source":0,"value":1128799},{"target":4,"source":0,"value":159205},{"target":5,"source":1,"value":97826},{"target":6,"source":1,"value":91946},{"target":7,"source":1,"value":295664},{"target":8,"source":2,"value":115082},{"target":9,"source":2,"value":27111},{"target":10,"source":2,"value":26421},{"target":11,"source":3,"value":100926},{"target":12,"source":3,"value":26786},{"target":13,"source":3,"value":1001087},{"target":14,"source":4,"value":158309},{"target":15,"source":4,"value":521},{"target":16,"source":4,"value":375},{"target":17,"source":7,"value":267100},{"target":18,"source":7,"value":8572},{"target":19,"source":7,"value":5275},{"target":20,"source":7,"value":14717},{"target":21,"source":13,"value":973521},{"target":22,"source":13,"value":15007},{"target":23,"source":13,"value":1870},{"target":24,"source":13,"value":10689}],"Yukon":[{"target":1,"source":0,"value":33390},{"target":2,"source":0,"value":6834},{"target":3,"source":0,"value":8677},{"target":4,"source":0,"value":21},{"target":5,"source":1,"value":524},{"target":6,"source":1,"value":0},{"target":7,"source":1,"value":32866},{"target":8,"source":2,"value":354},{"target":9,"source":2,"value":0},{"target":10,"source":2,"value":6480},{"target":11,"source":3,"value":177},{"target":12,"source":3,"value":0},{"target":13,"source":3,"value":8500},{"target":14,"source":4,"value":21},{"target":15,"source":4,"value":0},{"target":16,"source":4,"value":0},{"target":17,"source":7,"value":10891},{"target":18,"source":7,"value":12530},{"target":19,"source":7,"value":9367},{"target":20,"source":7,"value":78},{"target":21,"source":13,"value":5763},{"target":22,"source":13,"value":2688},{"target":23,"source":13,"value":0},{"target":24,"source":13,"value":49}],"Nunavut":[{"target":1,"source":0,"value":85},{"target":2,"source":0,"value":38},{"target":3,"source":0,"value":32},{"target":4,"source":0,"value":1},{"target":5,"source":1,"value":85},{"target":6,"source":1,"value":0},{"target":7,"source":1,"value":0},{"target":8,"source":2,"value":38},{"target":9,"source":2,"value":0},{"target":10,"source":2,"value":".."},{"target":11,"source":3,"value":32},{"target":12,"source":3,"value":0},{"target":13,"source":3,"value":0},{"target":14,"source":4,"value":1},{"target":15,"source":4,"value":0},{"target":16,"source":4,"value":".."},{"target":17,"source":7,"value":".."},{"target":18,"source":7,"value":".."},{"target":19,"source":7,"value":".."},{"target":20,"source":7,"value":0},{"target":21,"source":13,"value":".."},{"target":22,"source":13,"value":".."},{"target":23,"source":13,"value":".."},{"target":24,"source":13,"value":0}],"nodes":[{"node":0,"name":"intl"},{"node":1,"name":"USres"},{"node":2,"name":"nonUSres"},{"node":3,"name":"cdnFromUS"},{"node":4,"name":"cdnFromOther"},{"node":5,"name":"USres_air"},{"node":6,"name":"USres_marine"},{"node":7,"name":"USres_land"},{"node":8,"name":"nonUSres_air"},{"node":9,"name":"nonUSres_marine"},{"node":10,"name":"nonUSres_land"},{"node":11,"name":"cdnFromUS_air"},{"node":12,"name":"cdnFromUS_marine"},{"node":13,"name":"cdnFromUS_land"},{"node":14,"name":"cdnFromOther_air"},{"node":15,"name":"cdnFromOther_marine"},{"node":16,"name":"cdnFromOther_land"},{"node":17,"name":"USres_car"},{"node":18,"name":"USres_bus"},{"node":19,"name":"USres_train"},{"node":20,"name":"USres_other"},{"node":21,"name":"cdnFromUS_car"},{"node":22,"name":"cdnFromUS_bus"},{"node":23,"name":"cdnFromUS_train"},{"node":24,"name":"cdnFromUS_other"}]}