{"Canada":[{"target":1,"source":0,"value":1183579},{"target":2,"source":0,"value":264631},{"target":3,"source":0,"value":4065897},{"target":4,"source":0,"value":1315328},{"target":5,"source":1,"value":270023},{"target":6,"source":1,"value":1715},{"target":7,"source":1,"value":911841},{"target":8,"source":2,"value":234459},{"target":9,"source":2,"value":237},{"target":10,"source":2,"value":29935},{"target":11,"source":3,"value":928641},{"target":12,"source":3,"value":1906},{"target":13,"source":3,"value":3135350},{"target":14,"source":4,"value":1314821},{"target":15,"source":4,"value":16},{"target":16,"source":4,"value":491},{"target":17,"source":7,"value":846099},{"target":18,"source":7,"value":47588},{"target":19,"source":7,"value":4317},{"target":20,"source":7,"value":13837},{"target":21,"source":13,"value":3046898},{"target":22,"source":13,"value":73111},{"target":23,"source":13,"value":3525},{"target":24,"source":13,"value":11816}],"Newfoundland and Labrador":[{"target":1,"source":0,"value":1539},{"target":2,"source":0,"value":1423},{"target":3,"source":0,"value":1836},{"target":4,"source":0,"value":4960},{"target":5,"source":1,"value":1504},{"target":6,"source":1,"value":35},{"target":7,"source":1,"value":0},{"target":8,"source":2,"value":1377},{"target":9,"source":2,"value":46},{"target":10,"source":2,"value":0},{"target":11,"source":3,"value":1806},{"target":12,"source":3,"value":30},{"target":13,"source":3,"value":0},{"target":14,"source":4,"value":4944},{"target":15,"source":4,"value":16},{"target":16,"source":4,"value":0},{"target":17,"source":7,"value":0},{"target":18,"source":7,"value":0},{"target":19,"source":7,"value":0},{"target":20,"source":7,"value":0},{"target":21,"source":13,"value":0},{"target":22,"source":13,"value":0},{"target":23,"source":13,"value":0},{"target":24,"source":13,"value":0}],"Prince Edward Island":[{"target":1,"source":0,"value":0},{"target":2,"source":0,"value":0},{"target":3,"source":0,"value":399},{"target":4,"source":0,"value":563},{"target":5,"source":1,"value":0},{"target":6,"source":1,"value":0},{"target":7,"source":1,"value":0},{"target":8,"source":2,"value":0},{"target":9,"source":2,"value":0},{"target":10,"source":2,"value":0},{"target":11,"source":3,"value":399},{"target":12,"source":3,"value":0},{"target":13,"source":3,"value":0},{"target":14,"source":4,"value":563},{"target":15,"source":4,"value":0},{"target":16,"source":4,"value":0},{"target":17,"source":7,"value":0},{"target":18,"source":7,"value":0},{"target":19,"source":7,"value":0},{"target":20,"source":7,"value":0},{"target":21,"source":13,"value":0},{"target":22,"source":13,"value":0},{"target":23,"source":13,"value":0},{"target":24,"source":13,"value":0}],"Nova Scotia":[{"target":1,"source":0,"value":1850},{"target":2,"source":0,"value":1425},{"target":3,"source":0,"value":16280},{"target":4,"source":0,"value":28173},{"target":5,"source":1,"value":1847},{"target":6,"source":1,"value":3},{"target":7,"source":1,"value":0},{"target":8,"source":2,"value":1422},{"target":9,"source":2,"value":3},{"target":10,"source":2,"value":0},{"target":11,"source":3,"value":16278},{"target":12,"source":3,"value":2},{"target":13,"source":3,"value":0},{"target":14,"source":4,"value":28173},{"target":15,"source":4,"value":0},{"target":16,"source":4,"value":0},{"target":17,"source":7,"value":0},{"target":18,"source":7,"value":0},{"target":19,"source":7,"value":0},{"target":20,"source":7,"value":0},{"target":21,"source":13,"value":0},{"target":22,"source":13,"value":0},{"target":23,"source":13,"value":0},{"target":24,"source":13,"value":0}],"New Brunswick":[{"target":1,"source":0,"value":41765},{"target":2,"source":0,"value":102},{"target":3,"source":0,"value":211747},{"target":4,"source":0,"value":11137},{"target":5,"source":1,"value":39},{"target":6,"source":1,"value":0},{"target":7,"source":1,"value":41726},{"target":8,"source":2,"value":6},{"target":9,"source":2,"value":4},{"target":10,"source":2,"value":92},{"target":11,"source":3,"value":1265},{"target":12,"source":3,"value":2},{"target":13,"source":3,"value":210480},{"target":14,"source":4,"value":11137},{"target":15,"source":4,"value":0},{"target":16,"source":4,"value":0},{"target":17,"source":7,"value":41439},{"target":18,"source":7,"value":145},{"target":19,"source":7,"value":0},{"target":20,"source":7,"value":142},{"target":21,"source":13,"value":208434},{"target":22,"source":13,"value":1700},{"target":23,"source":13,"value":0},{"target":24,"source":13,"value":346}],"Quebec":[{"target":1,"source":0,"value":122342},{"target":2,"source":0,"value":45677},{"target":3,"source":0,"value":439071},{"target":4,"source":0,"value":296882},{"target":5,"source":1,"value":39413},{"target":6,"source":1,"value":0},{"target":7,"source":1,"value":82929},{"target":8,"source":2,"value":42576},{"target":9,"source":2,"value":23},{"target":10,"source":2,"value":3078},{"target":11,"source":3,"value":136563},{"target":12,"source":3,"value":0},{"target":13,"source":3,"value":302508},{"target":14,"source":4,"value":296882},{"target":15,"source":4,"value":0},{"target":16,"source":4,"value":0},{"target":17,"source":7,"value":74208},{"target":18,"source":7,"value":6993},{"target":19,"source":7,"value":1518},{"target":20,"source":7,"value":210},{"target":21,"source":13,"value":281950},{"target":22,"source":13,"value":18626},{"target":23,"source":13,"value":1663},{"target":24,"source":13,"value":269}],"Ontario":[{"target":1,"source":0,"value":658558},{"target":2,"source":0,"value":111551},{"target":3,"source":0,"value":2014689},{"target":4,"source":0,"value":613561},{"target":5,"source":1,"value":132392},{"target":6,"source":1,"value":168},{"target":7,"source":1,"value":525998},{"target":8,"source":2,"value":102382},{"target":9,"source":2,"value":0},{"target":10,"source":2,"value":9169},{"target":11,"source":3,"value":448123},{"target":12,"source":3,"value":36},{"target":13,"source":3,"value":1566530},{"target":14,"source":4,"value":613561},{"target":15,"source":4,"value":0},{"target":16,"source":4,"value":0},{"target":17,"source":7,"value":485140},{"target":18,"source":7,"value":35786},{"target":19,"source":7,"value":312},{"target":20,"source":7,"value":4760},{"target":21,"source":13,"value":1524831},{"target":22,"source":13,"value":38459},{"target":23,"source":13,"value":333},{"target":24,"source":13,"value":2907}],"Manitoba":[{"target":1,"source":0,"value":20884},{"target":2,"source":0,"value":543},{"target":3,"source":0,"value":98664},{"target":4,"source":0,"value":25824},{"target":5,"source":1,"value":3999},{"target":6,"source":1,"value":0},{"target":7,"source":1,"value":16885},{"target":8,"source":2,"value":489},{"target":9,"source":2,"value":0},{"target":10,"source":2,"value":54},{"target":11,"source":3,"value":18994},{"target":12,"source":3,"value":0},{"target":13,"source":3,"value":79670},{"target":14,"source":4,"value":25824},{"target":15,"source":4,"value":0},{"target":16,"source":4,"value":0},{"target":17,"source":7,"value":16676},{"target":18,"source":7,"value":182},{"target":19,"source":7,"value":0},{"target":20,"source":7,"value":27},{"target":21,"source":13,"value":77356},{"target":22,"source":13,"value":2264},{"target":23,"source":13,"value":0},{"target":24,"source":13,"value":50}],"Saskatchewan":[{"target":1,"source":0,"value":5915},{"target":2,"source":0,"value":183},{"target":3,"source":0,"value":34559},{"target":4,"source":0,"value":17085},{"target":5,"source":1,"value":1542},{"target":6,"source":1,"value":0},{"target":7,"source":1,"value":4373},{"target":8,"source":2,"value":142},{"target":9,"source":2,"value":0},{"target":10,"source":2,"value":41},{"target":11,"source":3,"value":11467},{"target":12,"source":3,"value":0},{"target":13,"source":3,"value":23092},{"target":14,"source":4,"value":17085},{"target":15,"source":4,"value":0},{"target":16,"source":4,"value":0},{"target":17,"source":7,"value":4232},{"target":18,"source":7,"value":79},{"target":19,"source":7,"value":0},{"target":20,"source":7,"value":62},{"target":21,"source":13,"value":22530},{"target":22,"source":13,"value":463},{"target":23,"source":13,"value":0},{"target":24,"source":13,"value":99}],"Alberta":[{"target":1,"source":0,"value":36914},{"target":2,"source":0,"value":16323},{"target":3,"source":0,"value":197181},{"target":4,"source":0,"value":119301},{"target":5,"source":1,"value":30358},{"target":6,"source":1,"value":0},{"target":7,"source":1,"value":6556},{"target":8,"source":2,"value":16192},{"target":9,"source":2,"value":0},{"target":10,"source":2,"value":131},{"target":11,"source":3,"value":147731},{"target":12,"source":3,"value":0},{"target":13,"source":3,"value":49450},{"target":14,"source":4,"value":119301},{"target":15,"source":4,"value":0},{"target":16,"source":4,"value":0},{"target":17,"source":7,"value":6550},{"target":18,"source":7,"value":0},{"target":19,"source":7,"value":0},{"target":20,"source":7,"value":6},{"target":21,"source":13,"value":49052},{"target":22,"source":13,"value":358},{"target":23,"source":13,"value":0},{"target":24,"source":13,"value":40}],"British Columbia":[{"target":1,"source":0,"value":290311},{"target":2,"source":0,"value":87085},{"target":3,"source":0,"value":1049015},{"target":4,"source":0,"value":197837},{"target":5,"source":1,"value":58881},{"target":6,"source":1,"value":1509},{"target":7,"source":1,"value":229921},{"target":8,"source":2,"value":69819},{"target":9,"source":2,"value":161},{"target":10,"source":2,"value":17105},{"target":11,"source":3,"value":145979},{"target":12,"source":3,"value":1836},{"target":13,"source":3,"value":901200},{"target":14,"source":4,"value":197346},{"target":15,"source":4,"value":0},{"target":16,"source":4,"value":491},{"target":17,"source":7,"value":214410},{"target":18,"source":7,"value":4394},{"target":19,"source":7,"value":2487},{"target":20,"source":7,"value":8630},{"target":21,"source":13,"value":880325},{"target":22,"source":13,"value":11241},{"target":23,"source":13,"value":1529},{"target":24,"source":13,"value":8105}],"Yukon":[{"target":1,"source":0,"value":3481},{"target":2,"source":0,"value":271},{"target":3,"source":0,"value":2433},{"target":4,"source":0,"value":0},{"target":5,"source":1,"value":28},{"target":6,"source":1,"value":0},{"target":7,"source":1,"value":3453},{"target":8,"source":2,"value":6},{"target":9,"source":2,"value":0},{"target":10,"source":2,"value":265},{"target":11,"source":3,"value":13},{"target":12,"source":3,"value":0},{"target":13,"source":3,"value":2420},{"target":14,"source":4,"value":0},{"target":15,"source":4,"value":0},{"target":16,"source":4,"value":0},{"target":17,"source":7,"value":3444},{"target":18,"source":7,"value":9},{"target":19,"source":7,"value":0},{"target":20,"source":7,"value":0},{"target":21,"source":13,"value":2420},{"target":22,"source":13,"value":0},{"target":23,"source":13,"value":0},{"target":24,"source":13,"value":0}],"Nunavut":[{"target":1,"source":0,"value":20},{"target":2,"source":0,"value":48},{"target":3,"source":0,"value":23},{"target":4,"source":0,"value":5},{"target":5,"source":1,"value":20},{"target":6,"source":1,"value":0},{"target":7,"source":1,"value":0},{"target":8,"source":2,"value":48},{"target":9,"source":2,"value":0},{"target":10,"source":2,"value":".."},{"target":11,"source":3,"value":23},{"target":12,"source":3,"value":0},{"target":13,"source":3,"value":0},{"target":14,"source":4,"value":5},{"target":15,"source":4,"value":0},{"target":16,"source":4,"value":".."},{"target":17,"source":7,"value":".."},{"target":18,"source":7,"value":".."},{"target":19,"source":7,"value":".."},{"target":20,"source":7,"value":0},{"target":21,"source":13,"value":".."},{"target":22,"source":13,"value":".."},{"target":23,"source":13,"value":".."},{"target":24,"source":13,"value":0}],"nodes":[{"node":0,"name":"intl"},{"node":1,"name":"USres"},{"node":2,"name":"nonUSres"},{"node":3,"name":"cdnFromUS"},{"node":4,"name":"cdnFromOther"},{"node":5,"name":"USres_air"},{"node":6,"name":"USres_marine"},{"node":7,"name":"USres_land"},{"node":8,"name":"nonUSres_air"},{"node":9,"name":"nonUSres_marine"},{"node":10,"name":"nonUSres_land"},{"node":11,"name":"cdnFromUS_air"},{"node":12,"name":"cdnFromUS_marine"},{"node":13,"name":"cdnFromUS_land"},{"node":14,"name":"cdnFromOther_air"},{"node":15,"name":"cdnFromOther_marine"},{"node":16,"name":"cdnFromOther_land"},{"node":17,"name":"USres_car"},{"node":18,"name":"USres_bus"},{"node":19,"name":"USres_train"},{"node":20,"name":"USres_other"},{"node":21,"name":"cdnFromUS_car"},{"node":22,"name":"cdnFromUS_bus"},{"node":23,"name":"cdnFromUS_train"},{"node":24,"name":"cdnFromUS_other"}]}