{"Canada":[{"target":1,"source":0,"value":1525352},{"target":2,"source":0,"value":361275},{"target":3,"source":0,"value":3067459},{"target":4,"source":0,"value":904723},{"target":5,"source":1,"value":336706},{"target":6,"source":1,"value":1851},{"target":7,"source":1,"value":1186795},{"target":8,"source":2,"value":328308},{"target":9,"source":2,"value":305},{"target":10,"source":2,"value":32662},{"target":11,"source":3,"value":600227},{"target":12,"source":3,"value":1270},{"target":13,"source":3,"value":2465962},{"target":14,"source":4,"value":904470},{"target":15,"source":4,"value":12},{"target":16,"source":4,"value":241},{"target":17,"source":7,"value":1127434},{"target":18,"source":7,"value":35683},{"target":19,"source":7,"value":5063},{"target":20,"source":7,"value":18615},{"target":21,"source":13,"value":2398716},{"target":22,"source":13,"value":49806},{"target":23,"source":13,"value":2398},{"target":24,"source":13,"value":15042}],"Newfoundland and Labrador":[{"target":1,"source":0,"value":1243},{"target":2,"source":0,"value":1783},{"target":3,"source":0,"value":1272},{"target":4,"source":0,"value":809},{"target":5,"source":1,"value":1230},{"target":6,"source":1,"value":13},{"target":7,"source":1,"value":0},{"target":8,"source":2,"value":1718},{"target":9,"source":2,"value":65},{"target":10,"source":2,"value":0},{"target":11,"source":3,"value":1271},{"target":12,"source":3,"value":1},{"target":13,"source":3,"value":0},{"target":14,"source":4,"value":797},{"target":15,"source":4,"value":12},{"target":16,"source":4,"value":0},{"target":17,"source":7,"value":0},{"target":18,"source":7,"value":0},{"target":19,"source":7,"value":0},{"target":20,"source":7,"value":0},{"target":21,"source":13,"value":0},{"target":22,"source":13,"value":0},{"target":23,"source":13,"value":0},{"target":24,"source":13,"value":0}],"Prince Edward Island":[{"target":1,"source":0,"value":6},{"target":2,"source":0,"value":1},{"target":3,"source":0,"value":56},{"target":4,"source":0,"value":0},{"target":5,"source":1,"value":6},{"target":6,"source":1,"value":0},{"target":7,"source":1,"value":0},{"target":8,"source":2,"value":1},{"target":9,"source":2,"value":0},{"target":10,"source":2,"value":0},{"target":11,"source":3,"value":56},{"target":12,"source":3,"value":0},{"target":13,"source":3,"value":0},{"target":14,"source":4,"value":0},{"target":15,"source":4,"value":0},{"target":16,"source":4,"value":0},{"target":17,"source":7,"value":0},{"target":18,"source":7,"value":0},{"target":19,"source":7,"value":0},{"target":20,"source":7,"value":0},{"target":21,"source":13,"value":0},{"target":22,"source":13,"value":0},{"target":23,"source":13,"value":0},{"target":24,"source":13,"value":0}],"Nova Scotia":[{"target":1,"source":0,"value":2632},{"target":2,"source":0,"value":1683},{"target":3,"source":0,"value":5221},{"target":4,"source":0,"value":2322},{"target":5,"source":1,"value":2632},{"target":6,"source":1,"value":0},{"target":7,"source":1,"value":0},{"target":8,"source":2,"value":1676},{"target":9,"source":2,"value":7},{"target":10,"source":2,"value":0},{"target":11,"source":3,"value":5221},{"target":12,"source":3,"value":0},{"target":13,"source":3,"value":0},{"target":14,"source":4,"value":2322},{"target":15,"source":4,"value":0},{"target":16,"source":4,"value":0},{"target":17,"source":7,"value":0},{"target":18,"source":7,"value":0},{"target":19,"source":7,"value":0},{"target":20,"source":7,"value":0},{"target":21,"source":13,"value":0},{"target":22,"source":13,"value":0},{"target":23,"source":13,"value":0},{"target":24,"source":13,"value":0}],"New Brunswick":[{"target":1,"source":0,"value":50390},{"target":2,"source":0,"value":61},{"target":3,"source":0,"value":179156},{"target":4,"source":0,"value":491},{"target":5,"source":1,"value":38},{"target":6,"source":1,"value":0},{"target":7,"source":1,"value":50352},{"target":8,"source":2,"value":4},{"target":9,"source":2,"value":1},{"target":10,"source":2,"value":56},{"target":11,"source":3,"value":185},{"target":12,"source":3,"value":0},{"target":13,"source":3,"value":178971},{"target":14,"source":4,"value":491},{"target":15,"source":4,"value":0},{"target":16,"source":4,"value":0},{"target":17,"source":7,"value":50073},{"target":18,"source":7,"value":84},{"target":19,"source":7,"value":0},{"target":20,"source":7,"value":195},{"target":21,"source":13,"value":177894},{"target":22,"source":13,"value":693},{"target":23,"source":13,"value":0},{"target":24,"source":13,"value":384}],"Quebec":[{"target":1,"source":0,"value":181242},{"target":2,"source":0,"value":61048},{"target":3,"source":0,"value":291034},{"target":4,"source":0,"value":185661},{"target":5,"source":1,"value":51156},{"target":6,"source":1,"value":0},{"target":7,"source":1,"value":130086},{"target":8,"source":2,"value":58651},{"target":9,"source":2,"value":34},{"target":10,"source":2,"value":2363},{"target":11,"source":3,"value":85424},{"target":12,"source":3,"value":0},{"target":13,"source":3,"value":205610},{"target":14,"source":4,"value":185661},{"target":15,"source":4,"value":0},{"target":16,"source":4,"value":0},{"target":17,"source":7,"value":122796},{"target":18,"source":7,"value":5662},{"target":19,"source":7,"value":1557},{"target":20,"source":7,"value":71},{"target":21,"source":13,"value":195211},{"target":22,"source":13,"value":9180},{"target":23,"source":13,"value":946},{"target":24,"source":13,"value":273}],"Ontario":[{"target":1,"source":0,"value":855971},{"target":2,"source":0,"value":163961},{"target":3,"source":0,"value":1514099},{"target":4,"source":0,"value":439628},{"target":5,"source":1,"value":173976},{"target":6,"source":1,"value":348},{"target":7,"source":1,"value":681647},{"target":8,"source":2,"value":153256},{"target":9,"source":2,"value":0},{"target":10,"source":2,"value":10705},{"target":11,"source":3,"value":259053},{"target":12,"source":3,"value":6},{"target":13,"source":3,"value":1255040},{"target":14,"source":4,"value":439628},{"target":15,"source":4,"value":0},{"target":16,"source":4,"value":0},{"target":17,"source":7,"value":650704},{"target":18,"source":7,"value":24758},{"target":19,"source":7,"value":401},{"target":20,"source":7,"value":5784},{"target":21,"source":13,"value":1220822},{"target":22,"source":13,"value":29580},{"target":23,"source":13,"value":316},{"target":24,"source":13,"value":4322}],"Manitoba":[{"target":1,"source":0,"value":20965},{"target":2,"source":0,"value":721},{"target":3,"source":0,"value":76706},{"target":4,"source":0,"value":11121},{"target":5,"source":1,"value":4348},{"target":6,"source":1,"value":0},{"target":7,"source":1,"value":16617},{"target":8,"source":2,"value":700},{"target":9,"source":2,"value":0},{"target":10,"source":2,"value":21},{"target":11,"source":3,"value":11483},{"target":12,"source":3,"value":0},{"target":13,"source":3,"value":65223},{"target":14,"source":4,"value":11121},{"target":15,"source":4,"value":0},{"target":16,"source":4,"value":0},{"target":17,"source":7,"value":16516},{"target":18,"source":7,"value":94},{"target":19,"source":7,"value":0},{"target":20,"source":7,"value":7},{"target":21,"source":13,"value":63794},{"target":22,"source":13,"value":1416},{"target":23,"source":13,"value":0},{"target":24,"source":13,"value":13}],"Saskatchewan":[{"target":1,"source":0,"value":7818},{"target":2,"source":0,"value":253},{"target":3,"source":0,"value":28734},{"target":4,"source":0,"value":10672},{"target":5,"source":1,"value":2148},{"target":6,"source":1,"value":0},{"target":7,"source":1,"value":5670},{"target":8,"source":2,"value":222},{"target":9,"source":2,"value":0},{"target":10,"source":2,"value":31},{"target":11,"source":3,"value":10309},{"target":12,"source":3,"value":0},{"target":13,"source":3,"value":18425},{"target":14,"source":4,"value":10672},{"target":15,"source":4,"value":0},{"target":16,"source":4,"value":0},{"target":17,"source":7,"value":5630},{"target":18,"source":7,"value":0},{"target":19,"source":7,"value":0},{"target":20,"source":7,"value":40},{"target":21,"source":13,"value":18058},{"target":22,"source":13,"value":272},{"target":23,"source":13,"value":0},{"target":24,"source":13,"value":95}],"Alberta":[{"target":1,"source":0,"value":41492},{"target":2,"source":0,"value":16179},{"target":3,"source":0,"value":147443},{"target":4,"source":0,"value":88649},{"target":5,"source":1,"value":32975},{"target":6,"source":1,"value":0},{"target":7,"source":1,"value":8517},{"target":8,"source":2,"value":16119},{"target":9,"source":2,"value":0},{"target":10,"source":2,"value":60},{"target":11,"source":3,"value":118867},{"target":12,"source":3,"value":0},{"target":13,"source":3,"value":28576},{"target":14,"source":4,"value":88649},{"target":15,"source":4,"value":0},{"target":16,"source":4,"value":0},{"target":17,"source":7,"value":8449},{"target":18,"source":7,"value":65},{"target":19,"source":7,"value":0},{"target":20,"source":7,"value":3},{"target":21,"source":13,"value":28428},{"target":22,"source":13,"value":135},{"target":23,"source":13,"value":0},{"target":24,"source":13,"value":13}],"British Columbia":[{"target":1,"source":0,"value":361276},{"target":2,"source":0,"value":115522},{"target":3,"source":0,"value":822542},{"target":4,"source":0,"value":165370},{"target":5,"source":1,"value":68115},{"target":6,"source":1,"value":1490},{"target":7,"source":1,"value":291671},{"target":8,"source":2,"value":95912},{"target":9,"source":2,"value":198},{"target":10,"source":2,"value":19412},{"target":11,"source":3,"value":108341},{"target":12,"source":3,"value":1263},{"target":13,"source":3,"value":712938},{"target":14,"source":4,"value":165129},{"target":15,"source":4,"value":0},{"target":16,"source":4,"value":241},{"target":17,"source":7,"value":271031},{"target":18,"source":7,"value":5020},{"target":19,"source":7,"value":3105},{"target":20,"source":7,"value":12515},{"target":21,"source":13,"value":693332},{"target":22,"source":13,"value":8530},{"target":23,"source":13,"value":1136},{"target":24,"source":13,"value":9940}],"Yukon":[{"target":1,"source":0,"value":2274},{"target":2,"source":0,"value":14},{"target":3,"source":0,"value":1179},{"target":4,"source":0,"value":0},{"target":5,"source":1,"value":39},{"target":6,"source":1,"value":0},{"target":7,"source":1,"value":2235},{"target":8,"source":2,"value":0},{"target":9,"source":2,"value":0},{"target":10,"source":2,"value":14},{"target":11,"source":3,"value":0},{"target":12,"source":3,"value":0},{"target":13,"source":3,"value":1179},{"target":14,"source":4,"value":0},{"target":15,"source":4,"value":0},{"target":16,"source":4,"value":0},{"target":17,"source":7,"value":2235},{"target":18,"source":7,"value":0},{"target":19,"source":7,"value":0},{"target":20,"source":7,"value":0},{"target":21,"source":13,"value":1177},{"target":22,"source":13,"value":0},{"target":23,"source":13,"value":0},{"target":24,"source":13,"value":2}],"Nunavut":[{"target":1,"source":0,"value":43},{"target":2,"source":0,"value":49},{"target":3,"source":0,"value":17},{"target":4,"source":0,"value":0},{"target":5,"source":1,"value":43},{"target":6,"source":1,"value":0},{"target":7,"source":1,"value":0},{"target":8,"source":2,"value":49},{"target":9,"source":2,"value":0},{"target":10,"source":2,"value":".."},{"target":11,"source":3,"value":17},{"target":12,"source":3,"value":0},{"target":13,"source":3,"value":0},{"target":14,"source":4,"value":0},{"target":15,"source":4,"value":0},{"target":16,"source":4,"value":".."},{"target":17,"source":7,"value":".."},{"target":18,"source":7,"value":".."},{"target":19,"source":7,"value":".."},{"target":20,"source":7,"value":0},{"target":21,"source":13,"value":".."},{"target":22,"source":13,"value":".."},{"target":23,"source":13,"value":".."},{"target":24,"source":13,"value":0}],"nodes":[{"node":0,"name":"intl"},{"node":1,"name":"USres"},{"node":2,"name":"nonUSres"},{"node":3,"name":"cdnFromUS"},{"node":4,"name":"cdnFromOther"},{"node":5,"name":"USres_air"},{"node":6,"name":"USres_marine"},{"node":7,"name":"USres_land"},{"node":8,"name":"nonUSres_air"},{"node":9,"name":"nonUSres_marine"},{"node":10,"name":"nonUSres_land"},{"node":11,"name":"cdnFromUS_air"},{"node":12,"name":"cdnFromUS_marine"},{"node":13,"name":"cdnFromUS_land"},{"node":14,"name":"cdnFromOther_air"},{"node":15,"name":"cdnFromOther_marine"},{"node":16,"name":"cdnFromOther_land"},{"node":17,"name":"USres_car"},{"node":18,"name":"USres_bus"},{"node":19,"name":"USres_train"},{"node":20,"name":"USres_other"},{"node":21,"name":"cdnFromUS_car"},{"node":22,"name":"cdnFromUS_bus"},{"node":23,"name":"cdnFromUS_train"},{"node":24,"name":"cdnFromUS_other"}]}