{"Canada":[{"target":1,"source":0,"value":2654034},{"target":2,"source":0,"value":652416},{"target":3,"source":0,"value":3641151},{"target":4,"source":0,"value":732182},{"target":5,"source":1,"value":576978},{"target":6,"source":1,"value":180736},{"target":7,"source":1,"value":1896320},{"target":8,"source":2,"value":535109},{"target":9,"source":2,"value":31566},{"target":10,"source":2,"value":85741},{"target":11,"source":3,"value":490507},{"target":12,"source":3,"value":17528},{"target":13,"source":3,"value":3133116},{"target":14,"source":4,"value":731244},{"target":15,"source":4,"value":583},{"target":16,"source":4,"value":355},{"target":17,"source":7,"value":1718102},{"target":18,"source":7,"value":105790},{"target":19,"source":7,"value":26779},{"target":20,"source":7,"value":45649},{"target":21,"source":13,"value":3018494},{"target":22,"source":13,"value":71049},{"target":23,"source":13,"value":2896},{"target":24,"source":13,"value":40677}],"Newfoundland and Labrador":[{"target":1,"source":0,"value":4218},{"target":2,"source":0,"value":3535},{"target":3,"source":0,"value":1588},{"target":4,"source":0,"value":5262},{"target":5,"source":1,"value":4171},{"target":6,"source":1,"value":47},{"target":7,"source":1,"value":0},{"target":8,"source":2,"value":3144},{"target":9,"source":2,"value":391},{"target":10,"source":2,"value":0},{"target":11,"source":3,"value":1588},{"target":12,"source":3,"value":0},{"target":13,"source":3,"value":0},{"target":14,"source":4,"value":4681},{"target":15,"source":4,"value":581},{"target":16,"source":4,"value":0},{"target":17,"source":7,"value":0},{"target":18,"source":7,"value":0},{"target":19,"source":7,"value":0},{"target":20,"source":7,"value":0},{"target":21,"source":13,"value":0},{"target":22,"source":13,"value":0},{"target":23,"source":13,"value":0},{"target":24,"source":13,"value":0}],"Prince Edward Island":[{"target":1,"source":0,"value":67},{"target":2,"source":0,"value":0},{"target":3,"source":0,"value":26},{"target":4,"source":0,"value":0},{"target":5,"source":1,"value":67},{"target":6,"source":1,"value":0},{"target":7,"source":1,"value":0},{"target":8,"source":2,"value":0},{"target":9,"source":2,"value":0},{"target":10,"source":2,"value":0},{"target":11,"source":3,"value":26},{"target":12,"source":3,"value":0},{"target":13,"source":3,"value":0},{"target":14,"source":4,"value":0},{"target":15,"source":4,"value":0},{"target":16,"source":4,"value":0},{"target":17,"source":7,"value":0},{"target":18,"source":7,"value":0},{"target":19,"source":7,"value":0},{"target":20,"source":7,"value":0},{"target":21,"source":13,"value":0},{"target":22,"source":13,"value":0},{"target":23,"source":13,"value":0},{"target":24,"source":13,"value":0}],"Nova Scotia":[{"target":1,"source":0,"value":19029},{"target":2,"source":0,"value":10204},{"target":3,"source":0,"value":6143},{"target":4,"source":0,"value":8090},{"target":5,"source":1,"value":7636},{"target":6,"source":1,"value":7434},{"target":7,"source":1,"value":3959},{"target":8,"source":2,"value":8822},{"target":9,"source":2,"value":1332},{"target":10,"source":2,"value":50},{"target":11,"source":3,"value":4651},{"target":12,"source":3,"value":542},{"target":13,"source":3,"value":950},{"target":14,"source":4,"value":8090},{"target":15,"source":4,"value":0},{"target":16,"source":4,"value":0},{"target":17,"source":7,"value":2941},{"target":18,"source":7,"value":143},{"target":19,"source":7,"value":0},{"target":20,"source":7,"value":875},{"target":21,"source":13,"value":669},{"target":22,"source":13,"value":0},{"target":23,"source":13,"value":0},{"target":24,"source":13,"value":281}],"New Brunswick":[{"target":1,"source":0,"value":87268},{"target":2,"source":0,"value":612},{"target":3,"source":0,"value":242150},{"target":4,"source":0,"value":0},{"target":5,"source":1,"value":295},{"target":6,"source":1,"value":3390},{"target":7,"source":1,"value":83583},{"target":8,"source":2,"value":32},{"target":9,"source":2,"value":279},{"target":10,"source":2,"value":301},{"target":11,"source":3,"value":208},{"target":12,"source":3,"value":83},{"target":13,"source":3,"value":241859},{"target":14,"source":4,"value":0},{"target":15,"source":4,"value":0},{"target":16,"source":4,"value":0},{"target":17,"source":7,"value":81979},{"target":18,"source":7,"value":836},{"target":19,"source":7,"value":0},{"target":20,"source":7,"value":768},{"target":21,"source":13,"value":238962},{"target":22,"source":13,"value":1040},{"target":23,"source":13,"value":0},{"target":24,"source":13,"value":1857}],"Quebec":[{"target":1,"source":0,"value":281568},{"target":2,"source":0,"value":105227},{"target":3,"source":0,"value":440371},{"target":4,"source":0,"value":172364},{"target":5,"source":1,"value":90871},{"target":6,"source":1,"value":325},{"target":7,"source":1,"value":190372},{"target":8,"source":2,"value":97663},{"target":9,"source":2,"value":41},{"target":10,"source":2,"value":7523},{"target":11,"source":3,"value":66832},{"target":12,"source":3,"value":1010},{"target":13,"source":3,"value":372529},{"target":14,"source":4,"value":172364},{"target":15,"source":4,"value":0},{"target":16,"source":4,"value":0},{"target":17,"source":7,"value":175891},{"target":18,"source":7,"value":11688},{"target":19,"source":7,"value":1959},{"target":20,"source":7,"value":834},{"target":21,"source":13,"value":339493},{"target":22,"source":13,"value":20083},{"target":23,"source":13,"value":1184},{"target":24,"source":13,"value":11769}],"Ontario":[{"target":1,"source":0,"value":1365412},{"target":2,"source":0,"value":276766},{"target":3,"source":0,"value":1649821},{"target":4,"source":0,"value":366520},{"target":5,"source":1,"value":261199},{"target":6,"source":1,"value":22224},{"target":7,"source":1,"value":1081989},{"target":8,"source":2,"value":242454},{"target":9,"source":2,"value":34},{"target":10,"source":2,"value":34278},{"target":11,"source":3,"value":248598},{"target":12,"source":3,"value":4548},{"target":13,"source":3,"value":1396675},{"target":14,"source":4,"value":366520},{"target":15,"source":4,"value":0},{"target":16,"source":4,"value":0},{"target":17,"source":7,"value":1003098},{"target":18,"source":7,"value":55677},{"target":19,"source":7,"value":752},{"target":20,"source":7,"value":22462},{"target":21,"source":13,"value":1348325},{"target":22,"source":13,"value":35781},{"target":23,"source":13,"value":328},{"target":24,"source":13,"value":12241}],"Manitoba":[{"target":1,"source":0,"value":68128},{"target":2,"source":0,"value":1004},{"target":3,"source":0,"value":95330},{"target":4,"source":0,"value":1046},{"target":5,"source":1,"value":11309},{"target":6,"source":1,"value":0},{"target":7,"source":1,"value":56819},{"target":8,"source":2,"value":871},{"target":9,"source":2,"value":0},{"target":10,"source":2,"value":133},{"target":11,"source":3,"value":7295},{"target":12,"source":3,"value":0},{"target":13,"source":3,"value":88035},{"target":14,"source":4,"value":1046},{"target":15,"source":4,"value":0},{"target":16,"source":4,"value":0},{"target":17,"source":7,"value":56230},{"target":18,"source":7,"value":435},{"target":19,"source":7,"value":0},{"target":20,"source":7,"value":154},{"target":21,"source":13,"value":85544},{"target":22,"source":13,"value":1603},{"target":23,"source":13,"value":0},{"target":24,"source":13,"value":888}],"Saskatchewan":[{"target":1,"source":0,"value":13940},{"target":2,"source":0,"value":293},{"target":3,"source":0,"value":29142},{"target":4,"source":0,"value":349},{"target":5,"source":1,"value":2706},{"target":6,"source":1,"value":0},{"target":7,"source":1,"value":11234},{"target":8,"source":2,"value":196},{"target":9,"source":2,"value":0},{"target":10,"source":2,"value":97},{"target":11,"source":3,"value":4456},{"target":12,"source":3,"value":0},{"target":13,"source":3,"value":24686},{"target":14,"source":4,"value":349},{"target":15,"source":4,"value":0},{"target":16,"source":4,"value":0},{"target":17,"source":7,"value":10854},{"target":18,"source":7,"value":279},{"target":19,"source":7,"value":0},{"target":20,"source":7,"value":101},{"target":21,"source":13,"value":23787},{"target":22,"source":13,"value":438},{"target":23,"source":13,"value":0},{"target":24,"source":13,"value":461}],"Alberta":[{"target":1,"source":0,"value":97281},{"target":2,"source":0,"value":40506},{"target":3,"source":0,"value":126470},{"target":4,"source":0,"value":48246},{"target":5,"source":1,"value":66448},{"target":6,"source":1,"value":0},{"target":7,"source":1,"value":30833},{"target":8,"source":2,"value":39129},{"target":9,"source":2,"value":0},{"target":10,"source":2,"value":1377},{"target":11,"source":3,"value":81583},{"target":12,"source":3,"value":0},{"target":13,"source":3,"value":44887},{"target":14,"source":4,"value":48246},{"target":15,"source":4,"value":0},{"target":16,"source":4,"value":0},{"target":17,"source":7,"value":29341},{"target":18,"source":7,"value":1197},{"target":19,"source":7,"value":0},{"target":20,"source":7,"value":295},{"target":21,"source":13,"value":43616},{"target":22,"source":13,"value":397},{"target":23,"source":13,"value":0},{"target":24,"source":13,"value":874}],"British Columbia":[{"target":1,"source":0,"value":654386},{"target":2,"source":0,"value":205057},{"target":3,"source":0,"value":1039204},{"target":4,"source":0,"value":130254},{"target":5,"source":1,"value":130556},{"target":6,"source":1,"value":147316},{"target":7,"source":1,"value":376514},{"target":8,"source":2,"value":141689},{"target":9,"source":2,"value":29489},{"target":10,"source":2,"value":33879},{"target":11,"source":3,"value":75033},{"target":12,"source":3,"value":11345},{"target":13,"source":3,"value":952826},{"target":14,"source":4,"value":129897},{"target":15,"source":4,"value":2},{"target":16,"source":4,"value":355},{"target":17,"source":7,"value":339459},{"target":18,"source":7,"value":10864},{"target":19,"source":7,"value":6464},{"target":20,"source":7,"value":19727},{"target":21,"source":13,"value":929781},{"target":22,"source":13,"value":9507},{"target":23,"source":13,"value":1330},{"target":24,"source":13,"value":12208}],"Yukon":[{"target":1,"source":0,"value":62692},{"target":2,"source":0,"value":9164},{"target":3,"source":0,"value":10869},{"target":4,"source":0,"value":47},{"target":5,"source":1,"value":1675},{"target":6,"source":1,"value":0},{"target":7,"source":1,"value":61017},{"target":8,"source":2,"value":1061},{"target":9,"source":2,"value":0},{"target":10,"source":2,"value":8103},{"target":11,"source":3,"value":200},{"target":12,"source":3,"value":0},{"target":13,"source":3,"value":10669},{"target":14,"source":4,"value":47},{"target":15,"source":4,"value":0},{"target":16,"source":4,"value":0},{"target":17,"source":7,"value":18309},{"target":18,"source":7,"value":24671},{"target":19,"source":7,"value":17604},{"target":20,"source":7,"value":433},{"target":21,"source":13,"value":8317},{"target":22,"source":13,"value":2200},{"target":23,"source":13,"value":54},{"target":24,"source":13,"value":98}],"Nunavut":[{"target":1,"source":0,"value":45},{"target":2,"source":0,"value":48},{"target":3,"source":0,"value":37},{"target":4,"source":0,"value":4},{"target":5,"source":1,"value":45},{"target":6,"source":1,"value":0},{"target":7,"source":1,"value":0},{"target":8,"source":2,"value":48},{"target":9,"source":2,"value":0},{"target":10,"source":2,"value":".."},{"target":11,"source":3,"value":37},{"target":12,"source":3,"value":0},{"target":13,"source":3,"value":0},{"target":14,"source":4,"value":4},{"target":15,"source":4,"value":0},{"target":16,"source":4,"value":".."},{"target":17,"source":7,"value":".."},{"target":18,"source":7,"value":".."},{"target":19,"source":7,"value":".."},{"target":20,"source":7,"value":0},{"target":21,"source":13,"value":".."},{"target":22,"source":13,"value":".."},{"target":23,"source":13,"value":".."},{"target":24,"source":13,"value":0}],"nodes":[{"node":0,"name":"intl"},{"node":1,"name":"USres"},{"node":2,"name":"nonUSres"},{"node":3,"name":"cdnFromUS"},{"node":4,"name":"cdnFromOther"},{"node":5,"name":"USres_air"},{"node":6,"name":"USres_marine"},{"node":7,"name":"USres_land"},{"node":8,"name":"nonUSres_air"},{"node":9,"name":"nonUSres_marine"},{"node":10,"name":"nonUSres_land"},{"node":11,"name":"cdnFromUS_air"},{"node":12,"name":"cdnFromUS_marine"},{"node":13,"name":"cdnFromUS_land"},{"node":14,"name":"cdnFromOther_air"},{"node":15,"name":"cdnFromOther_marine"},{"node":16,"name":"cdnFromOther_land"},{"node":17,"name":"USres_car"},{"node":18,"name":"USres_bus"},{"node":19,"name":"USres_train"},{"node":20,"name":"USres_other"},{"node":21,"name":"cdnFromUS_car"},{"node":22,"name":"cdnFromUS_bus"},{"node":23,"name":"cdnFromUS_train"},{"node":24,"name":"cdnFromUS_other"}]}