{"Canada":[{"target":1,"source":0,"value":1004172},{"target":2,"source":0,"value":251326},{"target":3,"source":0,"value":3023370},{"target":4,"source":0,"value":1028536},{"target":5,"source":1,"value":221476},{"target":6,"source":1,"value":261},{"target":7,"source":1,"value":782435},{"target":8,"source":2,"value":226732},{"target":9,"source":2,"value":80},{"target":10,"source":2,"value":24514},{"target":11,"source":3,"value":776652},{"target":12,"source":3,"value":259},{"target":13,"source":3,"value":2246459},{"target":14,"source":4,"value":1028325},{"target":15,"source":4,"value":8},{"target":16,"source":4,"value":203},{"target":17,"source":7,"value":728898},{"target":18,"source":7,"value":41755},{"target":19,"source":7,"value":2765},{"target":20,"source":7,"value":9017},{"target":21,"source":13,"value":2179244},{"target":22,"source":13,"value":55841},{"target":23,"source":13,"value":2059},{"target":24,"source":13,"value":9315}],"Newfoundland and Labrador":[{"target":1,"source":0,"value":742},{"target":2,"source":0,"value":1386},{"target":3,"source":0,"value":1261},{"target":4,"source":0,"value":834},{"target":5,"source":1,"value":742},{"target":6,"source":1,"value":0},{"target":7,"source":1,"value":0},{"target":8,"source":2,"value":1359},{"target":9,"source":2,"value":27},{"target":10,"source":2,"value":0},{"target":11,"source":3,"value":1261},{"target":12,"source":3,"value":0},{"target":13,"source":3,"value":0},{"target":14,"source":4,"value":831},{"target":15,"source":4,"value":3},{"target":16,"source":4,"value":0},{"target":17,"source":7,"value":0},{"target":18,"source":7,"value":0},{"target":19,"source":7,"value":0},{"target":20,"source":7,"value":0},{"target":21,"source":13,"value":0},{"target":22,"source":13,"value":0},{"target":23,"source":13,"value":0},{"target":24,"source":13,"value":0}],"Prince Edward Island":[{"target":1,"source":0,"value":0},{"target":2,"source":0,"value":23},{"target":3,"source":0,"value":3},{"target":4,"source":0,"value":0},{"target":5,"source":1,"value":0},{"target":6,"source":1,"value":0},{"target":7,"source":1,"value":0},{"target":8,"source":2,"value":23},{"target":9,"source":2,"value":0},{"target":10,"source":2,"value":0},{"target":11,"source":3,"value":3},{"target":12,"source":3,"value":0},{"target":13,"source":3,"value":0},{"target":14,"source":4,"value":0},{"target":15,"source":4,"value":0},{"target":16,"source":4,"value":0},{"target":17,"source":7,"value":0},{"target":18,"source":7,"value":0},{"target":19,"source":7,"value":0},{"target":20,"source":7,"value":0},{"target":21,"source":13,"value":0},{"target":22,"source":13,"value":0},{"target":23,"source":13,"value":0},{"target":24,"source":13,"value":0}],"Nova Scotia":[{"target":1,"source":0,"value":1946},{"target":2,"source":0,"value":1062},{"target":3,"source":0,"value":12301},{"target":4,"source":0,"value":14171},{"target":5,"source":1,"value":1946},{"target":6,"source":1,"value":0},{"target":7,"source":1,"value":0},{"target":8,"source":2,"value":1055},{"target":9,"source":2,"value":7},{"target":10,"source":2,"value":0},{"target":11,"source":3,"value":12301},{"target":12,"source":3,"value":0},{"target":13,"source":3,"value":0},{"target":14,"source":4,"value":14171},{"target":15,"source":4,"value":0},{"target":16,"source":4,"value":0},{"target":17,"source":7,"value":0},{"target":18,"source":7,"value":0},{"target":19,"source":7,"value":0},{"target":20,"source":7,"value":0},{"target":21,"source":13,"value":0},{"target":22,"source":13,"value":0},{"target":23,"source":13,"value":0},{"target":24,"source":13,"value":0}],"New Brunswick":[{"target":1,"source":0,"value":35918},{"target":2,"source":0,"value":71},{"target":3,"source":0,"value":163572},{"target":4,"source":0,"value":4088},{"target":5,"source":1,"value":60},{"target":6,"source":1,"value":0},{"target":7,"source":1,"value":35858},{"target":8,"source":2,"value":27},{"target":9,"source":2,"value":9},{"target":10,"source":2,"value":35},{"target":11,"source":3,"value":293},{"target":12,"source":3,"value":1},{"target":13,"source":3,"value":163278},{"target":14,"source":4,"value":4088},{"target":15,"source":4,"value":0},{"target":16,"source":4,"value":0},{"target":17,"source":7,"value":35630},{"target":18,"source":7,"value":24},{"target":19,"source":7,"value":0},{"target":20,"source":7,"value":204},{"target":21,"source":13,"value":162237},{"target":22,"source":13,"value":761},{"target":23,"source":13,"value":0},{"target":24,"source":13,"value":280}],"Quebec":[{"target":1,"source":0,"value":115421},{"target":2,"source":0,"value":47715},{"target":3,"source":0,"value":275495},{"target":4,"source":0,"value":226642},{"target":5,"source":1,"value":31855},{"target":6,"source":1,"value":0},{"target":7,"source":1,"value":83566},{"target":8,"source":2,"value":45991},{"target":9,"source":2,"value":28},{"target":10,"source":2,"value":1696},{"target":11,"source":3,"value":102963},{"target":12,"source":3,"value":3},{"target":13,"source":3,"value":172529},{"target":14,"source":4,"value":226639},{"target":15,"source":4,"value":3},{"target":16,"source":4,"value":0},{"target":17,"source":7,"value":74394},{"target":18,"source":7,"value":8024},{"target":19,"source":7,"value":879},{"target":20,"source":7,"value":269},{"target":21,"source":13,"value":158257},{"target":22,"source":13,"value":13415},{"target":23,"source":13,"value":689},{"target":24,"source":13,"value":168}],"Ontario":[{"target":1,"source":0,"value":530345},{"target":2,"source":0,"value":100480},{"target":3,"source":0,"value":1426173},{"target":4,"source":0,"value":479176},{"target":5,"source":1,"value":108054},{"target":6,"source":1,"value":34},{"target":7,"source":1,"value":422257},{"target":8,"source":2,"value":94003},{"target":9,"source":2,"value":0},{"target":10,"source":2,"value":6477},{"target":11,"source":3,"value":372702},{"target":12,"source":3,"value":2},{"target":13,"source":3,"value":1053469},{"target":14,"source":4,"value":479176},{"target":15,"source":4,"value":0},{"target":16,"source":4,"value":0},{"target":17,"source":7,"value":391010},{"target":18,"source":7,"value":29343},{"target":19,"source":7,"value":202},{"target":20,"source":7,"value":1702},{"target":21,"source":13,"value":1022067},{"target":22,"source":13,"value":29878},{"target":23,"source":13,"value":260},{"target":24,"source":13,"value":1264}],"Manitoba":[{"target":1,"source":0,"value":15922},{"target":2,"source":0,"value":473},{"target":3,"source":0,"value":83473},{"target":4,"source":0,"value":26774},{"target":5,"source":1,"value":3585},{"target":6,"source":1,"value":0},{"target":7,"source":1,"value":12337},{"target":8,"source":2,"value":444},{"target":9,"source":2,"value":0},{"target":10,"source":2,"value":29},{"target":11,"source":3,"value":16885},{"target":12,"source":3,"value":0},{"target":13,"source":3,"value":66588},{"target":14,"source":4,"value":26774},{"target":15,"source":4,"value":0},{"target":16,"source":4,"value":0},{"target":17,"source":7,"value":11735},{"target":18,"source":7,"value":590},{"target":19,"source":7,"value":0},{"target":20,"source":7,"value":12},{"target":21,"source":13,"value":64353},{"target":22,"source":13,"value":2217},{"target":23,"source":13,"value":0},{"target":24,"source":13,"value":18}],"Saskatchewan":[{"target":1,"source":0,"value":4848},{"target":2,"source":0,"value":138},{"target":3,"source":0,"value":33566},{"target":4,"source":0,"value":24802},{"target":5,"source":1,"value":1638},{"target":6,"source":1,"value":0},{"target":7,"source":1,"value":3210},{"target":8,"source":2,"value":113},{"target":9,"source":2,"value":0},{"target":10,"source":2,"value":25},{"target":11,"source":3,"value":13470},{"target":12,"source":3,"value":0},{"target":13,"source":3,"value":20096},{"target":14,"source":4,"value":24802},{"target":15,"source":4,"value":0},{"target":16,"source":4,"value":0},{"target":17,"source":7,"value":3163},{"target":18,"source":7,"value":0},{"target":19,"source":7,"value":0},{"target":20,"source":7,"value":47},{"target":21,"source":13,"value":19776},{"target":22,"source":13,"value":269},{"target":23,"source":13,"value":0},{"target":24,"source":13,"value":51}],"Alberta":[{"target":1,"source":0,"value":29494},{"target":2,"source":0,"value":14089},{"target":3,"source":0,"value":175010},{"target":4,"source":0,"value":105501},{"target":5,"source":1,"value":24558},{"target":6,"source":1,"value":0},{"target":7,"source":1,"value":4936},{"target":8,"source":2,"value":13991},{"target":9,"source":2,"value":0},{"target":10,"source":2,"value":98},{"target":11,"source":3,"value":138573},{"target":12,"source":3,"value":0},{"target":13,"source":3,"value":36437},{"target":14,"source":4,"value":105501},{"target":15,"source":4,"value":0},{"target":16,"source":4,"value":0},{"target":17,"source":7,"value":4931},{"target":18,"source":7,"value":4},{"target":19,"source":7,"value":0},{"target":20,"source":7,"value":1},{"target":21,"source":13,"value":35923},{"target":22,"source":13,"value":506},{"target":23,"source":13,"value":0},{"target":24,"source":13,"value":8}],"British Columbia":[{"target":1,"source":0,"value":267583},{"target":2,"source":0,"value":85776},{"target":3,"source":0,"value":851485},{"target":4,"source":0,"value":146548},{"target":5,"source":1,"value":49002},{"target":6,"source":1,"value":227},{"target":7,"source":1,"value":218354},{"target":8,"source":2,"value":69699},{"target":9,"source":2,"value":9},{"target":10,"source":2,"value":16068},{"target":11,"source":3,"value":118170},{"target":12,"source":3,"value":253},{"target":13,"source":3,"value":733062},{"target":14,"source":4,"value":146343},{"target":15,"source":4,"value":2},{"target":16,"source":4,"value":203},{"target":17,"source":7,"value":206118},{"target":18,"source":7,"value":3770},{"target":19,"source":7,"value":1684},{"target":20,"source":7,"value":6782},{"target":21,"source":13,"value":715654},{"target":22,"source":13,"value":8772},{"target":23,"source":13,"value":1110},{"target":24,"source":13,"value":7526}],"Yukon":[{"target":1,"source":0,"value":1929},{"target":2,"source":0,"value":88},{"target":3,"source":0,"value":1012},{"target":4,"source":0,"value":0},{"target":5,"source":1,"value":12},{"target":6,"source":1,"value":0},{"target":7,"source":1,"value":1917},{"target":8,"source":2,"value":2},{"target":9,"source":2,"value":0},{"target":10,"source":2,"value":86},{"target":11,"source":3,"value":12},{"target":12,"source":3,"value":0},{"target":13,"source":3,"value":1000},{"target":14,"source":4,"value":0},{"target":15,"source":4,"value":0},{"target":16,"source":4,"value":0},{"target":17,"source":7,"value":1917},{"target":18,"source":7,"value":0},{"target":19,"source":7,"value":0},{"target":20,"source":7,"value":0},{"target":21,"source":13,"value":977},{"target":22,"source":13,"value":23},{"target":23,"source":13,"value":0},{"target":24,"source":13,"value":0}],"Nunavut":[{"target":1,"source":0,"value":24},{"target":2,"source":0,"value":25},{"target":3,"source":0,"value":19},{"target":4,"source":0,"value":0},{"target":5,"source":1,"value":24},{"target":6,"source":1,"value":0},{"target":7,"source":1,"value":0},{"target":8,"source":2,"value":25},{"target":9,"source":2,"value":0},{"target":10,"source":2,"value":".."},{"target":11,"source":3,"value":19},{"target":12,"source":3,"value":0},{"target":13,"source":3,"value":0},{"target":14,"source":4,"value":0},{"target":15,"source":4,"value":0},{"target":16,"source":4,"value":".."},{"target":17,"source":7,"value":".."},{"target":18,"source":7,"value":".."},{"target":19,"source":7,"value":".."},{"target":20,"source":7,"value":0},{"target":21,"source":13,"value":".."},{"target":22,"source":13,"value":".."},{"target":23,"source":13,"value":".."},{"target":24,"source":13,"value":0}],"nodes":[{"node":0,"name":"intl"},{"node":1,"name":"USres"},{"node":2,"name":"nonUSres"},{"node":3,"name":"cdnFromUS"},{"node":4,"name":"cdnFromOther"},{"node":5,"name":"USres_air"},{"node":6,"name":"USres_marine"},{"node":7,"name":"USres_land"},{"node":8,"name":"nonUSres_air"},{"node":9,"name":"nonUSres_marine"},{"node":10,"name":"nonUSres_land"},{"node":11,"name":"cdnFromUS_air"},{"node":12,"name":"cdnFromUS_marine"},{"node":13,"name":"cdnFromUS_land"},{"node":14,"name":"cdnFromOther_air"},{"node":15,"name":"cdnFromOther_marine"},{"node":16,"name":"cdnFromOther_land"},{"node":17,"name":"USres_car"},{"node":18,"name":"USres_bus"},{"node":19,"name":"USres_train"},{"node":20,"name":"USres_other"},{"node":21,"name":"cdnFromUS_car"},{"node":22,"name":"cdnFromUS_bus"},{"node":23,"name":"cdnFromUS_train"},{"node":24,"name":"cdnFromUS_other"}]}