{"Canada":[{"target":1,"source":0,"value":3025954},{"target":2,"source":0,"value":775527},{"target":3,"source":0,"value":4739134},{"target":4,"source":0,"value":1100156},{"target":5,"source":1,"value":558883},{"target":6,"source":1,"value":205648},{"target":7,"source":1,"value":2261423},{"target":8,"source":2,"value":615902},{"target":9,"source":2,"value":36057},{"target":10,"source":2,"value":123568},{"target":11,"source":3,"value":604748},{"target":12,"source":3,"value":39447},{"target":13,"source":3,"value":4094939},{"target":14,"source":4,"value":1097375},{"target":15,"source":4,"value":2469},{"target":16,"source":4,"value":312},{"target":17,"source":7,"value":2067997},{"target":18,"source":7,"value":99227},{"target":19,"source":7,"value":27379},{"target":20,"source":7,"value":66820},{"target":21,"source":13,"value":3955331},{"target":22,"source":13,"value":81748},{"target":23,"source":13,"value":5595},{"target":24,"source":13,"value":52265}],"Newfoundland and Labrador":[{"target":1,"source":0,"value":5115},{"target":2,"source":0,"value":6550},{"target":3,"source":0,"value":1314},{"target":4,"source":0,"value":6130},{"target":5,"source":1,"value":3788},{"target":6,"source":1,"value":1327},{"target":7,"source":1,"value":0},{"target":8,"source":2,"value":3653},{"target":9,"source":2,"value":2897},{"target":10,"source":2,"value":0},{"target":11,"source":3,"value":1288},{"target":12,"source":3,"value":26},{"target":13,"source":3,"value":0},{"target":14,"source":4,"value":3661},{"target":15,"source":4,"value":2469},{"target":16,"source":4,"value":0},{"target":17,"source":7,"value":0},{"target":18,"source":7,"value":0},{"target":19,"source":7,"value":0},{"target":20,"source":7,"value":0},{"target":21,"source":13,"value":0},{"target":22,"source":13,"value":0},{"target":23,"source":13,"value":0},{"target":24,"source":13,"value":0}],"Prince Edward Island":[{"target":1,"source":0,"value":159},{"target":2,"source":0,"value":7},{"target":3,"source":0,"value":5},{"target":4,"source":0,"value":0},{"target":5,"source":1,"value":159},{"target":6,"source":1,"value":0},{"target":7,"source":1,"value":0},{"target":8,"source":2,"value":5},{"target":9,"source":2,"value":2},{"target":10,"source":2,"value":0},{"target":11,"source":3,"value":5},{"target":12,"source":3,"value":0},{"target":13,"source":3,"value":0},{"target":14,"source":4,"value":0},{"target":15,"source":4,"value":0},{"target":16,"source":4,"value":0},{"target":17,"source":7,"value":0},{"target":18,"source":7,"value":0},{"target":19,"source":7,"value":0},{"target":20,"source":7,"value":0},{"target":21,"source":13,"value":0},{"target":22,"source":13,"value":0},{"target":23,"source":13,"value":0},{"target":24,"source":13,"value":0}],"Nova Scotia":[{"target":1,"source":0,"value":19579},{"target":2,"source":0,"value":12024},{"target":3,"source":0,"value":5914},{"target":4,"source":0,"value":7639},{"target":5,"source":1,"value":8558},{"target":6,"source":1,"value":3774},{"target":7,"source":1,"value":7247},{"target":8,"source":2,"value":7650},{"target":9,"source":2,"value":4265},{"target":10,"source":2,"value":109},{"target":11,"source":3,"value":3986},{"target":12,"source":3,"value":641},{"target":13,"source":3,"value":1287},{"target":14,"source":4,"value":7639},{"target":15,"source":4,"value":0},{"target":16,"source":4,"value":0},{"target":17,"source":7,"value":6034},{"target":18,"source":7,"value":268},{"target":19,"source":7,"value":0},{"target":20,"source":7,"value":945},{"target":21,"source":13,"value":1061},{"target":22,"source":13,"value":0},{"target":23,"source":13,"value":0},{"target":24,"source":13,"value":226}],"New Brunswick":[{"target":1,"source":0,"value":127385},{"target":2,"source":0,"value":1064},{"target":3,"source":0,"value":261731},{"target":4,"source":0,"value":0},{"target":5,"source":1,"value":372},{"target":6,"source":1,"value":8010},{"target":7,"source":1,"value":119003},{"target":8,"source":2,"value":34},{"target":9,"source":2,"value":486},{"target":10,"source":2,"value":544},{"target":11,"source":3,"value":144},{"target":12,"source":3,"value":399},{"target":13,"source":3,"value":261188},{"target":14,"source":4,"value":0},{"target":15,"source":4,"value":0},{"target":16,"source":4,"value":0},{"target":17,"source":7,"value":116888},{"target":18,"source":7,"value":948},{"target":19,"source":7,"value":0},{"target":20,"source":7,"value":1167},{"target":21,"source":13,"value":257256},{"target":22,"source":13,"value":1178},{"target":23,"source":13,"value":0},{"target":24,"source":13,"value":2754}],"Quebec":[{"target":1,"source":0,"value":311901},{"target":2,"source":0,"value":133185},{"target":3,"source":0,"value":757494},{"target":4,"source":0,"value":302284},{"target":5,"source":1,"value":82215},{"target":6,"source":1,"value":503},{"target":7,"source":1,"value":229183},{"target":8,"source":2,"value":111623},{"target":9,"source":2,"value":62},{"target":10,"source":2,"value":21500},{"target":11,"source":3,"value":95167},{"target":12,"source":3,"value":4560},{"target":13,"source":3,"value":657767},{"target":14,"source":4,"value":302284},{"target":15,"source":4,"value":0},{"target":16,"source":4,"value":0},{"target":17,"source":7,"value":212738},{"target":18,"source":7,"value":12654},{"target":19,"source":7,"value":2755},{"target":20,"source":7,"value":1036},{"target":21,"source":13,"value":624081},{"target":22,"source":13,"value":21953},{"target":23,"source":13,"value":1827},{"target":24,"source":13,"value":9906}],"Ontario":[{"target":1,"source":0,"value":1608262},{"target":2,"source":0,"value":325394},{"target":3,"source":0,"value":2123141},{"target":4,"source":0,"value":555444},{"target":5,"source":1,"value":252699},{"target":6,"source":1,"value":28376},{"target":7,"source":1,"value":1327187},{"target":8,"source":2,"value":275018},{"target":9,"source":2,"value":139},{"target":10,"source":2,"value":50237},{"target":11,"source":3,"value":299136},{"target":12,"source":3,"value":12082},{"target":13,"source":3,"value":1811923},{"target":14,"source":4,"value":555444},{"target":15,"source":4,"value":0},{"target":16,"source":4,"value":0},{"target":17,"source":7,"value":1243862},{"target":18,"source":7,"value":49045},{"target":19,"source":7,"value":1247},{"target":20,"source":7,"value":33033},{"target":21,"source":13,"value":1755178},{"target":22,"source":13,"value":41869},{"target":23,"source":13,"value":522},{"target":24,"source":13,"value":14354}],"Manitoba":[{"target":1,"source":0,"value":41115},{"target":2,"source":0,"value":1504},{"target":3,"source":0,"value":147927},{"target":4,"source":0,"value":2066},{"target":5,"source":1,"value":8605},{"target":6,"source":1,"value":0},{"target":7,"source":1,"value":32510},{"target":8,"source":2,"value":1222},{"target":9,"source":2,"value":0},{"target":10,"source":2,"value":282},{"target":11,"source":3,"value":9495},{"target":12,"source":3,"value":0},{"target":13,"source":3,"value":138432},{"target":14,"source":4,"value":2066},{"target":15,"source":4,"value":0},{"target":16,"source":4,"value":0},{"target":17,"source":7,"value":31928},{"target":18,"source":7,"value":430},{"target":19,"source":7,"value":0},{"target":20,"source":7,"value":152},{"target":21,"source":13,"value":134771},{"target":22,"source":13,"value":2434},{"target":23,"source":13,"value":0},{"target":24,"source":13,"value":1227}],"Saskatchewan":[{"target":1,"source":0,"value":12791},{"target":2,"source":0,"value":428},{"target":3,"source":0,"value":39737},{"target":4,"source":0,"value":555},{"target":5,"source":1,"value":2805},{"target":6,"source":1,"value":0},{"target":7,"source":1,"value":9986},{"target":8,"source":2,"value":289},{"target":9,"source":2,"value":0},{"target":10,"source":2,"value":139},{"target":11,"source":3,"value":5271},{"target":12,"source":3,"value":0},{"target":13,"source":3,"value":34466},{"target":14,"source":4,"value":555},{"target":15,"source":4,"value":0},{"target":16,"source":4,"value":0},{"target":17,"source":7,"value":9575},{"target":18,"source":7,"value":235},{"target":19,"source":7,"value":0},{"target":20,"source":7,"value":176},{"target":21,"source":13,"value":32557},{"target":22,"source":13,"value":266},{"target":23,"source":13,"value":0},{"target":24,"source":13,"value":1643}],"Alberta":[{"target":1,"source":0,"value":95653},{"target":2,"source":0,"value":40010},{"target":3,"source":0,"value":179929},{"target":4,"source":0,"value":71400},{"target":5,"source":1,"value":61362},{"target":6,"source":1,"value":0},{"target":7,"source":1,"value":34291},{"target":8,"source":2,"value":38210},{"target":9,"source":2,"value":0},{"target":10,"source":2,"value":1800},{"target":11,"source":3,"value":99110},{"target":12,"source":3,"value":0},{"target":13,"source":3,"value":80819},{"target":14,"source":4,"value":71400},{"target":15,"source":4,"value":0},{"target":16,"source":4,"value":0},{"target":17,"source":7,"value":32570},{"target":18,"source":7,"value":1195},{"target":19,"source":7,"value":0},{"target":20,"source":7,"value":526},{"target":21,"source":13,"value":78048},{"target":22,"source":13,"value":734},{"target":23,"source":13,"value":0},{"target":24,"source":13,"value":2037}],"British Columbia":[{"target":1,"source":0,"value":738781},{"target":2,"source":0,"value":245056},{"target":3,"source":0,"value":1206943},{"target":4,"source":0,"value":154593},{"target":5,"source":1,"value":136207},{"target":6,"source":1,"value":163658},{"target":7,"source":1,"value":438916},{"target":8,"source":2,"value":176819},{"target":9,"source":2,"value":28206},{"target":10,"source":2,"value":40031},{"target":11,"source":3,"value":90631},{"target":12,"source":3,"value":21739},{"target":13,"source":3,"value":1094573},{"target":14,"source":4,"value":154281},{"target":15,"source":4,"value":0},{"target":16,"source":4,"value":312},{"target":17,"source":7,"value":391918},{"target":18,"source":7,"value":11539},{"target":19,"source":7,"value":6002},{"target":20,"source":7,"value":29457},{"target":21,"source":13,"value":1062182},{"target":22,"source":13,"value":10594},{"target":23,"source":13,"value":1759},{"target":24,"source":13,"value":20038}],"Yukon":[{"target":1,"source":0,"value":65141},{"target":2,"source":0,"value":10263},{"target":3,"source":0,"value":14999},{"target":4,"source":0,"value":14},{"target":5,"source":1,"value":2041},{"target":6,"source":1,"value":0},{"target":7,"source":1,"value":63100},{"target":8,"source":2,"value":1337},{"target":9,"source":2,"value":0},{"target":10,"source":2,"value":8926},{"target":11,"source":3,"value":515},{"target":12,"source":3,"value":0},{"target":13,"source":3,"value":14484},{"target":14,"source":4,"value":14},{"target":15,"source":4,"value":0},{"target":16,"source":4,"value":0},{"target":17,"source":7,"value":22484},{"target":18,"source":7,"value":22913},{"target":19,"source":7,"value":17375},{"target":20,"source":7,"value":328},{"target":21,"source":13,"value":10197},{"target":22,"source":13,"value":2720},{"target":23,"source":13,"value":1487},{"target":24,"source":13,"value":80}],"Nunavut":[{"target":1,"source":0,"value":72},{"target":2,"source":0,"value":42},{"target":3,"source":0,"value":0},{"target":4,"source":0,"value":31},{"target":5,"source":1,"value":72},{"target":6,"source":1,"value":0},{"target":7,"source":1,"value":0},{"target":8,"source":2,"value":42},{"target":9,"source":2,"value":0},{"target":10,"source":2,"value":".."},{"target":11,"source":3,"value":0},{"target":12,"source":3,"value":0},{"target":13,"source":3,"value":0},{"target":14,"source":4,"value":31},{"target":15,"source":4,"value":0},{"target":16,"source":4,"value":".."},{"target":17,"source":7,"value":".."},{"target":18,"source":7,"value":".."},{"target":19,"source":7,"value":".."},{"target":20,"source":7,"value":0},{"target":21,"source":13,"value":".."},{"target":22,"source":13,"value":".."},{"target":23,"source":13,"value":".."},{"target":24,"source":13,"value":0}],"nodes":[{"node":0,"name":"intl"},{"node":1,"name":"USres"},{"node":2,"name":"nonUSres"},{"node":3,"name":"cdnFromUS"},{"node":4,"name":"cdnFromOther"},{"node":5,"name":"USres_air"},{"node":6,"name":"USres_marine"},{"node":7,"name":"USres_land"},{"node":8,"name":"nonUSres_air"},{"node":9,"name":"nonUSres_marine"},{"node":10,"name":"nonUSres_land"},{"node":11,"name":"cdnFromUS_air"},{"node":12,"name":"cdnFromUS_marine"},{"node":13,"name":"cdnFromUS_land"},{"node":14,"name":"cdnFromOther_air"},{"node":15,"name":"cdnFromOther_marine"},{"node":16,"name":"cdnFromOther_land"},{"node":17,"name":"USres_car"},{"node":18,"name":"USres_bus"},{"node":19,"name":"USres_train"},{"node":20,"name":"USres_other"},{"node":21,"name":"cdnFromUS_car"},{"node":22,"name":"cdnFromUS_bus"},{"node":23,"name":"cdnFromUS_train"},{"node":24,"name":"cdnFromUS_other"}]}