{"Canada":[{"target":1,"source":0,"value":2757286},{"target":2,"source":0,"value":730664},{"target":3,"source":0,"value":3276766},{"target":4,"source":0,"value":712976},{"target":5,"source":1,"value":661795},{"target":6,"source":1,"value":190555},{"target":7,"source":1,"value":1904936},{"target":8,"source":2,"value":612694},{"target":9,"source":2,"value":34184},{"target":10,"source":2,"value":83786},{"target":11,"source":3,"value":503939},{"target":12,"source":3,"value":18101},{"target":13,"source":3,"value":2754726},{"target":14,"source":4,"value":711668},{"target":15,"source":4,"value":1062},{"target":16,"source":4,"value":246},{"target":17,"source":7,"value":1728784},{"target":18,"source":7,"value":100129},{"target":19,"source":7,"value":26921},{"target":20,"source":7,"value":49102},{"target":21,"source":13,"value":2649296},{"target":22,"source":13,"value":62440},{"target":23,"source":13,"value":2210},{"target":24,"source":13,"value":40780}],"Newfoundland and Labrador":[{"target":1,"source":0,"value":2709},{"target":2,"source":0,"value":4706},{"target":3,"source":0,"value":787},{"target":4,"source":0,"value":6994},{"target":5,"source":1,"value":2614},{"target":6,"source":1,"value":95},{"target":7,"source":1,"value":0},{"target":8,"source":2,"value":4029},{"target":9,"source":2,"value":677},{"target":10,"source":2,"value":0},{"target":11,"source":3,"value":783},{"target":12,"source":3,"value":4},{"target":13,"source":3,"value":0},{"target":14,"source":4,"value":5938},{"target":15,"source":4,"value":1056},{"target":16,"source":4,"value":0},{"target":17,"source":7,"value":0},{"target":18,"source":7,"value":0},{"target":19,"source":7,"value":0},{"target":20,"source":7,"value":0},{"target":21,"source":13,"value":0},{"target":22,"source":13,"value":0},{"target":23,"source":13,"value":0},{"target":24,"source":13,"value":0}],"Prince Edward Island":[{"target":1,"source":0,"value":36},{"target":2,"source":0,"value":942},{"target":3,"source":0,"value":4},{"target":4,"source":0,"value":3},{"target":5,"source":1,"value":30},{"target":6,"source":1,"value":6},{"target":7,"source":1,"value":0},{"target":8,"source":2,"value":5},{"target":9,"source":2,"value":937},{"target":10,"source":2,"value":0},{"target":11,"source":3,"value":4},{"target":12,"source":3,"value":0},{"target":13,"source":3,"value":0},{"target":14,"source":4,"value":0},{"target":15,"source":4,"value":3},{"target":16,"source":4,"value":0},{"target":17,"source":7,"value":0},{"target":18,"source":7,"value":0},{"target":19,"source":7,"value":0},{"target":20,"source":7,"value":0},{"target":21,"source":13,"value":0},{"target":22,"source":13,"value":0},{"target":23,"source":13,"value":0},{"target":24,"source":13,"value":0}],"Nova Scotia":[{"target":1,"source":0,"value":14756},{"target":2,"source":0,"value":7549},{"target":3,"source":0,"value":6651},{"target":4,"source":0,"value":7225},{"target":5,"source":1,"value":9009},{"target":6,"source":1,"value":4071},{"target":7,"source":1,"value":1676},{"target":8,"source":2,"value":6924},{"target":9,"source":2,"value":579},{"target":10,"source":2,"value":46},{"target":11,"source":3,"value":5961},{"target":12,"source":3,"value":263},{"target":13,"source":3,"value":427},{"target":14,"source":4,"value":7222},{"target":15,"source":4,"value":3},{"target":16,"source":4,"value":0},{"target":17,"source":7,"value":1396},{"target":18,"source":7,"value":105},{"target":19,"source":7,"value":0},{"target":20,"source":7,"value":175},{"target":21,"source":13,"value":275},{"target":22,"source":13,"value":0},{"target":23,"source":13,"value":0},{"target":24,"source":13,"value":152}],"New Brunswick":[{"target":1,"source":0,"value":95526},{"target":2,"source":0,"value":953},{"target":3,"source":0,"value":203178},{"target":4,"source":0,"value":0},{"target":5,"source":1,"value":288},{"target":6,"source":1,"value":8939},{"target":7,"source":1,"value":86299},{"target":8,"source":2,"value":19},{"target":9,"source":2,"value":475},{"target":10,"source":2,"value":459},{"target":11,"source":3,"value":196},{"target":12,"source":3,"value":181},{"target":13,"source":3,"value":202801},{"target":14,"source":4,"value":0},{"target":15,"source":4,"value":0},{"target":16,"source":4,"value":0},{"target":17,"source":7,"value":84583},{"target":18,"source":7,"value":819},{"target":19,"source":7,"value":0},{"target":20,"source":7,"value":897},{"target":21,"source":13,"value":199843},{"target":22,"source":13,"value":965},{"target":23,"source":13,"value":0},{"target":24,"source":13,"value":1993}],"Quebec":[{"target":1,"source":0,"value":257842},{"target":2,"source":0,"value":113446},{"target":3,"source":0,"value":405048},{"target":4,"source":0,"value":159058},{"target":5,"source":1,"value":92467},{"target":6,"source":1,"value":332},{"target":7,"source":1,"value":165043},{"target":8,"source":2,"value":103294},{"target":9,"source":2,"value":102},{"target":10,"source":2,"value":10050},{"target":11,"source":3,"value":67635},{"target":12,"source":3,"value":1547},{"target":13,"source":3,"value":335866},{"target":14,"source":4,"value":159058},{"target":15,"source":4,"value":0},{"target":16,"source":4,"value":0},{"target":17,"source":7,"value":151897},{"target":18,"source":7,"value":10599},{"target":19,"source":7,"value":1845},{"target":20,"source":7,"value":702},{"target":21,"source":13,"value":308725},{"target":22,"source":13,"value":16269},{"target":23,"source":13,"value":795},{"target":24,"source":13,"value":10077}],"Ontario":[{"target":1,"source":0,"value":1473464},{"target":2,"source":0,"value":310064},{"target":3,"source":0,"value":1539833},{"target":4,"source":0,"value":382904},{"target":5,"source":1,"value":319515},{"target":6,"source":1,"value":22715},{"target":7,"source":1,"value":1131234},{"target":8,"source":2,"value":274123},{"target":9,"source":2,"value":49},{"target":10,"source":2,"value":35892},{"target":11,"source":3,"value":253353},{"target":12,"source":3,"value":5339},{"target":13,"source":3,"value":1281141},{"target":14,"source":4,"value":382904},{"target":15,"source":4,"value":0},{"target":16,"source":4,"value":0},{"target":17,"source":7,"value":1053424},{"target":18,"source":7,"value":51173},{"target":19,"source":7,"value":652},{"target":20,"source":7,"value":25985},{"target":21,"source":13,"value":1235992},{"target":22,"source":13,"value":34001},{"target":23,"source":13,"value":174},{"target":24,"source":13,"value":10974}],"Manitoba":[{"target":1,"source":0,"value":47089},{"target":2,"source":0,"value":1078},{"target":3,"source":0,"value":86513},{"target":4,"source":0,"value":1522},{"target":5,"source":1,"value":8828},{"target":6,"source":1,"value":2},{"target":7,"source":1,"value":38259},{"target":8,"source":2,"value":958},{"target":9,"source":2,"value":0},{"target":10,"source":2,"value":120},{"target":11,"source":3,"value":7262},{"target":12,"source":3,"value":215},{"target":13,"source":3,"value":79036},{"target":14,"source":4,"value":1522},{"target":15,"source":4,"value":0},{"target":16,"source":4,"value":0},{"target":17,"source":7,"value":37571},{"target":18,"source":7,"value":555},{"target":19,"source":7,"value":0},{"target":20,"source":7,"value":133},{"target":21,"source":13,"value":76389},{"target":22,"source":13,"value":1725},{"target":23,"source":13,"value":0},{"target":24,"source":13,"value":922}],"Saskatchewan":[{"target":1,"source":0,"value":14899},{"target":2,"source":0,"value":436},{"target":3,"source":0,"value":23950},{"target":4,"source":0,"value":208},{"target":5,"source":1,"value":3878},{"target":6,"source":1,"value":0},{"target":7,"source":1,"value":11021},{"target":8,"source":2,"value":284},{"target":9,"source":2,"value":0},{"target":10,"source":2,"value":152},{"target":11,"source":3,"value":3330},{"target":12,"source":3,"value":0},{"target":13,"source":3,"value":20620},{"target":14,"source":4,"value":208},{"target":15,"source":4,"value":0},{"target":16,"source":4,"value":0},{"target":17,"source":7,"value":10912},{"target":18,"source":7,"value":35},{"target":19,"source":7,"value":0},{"target":20,"source":7,"value":74},{"target":21,"source":13,"value":20015},{"target":22,"source":13,"value":136},{"target":23,"source":13,"value":0},{"target":24,"source":13,"value":469}],"Alberta":[{"target":1,"source":0,"value":106343},{"target":2,"source":0,"value":43769},{"target":3,"source":0,"value":121820},{"target":4,"source":0,"value":41654},{"target":5,"source":1,"value":71525},{"target":6,"source":1,"value":0},{"target":7,"source":1,"value":34818},{"target":8,"source":2,"value":42270},{"target":9,"source":2,"value":0},{"target":10,"source":2,"value":1499},{"target":11,"source":3,"value":80998},{"target":12,"source":3,"value":0},{"target":13,"source":3,"value":40822},{"target":14,"source":4,"value":41654},{"target":15,"source":4,"value":0},{"target":16,"source":4,"value":0},{"target":17,"source":7,"value":32841},{"target":18,"source":7,"value":1663},{"target":19,"source":7,"value":0},{"target":20,"source":7,"value":314},{"target":21,"source":13,"value":39566},{"target":22,"source":13,"value":523},{"target":23,"source":13,"value":0},{"target":24,"source":13,"value":733}],"British Columbia":[{"target":1,"source":0,"value":678423},{"target":2,"source":0,"value":238557},{"target":3,"source":0,"value":877076},{"target":4,"source":0,"value":113326},{"target":5,"source":1,"value":151977},{"target":6,"source":1,"value":154395},{"target":7,"source":1,"value":372051},{"target":8,"source":2,"value":179807},{"target":9,"source":2,"value":31365},{"target":10,"source":2,"value":27385},{"target":11,"source":3,"value":83971},{"target":12,"source":3,"value":10552},{"target":13,"source":3,"value":782553},{"target":14,"source":4,"value":113080},{"target":15,"source":4,"value":0},{"target":16,"source":4,"value":246},{"target":17,"source":7,"value":334440},{"target":18,"source":7,"value":10792},{"target":19,"source":7,"value":6388},{"target":20,"source":7,"value":20431},{"target":21,"source":13,"value":759270},{"target":22,"source":13,"value":6730},{"target":23,"source":13,"value":1235},{"target":24,"source":13,"value":15318}],"Yukon":[{"target":1,"source":0,"value":66146},{"target":2,"source":0,"value":9097},{"target":3,"source":0,"value":11867},{"target":4,"source":0,"value":46},{"target":5,"source":1,"value":1611},{"target":6,"source":1,"value":0},{"target":7,"source":1,"value":64535},{"target":8,"source":2,"value":914},{"target":9,"source":2,"value":0},{"target":10,"source":2,"value":8183},{"target":11,"source":3,"value":407},{"target":12,"source":3,"value":0},{"target":13,"source":3,"value":11460},{"target":14,"source":4,"value":46},{"target":15,"source":4,"value":0},{"target":16,"source":4,"value":0},{"target":17,"source":7,"value":21720},{"target":18,"source":7,"value":24388},{"target":19,"source":7,"value":18036},{"target":20,"source":7,"value":391},{"target":21,"source":13,"value":9221},{"target":22,"source":13,"value":2091},{"target":23,"source":13,"value":6},{"target":24,"source":13,"value":142}],"Nunavut":[{"target":1,"source":0,"value":53},{"target":2,"source":0,"value":67},{"target":3,"source":0,"value":39},{"target":4,"source":0,"value":36},{"target":5,"source":1,"value":53},{"target":6,"source":1,"value":0},{"target":7,"source":1,"value":0},{"target":8,"source":2,"value":67},{"target":9,"source":2,"value":0},{"target":10,"source":2,"value":".."},{"target":11,"source":3,"value":39},{"target":12,"source":3,"value":0},{"target":13,"source":3,"value":0},{"target":14,"source":4,"value":36},{"target":15,"source":4,"value":0},{"target":16,"source":4,"value":".."},{"target":17,"source":7,"value":".."},{"target":18,"source":7,"value":".."},{"target":19,"source":7,"value":".."},{"target":20,"source":7,"value":0},{"target":21,"source":13,"value":".."},{"target":22,"source":13,"value":".."},{"target":23,"source":13,"value":".."},{"target":24,"source":13,"value":0}],"nodes":[{"node":0,"name":"intl"},{"node":1,"name":"USres"},{"node":2,"name":"nonUSres"},{"node":3,"name":"cdnFromUS"},{"node":4,"name":"cdnFromOther"},{"node":5,"name":"USres_air"},{"node":6,"name":"USres_marine"},{"node":7,"name":"USres_land"},{"node":8,"name":"nonUSres_air"},{"node":9,"name":"nonUSres_marine"},{"node":10,"name":"nonUSres_land"},{"node":11,"name":"cdnFromUS_air"},{"node":12,"name":"cdnFromUS_marine"},{"node":13,"name":"cdnFromUS_land"},{"node":14,"name":"cdnFromOther_air"},{"node":15,"name":"cdnFromOther_marine"},{"node":16,"name":"cdnFromOther_land"},{"node":17,"name":"USres_car"},{"node":18,"name":"USres_bus"},{"node":19,"name":"USres_train"},{"node":20,"name":"USres_other"},{"node":21,"name":"cdnFromUS_car"},{"node":22,"name":"cdnFromUS_bus"},{"node":23,"name":"cdnFromUS_train"},{"node":24,"name":"cdnFromUS_other"}]}