{"Canada":[{"target":1,"source":0,"value":3112184},{"target":2,"source":0,"value":908602},{"target":3,"source":0,"value":4568718},{"target":4,"source":0,"value":1080332},{"target":5,"source":1,"value":622230},{"target":6,"source":1,"value":192084},{"target":7,"source":1,"value":2297870},{"target":8,"source":2,"value":752996},{"target":9,"source":2,"value":34662},{"target":10,"source":2,"value":120944},{"target":11,"source":3,"value":633462},{"target":12,"source":3,"value":33957},{"target":13,"source":3,"value":3901299},{"target":14,"source":4,"value":1077683},{"target":15,"source":4,"value":2377},{"target":16,"source":4,"value":272},{"target":17,"source":7,"value":2107888},{"target":18,"source":7,"value":92280},{"target":19,"source":7,"value":31722},{"target":20,"source":7,"value":65980},{"target":21,"source":13,"value":3784853},{"target":22,"source":13,"value":65538},{"target":23,"source":13,"value":3789},{"target":24,"source":13,"value":47119}],"Newfoundland and Labrador":[{"target":1,"source":0,"value":3253},{"target":2,"source":0,"value":7112},{"target":3,"source":0,"value":1522},{"target":4,"source":0,"value":8108},{"target":5,"source":1,"value":2063},{"target":6,"source":1,"value":1190},{"target":7,"source":1,"value":0},{"target":8,"source":2,"value":5564},{"target":9,"source":2,"value":1548},{"target":10,"source":2,"value":0},{"target":11,"source":3,"value":1340},{"target":12,"source":3,"value":182},{"target":13,"source":3,"value":0},{"target":14,"source":4,"value":5768},{"target":15,"source":4,"value":2340},{"target":16,"source":4,"value":0},{"target":17,"source":7,"value":0},{"target":18,"source":7,"value":0},{"target":19,"source":7,"value":0},{"target":20,"source":7,"value":0},{"target":21,"source":13,"value":0},{"target":22,"source":13,"value":0},{"target":23,"source":13,"value":0},{"target":24,"source":13,"value":0}],"Prince Edward Island":[{"target":1,"source":0,"value":144},{"target":2,"source":0,"value":1},{"target":3,"source":0,"value":16},{"target":4,"source":0,"value":0},{"target":5,"source":1,"value":144},{"target":6,"source":1,"value":0},{"target":7,"source":1,"value":0},{"target":8,"source":2,"value":1},{"target":9,"source":2,"value":0},{"target":10,"source":2,"value":0},{"target":11,"source":3,"value":16},{"target":12,"source":3,"value":0},{"target":13,"source":3,"value":0},{"target":14,"source":4,"value":0},{"target":15,"source":4,"value":0},{"target":16,"source":4,"value":0},{"target":17,"source":7,"value":0},{"target":18,"source":7,"value":0},{"target":19,"source":7,"value":0},{"target":20,"source":7,"value":0},{"target":21,"source":13,"value":0},{"target":22,"source":13,"value":0},{"target":23,"source":13,"value":0},{"target":24,"source":13,"value":0}],"Nova Scotia":[{"target":1,"source":0,"value":19131},{"target":2,"source":0,"value":10978},{"target":3,"source":0,"value":5237},{"target":4,"source":0,"value":7471},{"target":5,"source":1,"value":12248},{"target":6,"source":1,"value":1426},{"target":7,"source":1,"value":5457},{"target":8,"source":2,"value":10484},{"target":9,"source":2,"value":415},{"target":10,"source":2,"value":79},{"target":11,"source":3,"value":3990},{"target":12,"source":3,"value":123},{"target":13,"source":3,"value":1124},{"target":14,"source":4,"value":7471},{"target":15,"source":4,"value":0},{"target":16,"source":4,"value":0},{"target":17,"source":7,"value":4420},{"target":18,"source":7,"value":216},{"target":19,"source":7,"value":0},{"target":20,"source":7,"value":821},{"target":21,"source":13,"value":868},{"target":22,"source":13,"value":0},{"target":23,"source":13,"value":0},{"target":24,"source":13,"value":256}],"New Brunswick":[{"target":1,"source":0,"value":125739},{"target":2,"source":0,"value":2232},{"target":3,"source":0,"value":239461},{"target":4,"source":0,"value":0},{"target":5,"source":1,"value":410},{"target":6,"source":1,"value":6499},{"target":7,"source":1,"value":118830},{"target":8,"source":2,"value":15},{"target":9,"source":2,"value":1203},{"target":10,"source":2,"value":1014},{"target":11,"source":3,"value":186},{"target":12,"source":3,"value":777},{"target":13,"source":3,"value":238498},{"target":14,"source":4,"value":0},{"target":15,"source":4,"value":0},{"target":16,"source":4,"value":0},{"target":17,"source":7,"value":116722},{"target":18,"source":7,"value":1008},{"target":19,"source":7,"value":0},{"target":20,"source":7,"value":1100},{"target":21,"source":13,"value":235675},{"target":22,"source":13,"value":499},{"target":23,"source":13,"value":0},{"target":24,"source":13,"value":2324}],"Quebec":[{"target":1,"source":0,"value":318419},{"target":2,"source":0,"value":154236},{"target":3,"source":0,"value":678577},{"target":4,"source":0,"value":290595},{"target":5,"source":1,"value":84341},{"target":6,"source":1,"value":579},{"target":7,"source":1,"value":233499},{"target":8,"source":2,"value":137906},{"target":9,"source":2,"value":61},{"target":10,"source":2,"value":16269},{"target":11,"source":3,"value":98731},{"target":12,"source":3,"value":3662},{"target":13,"source":3,"value":576184},{"target":14,"source":4,"value":290595},{"target":15,"source":4,"value":0},{"target":16,"source":4,"value":0},{"target":17,"source":7,"value":218675},{"target":18,"source":7,"value":11512},{"target":19,"source":7,"value":2351},{"target":20,"source":7,"value":961},{"target":21,"source":13,"value":547948},{"target":22,"source":13,"value":18448},{"target":23,"source":13,"value":1403},{"target":24,"source":13,"value":8385}],"Ontario":[{"target":1,"source":0,"value":1647662},{"target":2,"source":0,"value":386168},{"target":3,"source":0,"value":2068604},{"target":4,"source":0,"value":548028},{"target":5,"source":1,"value":289538},{"target":6,"source":1,"value":23593},{"target":7,"source":1,"value":1334531},{"target":8,"source":2,"value":336705},{"target":9,"source":2,"value":117},{"target":10,"source":2,"value":49346},{"target":11,"source":3,"value":311916},{"target":12,"source":3,"value":10950},{"target":13,"source":3,"value":1745738},{"target":14,"source":4,"value":548023},{"target":15,"source":4,"value":5},{"target":16,"source":4,"value":0},{"target":17,"source":7,"value":1257072},{"target":18,"source":7,"value":42140},{"target":19,"source":7,"value":1230},{"target":20,"source":7,"value":34089},{"target":21,"source":13,"value":1700782},{"target":22,"source":13,"value":30764},{"target":23,"source":13,"value":386},{"target":24,"source":13,"value":13806}],"Manitoba":[{"target":1,"source":0,"value":39323},{"target":2,"source":0,"value":1465},{"target":3,"source":0,"value":141170},{"target":4,"source":0,"value":2145},{"target":5,"source":1,"value":7092},{"target":6,"source":1,"value":16},{"target":7,"source":1,"value":32215},{"target":8,"source":2,"value":1100},{"target":9,"source":2,"value":0},{"target":10,"source":2,"value":365},{"target":11,"source":3,"value":7714},{"target":12,"source":3,"value":549},{"target":13,"source":3,"value":132907},{"target":14,"source":4,"value":2145},{"target":15,"source":4,"value":0},{"target":16,"source":4,"value":0},{"target":17,"source":7,"value":31458},{"target":18,"source":7,"value":632},{"target":19,"source":7,"value":0},{"target":20,"source":7,"value":125},{"target":21,"source":13,"value":129681},{"target":22,"source":13,"value":2144},{"target":23,"source":13,"value":0},{"target":24,"source":13,"value":1082}],"Saskatchewan":[{"target":1,"source":0,"value":11356},{"target":2,"source":0,"value":330},{"target":3,"source":0,"value":37083},{"target":4,"source":0,"value":199},{"target":5,"source":1,"value":1848},{"target":6,"source":1,"value":0},{"target":7,"source":1,"value":9508},{"target":8,"source":2,"value":142},{"target":9,"source":2,"value":0},{"target":10,"source":2,"value":188},{"target":11,"source":3,"value":2483},{"target":12,"source":3,"value":0},{"target":13,"source":3,"value":34600},{"target":14,"source":4,"value":199},{"target":15,"source":4,"value":0},{"target":16,"source":4,"value":0},{"target":17,"source":7,"value":9343},{"target":18,"source":7,"value":84},{"target":19,"source":7,"value":0},{"target":20,"source":7,"value":81},{"target":21,"source":13,"value":33170},{"target":22,"source":13,"value":352},{"target":23,"source":13,"value":0},{"target":24,"source":13,"value":1078}],"Alberta":[{"target":1,"source":0,"value":106763},{"target":2,"source":0,"value":52567},{"target":3,"source":0,"value":174785},{"target":4,"source":0,"value":62706},{"target":5,"source":1,"value":67893},{"target":6,"source":1,"value":0},{"target":7,"source":1,"value":38870},{"target":8,"source":2,"value":50737},{"target":9,"source":2,"value":0},{"target":10,"source":2,"value":1830},{"target":11,"source":3,"value":95771},{"target":12,"source":3,"value":0},{"target":13,"source":3,"value":79014},{"target":14,"source":4,"value":62706},{"target":15,"source":4,"value":0},{"target":16,"source":4,"value":0},{"target":17,"source":7,"value":36521},{"target":18,"source":7,"value":1872},{"target":19,"source":7,"value":0},{"target":20,"source":7,"value":477},{"target":21,"source":13,"value":77035},{"target":22,"source":13,"value":508},{"target":23,"source":13,"value":0},{"target":24,"source":13,"value":1471}],"British Columbia":[{"target":1,"source":0,"value":766700},{"target":2,"source":0,"value":281330},{"target":3,"source":0,"value":1207739},{"target":4,"source":0,"value":160995},{"target":5,"source":1,"value":154811},{"target":6,"source":1,"value":158606},{"target":7,"source":1,"value":453283},{"target":8,"source":2,"value":209297},{"target":9,"source":2,"value":30603},{"target":10,"source":2,"value":41430},{"target":11,"source":3,"value":110912},{"target":12,"source":3,"value":17597},{"target":13,"source":3,"value":1079230},{"target":14,"source":4,"value":160723},{"target":15,"source":4,"value":0},{"target":16,"source":4,"value":272},{"target":17,"source":7,"value":408346},{"target":18,"source":7,"value":10089},{"target":19,"source":7,"value":6730},{"target":20,"source":7,"value":28118},{"target":21,"source":13,"value":1048309},{"target":22,"source":13,"value":10271},{"target":23,"source":13,"value":2000},{"target":24,"source":13,"value":18650}],"Yukon":[{"target":1,"source":0,"value":73453},{"target":2,"source":0,"value":11427},{"target":3,"source":0,"value":14368},{"target":4,"source":0,"value":48},{"target":5,"source":1,"value":1776},{"target":6,"source":1,"value":0},{"target":7,"source":1,"value":71677},{"target":8,"source":2,"value":1004},{"target":9,"source":2,"value":0},{"target":10,"source":2,"value":10423},{"target":11,"source":3,"value":364},{"target":12,"source":3,"value":0},{"target":13,"source":3,"value":14004},{"target":14,"source":4,"value":48},{"target":15,"source":4,"value":0},{"target":16,"source":4,"value":0},{"target":17,"source":7,"value":25331},{"target":18,"source":7,"value":24727},{"target":19,"source":7,"value":21411},{"target":20,"source":7,"value":208},{"target":21,"source":13,"value":11385},{"target":22,"source":13,"value":2552},{"target":23,"source":13,"value":0},{"target":24,"source":13,"value":67}],"Nunavut":[{"target":1,"source":0,"value":241},{"target":2,"source":0,"value":756},{"target":3,"source":0,"value":156},{"target":4,"source":0,"value":37},{"target":5,"source":1,"value":66},{"target":6,"source":1,"value":175},{"target":7,"source":1,"value":0},{"target":8,"source":2,"value":41},{"target":9,"source":2,"value":715},{"target":10,"source":2,"value":".."},{"target":11,"source":3,"value":39},{"target":12,"source":3,"value":117},{"target":13,"source":3,"value":0},{"target":14,"source":4,"value":5},{"target":15,"source":4,"value":32},{"target":16,"source":4,"value":".."},{"target":17,"source":7,"value":".."},{"target":18,"source":7,"value":".."},{"target":19,"source":7,"value":".."},{"target":20,"source":7,"value":0},{"target":21,"source":13,"value":".."},{"target":22,"source":13,"value":".."},{"target":23,"source":13,"value":".."},{"target":24,"source":13,"value":0}],"nodes":[{"node":0,"name":"intl"},{"node":1,"name":"USres"},{"node":2,"name":"nonUSres"},{"node":3,"name":"cdnFromUS"},{"node":4,"name":"cdnFromOther"},{"node":5,"name":"USres_air"},{"node":6,"name":"USres_marine"},{"node":7,"name":"USres_land"},{"node":8,"name":"nonUSres_air"},{"node":9,"name":"nonUSres_marine"},{"node":10,"name":"nonUSres_land"},{"node":11,"name":"cdnFromUS_air"},{"node":12,"name":"cdnFromUS_marine"},{"node":13,"name":"cdnFromUS_land"},{"node":14,"name":"cdnFromOther_air"},{"node":15,"name":"cdnFromOther_marine"},{"node":16,"name":"cdnFromOther_land"},{"node":17,"name":"USres_car"},{"node":18,"name":"USres_bus"},{"node":19,"name":"USres_train"},{"node":20,"name":"USres_other"},{"node":21,"name":"cdnFromUS_car"},{"node":22,"name":"cdnFromUS_bus"},{"node":23,"name":"cdnFromUS_train"},{"node":24,"name":"cdnFromUS_other"}]}