{"Canada":[{"target":1,"source":0,"value":2056876},{"target":2,"source":0,"value":527916},{"target":3,"source":0,"value":3622055},{"target":4,"source":0,"value":929982},{"target":5,"source":1,"value":462286},{"target":6,"source":1,"value":116448},{"target":7,"source":1,"value":1478142},{"target":8,"source":2,"value":421027},{"target":9,"source":2,"value":33875},{"target":10,"source":2,"value":73014},{"target":11,"source":3,"value":642386},{"target":12,"source":3,"value":31410},{"target":13,"source":3,"value":2948259},{"target":14,"source":4,"value":928958},{"target":15,"source":4,"value":632},{"target":16,"source":4,"value":392},{"target":17,"source":7,"value":1348198},{"target":18,"source":7,"value":81345},{"target":19,"source":7,"value":15500},{"target":20,"source":7,"value":33099},{"target":21,"source":13,"value":2825836},{"target":22,"source":13,"value":90642},{"target":23,"source":13,"value":3501},{"target":24,"source":13,"value":28280}],"Newfoundland and Labrador":[{"target":1,"source":0,"value":1663},{"target":2,"source":0,"value":4992},{"target":3,"source":0,"value":2785},{"target":4,"source":0,"value":8022},{"target":5,"source":1,"value":1642},{"target":6,"source":1,"value":21},{"target":7,"source":1,"value":0},{"target":8,"source":2,"value":3814},{"target":9,"source":2,"value":1178},{"target":10,"source":2,"value":0},{"target":11,"source":3,"value":2769},{"target":12,"source":3,"value":16},{"target":13,"source":3,"value":0},{"target":14,"source":4,"value":7405},{"target":15,"source":4,"value":617},{"target":16,"source":4,"value":0},{"target":17,"source":7,"value":0},{"target":18,"source":7,"value":0},{"target":19,"source":7,"value":0},{"target":20,"source":7,"value":0},{"target":21,"source":13,"value":0},{"target":22,"source":13,"value":0},{"target":23,"source":13,"value":0},{"target":24,"source":13,"value":0}],"Prince Edward Island":[{"target":1,"source":0,"value":35},{"target":2,"source":0,"value":2},{"target":3,"source":0,"value":8},{"target":4,"source":0,"value":224},{"target":5,"source":1,"value":35},{"target":6,"source":1,"value":0},{"target":7,"source":1,"value":0},{"target":8,"source":2,"value":2},{"target":9,"source":2,"value":0},{"target":10,"source":2,"value":0},{"target":11,"source":3,"value":8},{"target":12,"source":3,"value":0},{"target":13,"source":3,"value":0},{"target":14,"source":4,"value":224},{"target":15,"source":4,"value":0},{"target":16,"source":4,"value":0},{"target":17,"source":7,"value":0},{"target":18,"source":7,"value":0},{"target":19,"source":7,"value":0},{"target":20,"source":7,"value":0},{"target":21,"source":13,"value":0},{"target":22,"source":13,"value":0},{"target":23,"source":13,"value":0},{"target":24,"source":13,"value":0}],"Nova Scotia":[{"target":1,"source":0,"value":9642},{"target":2,"source":0,"value":5558},{"target":3,"source":0,"value":7891},{"target":4,"source":0,"value":14345},{"target":5,"source":1,"value":4294},{"target":6,"source":1,"value":5348},{"target":7,"source":1,"value":0},{"target":8,"source":2,"value":3568},{"target":9,"source":2,"value":1990},{"target":10,"source":2,"value":0},{"target":11,"source":3,"value":7446},{"target":12,"source":3,"value":445},{"target":13,"source":3,"value":0},{"target":14,"source":4,"value":14345},{"target":15,"source":4,"value":0},{"target":16,"source":4,"value":0},{"target":17,"source":7,"value":0},{"target":18,"source":7,"value":0},{"target":19,"source":7,"value":0},{"target":20,"source":7,"value":0},{"target":21,"source":13,"value":0},{"target":22,"source":13,"value":0},{"target":23,"source":13,"value":0},{"target":24,"source":13,"value":0}],"New Brunswick":[{"target":1,"source":0,"value":63131},{"target":2,"source":0,"value":1240},{"target":3,"source":0,"value":200229},{"target":4,"source":0,"value":4610},{"target":5,"source":1,"value":88},{"target":6,"source":1,"value":1918},{"target":7,"source":1,"value":61125},{"target":8,"source":2,"value":21},{"target":9,"source":2,"value":999},{"target":10,"source":2,"value":220},{"target":11,"source":3,"value":807},{"target":12,"source":3,"value":37},{"target":13,"source":3,"value":199385},{"target":14,"source":4,"value":4610},{"target":15,"source":4,"value":0},{"target":16,"source":4,"value":0},{"target":17,"source":7,"value":60552},{"target":18,"source":7,"value":121},{"target":19,"source":7,"value":0},{"target":20,"source":7,"value":452},{"target":21,"source":13,"value":197190},{"target":22,"source":13,"value":1064},{"target":23,"source":13,"value":0},{"target":24,"source":13,"value":1131}],"Quebec":[{"target":1,"source":0,"value":200542},{"target":2,"source":0,"value":82955},{"target":3,"source":0,"value":396271},{"target":4,"source":0,"value":183663},{"target":5,"source":1,"value":62842},{"target":6,"source":1,"value":194},{"target":7,"source":1,"value":137506},{"target":8,"source":2,"value":74642},{"target":9,"source":2,"value":56},{"target":10,"source":2,"value":8257},{"target":11,"source":3,"value":83691},{"target":12,"source":3,"value":357},{"target":13,"source":3,"value":312223},{"target":14,"source":4,"value":183648},{"target":15,"source":4,"value":15},{"target":16,"source":4,"value":0},{"target":17,"source":7,"value":122483},{"target":18,"source":7,"value":13537},{"target":19,"source":7,"value":1187},{"target":20,"source":7,"value":299},{"target":21,"source":13,"value":279605},{"target":22,"source":13,"value":27946},{"target":23,"source":13,"value":979},{"target":24,"source":13,"value":3693}],"Ontario":[{"target":1,"source":0,"value":1141970},{"target":2,"source":0,"value":223723},{"target":3,"source":0,"value":1732748},{"target":4,"source":0,"value":502667},{"target":5,"source":1,"value":241995},{"target":6,"source":1,"value":13733},{"target":7,"source":1,"value":886242},{"target":8,"source":2,"value":189227},{"target":9,"source":2,"value":22},{"target":10,"source":2,"value":34474},{"target":11,"source":3,"value":317211},{"target":12,"source":3,"value":2281},{"target":13,"source":3,"value":1413256},{"target":14,"source":4,"value":502667},{"target":15,"source":4,"value":0},{"target":16,"source":4,"value":0},{"target":17,"source":7,"value":824976},{"target":18,"source":7,"value":44812},{"target":19,"source":7,"value":551},{"target":20,"source":7,"value":15903},{"target":21,"source":13,"value":1360340},{"target":22,"source":13,"value":44383},{"target":23,"source":13,"value":282},{"target":24,"source":13,"value":8251}],"Manitoba":[{"target":1,"source":0,"value":29640},{"target":2,"source":0,"value":810},{"target":3,"source":0,"value":103906},{"target":4,"source":0,"value":2008},{"target":5,"source":1,"value":5356},{"target":6,"source":1,"value":0},{"target":7,"source":1,"value":24284},{"target":8,"source":2,"value":764},{"target":9,"source":2,"value":0},{"target":10,"source":2,"value":46},{"target":11,"source":3,"value":9797},{"target":12,"source":3,"value":27},{"target":13,"source":3,"value":94082},{"target":14,"source":4,"value":2008},{"target":15,"source":4,"value":0},{"target":16,"source":4,"value":0},{"target":17,"source":7,"value":23557},{"target":18,"source":7,"value":666},{"target":19,"source":7,"value":0},{"target":20,"source":7,"value":61},{"target":21,"source":13,"value":90394},{"target":22,"source":13,"value":3190},{"target":23,"source":13,"value":0},{"target":24,"source":13,"value":498}],"Saskatchewan":[{"target":1,"source":0,"value":10530},{"target":2,"source":0,"value":310},{"target":3,"source":0,"value":28470},{"target":4,"source":0,"value":467},{"target":5,"source":1,"value":2843},{"target":6,"source":1,"value":0},{"target":7,"source":1,"value":7687},{"target":8,"source":2,"value":210},{"target":9,"source":2,"value":0},{"target":10,"source":2,"value":100},{"target":11,"source":3,"value":4797},{"target":12,"source":3,"value":0},{"target":13,"source":3,"value":23673},{"target":14,"source":4,"value":467},{"target":15,"source":4,"value":0},{"target":16,"source":4,"value":0},{"target":17,"source":7,"value":7601},{"target":18,"source":7,"value":50},{"target":19,"source":7,"value":0},{"target":20,"source":7,"value":36},{"target":21,"source":13,"value":22942},{"target":22,"source":13,"value":453},{"target":23,"source":13,"value":0},{"target":24,"source":13,"value":278}],"Alberta":[{"target":1,"source":0,"value":54877},{"target":2,"source":0,"value":26770},{"target":3,"source":0,"value":143871},{"target":4,"source":0,"value":67740},{"target":5,"source":1,"value":39605},{"target":6,"source":1,"value":0},{"target":7,"source":1,"value":15272},{"target":8,"source":2,"value":26181},{"target":9,"source":2,"value":0},{"target":10,"source":2,"value":589},{"target":11,"source":3,"value":100188},{"target":12,"source":3,"value":0},{"target":13,"source":3,"value":43683},{"target":14,"source":4,"value":67740},{"target":15,"source":4,"value":0},{"target":16,"source":4,"value":0},{"target":17,"source":7,"value":15026},{"target":18,"source":7,"value":202},{"target":19,"source":7,"value":0},{"target":20,"source":7,"value":44},{"target":21,"source":13,"value":43220},{"target":22,"source":13,"value":156},{"target":23,"source":13,"value":0},{"target":24,"source":13,"value":307}],"British Columbia":[{"target":1,"source":0,"value":512322},{"target":2,"source":0,"value":175627},{"target":3,"source":0,"value":996486},{"target":4,"source":0,"value":146191},{"target":5,"source":1,"value":103332},{"target":6,"source":1,"value":95234},{"target":7,"source":1,"value":313756},{"target":8,"source":2,"value":122282},{"target":9,"source":2,"value":29630},{"target":10,"source":2,"value":23715},{"target":11,"source":3,"value":115574},{"target":12,"source":3,"value":28247},{"target":13,"source":3,"value":852665},{"target":14,"source":4,"value":145799},{"target":15,"source":4,"value":0},{"target":16,"source":4,"value":392},{"target":17,"source":7,"value":282674},{"target":18,"source":7,"value":9614},{"target":19,"source":7,"value":5252},{"target":20,"source":7,"value":16216},{"target":21,"source":13,"value":824567},{"target":22,"source":13,"value":11780},{"target":23,"source":13,"value":2240},{"target":24,"source":13,"value":14078}],"Yukon":[{"target":1,"source":0,"value":32475},{"target":2,"source":0,"value":5899},{"target":3,"source":0,"value":9362},{"target":4,"source":0,"value":8},{"target":5,"source":1,"value":205},{"target":6,"source":1,"value":0},{"target":7,"source":1,"value":32270},{"target":8,"source":2,"value":286},{"target":9,"source":2,"value":0},{"target":10,"source":2,"value":5613},{"target":11,"source":3,"value":70},{"target":12,"source":3,"value":0},{"target":13,"source":3,"value":9292},{"target":14,"source":4,"value":8},{"target":15,"source":4,"value":0},{"target":16,"source":4,"value":0},{"target":17,"source":7,"value":11329},{"target":18,"source":7,"value":12343},{"target":19,"source":7,"value":8510},{"target":20,"source":7,"value":88},{"target":21,"source":13,"value":7578},{"target":22,"source":13,"value":1670},{"target":23,"source":13,"value":0},{"target":24,"source":13,"value":44}],"Nunavut":[{"target":1,"source":0,"value":49},{"target":2,"source":0,"value":30},{"target":3,"source":0,"value":28},{"target":4,"source":0,"value":37},{"target":5,"source":1,"value":49},{"target":6,"source":1,"value":0},{"target":7,"source":1,"value":0},{"target":8,"source":2,"value":30},{"target":9,"source":2,"value":0},{"target":10,"source":2,"value":".."},{"target":11,"source":3,"value":28},{"target":12,"source":3,"value":0},{"target":13,"source":3,"value":0},{"target":14,"source":4,"value":37},{"target":15,"source":4,"value":0},{"target":16,"source":4,"value":".."},{"target":17,"source":7,"value":".."},{"target":18,"source":7,"value":".."},{"target":19,"source":7,"value":".."},{"target":20,"source":7,"value":0},{"target":21,"source":13,"value":".."},{"target":22,"source":13,"value":".."},{"target":23,"source":13,"value":".."},{"target":24,"source":13,"value":0}],"nodes":[{"node":0,"name":"intl"},{"node":1,"name":"USres"},{"node":2,"name":"nonUSres"},{"node":3,"name":"cdnFromUS"},{"node":4,"name":"cdnFromOther"},{"node":5,"name":"USres_air"},{"node":6,"name":"USres_marine"},{"node":7,"name":"USres_land"},{"node":8,"name":"nonUSres_air"},{"node":9,"name":"nonUSres_marine"},{"node":10,"name":"nonUSres_land"},{"node":11,"name":"cdnFromUS_air"},{"node":12,"name":"cdnFromUS_marine"},{"node":13,"name":"cdnFromUS_land"},{"node":14,"name":"cdnFromOther_air"},{"node":15,"name":"cdnFromOther_marine"},{"node":16,"name":"cdnFromOther_land"},{"node":17,"name":"USres_car"},{"node":18,"name":"USres_bus"},{"node":19,"name":"USres_train"},{"node":20,"name":"USres_other"},{"node":21,"name":"cdnFromUS_car"},{"node":22,"name":"cdnFromUS_bus"},{"node":23,"name":"cdnFromUS_train"},{"node":24,"name":"cdnFromUS_other"}]}