{"Canada":[{"target":1,"source":0,"value":1145168},{"target":2,"source":0,"value":265029},{"target":3,"source":0,"value":2922914},{"target":4,"source":0,"value":1333740},{"target":5,"source":1,"value":240179},{"target":6,"source":1,"value":182},{"target":7,"source":1,"value":904807},{"target":8,"source":2,"value":237403},{"target":9,"source":2,"value":52},{"target":10,"source":2,"value":27574},{"target":11,"source":3,"value":716712},{"target":12,"source":3,"value":125},{"target":13,"source":3,"value":2206077},{"target":14,"source":4,"value":1333517},{"target":15,"source":4,"value":0},{"target":16,"source":4,"value":223},{"target":17,"source":7,"value":852504},{"target":18,"source":7,"value":42011},{"target":19,"source":7,"value":2527},{"target":20,"source":7,"value":7765},{"target":21,"source":13,"value":2139687},{"target":22,"source":13,"value":50879},{"target":23,"source":13,"value":2252},{"target":24,"source":13,"value":13259}],"Newfoundland and Labrador":[{"target":1,"source":0,"value":951},{"target":2,"source":0,"value":1528},{"target":3,"source":0,"value":1534},{"target":4,"source":0,"value":870},{"target":5,"source":1,"value":951},{"target":6,"source":1,"value":0},{"target":7,"source":1,"value":0},{"target":8,"source":2,"value":1496},{"target":9,"source":2,"value":32},{"target":10,"source":2,"value":0},{"target":11,"source":3,"value":1534},{"target":12,"source":3,"value":0},{"target":13,"source":3,"value":0},{"target":14,"source":4,"value":870},{"target":15,"source":4,"value":0},{"target":16,"source":4,"value":0},{"target":17,"source":7,"value":0},{"target":18,"source":7,"value":0},{"target":19,"source":7,"value":0},{"target":20,"source":7,"value":0},{"target":21,"source":13,"value":0},{"target":22,"source":13,"value":0},{"target":23,"source":13,"value":0},{"target":24,"source":13,"value":0}],"Prince Edward Island":[{"target":1,"source":0,"value":14},{"target":2,"source":0,"value":0},{"target":3,"source":0,"value":306},{"target":4,"source":0,"value":0},{"target":5,"source":1,"value":14},{"target":6,"source":1,"value":0},{"target":7,"source":1,"value":0},{"target":8,"source":2,"value":0},{"target":9,"source":2,"value":0},{"target":10,"source":2,"value":0},{"target":11,"source":3,"value":306},{"target":12,"source":3,"value":0},{"target":13,"source":3,"value":0},{"target":14,"source":4,"value":0},{"target":15,"source":4,"value":0},{"target":16,"source":4,"value":0},{"target":17,"source":7,"value":0},{"target":18,"source":7,"value":0},{"target":19,"source":7,"value":0},{"target":20,"source":7,"value":0},{"target":21,"source":13,"value":0},{"target":22,"source":13,"value":0},{"target":23,"source":13,"value":0},{"target":24,"source":13,"value":0}],"Nova Scotia":[{"target":1,"source":0,"value":1481},{"target":2,"source":0,"value":1053},{"target":3,"source":0,"value":5566},{"target":4,"source":0,"value":2998},{"target":5,"source":1,"value":1479},{"target":6,"source":1,"value":2},{"target":7,"source":1,"value":0},{"target":8,"source":2,"value":1043},{"target":9,"source":2,"value":10},{"target":10,"source":2,"value":0},{"target":11,"source":3,"value":5566},{"target":12,"source":3,"value":0},{"target":13,"source":3,"value":0},{"target":14,"source":4,"value":2998},{"target":15,"source":4,"value":0},{"target":16,"source":4,"value":0},{"target":17,"source":7,"value":0},{"target":18,"source":7,"value":0},{"target":19,"source":7,"value":0},{"target":20,"source":7,"value":0},{"target":21,"source":13,"value":0},{"target":22,"source":13,"value":0},{"target":23,"source":13,"value":0},{"target":24,"source":13,"value":0}],"New Brunswick":[{"target":1,"source":0,"value":45292},{"target":2,"source":0,"value":41},{"target":3,"source":0,"value":152160},{"target":4,"source":0,"value":721},{"target":5,"source":1,"value":27},{"target":6,"source":1,"value":0},{"target":7,"source":1,"value":45265},{"target":8,"source":2,"value":25},{"target":9,"source":2,"value":1},{"target":10,"source":2,"value":15},{"target":11,"source":3,"value":164},{"target":12,"source":3,"value":0},{"target":13,"source":3,"value":151996},{"target":14,"source":4,"value":721},{"target":15,"source":4,"value":0},{"target":16,"source":4,"value":0},{"target":17,"source":7,"value":45096},{"target":18,"source":7,"value":36},{"target":19,"source":7,"value":0},{"target":20,"source":7,"value":133},{"target":21,"source":13,"value":151084},{"target":22,"source":13,"value":570},{"target":23,"source":13,"value":0},{"target":24,"source":13,"value":342}],"Quebec":[{"target":1,"source":0,"value":118529},{"target":2,"source":0,"value":44964},{"target":3,"source":0,"value":341221},{"target":4,"source":0,"value":307216},{"target":5,"source":1,"value":33652},{"target":6,"source":1,"value":0},{"target":7,"source":1,"value":84877},{"target":8,"source":2,"value":42229},{"target":9,"source":2,"value":5},{"target":10,"source":2,"value":2730},{"target":11,"source":3,"value":120526},{"target":12,"source":3,"value":0},{"target":13,"source":3,"value":220695},{"target":14,"source":4,"value":307216},{"target":15,"source":4,"value":0},{"target":16,"source":4,"value":0},{"target":17,"source":7,"value":77716},{"target":18,"source":7,"value":6214},{"target":19,"source":7,"value":772},{"target":20,"source":7,"value":175},{"target":21,"source":13,"value":206830},{"target":22,"source":13,"value":12496},{"target":23,"source":13,"value":1192},{"target":24,"source":13,"value":177}],"Ontario":[{"target":1,"source":0,"value":639892},{"target":2,"source":0,"value":110195},{"target":3,"source":0,"value":1436421},{"target":4,"source":0,"value":646860},{"target":5,"source":1,"value":115747},{"target":6,"source":1,"value":53},{"target":7,"source":1,"value":524092},{"target":8,"source":2,"value":102140},{"target":9,"source":2,"value":0},{"target":10,"source":2,"value":8055},{"target":11,"source":3,"value":319994},{"target":12,"source":3,"value":5},{"target":13,"source":3,"value":1116422},{"target":14,"source":4,"value":646860},{"target":15,"source":4,"value":0},{"target":16,"source":4,"value":0},{"target":17,"source":7,"value":489495},{"target":18,"source":7,"value":30801},{"target":19,"source":7,"value":211},{"target":20,"source":7,"value":3585},{"target":21,"source":13,"value":1082971},{"target":22,"source":13,"value":28220},{"target":23,"source":13,"value":313},{"target":24,"source":13,"value":4918}],"Manitoba":[{"target":1,"source":0,"value":18520},{"target":2,"source":0,"value":398},{"target":3,"source":0,"value":76786},{"target":4,"source":0,"value":26824},{"target":5,"source":1,"value":3773},{"target":6,"source":1,"value":0},{"target":7,"source":1,"value":14747},{"target":8,"source":2,"value":377},{"target":9,"source":2,"value":0},{"target":10,"source":2,"value":21},{"target":11,"source":3,"value":15358},{"target":12,"source":3,"value":0},{"target":13,"source":3,"value":61428},{"target":14,"source":4,"value":26824},{"target":15,"source":4,"value":0},{"target":16,"source":4,"value":0},{"target":17,"source":7,"value":14440},{"target":18,"source":7,"value":300},{"target":19,"source":7,"value":0},{"target":20,"source":7,"value":7},{"target":21,"source":13,"value":59434},{"target":22,"source":13,"value":1977},{"target":23,"source":13,"value":0},{"target":24,"source":13,"value":17}],"Saskatchewan":[{"target":1,"source":0,"value":5119},{"target":2,"source":0,"value":169},{"target":3,"source":0,"value":29439},{"target":4,"source":0,"value":22591},{"target":5,"source":1,"value":1528},{"target":6,"source":1,"value":0},{"target":7,"source":1,"value":3591},{"target":8,"source":2,"value":122},{"target":9,"source":2,"value":0},{"target":10,"source":2,"value":47},{"target":11,"source":3,"value":11644},{"target":12,"source":3,"value":0},{"target":13,"source":3,"value":17795},{"target":14,"source":4,"value":22591},{"target":15,"source":4,"value":0},{"target":16,"source":4,"value":0},{"target":17,"source":7,"value":3585},{"target":18,"source":7,"value":0},{"target":19,"source":7,"value":0},{"target":20,"source":7,"value":6},{"target":21,"source":13,"value":17473},{"target":22,"source":13,"value":271},{"target":23,"source":13,"value":0},{"target":24,"source":13,"value":51}],"Alberta":[{"target":1,"source":0,"value":29417},{"target":2,"source":0,"value":12544},{"target":3,"source":0,"value":150279},{"target":4,"source":0,"value":123506},{"target":5,"source":1,"value":24171},{"target":6,"source":1,"value":0},{"target":7,"source":1,"value":5246},{"target":8,"source":2,"value":12474},{"target":9,"source":2,"value":0},{"target":10,"source":2,"value":70},{"target":11,"source":3,"value":115377},{"target":12,"source":3,"value":0},{"target":13,"source":3,"value":34902},{"target":14,"source":4,"value":123506},{"target":15,"source":4,"value":0},{"target":16,"source":4,"value":0},{"target":17,"source":7,"value":5209},{"target":18,"source":7,"value":35},{"target":19,"source":7,"value":0},{"target":20,"source":7,"value":2},{"target":21,"source":13,"value":34554},{"target":22,"source":13,"value":338},{"target":23,"source":13,"value":0},{"target":24,"source":13,"value":10}],"British Columbia":[{"target":1,"source":0,"value":283449},{"target":2,"source":0,"value":94027},{"target":3,"source":0,"value":728107},{"target":4,"source":0,"value":202152},{"target":5,"source":1,"value":58797},{"target":6,"source":1,"value":127},{"target":7,"source":1,"value":224525},{"target":8,"source":2,"value":77412},{"target":9,"source":2,"value":4},{"target":10,"source":2,"value":16611},{"target":11,"source":3,"value":126219},{"target":12,"source":3,"value":120},{"target":13,"source":3,"value":601768},{"target":14,"source":4,"value":201929},{"target":15,"source":4,"value":0},{"target":16,"source":4,"value":223},{"target":17,"source":7,"value":214499},{"target":18,"source":7,"value":4625},{"target":19,"source":7,"value":1544},{"target":20,"source":7,"value":3857},{"target":21,"source":13,"value":586310},{"target":22,"source":13,"value":6968},{"target":23,"source":13,"value":747},{"target":24,"source":13,"value":7743}],"Yukon":[{"target":1,"source":0,"value":2492},{"target":2,"source":0,"value":29},{"target":3,"source":0,"value":1085},{"target":4,"source":0,"value":0},{"target":5,"source":1,"value":28},{"target":6,"source":1,"value":0},{"target":7,"source":1,"value":2464},{"target":8,"source":2,"value":4},{"target":9,"source":2,"value":0},{"target":10,"source":2,"value":25},{"target":11,"source":3,"value":14},{"target":12,"source":3,"value":0},{"target":13,"source":3,"value":1071},{"target":14,"source":4,"value":0},{"target":15,"source":4,"value":0},{"target":16,"source":4,"value":0},{"target":17,"source":7,"value":2464},{"target":18,"source":7,"value":0},{"target":19,"source":7,"value":0},{"target":20,"source":7,"value":0},{"target":21,"source":13,"value":1031},{"target":22,"source":13,"value":39},{"target":23,"source":13,"value":0},{"target":24,"source":13,"value":1}],"Nunavut":[{"target":1,"source":0,"value":12},{"target":2,"source":0,"value":81},{"target":3,"source":0,"value":10},{"target":4,"source":0,"value":2},{"target":5,"source":1,"value":12},{"target":6,"source":1,"value":0},{"target":7,"source":1,"value":0},{"target":8,"source":2,"value":81},{"target":9,"source":2,"value":0},{"target":10,"source":2,"value":".."},{"target":11,"source":3,"value":10},{"target":12,"source":3,"value":0},{"target":13,"source":3,"value":0},{"target":14,"source":4,"value":2},{"target":15,"source":4,"value":0},{"target":16,"source":4,"value":".."},{"target":17,"source":7,"value":".."},{"target":18,"source":7,"value":".."},{"target":19,"source":7,"value":".."},{"target":20,"source":7,"value":0},{"target":21,"source":13,"value":".."},{"target":22,"source":13,"value":".."},{"target":23,"source":13,"value":".."},{"target":24,"source":13,"value":0}],"nodes":[{"node":0,"name":"intl"},{"node":1,"name":"USres"},{"node":2,"name":"nonUSres"},{"node":3,"name":"cdnFromUS"},{"node":4,"name":"cdnFromOther"},{"node":5,"name":"USres_air"},{"node":6,"name":"USres_marine"},{"node":7,"name":"USres_land"},{"node":8,"name":"nonUSres_air"},{"node":9,"name":"nonUSres_marine"},{"node":10,"name":"nonUSres_land"},{"node":11,"name":"cdnFromUS_air"},{"node":12,"name":"cdnFromUS_marine"},{"node":13,"name":"cdnFromUS_land"},{"node":14,"name":"cdnFromOther_air"},{"node":15,"name":"cdnFromOther_marine"},{"node":16,"name":"cdnFromOther_land"},{"node":17,"name":"USres_car"},{"node":18,"name":"USres_bus"},{"node":19,"name":"USres_train"},{"node":20,"name":"USres_other"},{"node":21,"name":"cdnFromUS_car"},{"node":22,"name":"cdnFromUS_bus"},{"node":23,"name":"cdnFromUS_train"},{"node":24,"name":"cdnFromUS_other"}]}