{"Canada":[{"target":1,"source":0,"value":1208277},{"target":2,"source":0,"value":271593},{"target":3,"source":0,"value":2576508},{"target":4,"source":0,"value":1116405},{"target":5,"source":1,"value":281922},{"target":6,"source":1,"value":311},{"target":7,"source":1,"value":926044},{"target":8,"source":2,"value":245400},{"target":9,"source":2,"value":102},{"target":10,"source":2,"value":26091},{"target":11,"source":3,"value":705119},{"target":12,"source":3,"value":191},{"target":13,"source":3,"value":1871198},{"target":14,"source":4,"value":1116185},{"target":15,"source":4,"value":0},{"target":16,"source":4,"value":220},{"target":17,"source":7,"value":873421},{"target":18,"source":7,"value":41933},{"target":19,"source":7,"value":3064},{"target":20,"source":7,"value":7626},{"target":21,"source":13,"value":1811833},{"target":22,"source":13,"value":47301},{"target":23,"source":13,"value":1928},{"target":24,"source":13,"value":10136}],"Newfoundland and Labrador":[{"target":1,"source":0,"value":536},{"target":2,"source":0,"value":1128},{"target":3,"source":0,"value":1348},{"target":4,"source":0,"value":584},{"target":5,"source":1,"value":534},{"target":6,"source":1,"value":2},{"target":7,"source":1,"value":0},{"target":8,"source":2,"value":1092},{"target":9,"source":2,"value":36},{"target":10,"source":2,"value":0},{"target":11,"source":3,"value":1348},{"target":12,"source":3,"value":0},{"target":13,"source":3,"value":0},{"target":14,"source":4,"value":584},{"target":15,"source":4,"value":0},{"target":16,"source":4,"value":0},{"target":17,"source":7,"value":0},{"target":18,"source":7,"value":0},{"target":19,"source":7,"value":0},{"target":20,"source":7,"value":0},{"target":21,"source":13,"value":0},{"target":22,"source":13,"value":0},{"target":23,"source":13,"value":0},{"target":24,"source":13,"value":0}],"Prince Edward Island":[{"target":1,"source":0,"value":3},{"target":2,"source":0,"value":0},{"target":3,"source":0,"value":260},{"target":4,"source":0,"value":241},{"target":5,"source":1,"value":3},{"target":6,"source":1,"value":0},{"target":7,"source":1,"value":0},{"target":8,"source":2,"value":0},{"target":9,"source":2,"value":0},{"target":10,"source":2,"value":0},{"target":11,"source":3,"value":260},{"target":12,"source":3,"value":0},{"target":13,"source":3,"value":0},{"target":14,"source":4,"value":241},{"target":15,"source":4,"value":0},{"target":16,"source":4,"value":0},{"target":17,"source":7,"value":0},{"target":18,"source":7,"value":0},{"target":19,"source":7,"value":0},{"target":20,"source":7,"value":0},{"target":21,"source":13,"value":0},{"target":22,"source":13,"value":0},{"target":23,"source":13,"value":0},{"target":24,"source":13,"value":0}],"Nova Scotia":[{"target":1,"source":0,"value":1416},{"target":2,"source":0,"value":1090},{"target":3,"source":0,"value":8694},{"target":4,"source":0,"value":12017},{"target":5,"source":1,"value":1416},{"target":6,"source":1,"value":0},{"target":7,"source":1,"value":0},{"target":8,"source":2,"value":1059},{"target":9,"source":2,"value":31},{"target":10,"source":2,"value":0},{"target":11,"source":3,"value":8694},{"target":12,"source":3,"value":0},{"target":13,"source":3,"value":0},{"target":14,"source":4,"value":12017},{"target":15,"source":4,"value":0},{"target":16,"source":4,"value":0},{"target":17,"source":7,"value":0},{"target":18,"source":7,"value":0},{"target":19,"source":7,"value":0},{"target":20,"source":7,"value":0},{"target":21,"source":13,"value":0},{"target":22,"source":13,"value":0},{"target":23,"source":13,"value":0},{"target":24,"source":13,"value":0}],"New Brunswick":[{"target":1,"source":0,"value":41430},{"target":2,"source":0,"value":54},{"target":3,"source":0,"value":130376},{"target":4,"source":0,"value":3701},{"target":5,"source":1,"value":45},{"target":6,"source":1,"value":0},{"target":7,"source":1,"value":41385},{"target":8,"source":2,"value":10},{"target":9,"source":2,"value":4},{"target":10,"source":2,"value":40},{"target":11,"source":3,"value":576},{"target":12,"source":3,"value":0},{"target":13,"source":3,"value":129800},{"target":14,"source":4,"value":3701},{"target":15,"source":4,"value":0},{"target":16,"source":4,"value":0},{"target":17,"source":7,"value":41033},{"target":18,"source":7,"value":222},{"target":19,"source":7,"value":0},{"target":20,"source":7,"value":130},{"target":21,"source":13,"value":128984},{"target":22,"source":13,"value":546},{"target":23,"source":13,"value":0},{"target":24,"source":13,"value":270}],"Quebec":[{"target":1,"source":0,"value":146348},{"target":2,"source":0,"value":51591},{"target":3,"source":0,"value":244596},{"target":4,"source":0,"value":234167},{"target":5,"source":1,"value":40317},{"target":6,"source":1,"value":0},{"target":7,"source":1,"value":106031},{"target":8,"source":2,"value":49899},{"target":9,"source":2,"value":21},{"target":10,"source":2,"value":1671},{"target":11,"source":3,"value":98123},{"target":12,"source":3,"value":0},{"target":13,"source":3,"value":146473},{"target":14,"source":4,"value":234167},{"target":15,"source":4,"value":0},{"target":16,"source":4,"value":0},{"target":17,"source":7,"value":98254},{"target":18,"source":7,"value":6869},{"target":19,"source":7,"value":798},{"target":20,"source":7,"value":110},{"target":21,"source":13,"value":134580},{"target":22,"source":13,"value":11205},{"target":23,"source":13,"value":560},{"target":24,"source":13,"value":128}],"Ontario":[{"target":1,"source":0,"value":645714},{"target":2,"source":0,"value":109635},{"target":3,"source":0,"value":1271856},{"target":4,"source":0,"value":547478},{"target":5,"source":1,"value":139793},{"target":6,"source":1,"value":60},{"target":7,"source":1,"value":505861},{"target":8,"source":2,"value":102536},{"target":9,"source":2,"value":0},{"target":10,"source":2,"value":7099},{"target":11,"source":3,"value":319213},{"target":12,"source":3,"value":6},{"target":13,"source":3,"value":952637},{"target":14,"source":4,"value":547478},{"target":15,"source":4,"value":0},{"target":16,"source":4,"value":0},{"target":17,"source":7,"value":474060},{"target":18,"source":7,"value":28804},{"target":19,"source":7,"value":207},{"target":20,"source":7,"value":2790},{"target":21,"source":13,"value":924911},{"target":22,"source":13,"value":25361},{"target":23,"source":13,"value":191},{"target":24,"source":13,"value":2174}],"Manitoba":[{"target":1,"source":0,"value":18598},{"target":2,"source":0,"value":432},{"target":3,"source":0,"value":68104},{"target":4,"source":0,"value":27572},{"target":5,"source":1,"value":3722},{"target":6,"source":1,"value":0},{"target":7,"source":1,"value":14876},{"target":8,"source":2,"value":408},{"target":9,"source":2,"value":0},{"target":10,"source":2,"value":24},{"target":11,"source":3,"value":15642},{"target":12,"source":3,"value":0},{"target":13,"source":3,"value":52462},{"target":14,"source":4,"value":27572},{"target":15,"source":4,"value":0},{"target":16,"source":4,"value":0},{"target":17,"source":7,"value":14182},{"target":18,"source":7,"value":689},{"target":19,"source":7,"value":0},{"target":20,"source":7,"value":5},{"target":21,"source":13,"value":50463},{"target":22,"source":13,"value":1993},{"target":23,"source":13,"value":0},{"target":24,"source":13,"value":6}],"Saskatchewan":[{"target":1,"source":0,"value":5763},{"target":2,"source":0,"value":144},{"target":3,"source":0,"value":27625},{"target":4,"source":0,"value":23156},{"target":5,"source":1,"value":1517},{"target":6,"source":1,"value":0},{"target":7,"source":1,"value":4246},{"target":8,"source":2,"value":118},{"target":9,"source":2,"value":0},{"target":10,"source":2,"value":26},{"target":11,"source":3,"value":12151},{"target":12,"source":3,"value":0},{"target":13,"source":3,"value":15474},{"target":14,"source":4,"value":23156},{"target":15,"source":4,"value":0},{"target":16,"source":4,"value":0},{"target":17,"source":7,"value":4200},{"target":18,"source":7,"value":0},{"target":19,"source":7,"value":0},{"target":20,"source":7,"value":46},{"target":21,"source":13,"value":15161},{"target":22,"source":13,"value":266},{"target":23,"source":13,"value":0},{"target":24,"source":13,"value":47}],"Alberta":[{"target":1,"source":0,"value":32594},{"target":2,"source":0,"value":14196},{"target":3,"source":0,"value":155510},{"target":4,"source":0,"value":110921},{"target":5,"source":1,"value":26375},{"target":6,"source":1,"value":0},{"target":7,"source":1,"value":6219},{"target":8,"source":2,"value":14107},{"target":9,"source":2,"value":0},{"target":10,"source":2,"value":89},{"target":11,"source":3,"value":125078},{"target":12,"source":3,"value":0},{"target":13,"source":3,"value":30432},{"target":14,"source":4,"value":110921},{"target":15,"source":4,"value":0},{"target":16,"source":4,"value":0},{"target":17,"source":7,"value":6178},{"target":18,"source":7,"value":35},{"target":19,"source":7,"value":0},{"target":20,"source":7,"value":6},{"target":21,"source":13,"value":30168},{"target":22,"source":13,"value":240},{"target":23,"source":13,"value":0},{"target":24,"source":13,"value":24}],"British Columbia":[{"target":1,"source":0,"value":313474},{"target":2,"source":0,"value":93231},{"target":3,"source":0,"value":667023},{"target":4,"source":0,"value":156547},{"target":5,"source":1,"value":68155},{"target":6,"source":1,"value":249},{"target":7,"source":1,"value":245070},{"target":8,"source":2,"value":76142},{"target":9,"source":2,"value":10},{"target":10,"source":2,"value":17079},{"target":11,"source":3,"value":124006},{"target":12,"source":3,"value":185},{"target":13,"source":3,"value":542832},{"target":14,"source":4,"value":156327},{"target":15,"source":4,"value":0},{"target":16,"source":4,"value":220},{"target":17,"source":7,"value":233173},{"target":18,"source":7,"value":5299},{"target":19,"source":7,"value":2059},{"target":20,"source":7,"value":4539},{"target":21,"source":13,"value":526496},{"target":22,"source":13,"value":7672},{"target":23,"source":13,"value":1177},{"target":24,"source":13,"value":7487}],"Yukon":[{"target":1,"source":0,"value":2375},{"target":2,"source":0,"value":76},{"target":3,"source":0,"value":1107},{"target":4,"source":0,"value":0},{"target":5,"source":1,"value":19},{"target":6,"source":1,"value":0},{"target":7,"source":1,"value":2356},{"target":8,"source":2,"value":13},{"target":9,"source":2,"value":0},{"target":10,"source":2,"value":63},{"target":11,"source":3,"value":19},{"target":12,"source":3,"value":0},{"target":13,"source":3,"value":1088},{"target":14,"source":4,"value":0},{"target":15,"source":4,"value":0},{"target":16,"source":4,"value":0},{"target":17,"source":7,"value":2341},{"target":18,"source":7,"value":15},{"target":19,"source":7,"value":0},{"target":20,"source":7,"value":0},{"target":21,"source":13,"value":1070},{"target":22,"source":13,"value":18},{"target":23,"source":13,"value":0},{"target":24,"source":13,"value":0}],"Nunavut":[{"target":1,"source":0,"value":26},{"target":2,"source":0,"value":16},{"target":3,"source":0,"value":9},{"target":4,"source":0,"value":21},{"target":5,"source":1,"value":26},{"target":6,"source":1,"value":0},{"target":7,"source":1,"value":0},{"target":8,"source":2,"value":16},{"target":9,"source":2,"value":0},{"target":10,"source":2,"value":".."},{"target":11,"source":3,"value":9},{"target":12,"source":3,"value":0},{"target":13,"source":3,"value":0},{"target":14,"source":4,"value":21},{"target":15,"source":4,"value":0},{"target":16,"source":4,"value":".."},{"target":17,"source":7,"value":".."},{"target":18,"source":7,"value":".."},{"target":19,"source":7,"value":".."},{"target":20,"source":7,"value":0},{"target":21,"source":13,"value":".."},{"target":22,"source":13,"value":".."},{"target":23,"source":13,"value":".."},{"target":24,"source":13,"value":0}],"nodes":[{"node":0,"name":"intl"},{"node":1,"name":"USres"},{"node":2,"name":"nonUSres"},{"node":3,"name":"cdnFromUS"},{"node":4,"name":"cdnFromOther"},{"node":5,"name":"USres_air"},{"node":6,"name":"USres_marine"},{"node":7,"name":"USres_land"},{"node":8,"name":"nonUSres_air"},{"node":9,"name":"nonUSres_marine"},{"node":10,"name":"nonUSres_land"},{"node":11,"name":"cdnFromUS_air"},{"node":12,"name":"cdnFromUS_marine"},{"node":13,"name":"cdnFromUS_land"},{"node":14,"name":"cdnFromOther_air"},{"node":15,"name":"cdnFromOther_marine"},{"node":16,"name":"cdnFromOther_land"},{"node":17,"name":"USres_car"},{"node":18,"name":"USres_bus"},{"node":19,"name":"USres_train"},{"node":20,"name":"USres_other"},{"node":21,"name":"cdnFromUS_car"},{"node":22,"name":"cdnFromUS_bus"},{"node":23,"name":"cdnFromUS_train"},{"node":24,"name":"cdnFromUS_other"}]}