{"Canada":[{"target":1,"source":0,"value":1375198},{"target":2,"source":0,"value":272535},{"target":3,"source":0,"value":3075251},{"target":4,"source":0,"value":809040},{"target":5,"source":1,"value":313513},{"target":6,"source":1,"value":2127},{"target":7,"source":1,"value":1059558},{"target":8,"source":2,"value":240206},{"target":9,"source":2,"value":224},{"target":10,"source":2,"value":32105},{"target":11,"source":3,"value":662266},{"target":12,"source":3,"value":392},{"target":13,"source":3,"value":2412593},{"target":14,"source":4,"value":808804},{"target":15,"source":4,"value":20},{"target":16,"source":4,"value":216},{"target":17,"source":7,"value":995683},{"target":18,"source":7,"value":46337},{"target":19,"source":7,"value":3878},{"target":20,"source":7,"value":13660},{"target":21,"source":13,"value":2334163},{"target":22,"source":13,"value":62864},{"target":23,"source":13,"value":2245},{"target":24,"source":13,"value":13321}],"Newfoundland and Labrador":[{"target":1,"source":0,"value":1145},{"target":2,"source":0,"value":1975},{"target":3,"source":0,"value":609},{"target":4,"source":0,"value":658},{"target":5,"source":1,"value":1145},{"target":6,"source":1,"value":0},{"target":7,"source":1,"value":0},{"target":8,"source":2,"value":1813},{"target":9,"source":2,"value":162},{"target":10,"source":2,"value":0},{"target":11,"source":3,"value":609},{"target":12,"source":3,"value":0},{"target":13,"source":3,"value":0},{"target":14,"source":4,"value":638},{"target":15,"source":4,"value":20},{"target":16,"source":4,"value":0},{"target":17,"source":7,"value":0},{"target":18,"source":7,"value":0},{"target":19,"source":7,"value":0},{"target":20,"source":7,"value":0},{"target":21,"source":13,"value":0},{"target":22,"source":13,"value":0},{"target":23,"source":13,"value":0},{"target":24,"source":13,"value":0}],"Prince Edward Island":[{"target":1,"source":0,"value":10},{"target":2,"source":0,"value":1},{"target":3,"source":0,"value":12},{"target":4,"source":0,"value":0},{"target":5,"source":1,"value":10},{"target":6,"source":1,"value":0},{"target":7,"source":1,"value":0},{"target":8,"source":2,"value":1},{"target":9,"source":2,"value":0},{"target":10,"source":2,"value":0},{"target":11,"source":3,"value":12},{"target":12,"source":3,"value":0},{"target":13,"source":3,"value":0},{"target":14,"source":4,"value":0},{"target":15,"source":4,"value":0},{"target":16,"source":4,"value":0},{"target":17,"source":7,"value":0},{"target":18,"source":7,"value":0},{"target":19,"source":7,"value":0},{"target":20,"source":7,"value":0},{"target":21,"source":13,"value":0},{"target":22,"source":13,"value":0},{"target":23,"source":13,"value":0},{"target":24,"source":13,"value":0}],"Nova Scotia":[{"target":1,"source":0,"value":3105},{"target":2,"source":0,"value":1231},{"target":3,"source":0,"value":6103},{"target":4,"source":0,"value":2603},{"target":5,"source":1,"value":3102},{"target":6,"source":1,"value":3},{"target":7,"source":1,"value":0},{"target":8,"source":2,"value":1217},{"target":9,"source":2,"value":14},{"target":10,"source":2,"value":0},{"target":11,"source":3,"value":6100},{"target":12,"source":3,"value":3},{"target":13,"source":3,"value":0},{"target":14,"source":4,"value":2603},{"target":15,"source":4,"value":0},{"target":16,"source":4,"value":0},{"target":17,"source":7,"value":0},{"target":18,"source":7,"value":0},{"target":19,"source":7,"value":0},{"target":20,"source":7,"value":0},{"target":21,"source":13,"value":0},{"target":22,"source":13,"value":0},{"target":23,"source":13,"value":0},{"target":24,"source":13,"value":0}],"New Brunswick":[{"target":1,"source":0,"value":48384},{"target":2,"source":0,"value":99},{"target":3,"source":0,"value":185113},{"target":4,"source":0,"value":208},{"target":5,"source":1,"value":51},{"target":6,"source":1,"value":4},{"target":7,"source":1,"value":48329},{"target":8,"source":2,"value":13},{"target":9,"source":2,"value":1},{"target":10,"source":2,"value":85},{"target":11,"source":3,"value":378},{"target":12,"source":3,"value":4},{"target":13,"source":3,"value":184731},{"target":14,"source":4,"value":208},{"target":15,"source":4,"value":0},{"target":16,"source":4,"value":0},{"target":17,"source":7,"value":48003},{"target":18,"source":7,"value":193},{"target":19,"source":7,"value":0},{"target":20,"source":7,"value":133},{"target":21,"source":13,"value":182014},{"target":22,"source":13,"value":2251},{"target":23,"source":13,"value":0},{"target":24,"source":13,"value":466}],"Quebec":[{"target":1,"source":0,"value":154810},{"target":2,"source":0,"value":43924},{"target":3,"source":0,"value":280869},{"target":4,"source":0,"value":144919},{"target":5,"source":1,"value":49874},{"target":6,"source":1,"value":6},{"target":7,"source":1,"value":104930},{"target":8,"source":2,"value":40767},{"target":9,"source":2,"value":28},{"target":10,"source":2,"value":3129},{"target":11,"source":3,"value":82138},{"target":12,"source":3,"value":0},{"target":13,"source":3,"value":198731},{"target":14,"source":4,"value":144919},{"target":15,"source":4,"value":0},{"target":16,"source":4,"value":0},{"target":17,"source":7,"value":97577},{"target":18,"source":7,"value":6369},{"target":19,"source":7,"value":906},{"target":20,"source":7,"value":78},{"target":21,"source":13,"value":187979},{"target":22,"source":13,"value":9637},{"target":23,"source":13,"value":633},{"target":24,"source":13,"value":482}],"Ontario":[{"target":1,"source":0,"value":800698},{"target":2,"source":0,"value":134872},{"target":3,"source":0,"value":1561613},{"target":4,"source":0,"value":419057},{"target":5,"source":1,"value":166820},{"target":6,"source":1,"value":1964},{"target":7,"source":1,"value":631914},{"target":8,"source":2,"value":123366},{"target":9,"source":2,"value":0},{"target":10,"source":2,"value":11506},{"target":11,"source":3,"value":302931},{"target":12,"source":3,"value":206},{"target":13,"source":3,"value":1258476},{"target":14,"source":4,"value":419057},{"target":15,"source":4,"value":0},{"target":16,"source":4,"value":0},{"target":17,"source":7,"value":592506},{"target":18,"source":7,"value":34525},{"target":19,"source":7,"value":318},{"target":20,"source":7,"value":4565},{"target":21,"source":13,"value":1213603},{"target":22,"source":13,"value":40619},{"target":23,"source":13,"value":239},{"target":24,"source":13,"value":4015}],"Manitoba":[{"target":1,"source":0,"value":19235},{"target":2,"source":0,"value":305},{"target":3,"source":0,"value":86335},{"target":4,"source":0,"value":3541},{"target":5,"source":1,"value":4501},{"target":6,"source":1,"value":0},{"target":7,"source":1,"value":14734},{"target":8,"source":2,"value":249},{"target":9,"source":2,"value":0},{"target":10,"source":2,"value":56},{"target":11,"source":3,"value":11362},{"target":12,"source":3,"value":12},{"target":13,"source":3,"value":74961},{"target":14,"source":4,"value":3541},{"target":15,"source":4,"value":0},{"target":16,"source":4,"value":0},{"target":17,"source":7,"value":14574},{"target":18,"source":7,"value":153},{"target":19,"source":7,"value":0},{"target":20,"source":7,"value":7},{"target":21,"source":13,"value":71292},{"target":22,"source":13,"value":3560},{"target":23,"source":13,"value":0},{"target":24,"source":13,"value":109}],"Saskatchewan":[{"target":1,"source":0,"value":6911},{"target":2,"source":0,"value":96},{"target":3,"source":0,"value":28227},{"target":4,"source":0,"value":3945},{"target":5,"source":1,"value":1701},{"target":6,"source":1,"value":0},{"target":7,"source":1,"value":5210},{"target":8,"source":2,"value":46},{"target":9,"source":2,"value":0},{"target":10,"source":2,"value":50},{"target":11,"source":3,"value":8109},{"target":12,"source":3,"value":0},{"target":13,"source":3,"value":20118},{"target":14,"source":4,"value":3945},{"target":15,"source":4,"value":0},{"target":16,"source":4,"value":0},{"target":17,"source":7,"value":5196},{"target":18,"source":7,"value":0},{"target":19,"source":7,"value":0},{"target":20,"source":7,"value":14},{"target":21,"source":13,"value":19502},{"target":22,"source":13,"value":574},{"target":23,"source":13,"value":0},{"target":24,"source":13,"value":42}],"Alberta":[{"target":1,"source":0,"value":36782},{"target":2,"source":0,"value":11284},{"target":3,"source":0,"value":149911},{"target":4,"source":0,"value":80129},{"target":5,"source":1,"value":29610},{"target":6,"source":1,"value":0},{"target":7,"source":1,"value":7172},{"target":8,"source":2,"value":11196},{"target":9,"source":2,"value":0},{"target":10,"source":2,"value":88},{"target":11,"source":3,"value":118782},{"target":12,"source":3,"value":0},{"target":13,"source":3,"value":31129},{"target":14,"source":4,"value":80129},{"target":15,"source":4,"value":0},{"target":16,"source":4,"value":0},{"target":17,"source":7,"value":7074},{"target":18,"source":7,"value":80},{"target":19,"source":7,"value":0},{"target":20,"source":7,"value":18},{"target":21,"source":13,"value":30875},{"target":22,"source":13,"value":206},{"target":23,"source":13,"value":0},{"target":24,"source":13,"value":48}],"British Columbia":[{"target":1,"source":0,"value":300791},{"target":2,"source":0,"value":78653},{"target":3,"source":0,"value":775105},{"target":4,"source":0,"value":153924},{"target":5,"source":1,"value":56664},{"target":6,"source":1,"value":150},{"target":7,"source":1,"value":243977},{"target":8,"source":2,"value":61501},{"target":9,"source":2,"value":19},{"target":10,"source":2,"value":17133},{"target":11,"source":3,"value":131820},{"target":12,"source":3,"value":167},{"target":13,"source":3,"value":643118},{"target":14,"source":4,"value":153708},{"target":15,"source":4,"value":0},{"target":16,"source":4,"value":216},{"target":17,"source":7,"value":227462},{"target":18,"source":7,"value":5017},{"target":19,"source":7,"value":2654},{"target":20,"source":7,"value":8844},{"target":21,"source":13,"value":627569},{"target":22,"source":13,"value":6017},{"target":23,"source":13,"value":1373},{"target":24,"source":13,"value":8159}],"Yukon":[{"target":1,"source":0,"value":3302},{"target":2,"source":0,"value":61},{"target":3,"source":0,"value":1334},{"target":4,"source":0,"value":0},{"target":5,"source":1,"value":10},{"target":6,"source":1,"value":0},{"target":7,"source":1,"value":3292},{"target":8,"source":2,"value":3},{"target":9,"source":2,"value":0},{"target":10,"source":2,"value":58},{"target":11,"source":3,"value":5},{"target":12,"source":3,"value":0},{"target":13,"source":3,"value":1329},{"target":14,"source":4,"value":0},{"target":15,"source":4,"value":0},{"target":16,"source":4,"value":0},{"target":17,"source":7,"value":3291},{"target":18,"source":7,"value":0},{"target":19,"source":7,"value":0},{"target":20,"source":7,"value":1},{"target":21,"source":13,"value":1329},{"target":22,"source":13,"value":0},{"target":23,"source":13,"value":0},{"target":24,"source":13,"value":0}],"Nunavut":[{"target":1,"source":0,"value":25},{"target":2,"source":0,"value":34},{"target":3,"source":0,"value":20},{"target":4,"source":0,"value":56},{"target":5,"source":1,"value":25},{"target":6,"source":1,"value":0},{"target":7,"source":1,"value":0},{"target":8,"source":2,"value":34},{"target":9,"source":2,"value":0},{"target":10,"source":2,"value":".."},{"target":11,"source":3,"value":20},{"target":12,"source":3,"value":0},{"target":13,"source":3,"value":0},{"target":14,"source":4,"value":56},{"target":15,"source":4,"value":0},{"target":16,"source":4,"value":".."},{"target":17,"source":7,"value":".."},{"target":18,"source":7,"value":".."},{"target":19,"source":7,"value":".."},{"target":20,"source":7,"value":0},{"target":21,"source":13,"value":".."},{"target":22,"source":13,"value":".."},{"target":23,"source":13,"value":".."},{"target":24,"source":13,"value":0}],"nodes":[{"node":0,"name":"intl"},{"node":1,"name":"USres"},{"node":2,"name":"nonUSres"},{"node":3,"name":"cdnFromUS"},{"node":4,"name":"cdnFromOther"},{"node":5,"name":"USres_air"},{"node":6,"name":"USres_marine"},{"node":7,"name":"USres_land"},{"node":8,"name":"nonUSres_air"},{"node":9,"name":"nonUSres_marine"},{"node":10,"name":"nonUSres_land"},{"node":11,"name":"cdnFromUS_air"},{"node":12,"name":"cdnFromUS_marine"},{"node":13,"name":"cdnFromUS_land"},{"node":14,"name":"cdnFromOther_air"},{"node":15,"name":"cdnFromOther_marine"},{"node":16,"name":"cdnFromOther_land"},{"node":17,"name":"USres_car"},{"node":18,"name":"USres_bus"},{"node":19,"name":"USres_train"},{"node":20,"name":"USres_other"},{"node":21,"name":"cdnFromUS_car"},{"node":22,"name":"cdnFromUS_bus"},{"node":23,"name":"cdnFromUS_train"},{"node":24,"name":"cdnFromUS_other"}]}