{"Canada":[{"target":1,"source":0,"value":2343198},{"target":2,"source":0,"value":734871},{"target":3,"source":0,"value":3523793},{"target":4,"source":0,"value":875623},{"target":5,"source":1,"value":524710},{"target":6,"source":1,"value":186267},{"target":7,"source":1,"value":1632221},{"target":8,"source":2,"value":591869},{"target":9,"source":2,"value":53298},{"target":10,"source":2,"value":89704},{"target":11,"source":3,"value":558566},{"target":12,"source":3,"value":33628},{"target":13,"source":3,"value":2931599},{"target":14,"source":4,"value":873890},{"target":15,"source":4,"value":1361},{"target":16,"source":4,"value":372},{"target":17,"source":7,"value":1494152},{"target":18,"source":7,"value":77802},{"target":19,"source":7,"value":16802},{"target":20,"source":7,"value":43465},{"target":21,"source":13,"value":2827715},{"target":22,"source":13,"value":67915},{"target":23,"source":13,"value":3051},{"target":24,"source":13,"value":32918}],"Newfoundland and Labrador":[{"target":1,"source":0,"value":4277},{"target":2,"source":0,"value":13162},{"target":3,"source":0,"value":1150},{"target":4,"source":0,"value":6160},{"target":5,"source":1,"value":1943},{"target":6,"source":1,"value":2334},{"target":7,"source":1,"value":0},{"target":8,"source":2,"value":4849},{"target":9,"source":2,"value":8313},{"target":10,"source":2,"value":0},{"target":11,"source":3,"value":1141},{"target":12,"source":3,"value":9},{"target":13,"source":3,"value":0},{"target":14,"source":4,"value":4974},{"target":15,"source":4,"value":1186},{"target":16,"source":4,"value":0},{"target":17,"source":7,"value":0},{"target":18,"source":7,"value":0},{"target":19,"source":7,"value":0},{"target":20,"source":7,"value":0},{"target":21,"source":13,"value":0},{"target":22,"source":13,"value":0},{"target":23,"source":13,"value":0},{"target":24,"source":13,"value":0}],"Prince Edward Island":[{"target":1,"source":0,"value":3904},{"target":2,"source":0,"value":1169},{"target":3,"source":0,"value":208},{"target":4,"source":0,"value":0},{"target":5,"source":1,"value":52},{"target":6,"source":1,"value":3852},{"target":7,"source":1,"value":0},{"target":8,"source":2,"value":9},{"target":9,"source":2,"value":1160},{"target":10,"source":2,"value":0},{"target":11,"source":3,"value":10},{"target":12,"source":3,"value":198},{"target":13,"source":3,"value":0},{"target":14,"source":4,"value":0},{"target":15,"source":4,"value":0},{"target":16,"source":4,"value":0},{"target":17,"source":7,"value":0},{"target":18,"source":7,"value":0},{"target":19,"source":7,"value":0},{"target":20,"source":7,"value":0},{"target":21,"source":13,"value":0},{"target":22,"source":13,"value":0},{"target":23,"source":13,"value":0},{"target":24,"source":13,"value":0}],"Nova Scotia":[{"target":1,"source":0,"value":38117},{"target":2,"source":0,"value":15312},{"target":3,"source":0,"value":7661},{"target":4,"source":0,"value":6573},{"target":5,"source":1,"value":9022},{"target":6,"source":1,"value":26397},{"target":7,"source":1,"value":2698},{"target":8,"source":2,"value":7380},{"target":9,"source":2,"value":7868},{"target":10,"source":2,"value":64},{"target":11,"source":3,"value":4680},{"target":12,"source":3,"value":2470},{"target":13,"source":3,"value":511},{"target":14,"source":4,"value":6416},{"target":15,"source":4,"value":157},{"target":16,"source":4,"value":0},{"target":17,"source":7,"value":2080},{"target":18,"source":7,"value":142},{"target":19,"source":7,"value":0},{"target":20,"source":7,"value":476},{"target":21,"source":13,"value":383},{"target":22,"source":13,"value":0},{"target":23,"source":13,"value":0},{"target":24,"source":13,"value":128}],"New Brunswick":[{"target":1,"source":0,"value":117216},{"target":2,"source":0,"value":5737},{"target":3,"source":0,"value":199324},{"target":4,"source":0,"value":0},{"target":5,"source":1,"value":210},{"target":6,"source":1,"value":29338},{"target":7,"source":1,"value":87668},{"target":8,"source":2,"value":51},{"target":9,"source":2,"value":5002},{"target":10,"source":2,"value":684},{"target":11,"source":3,"value":212},{"target":12,"source":3,"value":1650},{"target":13,"source":3,"value":197462},{"target":14,"source":4,"value":0},{"target":15,"source":4,"value":0},{"target":16,"source":4,"value":0},{"target":17,"source":7,"value":85529},{"target":18,"source":7,"value":1432},{"target":19,"source":7,"value":0},{"target":20,"source":7,"value":707},{"target":21,"source":13,"value":194921},{"target":22,"source":13,"value":1130},{"target":23,"source":13,"value":0},{"target":24,"source":13,"value":1411}],"Quebec":[{"target":1,"source":0,"value":235357},{"target":2,"source":0,"value":123398},{"target":3,"source":0,"value":434066},{"target":4,"source":0,"value":190343},{"target":5,"source":1,"value":85242},{"target":6,"source":1,"value":335},{"target":7,"source":1,"value":149780},{"target":8,"source":2,"value":110781},{"target":9,"source":2,"value":55},{"target":10,"source":2,"value":12562},{"target":11,"source":3,"value":77234},{"target":12,"source":3,"value":2454},{"target":13,"source":3,"value":354378},{"target":14,"source":4,"value":190343},{"target":15,"source":4,"value":0},{"target":16,"source":4,"value":0},{"target":17,"source":7,"value":139022},{"target":18,"source":7,"value":8584},{"target":19,"source":7,"value":1508},{"target":20,"source":7,"value":666},{"target":21,"source":13,"value":332281},{"target":22,"source":13,"value":14011},{"target":23,"source":13,"value":784},{"target":24,"source":13,"value":7302}],"Ontario":[{"target":1,"source":0,"value":1236333},{"target":2,"source":0,"value":300068},{"target":3,"source":0,"value":1642066},{"target":4,"source":0,"value":481876},{"target":5,"source":1,"value":252058},{"target":6,"source":1,"value":16152},{"target":7,"source":1,"value":968123},{"target":8,"source":2,"value":258810},{"target":9,"source":2,"value":53},{"target":10,"source":2,"value":41205},{"target":11,"source":3,"value":272369},{"target":12,"source":3,"value":5449},{"target":13,"source":3,"value":1364248},{"target":14,"source":4,"value":481876},{"target":15,"source":4,"value":0},{"target":16,"source":4,"value":0},{"target":17,"source":7,"value":895303},{"target":18,"source":7,"value":49524},{"target":19,"source":7,"value":644},{"target":20,"source":7,"value":22652},{"target":21,"source":13,"value":1317895},{"target":22,"source":13,"value":38081},{"target":23,"source":13,"value":284},{"target":24,"source":13,"value":7988}],"Manitoba":[{"target":1,"source":0,"value":32292},{"target":2,"source":0,"value":1092},{"target":3,"source":0,"value":103750},{"target":4,"source":0,"value":1810},{"target":5,"source":1,"value":5996},{"target":6,"source":1,"value":0},{"target":7,"source":1,"value":26296},{"target":8,"source":2,"value":972},{"target":9,"source":2,"value":0},{"target":10,"source":2,"value":120},{"target":11,"source":3,"value":8439},{"target":12,"source":3,"value":129},{"target":13,"source":3,"value":95182},{"target":14,"source":4,"value":1810},{"target":15,"source":4,"value":0},{"target":16,"source":4,"value":0},{"target":17,"source":7,"value":25823},{"target":18,"source":7,"value":408},{"target":19,"source":7,"value":0},{"target":20,"source":7,"value":65},{"target":21,"source":13,"value":91852},{"target":22,"source":13,"value":2842},{"target":23,"source":13,"value":0},{"target":24,"source":13,"value":488}],"Saskatchewan":[{"target":1,"source":0,"value":10754},{"target":2,"source":0,"value":206},{"target":3,"source":0,"value":23250},{"target":4,"source":0,"value":139},{"target":5,"source":1,"value":2137},{"target":6,"source":1,"value":0},{"target":7,"source":1,"value":8617},{"target":8,"source":2,"value":83},{"target":9,"source":2,"value":0},{"target":10,"source":2,"value":123},{"target":11,"source":3,"value":1706},{"target":12,"source":3,"value":0},{"target":13,"source":3,"value":21544},{"target":14,"source":4,"value":139},{"target":15,"source":4,"value":0},{"target":16,"source":4,"value":0},{"target":17,"source":7,"value":8403},{"target":18,"source":7,"value":157},{"target":19,"source":7,"value":0},{"target":20,"source":7,"value":57},{"target":21,"source":13,"value":20870},{"target":22,"source":13,"value":359},{"target":23,"source":13,"value":0},{"target":24,"source":13,"value":315}],"Alberta":[{"target":1,"source":0,"value":76936},{"target":2,"source":0,"value":40734},{"target":3,"source":0,"value":129545},{"target":4,"source":0,"value":46137},{"target":5,"source":1,"value":52685},{"target":6,"source":1,"value":0},{"target":7,"source":1,"value":24251},{"target":8,"source":2,"value":39503},{"target":9,"source":2,"value":0},{"target":10,"source":2,"value":1231},{"target":11,"source":3,"value":84625},{"target":12,"source":3,"value":0},{"target":13,"source":3,"value":44920},{"target":14,"source":4,"value":46137},{"target":15,"source":4,"value":0},{"target":16,"source":4,"value":0},{"target":17,"source":7,"value":22890},{"target":18,"source":7,"value":1251},{"target":19,"source":7,"value":0},{"target":20,"source":7,"value":110},{"target":21,"source":13,"value":44189},{"target":22,"source":13,"value":119},{"target":23,"source":13,"value":0},{"target":24,"source":13,"value":612}],"British Columbia":[{"target":1,"source":0,"value":552413},{"target":2,"source":0,"value":227183},{"target":3,"source":0,"value":975052},{"target":4,"source":0,"value":142452},{"target":5,"source":1,"value":114900},{"target":6,"source":1,"value":107819},{"target":7,"source":1,"value":329694},{"target":8,"source":2,"value":169117},{"target":9,"source":2,"value":30240},{"target":10,"source":2,"value":27826},{"target":11,"source":3,"value":108044},{"target":12,"source":3,"value":21269},{"target":13,"source":3,"value":845739},{"target":14,"source":4,"value":142080},{"target":15,"source":4,"value":0},{"target":16,"source":4,"value":372},{"target":17,"source":7,"value":298380},{"target":18,"source":7,"value":6960},{"target":19,"source":7,"value":5675},{"target":20,"source":7,"value":18679},{"target":21,"source":13,"value":818906},{"target":22,"source":13,"value":10214},{"target":23,"source":13,"value":1983},{"target":24,"source":13,"value":14636}],"Yukon":[{"target":1,"source":0,"value":35517},{"target":2,"source":0,"value":6178},{"target":3,"source":0,"value":7709},{"target":4,"source":0,"value":90},{"target":5,"source":1,"value":423},{"target":6,"source":1,"value":0},{"target":7,"source":1,"value":35094},{"target":8,"source":2,"value":289},{"target":9,"source":2,"value":0},{"target":10,"source":2,"value":5889},{"target":11,"source":3,"value":94},{"target":12,"source":3,"value":0},{"target":13,"source":3,"value":7615},{"target":14,"source":4,"value":90},{"target":15,"source":4,"value":0},{"target":16,"source":4,"value":0},{"target":17,"source":7,"value":16722},{"target":18,"source":7,"value":9344},{"target":19,"source":7,"value":8975},{"target":20,"source":7,"value":53},{"target":21,"source":13,"value":6418},{"target":22,"source":13,"value":1159},{"target":23,"source":13,"value":0},{"target":24,"source":13,"value":38}],"Nunavut":[{"target":1,"source":0,"value":82},{"target":2,"source":0,"value":632},{"target":3,"source":0,"value":12},{"target":4,"source":0,"value":43},{"target":5,"source":1,"value":42},{"target":6,"source":1,"value":40},{"target":7,"source":1,"value":0},{"target":8,"source":2,"value":25},{"target":9,"source":2,"value":607},{"target":10,"source":2,"value":".."},{"target":11,"source":3,"value":12},{"target":12,"source":3,"value":0},{"target":13,"source":3,"value":0},{"target":14,"source":4,"value":25},{"target":15,"source":4,"value":18},{"target":16,"source":4,"value":".."},{"target":17,"source":7,"value":".."},{"target":18,"source":7,"value":".."},{"target":19,"source":7,"value":".."},{"target":20,"source":7,"value":0},{"target":21,"source":13,"value":".."},{"target":22,"source":13,"value":".."},{"target":23,"source":13,"value":".."},{"target":24,"source":13,"value":0}],"nodes":[{"node":0,"name":"intl"},{"node":1,"name":"USres"},{"node":2,"name":"nonUSres"},{"node":3,"name":"cdnFromUS"},{"node":4,"name":"cdnFromOther"},{"node":5,"name":"USres_air"},{"node":6,"name":"USres_marine"},{"node":7,"name":"USres_land"},{"node":8,"name":"nonUSres_air"},{"node":9,"name":"nonUSres_marine"},{"node":10,"name":"nonUSres_land"},{"node":11,"name":"cdnFromUS_air"},{"node":12,"name":"cdnFromUS_marine"},{"node":13,"name":"cdnFromUS_land"},{"node":14,"name":"cdnFromOther_air"},{"node":15,"name":"cdnFromOther_marine"},{"node":16,"name":"cdnFromOther_land"},{"node":17,"name":"USres_car"},{"node":18,"name":"USres_bus"},{"node":19,"name":"USres_train"},{"node":20,"name":"USres_other"},{"node":21,"name":"cdnFromUS_car"},{"node":22,"name":"cdnFromUS_bus"},{"node":23,"name":"cdnFromUS_train"},{"node":24,"name":"cdnFromUS_other"}]}