{"Canada":[{"target":1,"source":0,"value":1426637},{"target":2,"source":0,"value":295422},{"target":3,"source":0,"value":3470015},{"target":4,"source":0,"value":1328361},{"target":5,"source":1,"value":331884},{"target":6,"source":1,"value":1470},{"target":7,"source":1,"value":1093283},{"target":8,"source":2,"value":261356},{"target":9,"source":2,"value":109},{"target":10,"source":2,"value":33957},{"target":11,"source":3,"value":848250},{"target":12,"source":3,"value":455},{"target":13,"source":3,"value":2621310},{"target":14,"source":4,"value":1327852},{"target":15,"source":4,"value":0},{"target":16,"source":4,"value":509},{"target":17,"source":7,"value":1029027},{"target":18,"source":7,"value":43091},{"target":19,"source":7,"value":4987},{"target":20,"source":7,"value":16178},{"target":21,"source":13,"value":2549899},{"target":22,"source":13,"value":54778},{"target":23,"source":13,"value":2746},{"target":24,"source":13,"value":13887}],"Newfoundland and Labrador":[{"target":1,"source":0,"value":771},{"target":2,"source":0,"value":1709},{"target":3,"source":0,"value":2264},{"target":4,"source":0,"value":3805},{"target":5,"source":1,"value":771},{"target":6,"source":1,"value":0},{"target":7,"source":1,"value":0},{"target":8,"source":2,"value":1667},{"target":9,"source":2,"value":42},{"target":10,"source":2,"value":0},{"target":11,"source":3,"value":2264},{"target":12,"source":3,"value":0},{"target":13,"source":3,"value":0},{"target":14,"source":4,"value":3805},{"target":15,"source":4,"value":0},{"target":16,"source":4,"value":0},{"target":17,"source":7,"value":0},{"target":18,"source":7,"value":0},{"target":19,"source":7,"value":0},{"target":20,"source":7,"value":0},{"target":21,"source":13,"value":0},{"target":22,"source":13,"value":0},{"target":23,"source":13,"value":0},{"target":24,"source":13,"value":0}],"Prince Edward Island":[{"target":1,"source":0,"value":16},{"target":2,"source":0,"value":4},{"target":3,"source":0,"value":819},{"target":4,"source":0,"value":0},{"target":5,"source":1,"value":16},{"target":6,"source":1,"value":0},{"target":7,"source":1,"value":0},{"target":8,"source":2,"value":4},{"target":9,"source":2,"value":0},{"target":10,"source":2,"value":0},{"target":11,"source":3,"value":819},{"target":12,"source":3,"value":0},{"target":13,"source":3,"value":0},{"target":14,"source":4,"value":0},{"target":15,"source":4,"value":0},{"target":16,"source":4,"value":0},{"target":17,"source":7,"value":0},{"target":18,"source":7,"value":0},{"target":19,"source":7,"value":0},{"target":20,"source":7,"value":0},{"target":21,"source":13,"value":0},{"target":22,"source":13,"value":0},{"target":23,"source":13,"value":0},{"target":24,"source":13,"value":0}],"Nova Scotia":[{"target":1,"source":0,"value":1575},{"target":2,"source":0,"value":1476},{"target":3,"source":0,"value":14992},{"target":4,"source":0,"value":26693},{"target":5,"source":1,"value":1572},{"target":6,"source":1,"value":3},{"target":7,"source":1,"value":0},{"target":8,"source":2,"value":1457},{"target":9,"source":2,"value":19},{"target":10,"source":2,"value":0},{"target":11,"source":3,"value":14992},{"target":12,"source":3,"value":0},{"target":13,"source":3,"value":0},{"target":14,"source":4,"value":26693},{"target":15,"source":4,"value":0},{"target":16,"source":4,"value":0},{"target":17,"source":7,"value":0},{"target":18,"source":7,"value":0},{"target":19,"source":7,"value":0},{"target":20,"source":7,"value":0},{"target":21,"source":13,"value":0},{"target":22,"source":13,"value":0},{"target":23,"source":13,"value":0},{"target":24,"source":13,"value":0}],"New Brunswick":[{"target":1,"source":0,"value":45286},{"target":2,"source":0,"value":105},{"target":3,"source":0,"value":165409},{"target":4,"source":0,"value":9448},{"target":5,"source":1,"value":44},{"target":6,"source":1,"value":0},{"target":7,"source":1,"value":45242},{"target":8,"source":2,"value":17},{"target":9,"source":2,"value":11},{"target":10,"source":2,"value":77},{"target":11,"source":3,"value":2388},{"target":12,"source":3,"value":2},{"target":13,"source":3,"value":163019},{"target":14,"source":4,"value":9448},{"target":15,"source":4,"value":0},{"target":16,"source":4,"value":0},{"target":17,"source":7,"value":44904},{"target":18,"source":7,"value":187},{"target":19,"source":7,"value":0},{"target":20,"source":7,"value":151},{"target":21,"source":13,"value":161913},{"target":22,"source":13,"value":787},{"target":23,"source":13,"value":0},{"target":24,"source":13,"value":319}],"Quebec":[{"target":1,"source":0,"value":162607},{"target":2,"source":0,"value":49942},{"target":3,"source":0,"value":381710},{"target":4,"source":0,"value":295211},{"target":5,"source":1,"value":51487},{"target":6,"source":1,"value":0},{"target":7,"source":1,"value":111120},{"target":8,"source":2,"value":46916},{"target":9,"source":2,"value":19},{"target":10,"source":2,"value":3007},{"target":11,"source":3,"value":131673},{"target":12,"source":3,"value":2},{"target":13,"source":3,"value":250035},{"target":14,"source":4,"value":295211},{"target":15,"source":4,"value":0},{"target":16,"source":4,"value":0},{"target":17,"source":7,"value":101995},{"target":18,"source":7,"value":7439},{"target":19,"source":7,"value":1572},{"target":20,"source":7,"value":114},{"target":21,"source":13,"value":233910},{"target":22,"source":13,"value":14706},{"target":23,"source":13,"value":1186},{"target":24,"source":13,"value":233}],"Ontario":[{"target":1,"source":0,"value":788337},{"target":2,"source":0,"value":129395},{"target":3,"source":0,"value":1729832},{"target":4,"source":0,"value":652213},{"target":5,"source":1,"value":157656},{"target":6,"source":1,"value":916},{"target":7,"source":1,"value":629765},{"target":8,"source":2,"value":118005},{"target":9,"source":2,"value":0},{"target":10,"source":2,"value":11390},{"target":11,"source":3,"value":382499},{"target":12,"source":3,"value":30},{"target":13,"source":3,"value":1347303},{"target":14,"source":4,"value":652213},{"target":15,"source":4,"value":0},{"target":16,"source":4,"value":0},{"target":17,"source":7,"value":593996},{"target":18,"source":7,"value":28968},{"target":19,"source":7,"value":332},{"target":20,"source":7,"value":6469},{"target":21,"source":13,"value":1313850},{"target":22,"source":13,"value":29734},{"target":23,"source":13,"value":215},{"target":24,"source":13,"value":3504}],"Manitoba":[{"target":1,"source":0,"value":24185},{"target":2,"source":0,"value":390},{"target":3,"source":0,"value":88215},{"target":4,"source":0,"value":22862},{"target":5,"source":1,"value":4535},{"target":6,"source":1,"value":0},{"target":7,"source":1,"value":19650},{"target":8,"source":2,"value":352},{"target":9,"source":2,"value":0},{"target":10,"source":2,"value":38},{"target":11,"source":3,"value":16662},{"target":12,"source":3,"value":0},{"target":13,"source":3,"value":71553},{"target":14,"source":4,"value":22862},{"target":15,"source":4,"value":0},{"target":16,"source":4,"value":0},{"target":17,"source":7,"value":19516},{"target":18,"source":7,"value":128},{"target":19,"source":7,"value":0},{"target":20,"source":7,"value":6},{"target":21,"source":13,"value":69797},{"target":22,"source":13,"value":1734},{"target":23,"source":13,"value":0},{"target":24,"source":13,"value":22}],"Saskatchewan":[{"target":1,"source":0,"value":7200},{"target":2,"source":0,"value":184},{"target":3,"source":0,"value":32548},{"target":4,"source":0,"value":12933},{"target":5,"source":1,"value":1996},{"target":6,"source":1,"value":0},{"target":7,"source":1,"value":5204},{"target":8,"source":2,"value":138},{"target":9,"source":2,"value":0},{"target":10,"source":2,"value":46},{"target":11,"source":3,"value":11775},{"target":12,"source":3,"value":0},{"target":13,"source":3,"value":20773},{"target":14,"source":4,"value":12933},{"target":15,"source":4,"value":0},{"target":16,"source":4,"value":0},{"target":17,"source":7,"value":5171},{"target":18,"source":7,"value":17},{"target":19,"source":7,"value":0},{"target":20,"source":7,"value":16},{"target":21,"source":13,"value":20262},{"target":22,"source":13,"value":421},{"target":23,"source":13,"value":0},{"target":24,"source":13,"value":90}],"Alberta":[{"target":1,"source":0,"value":44152},{"target":2,"source":0,"value":16242},{"target":3,"source":0,"value":178452},{"target":4,"source":0,"value":109725},{"target":5,"source":1,"value":36184},{"target":6,"source":1,"value":0},{"target":7,"source":1,"value":7968},{"target":8,"source":2,"value":16023},{"target":9,"source":2,"value":0},{"target":10,"source":2,"value":219},{"target":11,"source":3,"value":132708},{"target":12,"source":3,"value":0},{"target":13,"source":3,"value":45744},{"target":14,"source":4,"value":109725},{"target":15,"source":4,"value":0},{"target":16,"source":4,"value":0},{"target":17,"source":7,"value":7966},{"target":18,"source":7,"value":0},{"target":19,"source":7,"value":0},{"target":20,"source":7,"value":2},{"target":21,"source":13,"value":45376},{"target":22,"source":13,"value":327},{"target":23,"source":13,"value":0},{"target":24,"source":13,"value":41}],"British Columbia":[{"target":1,"source":0,"value":348645},{"target":2,"source":0,"value":95707},{"target":3,"source":0,"value":872859},{"target":4,"source":0,"value":194740},{"target":5,"source":1,"value":77529},{"target":6,"source":1,"value":551},{"target":7,"source":1,"value":270565},{"target":8,"source":2,"value":76724},{"target":9,"source":2,"value":18},{"target":10,"source":2,"value":18965},{"target":11,"source":3,"value":152413},{"target":12,"source":3,"value":421},{"target":13,"source":3,"value":720025},{"target":14,"source":4,"value":194231},{"target":15,"source":4,"value":0},{"target":16,"source":4,"value":509},{"target":17,"source":7,"value":251813},{"target":18,"source":7,"value":6250},{"target":19,"source":7,"value":3083},{"target":20,"source":7,"value":9419},{"target":21,"source":13,"value":701968},{"target":22,"source":13,"value":7036},{"target":23,"source":13,"value":1345},{"target":24,"source":13,"value":9676}],"Yukon":[{"target":1,"source":0,"value":3792},{"target":2,"source":0,"value":215},{"target":3,"source":0,"value":2880},{"target":4,"source":0,"value":321},{"target":5,"source":1,"value":23},{"target":6,"source":1,"value":0},{"target":7,"source":1,"value":3769},{"target":8,"source":2,"value":0},{"target":9,"source":2,"value":0},{"target":10,"source":2,"value":215},{"target":11,"source":3,"value":22},{"target":12,"source":3,"value":0},{"target":13,"source":3,"value":2858},{"target":14,"source":4,"value":321},{"target":15,"source":4,"value":0},{"target":16,"source":4,"value":0},{"target":17,"source":7,"value":3666},{"target":18,"source":7,"value":102},{"target":19,"source":7,"value":0},{"target":20,"source":7,"value":1},{"target":21,"source":13,"value":2823},{"target":22,"source":13,"value":33},{"target":23,"source":13,"value":0},{"target":24,"source":13,"value":2}],"Nunavut":[{"target":1,"source":0,"value":71},{"target":2,"source":0,"value":53},{"target":3,"source":0,"value":35},{"target":4,"source":0,"value":410},{"target":5,"source":1,"value":71},{"target":6,"source":1,"value":0},{"target":7,"source":1,"value":0},{"target":8,"source":2,"value":53},{"target":9,"source":2,"value":0},{"target":10,"source":2,"value":".."},{"target":11,"source":3,"value":35},{"target":12,"source":3,"value":0},{"target":13,"source":3,"value":0},{"target":14,"source":4,"value":410},{"target":15,"source":4,"value":0},{"target":16,"source":4,"value":".."},{"target":17,"source":7,"value":".."},{"target":18,"source":7,"value":".."},{"target":19,"source":7,"value":".."},{"target":20,"source":7,"value":0},{"target":21,"source":13,"value":".."},{"target":22,"source":13,"value":".."},{"target":23,"source":13,"value":".."},{"target":24,"source":13,"value":0}],"nodes":[{"node":0,"name":"intl"},{"node":1,"name":"USres"},{"node":2,"name":"nonUSres"},{"node":3,"name":"cdnFromUS"},{"node":4,"name":"cdnFromOther"},{"node":5,"name":"USres_air"},{"node":6,"name":"USres_marine"},{"node":7,"name":"USres_land"},{"node":8,"name":"nonUSres_air"},{"node":9,"name":"nonUSres_marine"},{"node":10,"name":"nonUSres_land"},{"node":11,"name":"cdnFromUS_air"},{"node":12,"name":"cdnFromUS_marine"},{"node":13,"name":"cdnFromUS_land"},{"node":14,"name":"cdnFromOther_air"},{"node":15,"name":"cdnFromOther_marine"},{"node":16,"name":"cdnFromOther_land"},{"node":17,"name":"USres_car"},{"node":18,"name":"USres_bus"},{"node":19,"name":"USres_train"},{"node":20,"name":"USres_other"},{"node":21,"name":"cdnFromUS_car"},{"node":22,"name":"cdnFromUS_bus"},{"node":23,"name":"cdnFromUS_train"},{"node":24,"name":"cdnFromUS_other"}]}