{"Canada":[{"target":1,"source":0,"value":1592262},{"target":2,"source":0,"value":433733},{"target":3,"source":0,"value":3005257},{"target":4,"source":0,"value":951494},{"target":5,"source":1,"value":387935},{"target":6,"source":1,"value":354},{"target":7,"source":1,"value":1203973},{"target":8,"source":2,"value":400269},{"target":9,"source":2,"value":139},{"target":10,"source":2,"value":33325},{"target":11,"source":3,"value":641787},{"target":12,"source":3,"value":102},{"target":13,"source":3,"value":2363368},{"target":14,"source":4,"value":951213},{"target":15,"source":4,"value":4},{"target":16,"source":4,"value":277},{"target":17,"source":7,"value":1133259},{"target":18,"source":7,"value":45419},{"target":19,"source":7,"value":5726},{"target":20,"source":7,"value":19569},{"target":21,"source":13,"value":2292699},{"target":22,"source":13,"value":55040},{"target":23,"source":13,"value":2520},{"target":24,"source":13,"value":13109}],"Newfoundland and Labrador":[{"target":1,"source":0,"value":1444},{"target":2,"source":0,"value":1812},{"target":3,"source":0,"value":444},{"target":4,"source":0,"value":776},{"target":5,"source":1,"value":1444},{"target":6,"source":1,"value":0},{"target":7,"source":1,"value":0},{"target":8,"source":2,"value":1741},{"target":9,"source":2,"value":71},{"target":10,"source":2,"value":0},{"target":11,"source":3,"value":444},{"target":12,"source":3,"value":0},{"target":13,"source":3,"value":0},{"target":14,"source":4,"value":773},{"target":15,"source":4,"value":3},{"target":16,"source":4,"value":0},{"target":17,"source":7,"value":0},{"target":18,"source":7,"value":0},{"target":19,"source":7,"value":0},{"target":20,"source":7,"value":0},{"target":21,"source":13,"value":0},{"target":22,"source":13,"value":0},{"target":23,"source":13,"value":0},{"target":24,"source":13,"value":0}],"Prince Edward Island":[{"target":1,"source":0,"value":0},{"target":2,"source":0,"value":1},{"target":3,"source":0,"value":140},{"target":4,"source":0,"value":0},{"target":5,"source":1,"value":0},{"target":6,"source":1,"value":0},{"target":7,"source":1,"value":0},{"target":8,"source":2,"value":1},{"target":9,"source":2,"value":0},{"target":10,"source":2,"value":0},{"target":11,"source":3,"value":140},{"target":12,"source":3,"value":0},{"target":13,"source":3,"value":0},{"target":14,"source":4,"value":0},{"target":15,"source":4,"value":0},{"target":16,"source":4,"value":0},{"target":17,"source":7,"value":0},{"target":18,"source":7,"value":0},{"target":19,"source":7,"value":0},{"target":20,"source":7,"value":0},{"target":21,"source":13,"value":0},{"target":22,"source":13,"value":0},{"target":23,"source":13,"value":0},{"target":24,"source":13,"value":0}],"Nova Scotia":[{"target":1,"source":0,"value":3571},{"target":2,"source":0,"value":2157},{"target":3,"source":0,"value":6672},{"target":4,"source":0,"value":2776},{"target":5,"source":1,"value":3571},{"target":6,"source":1,"value":0},{"target":7,"source":1,"value":0},{"target":8,"source":2,"value":2145},{"target":9,"source":2,"value":12},{"target":10,"source":2,"value":0},{"target":11,"source":3,"value":6672},{"target":12,"source":3,"value":0},{"target":13,"source":3,"value":0},{"target":14,"source":4,"value":2775},{"target":15,"source":4,"value":1},{"target":16,"source":4,"value":0},{"target":17,"source":7,"value":0},{"target":18,"source":7,"value":0},{"target":19,"source":7,"value":0},{"target":20,"source":7,"value":0},{"target":21,"source":13,"value":0},{"target":22,"source":13,"value":0},{"target":23,"source":13,"value":0},{"target":24,"source":13,"value":0}],"New Brunswick":[{"target":1,"source":0,"value":48937},{"target":2,"source":0,"value":93},{"target":3,"source":0,"value":179250},{"target":4,"source":0,"value":506},{"target":5,"source":1,"value":44},{"target":6,"source":1,"value":1},{"target":7,"source":1,"value":48892},{"target":8,"source":2,"value":25},{"target":9,"source":2,"value":0},{"target":10,"source":2,"value":68},{"target":11,"source":3,"value":185},{"target":12,"source":3,"value":0},{"target":13,"source":3,"value":179065},{"target":14,"source":4,"value":506},{"target":15,"source":4,"value":0},{"target":16,"source":4,"value":0},{"target":17,"source":7,"value":48539},{"target":18,"source":7,"value":219},{"target":19,"source":7,"value":0},{"target":20,"source":7,"value":134},{"target":21,"source":13,"value":177821},{"target":22,"source":13,"value":902},{"target":23,"source":13,"value":0},{"target":24,"source":13,"value":342}],"Quebec":[{"target":1,"source":0,"value":190794},{"target":2,"source":0,"value":77704},{"target":3,"source":0,"value":274432},{"target":4,"source":0,"value":178581},{"target":5,"source":1,"value":59379},{"target":6,"source":1,"value":1},{"target":7,"source":1,"value":131414},{"target":8,"source":2,"value":74563},{"target":9,"source":2,"value":27},{"target":10,"source":2,"value":3114},{"target":11,"source":3,"value":85844},{"target":12,"source":3,"value":0},{"target":13,"source":3,"value":188588},{"target":14,"source":4,"value":178581},{"target":15,"source":4,"value":0},{"target":16,"source":4,"value":0},{"target":17,"source":7,"value":124206},{"target":18,"source":7,"value":5639},{"target":19,"source":7,"value":1477},{"target":20,"source":7,"value":92},{"target":21,"source":13,"value":177922},{"target":22,"source":13,"value":9568},{"target":23,"source":13,"value":870},{"target":24,"source":13,"value":228}],"Ontario":[{"target":1,"source":0,"value":874069},{"target":2,"source":0,"value":193434},{"target":3,"source":0,"value":1513292},{"target":4,"source":0,"value":490197},{"target":5,"source":1,"value":194542},{"target":6,"source":1,"value":240},{"target":7,"source":1,"value":679287},{"target":8,"source":2,"value":184735},{"target":9,"source":2,"value":2},{"target":10,"source":2,"value":8697},{"target":11,"source":3,"value":292165},{"target":12,"source":3,"value":16},{"target":13,"source":3,"value":1221111},{"target":14,"source":4,"value":490197},{"target":15,"source":4,"value":0},{"target":16,"source":4,"value":0},{"target":17,"source":7,"value":639648},{"target":18,"source":7,"value":34355},{"target":19,"source":7,"value":504},{"target":20,"source":7,"value":4780},{"target":21,"source":13,"value":1182335},{"target":22,"source":13,"value":35192},{"target":23,"source":13,"value":272},{"target":24,"source":13,"value":3312}],"Manitoba":[{"target":1,"source":0,"value":18713},{"target":2,"source":0,"value":487},{"target":3,"source":0,"value":70666},{"target":4,"source":0,"value":9497},{"target":5,"source":1,"value":3555},{"target":6,"source":1,"value":0},{"target":7,"source":1,"value":15158},{"target":8,"source":2,"value":473},{"target":9,"source":2,"value":0},{"target":10,"source":2,"value":14},{"target":11,"source":3,"value":11406},{"target":12,"source":3,"value":0},{"target":13,"source":3,"value":59260},{"target":14,"source":4,"value":9497},{"target":15,"source":4,"value":0},{"target":16,"source":4,"value":0},{"target":17,"source":7,"value":14978},{"target":18,"source":7,"value":177},{"target":19,"source":7,"value":0},{"target":20,"source":7,"value":3},{"target":21,"source":13,"value":57353},{"target":22,"source":13,"value":1906},{"target":23,"source":13,"value":0},{"target":24,"source":13,"value":1}],"Saskatchewan":[{"target":1,"source":0,"value":6207},{"target":2,"source":0,"value":166},{"target":3,"source":0,"value":26479},{"target":4,"source":0,"value":9952},{"target":5,"source":1,"value":1465},{"target":6,"source":1,"value":0},{"target":7,"source":1,"value":4742},{"target":8,"source":2,"value":105},{"target":9,"source":2,"value":0},{"target":10,"source":2,"value":61},{"target":11,"source":3,"value":9085},{"target":12,"source":3,"value":0},{"target":13,"source":3,"value":17394},{"target":14,"source":4,"value":9952},{"target":15,"source":4,"value":0},{"target":16,"source":4,"value":0},{"target":17,"source":7,"value":4706},{"target":18,"source":7,"value":30},{"target":19,"source":7,"value":0},{"target":20,"source":7,"value":6},{"target":21,"source":13,"value":17122},{"target":22,"source":13,"value":267},{"target":23,"source":13,"value":0},{"target":24,"source":13,"value":5}],"Alberta":[{"target":1,"source":0,"value":47307},{"target":2,"source":0,"value":25299},{"target":3,"source":0,"value":136245},{"target":4,"source":0,"value":92833},{"target":5,"source":1,"value":39143},{"target":6,"source":1,"value":0},{"target":7,"source":1,"value":8164},{"target":8,"source":2,"value":25231},{"target":9,"source":2,"value":0},{"target":10,"source":2,"value":68},{"target":11,"source":3,"value":107567},{"target":12,"source":3,"value":0},{"target":13,"source":3,"value":28678},{"target":14,"source":4,"value":92833},{"target":15,"source":4,"value":0},{"target":16,"source":4,"value":0},{"target":17,"source":7,"value":8159},{"target":18,"source":7,"value":0},{"target":19,"source":7,"value":0},{"target":20,"source":7,"value":5},{"target":21,"source":13,"value":28574},{"target":22,"source":13,"value":95},{"target":23,"source":13,"value":0},{"target":24,"source":13,"value":9}],"British Columbia":[{"target":1,"source":0,"value":399053},{"target":2,"source":0,"value":132504},{"target":3,"source":0,"value":796329},{"target":4,"source":0,"value":166374},{"target":5,"source":1,"value":84733},{"target":6,"source":1,"value":112},{"target":7,"source":1,"value":314208},{"target":8,"source":2,"value":111205},{"target":9,"source":2,"value":27},{"target":10,"source":2,"value":21272},{"target":11,"source":3,"value":128265},{"target":12,"source":3,"value":86},{"target":13,"source":3,"value":667978},{"target":14,"source":4,"value":166097},{"target":15,"source":4,"value":0},{"target":16,"source":4,"value":277},{"target":17,"source":7,"value":290915},{"target":18,"source":7,"value":4999},{"target":19,"source":7,"value":3745},{"target":20,"source":7,"value":14549},{"target":21,"source":13,"value":650296},{"target":22,"source":13,"value":7092},{"target":23,"source":13,"value":1378},{"target":24,"source":13,"value":9212}],"Yukon":[{"target":1,"source":0,"value":2112},{"target":2,"source":0,"value":35},{"target":3,"source":0,"value":1294},{"target":4,"source":0,"value":0},{"target":5,"source":1,"value":4},{"target":6,"source":1,"value":0},{"target":7,"source":1,"value":2108},{"target":8,"source":2,"value":4},{"target":9,"source":2,"value":0},{"target":10,"source":2,"value":31},{"target":11,"source":3,"value":0},{"target":12,"source":3,"value":0},{"target":13,"source":3,"value":1294},{"target":14,"source":4,"value":0},{"target":15,"source":4,"value":0},{"target":16,"source":4,"value":0},{"target":17,"source":7,"value":2108},{"target":18,"source":7,"value":0},{"target":19,"source":7,"value":0},{"target":20,"source":7,"value":0},{"target":21,"source":13,"value":1276},{"target":22,"source":13,"value":18},{"target":23,"source":13,"value":0},{"target":24,"source":13,"value":0}],"Nunavut":[{"target":1,"source":0,"value":55},{"target":2,"source":0,"value":41},{"target":3,"source":0,"value":14},{"target":4,"source":0,"value":2},{"target":5,"source":1,"value":55},{"target":6,"source":1,"value":0},{"target":7,"source":1,"value":0},{"target":8,"source":2,"value":41},{"target":9,"source":2,"value":0},{"target":10,"source":2,"value":".."},{"target":11,"source":3,"value":14},{"target":12,"source":3,"value":0},{"target":13,"source":3,"value":0},{"target":14,"source":4,"value":2},{"target":15,"source":4,"value":0},{"target":16,"source":4,"value":".."},{"target":17,"source":7,"value":".."},{"target":18,"source":7,"value":".."},{"target":19,"source":7,"value":".."},{"target":20,"source":7,"value":0},{"target":21,"source":13,"value":".."},{"target":22,"source":13,"value":".."},{"target":23,"source":13,"value":".."},{"target":24,"source":13,"value":0}],"nodes":[{"node":0,"name":"intl"},{"node":1,"name":"USres"},{"node":2,"name":"nonUSres"},{"node":3,"name":"cdnFromUS"},{"node":4,"name":"cdnFromOther"},{"node":5,"name":"USres_air"},{"node":6,"name":"USres_marine"},{"node":7,"name":"USres_land"},{"node":8,"name":"nonUSres_air"},{"node":9,"name":"nonUSres_marine"},{"node":10,"name":"nonUSres_land"},{"node":11,"name":"cdnFromUS_air"},{"node":12,"name":"cdnFromUS_marine"},{"node":13,"name":"cdnFromUS_land"},{"node":14,"name":"cdnFromOther_air"},{"node":15,"name":"cdnFromOther_marine"},{"node":16,"name":"cdnFromOther_land"},{"node":17,"name":"USres_car"},{"node":18,"name":"USres_bus"},{"node":19,"name":"USres_train"},{"node":20,"name":"USres_other"},{"node":21,"name":"cdnFromUS_car"},{"node":22,"name":"cdnFromUS_bus"},{"node":23,"name":"cdnFromUS_train"},{"node":24,"name":"cdnFromUS_other"}]}