{"Canada":[{"target":1,"source":0,"value":1507640},{"target":2,"source":0,"value":341326},{"target":3,"source":0,"value":3335607},{"target":4,"source":0,"value":1140176},{"target":5,"source":1,"value":341987},{"target":6,"source":1,"value":15410},{"target":7,"source":1,"value":1150243},{"target":8,"source":2,"value":297591},{"target":9,"source":2,"value":2479},{"target":10,"source":2,"value":41256},{"target":11,"source":3,"value":755725},{"target":12,"source":3,"value":9062},{"target":13,"source":3,"value":2570820},{"target":14,"source":4,"value":1139657},{"target":15,"source":4,"value":223},{"target":16,"source":4,"value":296},{"target":17,"source":7,"value":1074411},{"target":18,"source":7,"value":49050},{"target":19,"source":7,"value":5558},{"target":20,"source":7,"value":21224},{"target":21,"source":13,"value":2489839},{"target":22,"source":13,"value":62152},{"target":23,"source":13,"value":2083},{"target":24,"source":13,"value":16746}],"Newfoundland and Labrador":[{"target":1,"source":0,"value":793},{"target":2,"source":0,"value":1841},{"target":3,"source":0,"value":2758},{"target":4,"source":0,"value":5301},{"target":5,"source":1,"value":788},{"target":6,"source":1,"value":5},{"target":7,"source":1,"value":0},{"target":8,"source":2,"value":1557},{"target":9,"source":2,"value":284},{"target":10,"source":2,"value":0},{"target":11,"source":3,"value":2758},{"target":12,"source":3,"value":0},{"target":13,"source":3,"value":0},{"target":14,"source":4,"value":5078},{"target":15,"source":4,"value":223},{"target":16,"source":4,"value":0},{"target":17,"source":7,"value":0},{"target":18,"source":7,"value":0},{"target":19,"source":7,"value":0},{"target":20,"source":7,"value":0},{"target":21,"source":13,"value":0},{"target":22,"source":13,"value":0},{"target":23,"source":13,"value":0},{"target":24,"source":13,"value":0}],"Prince Edward Island":[{"target":1,"source":0,"value":15},{"target":2,"source":0,"value":0},{"target":3,"source":0,"value":6},{"target":4,"source":0,"value":1150},{"target":5,"source":1,"value":15},{"target":6,"source":1,"value":0},{"target":7,"source":1,"value":0},{"target":8,"source":2,"value":0},{"target":9,"source":2,"value":0},{"target":10,"source":2,"value":0},{"target":11,"source":3,"value":6},{"target":12,"source":3,"value":0},{"target":13,"source":3,"value":0},{"target":14,"source":4,"value":1150},{"target":15,"source":4,"value":0},{"target":16,"source":4,"value":0},{"target":17,"source":7,"value":0},{"target":18,"source":7,"value":0},{"target":19,"source":7,"value":0},{"target":20,"source":7,"value":0},{"target":21,"source":13,"value":0},{"target":22,"source":13,"value":0},{"target":23,"source":13,"value":0},{"target":24,"source":13,"value":0}],"Nova Scotia":[{"target":1,"source":0,"value":3325},{"target":2,"source":0,"value":2106},{"target":3,"source":0,"value":16925},{"target":4,"source":0,"value":29148},{"target":5,"source":1,"value":2417},{"target":6,"source":1,"value":908},{"target":7,"source":1,"value":0},{"target":8,"source":2,"value":1953},{"target":9,"source":2,"value":153},{"target":10,"source":2,"value":0},{"target":11,"source":3,"value":16744},{"target":12,"source":3,"value":181},{"target":13,"source":3,"value":0},{"target":14,"source":4,"value":29148},{"target":15,"source":4,"value":0},{"target":16,"source":4,"value":0},{"target":17,"source":7,"value":0},{"target":18,"source":7,"value":0},{"target":19,"source":7,"value":0},{"target":20,"source":7,"value":0},{"target":21,"source":13,"value":0},{"target":22,"source":13,"value":0},{"target":23,"source":13,"value":0},{"target":24,"source":13,"value":0}],"New Brunswick":[{"target":1,"source":0,"value":49620},{"target":2,"source":0,"value":135},{"target":3,"source":0,"value":181058},{"target":4,"source":0,"value":11078},{"target":5,"source":1,"value":103},{"target":6,"source":1,"value":0},{"target":7,"source":1,"value":49517},{"target":8,"source":2,"value":25},{"target":9,"source":2,"value":6},{"target":10,"source":2,"value":104},{"target":11,"source":3,"value":2388},{"target":12,"source":3,"value":0},{"target":13,"source":3,"value":178670},{"target":14,"source":4,"value":11078},{"target":15,"source":4,"value":0},{"target":16,"source":4,"value":0},{"target":17,"source":7,"value":49139},{"target":18,"source":7,"value":157},{"target":19,"source":7,"value":0},{"target":20,"source":7,"value":221},{"target":21,"source":13,"value":177612},{"target":22,"source":13,"value":528},{"target":23,"source":13,"value":0},{"target":24,"source":13,"value":530}],"Quebec":[{"target":1,"source":0,"value":174705},{"target":2,"source":0,"value":59612},{"target":3,"source":0,"value":344907},{"target":4,"source":0,"value":230638},{"target":5,"source":1,"value":52754},{"target":6,"source":1,"value":15},{"target":7,"source":1,"value":121936},{"target":8,"source":2,"value":56139},{"target":9,"source":2,"value":18},{"target":10,"source":2,"value":3455},{"target":11,"source":3,"value":109425},{"target":12,"source":3,"value":2},{"target":13,"source":3,"value":235480},{"target":14,"source":4,"value":230638},{"target":15,"source":4,"value":0},{"target":16,"source":4,"value":0},{"target":17,"source":7,"value":112518},{"target":18,"source":7,"value":7993},{"target":19,"source":7,"value":1316},{"target":20,"source":7,"value":109},{"target":21,"source":13,"value":219517},{"target":22,"source":13,"value":14402},{"target":23,"source":13,"value":748},{"target":24,"source":13,"value":813}],"Ontario":[{"target":1,"source":0,"value":834097},{"target":2,"source":0,"value":157594},{"target":3,"source":0,"value":1622402},{"target":4,"source":0,"value":567271},{"target":5,"source":1,"value":172433},{"target":6,"source":1,"value":6223},{"target":7,"source":1,"value":655441},{"target":8,"source":2,"value":139586},{"target":9,"source":2,"value":1},{"target":10,"source":2,"value":18007},{"target":11,"source":3,"value":346517},{"target":12,"source":3,"value":255},{"target":13,"source":3,"value":1275630},{"target":14,"source":4,"value":567271},{"target":15,"source":4,"value":0},{"target":16,"source":4,"value":0},{"target":17,"source":7,"value":612588},{"target":18,"source":7,"value":34284},{"target":19,"source":7,"value":885},{"target":20,"source":7,"value":7684},{"target":21,"source":13,"value":1235721},{"target":22,"source":13,"value":34736},{"target":23,"source":13,"value":168},{"target":24,"source":13,"value":5005}],"Manitoba":[{"target":1,"source":0,"value":18819},{"target":2,"source":0,"value":631},{"target":3,"source":0,"value":97256},{"target":4,"source":0,"value":10818},{"target":5,"source":1,"value":3798},{"target":6,"source":1,"value":0},{"target":7,"source":1,"value":15021},{"target":8,"source":2,"value":502},{"target":9,"source":2,"value":0},{"target":10,"source":2,"value":129},{"target":11,"source":3,"value":15589},{"target":12,"source":3,"value":0},{"target":13,"source":3,"value":81667},{"target":14,"source":4,"value":10818},{"target":15,"source":4,"value":0},{"target":16,"source":4,"value":0},{"target":17,"source":7,"value":14553},{"target":18,"source":7,"value":446},{"target":19,"source":7,"value":0},{"target":20,"source":7,"value":22},{"target":21,"source":13,"value":78969},{"target":22,"source":13,"value":2628},{"target":23,"source":13,"value":0},{"target":24,"source":13,"value":70}],"Saskatchewan":[{"target":1,"source":0,"value":7037},{"target":2,"source":0,"value":210},{"target":3,"source":0,"value":34714},{"target":4,"source":0,"value":7348},{"target":5,"source":1,"value":1877},{"target":6,"source":1,"value":0},{"target":7,"source":1,"value":5160},{"target":8,"source":2,"value":153},{"target":9,"source":2,"value":0},{"target":10,"source":2,"value":57},{"target":11,"source":3,"value":11464},{"target":12,"source":3,"value":0},{"target":13,"source":3,"value":23250},{"target":14,"source":4,"value":7348},{"target":15,"source":4,"value":0},{"target":16,"source":4,"value":0},{"target":17,"source":7,"value":5104},{"target":18,"source":7,"value":32},{"target":19,"source":7,"value":0},{"target":20,"source":7,"value":24},{"target":21,"source":13,"value":22770},{"target":22,"source":13,"value":380},{"target":23,"source":13,"value":0},{"target":24,"source":13,"value":100}],"Alberta":[{"target":1,"source":0,"value":38125},{"target":2,"source":0,"value":13658},{"target":3,"source":0,"value":189453},{"target":4,"source":0,"value":103226},{"target":5,"source":1,"value":29573},{"target":6,"source":1,"value":0},{"target":7,"source":1,"value":8552},{"target":8,"source":2,"value":13436},{"target":9,"source":2,"value":0},{"target":10,"source":2,"value":222},{"target":11,"source":3,"value":130536},{"target":12,"source":3,"value":0},{"target":13,"source":3,"value":58917},{"target":14,"source":4,"value":103226},{"target":15,"source":4,"value":0},{"target":16,"source":4,"value":0},{"target":17,"source":7,"value":8438},{"target":18,"source":7,"value":100},{"target":19,"source":7,"value":0},{"target":20,"source":7,"value":14},{"target":21,"source":13,"value":58561},{"target":22,"source":13,"value":264},{"target":23,"source":13,"value":0},{"target":24,"source":13,"value":92}],"British Columbia":[{"target":1,"source":0,"value":376470},{"target":2,"source":0,"value":105252},{"target":3,"source":0,"value":843280},{"target":4,"source":0,"value":174198},{"target":5,"source":1,"value":78174},{"target":6,"source":1,"value":8259},{"target":7,"source":1,"value":290037},{"target":8,"source":2,"value":84198},{"target":9,"source":2,"value":2017},{"target":10,"source":2,"value":19037},{"target":11,"source":3,"value":120256},{"target":12,"source":3,"value":8624},{"target":13,"source":3,"value":714400},{"target":14,"source":4,"value":173902},{"target":15,"source":4,"value":0},{"target":16,"source":4,"value":296},{"target":17,"source":7,"value":267709},{"target":18,"source":7,"value":5879},{"target":19,"source":7,"value":3301},{"target":20,"source":7,"value":13148},{"target":21,"source":13,"value":693896},{"target":22,"source":13,"value":9212},{"target":23,"source":13,"value":1164},{"target":24,"source":13,"value":10128}],"Yukon":[{"target":1,"source":0,"value":4600},{"target":2,"source":0,"value":251},{"target":3,"source":0,"value":2828},{"target":4,"source":0,"value":0},{"target":5,"source":1,"value":21},{"target":6,"source":1,"value":0},{"target":7,"source":1,"value":4579},{"target":8,"source":2,"value":6},{"target":9,"source":2,"value":0},{"target":10,"source":2,"value":245},{"target":11,"source":3,"value":22},{"target":12,"source":3,"value":0},{"target":13,"source":3,"value":2806},{"target":14,"source":4,"value":0},{"target":15,"source":4,"value":0},{"target":16,"source":4,"value":0},{"target":17,"source":7,"value":4362},{"target":18,"source":7,"value":159},{"target":19,"source":7,"value":56},{"target":20,"source":7,"value":2},{"target":21,"source":13,"value":2793},{"target":22,"source":13,"value":2},{"target":23,"source":13,"value":3},{"target":24,"source":13,"value":8}],"Nunavut":[{"target":1,"source":0,"value":34},{"target":2,"source":0,"value":36},{"target":3,"source":0,"value":20},{"target":4,"source":0,"value":0},{"target":5,"source":1,"value":34},{"target":6,"source":1,"value":0},{"target":7,"source":1,"value":0},{"target":8,"source":2,"value":36},{"target":9,"source":2,"value":0},{"target":10,"source":2,"value":".."},{"target":11,"source":3,"value":20},{"target":12,"source":3,"value":0},{"target":13,"source":3,"value":0},{"target":14,"source":4,"value":0},{"target":15,"source":4,"value":0},{"target":16,"source":4,"value":".."},{"target":17,"source":7,"value":".."},{"target":18,"source":7,"value":".."},{"target":19,"source":7,"value":".."},{"target":20,"source":7,"value":0},{"target":21,"source":13,"value":".."},{"target":22,"source":13,"value":".."},{"target":23,"source":13,"value":".."},{"target":24,"source":13,"value":0}],"nodes":[{"node":0,"name":"intl"},{"node":1,"name":"USres"},{"node":2,"name":"nonUSres"},{"node":3,"name":"cdnFromUS"},{"node":4,"name":"cdnFromOther"},{"node":5,"name":"USres_air"},{"node":6,"name":"USres_marine"},{"node":7,"name":"USres_land"},{"node":8,"name":"nonUSres_air"},{"node":9,"name":"nonUSres_marine"},{"node":10,"name":"nonUSres_land"},{"node":11,"name":"cdnFromUS_air"},{"node":12,"name":"cdnFromUS_marine"},{"node":13,"name":"cdnFromUS_land"},{"node":14,"name":"cdnFromOther_air"},{"node":15,"name":"cdnFromOther_marine"},{"node":16,"name":"cdnFromOther_land"},{"node":17,"name":"USres_car"},{"node":18,"name":"USres_bus"},{"node":19,"name":"USres_train"},{"node":20,"name":"USres_other"},{"node":21,"name":"cdnFromUS_car"},{"node":22,"name":"cdnFromUS_bus"},{"node":23,"name":"cdnFromUS_train"},{"node":24,"name":"cdnFromUS_other"}]}