{"Canada":[{"target":1,"source":0,"value":1785403},{"target":2,"source":0,"value":488448},{"target":3,"source":0,"value":3418760},{"target":4,"source":0,"value":844616},{"target":5,"source":1,"value":413400},{"target":6,"source":1,"value":68355},{"target":7,"source":1,"value":1303648},{"target":8,"source":2,"value":408252},{"target":9,"source":2,"value":13790},{"target":10,"source":2,"value":66406},{"target":11,"source":3,"value":639823},{"target":12,"source":3,"value":12606},{"target":13,"source":3,"value":2766331},{"target":14,"source":4,"value":844252},{"target":15,"source":4,"value":189},{"target":16,"source":4,"value":175},{"target":17,"source":7,"value":1210720},{"target":18,"source":7,"value":61604},{"target":19,"source":7,"value":5678},{"target":20,"source":7,"value":25646},{"target":21,"source":13,"value":2668891},{"target":22,"source":13,"value":75011},{"target":23,"source":13,"value":2592},{"target":24,"source":13,"value":19837}],"Newfoundland and Labrador":[{"target":1,"source":0,"value":1577},{"target":2,"source":0,"value":3648},{"target":3,"source":0,"value":1199},{"target":4,"source":0,"value":5408},{"target":5,"source":1,"value":1565},{"target":6,"source":1,"value":12},{"target":7,"source":1,"value":0},{"target":8,"source":2,"value":2914},{"target":9,"source":2,"value":734},{"target":10,"source":2,"value":0},{"target":11,"source":3,"value":1199},{"target":12,"source":3,"value":0},{"target":13,"source":3,"value":0},{"target":14,"source":4,"value":5220},{"target":15,"source":4,"value":188},{"target":16,"source":4,"value":0},{"target":17,"source":7,"value":0},{"target":18,"source":7,"value":0},{"target":19,"source":7,"value":0},{"target":20,"source":7,"value":0},{"target":21,"source":13,"value":0},{"target":22,"source":13,"value":0},{"target":23,"source":13,"value":0},{"target":24,"source":13,"value":0}],"Prince Edward Island":[{"target":1,"source":0,"value":43},{"target":2,"source":0,"value":14},{"target":3,"source":0,"value":18},{"target":4,"source":0,"value":3},{"target":5,"source":1,"value":43},{"target":6,"source":1,"value":0},{"target":7,"source":1,"value":0},{"target":8,"source":2,"value":14},{"target":9,"source":2,"value":0},{"target":10,"source":2,"value":0},{"target":11,"source":3,"value":18},{"target":12,"source":3,"value":0},{"target":13,"source":3,"value":0},{"target":14,"source":4,"value":3},{"target":15,"source":4,"value":0},{"target":16,"source":4,"value":0},{"target":17,"source":7,"value":0},{"target":18,"source":7,"value":0},{"target":19,"source":7,"value":0},{"target":20,"source":7,"value":0},{"target":21,"source":13,"value":0},{"target":22,"source":13,"value":0},{"target":23,"source":13,"value":0},{"target":24,"source":13,"value":0}],"Nova Scotia":[{"target":1,"source":0,"value":28954},{"target":2,"source":0,"value":12421},{"target":3,"source":0,"value":6978},{"target":4,"source":0,"value":5336},{"target":5,"source":1,"value":5313},{"target":6,"source":1,"value":23562},{"target":7,"source":1,"value":79},{"target":8,"source":2,"value":3322},{"target":9,"source":2,"value":9096},{"target":10,"source":2,"value":3},{"target":11,"source":3,"value":5477},{"target":12,"source":3,"value":1479},{"target":13,"source":3,"value":22},{"target":14,"source":4,"value":5336},{"target":15,"source":4,"value":0},{"target":16,"source":4,"value":0},{"target":17,"source":7,"value":73},{"target":18,"source":7,"value":0},{"target":19,"source":7,"value":0},{"target":20,"source":7,"value":6},{"target":21,"source":13,"value":10},{"target":22,"source":13,"value":0},{"target":23,"source":13,"value":0},{"target":24,"source":13,"value":12}],"New Brunswick":[{"target":1,"source":0,"value":98646},{"target":2,"source":0,"value":2417},{"target":3,"source":0,"value":204263},{"target":4,"source":0,"value":18},{"target":5,"source":1,"value":126},{"target":6,"source":1,"value":32101},{"target":7,"source":1,"value":66419},{"target":8,"source":2,"value":28},{"target":9,"source":2,"value":1975},{"target":10,"source":2,"value":414},{"target":11,"source":3,"value":232},{"target":12,"source":3,"value":1021},{"target":13,"source":3,"value":203010},{"target":14,"source":4,"value":18},{"target":15,"source":4,"value":0},{"target":16,"source":4,"value":0},{"target":17,"source":7,"value":65566},{"target":18,"source":7,"value":593},{"target":19,"source":7,"value":0},{"target":20,"source":7,"value":260},{"target":21,"source":13,"value":199952},{"target":22,"source":13,"value":2203},{"target":23,"source":13,"value":0},{"target":24,"source":13,"value":855}],"Quebec":[{"target":1,"source":0,"value":204995},{"target":2,"source":0,"value":95534},{"target":3,"source":0,"value":386485},{"target":4,"source":0,"value":174857},{"target":5,"source":1,"value":69559},{"target":6,"source":1,"value":60},{"target":7,"source":1,"value":135376},{"target":8,"source":2,"value":85792},{"target":9,"source":2,"value":34},{"target":10,"source":2,"value":9708},{"target":11,"source":3,"value":84223},{"target":12,"source":3,"value":609},{"target":13,"source":3,"value":301653},{"target":14,"source":4,"value":174856},{"target":15,"source":4,"value":1},{"target":16,"source":4,"value":0},{"target":17,"source":7,"value":125769},{"target":18,"source":7,"value":7529},{"target":19,"source":7,"value":1839},{"target":20,"source":7,"value":239},{"target":21,"source":13,"value":279877},{"target":22,"source":13,"value":18443},{"target":23,"source":13,"value":871},{"target":24,"source":13,"value":2462}],"Ontario":[{"target":1,"source":0,"value":1026802},{"target":2,"source":0,"value":235893},{"target":3,"source":0,"value":1695570},{"target":4,"source":0,"value":470710},{"target":5,"source":1,"value":216301},{"target":6,"source":1,"value":5786},{"target":7,"source":1,"value":804715},{"target":8,"source":2,"value":200257},{"target":9,"source":2,"value":20},{"target":10,"source":2,"value":35616},{"target":11,"source":3,"value":298841},{"target":12,"source":3,"value":1289},{"target":13,"source":3,"value":1395440},{"target":14,"source":4,"value":470710},{"target":15,"source":4,"value":0},{"target":16,"source":4,"value":0},{"target":17,"source":7,"value":741768},{"target":18,"source":7,"value":47628},{"target":19,"source":7,"value":527},{"target":20,"source":7,"value":14792},{"target":21,"source":13,"value":1347170},{"target":22,"source":13,"value":41830},{"target":23,"source":13,"value":287},{"target":24,"source":13,"value":6153}],"Manitoba":[{"target":1,"source":0,"value":28723},{"target":2,"source":0,"value":661},{"target":3,"source":0,"value":90735},{"target":4,"source":0,"value":1322},{"target":5,"source":1,"value":6503},{"target":6,"source":1,"value":3},{"target":7,"source":1,"value":22217},{"target":8,"source":2,"value":555},{"target":9,"source":2,"value":0},{"target":10,"source":2,"value":106},{"target":11,"source":3,"value":9479},{"target":12,"source":3,"value":18},{"target":13,"source":3,"value":81238},{"target":14,"source":4,"value":1322},{"target":15,"source":4,"value":0},{"target":16,"source":4,"value":0},{"target":17,"source":7,"value":21792},{"target":18,"source":7,"value":406},{"target":19,"source":7,"value":0},{"target":20,"source":7,"value":19},{"target":21,"source":13,"value":77729},{"target":22,"source":13,"value":3320},{"target":23,"source":13,"value":0},{"target":24,"source":13,"value":189}],"Saskatchewan":[{"target":1,"source":0,"value":10776},{"target":2,"source":0,"value":137},{"target":3,"source":0,"value":26992},{"target":4,"source":0,"value":300},{"target":5,"source":1,"value":2358},{"target":6,"source":1,"value":0},{"target":7,"source":1,"value":8418},{"target":8,"source":2,"value":46},{"target":9,"source":2,"value":0},{"target":10,"source":2,"value":91},{"target":11,"source":3,"value":5051},{"target":12,"source":3,"value":0},{"target":13,"source":3,"value":21941},{"target":14,"source":4,"value":300},{"target":15,"source":4,"value":0},{"target":16,"source":4,"value":0},{"target":17,"source":7,"value":8408},{"target":18,"source":7,"value":0},{"target":19,"source":7,"value":0},{"target":20,"source":7,"value":10},{"target":21,"source":13,"value":20944},{"target":22,"source":13,"value":937},{"target":23,"source":13,"value":0},{"target":24,"source":13,"value":60}],"Alberta":[{"target":1,"source":0,"value":46047},{"target":2,"source":0,"value":19206},{"target":3,"source":0,"value":149670},{"target":4,"source":0,"value":57306},{"target":5,"source":1,"value":36541},{"target":6,"source":1,"value":0},{"target":7,"source":1,"value":9506},{"target":8,"source":2,"value":18969},{"target":9,"source":2,"value":0},{"target":10,"source":2,"value":237},{"target":11,"source":3,"value":115368},{"target":12,"source":3,"value":0},{"target":13,"source":3,"value":34302},{"target":14,"source":4,"value":57306},{"target":15,"source":4,"value":0},{"target":16,"source":4,"value":0},{"target":17,"source":7,"value":9376},{"target":18,"source":7,"value":108},{"target":19,"source":7,"value":0},{"target":20,"source":7,"value":22},{"target":21,"source":13,"value":33931},{"target":22,"source":13,"value":335},{"target":23,"source":13,"value":0},{"target":24,"source":13,"value":36}],"British Columbia":[{"target":1,"source":0,"value":332808},{"target":2,"source":0,"value":118232},{"target":3,"source":0,"value":853583},{"target":4,"source":0,"value":129337},{"target":5,"source":1,"value":75001},{"target":6,"source":1,"value":6831},{"target":7,"source":1,"value":250976},{"target":8,"source":2,"value":96290},{"target":9,"source":2,"value":1931},{"target":10,"source":2,"value":20011},{"target":11,"source":3,"value":119918},{"target":12,"source":3,"value":8190},{"target":13,"source":3,"value":725475},{"target":14,"source":4,"value":129162},{"target":15,"source":4,"value":0},{"target":16,"source":4,"value":175},{"target":17,"source":7,"value":232056},{"target":18,"source":7,"value":5314},{"target":19,"source":7,"value":3312},{"target":20,"source":7,"value":10294},{"target":21,"source":13,"value":706036},{"target":22,"source":13,"value":7936},{"target":23,"source":13,"value":1434},{"target":24,"source":13,"value":10069}],"Yukon":[{"target":1,"source":0,"value":5991},{"target":2,"source":0,"value":226},{"target":3,"source":0,"value":3255},{"target":4,"source":0,"value":0},{"target":5,"source":1,"value":49},{"target":6,"source":1,"value":0},{"target":7,"source":1,"value":5942},{"target":8,"source":2,"value":6},{"target":9,"source":2,"value":0},{"target":10,"source":2,"value":220},{"target":11,"source":3,"value":5},{"target":12,"source":3,"value":0},{"target":13,"source":3,"value":3250},{"target":14,"source":4,"value":0},{"target":15,"source":4,"value":0},{"target":16,"source":4,"value":0},{"target":17,"source":7,"value":5912},{"target":18,"source":7,"value":26},{"target":19,"source":7,"value":0},{"target":20,"source":7,"value":4},{"target":21,"source":13,"value":3242},{"target":22,"source":13,"value":7},{"target":23,"source":13,"value":0},{"target":24,"source":13,"value":1}],"Nunavut":[{"target":1,"source":0,"value":41},{"target":2,"source":0,"value":59},{"target":3,"source":0,"value":12},{"target":4,"source":0,"value":19},{"target":5,"source":1,"value":41},{"target":6,"source":1,"value":0},{"target":7,"source":1,"value":0},{"target":8,"source":2,"value":59},{"target":9,"source":2,"value":0},{"target":10,"source":2,"value":".."},{"target":11,"source":3,"value":12},{"target":12,"source":3,"value":0},{"target":13,"source":3,"value":0},{"target":14,"source":4,"value":19},{"target":15,"source":4,"value":0},{"target":16,"source":4,"value":".."},{"target":17,"source":7,"value":".."},{"target":18,"source":7,"value":".."},{"target":19,"source":7,"value":".."},{"target":20,"source":7,"value":0},{"target":21,"source":13,"value":".."},{"target":22,"source":13,"value":".."},{"target":23,"source":13,"value":".."},{"target":24,"source":13,"value":0}],"nodes":[{"node":0,"name":"intl"},{"node":1,"name":"USres"},{"node":2,"name":"nonUSres"},{"node":3,"name":"cdnFromUS"},{"node":4,"name":"cdnFromOther"},{"node":5,"name":"USres_air"},{"node":6,"name":"USres_marine"},{"node":7,"name":"USres_land"},{"node":8,"name":"nonUSres_air"},{"node":9,"name":"nonUSres_marine"},{"node":10,"name":"nonUSres_land"},{"node":11,"name":"cdnFromUS_air"},{"node":12,"name":"cdnFromUS_marine"},{"node":13,"name":"cdnFromUS_land"},{"node":14,"name":"cdnFromOther_air"},{"node":15,"name":"cdnFromOther_marine"},{"node":16,"name":"cdnFromOther_land"},{"node":17,"name":"USres_car"},{"node":18,"name":"USres_bus"},{"node":19,"name":"USres_train"},{"node":20,"name":"USres_other"},{"node":21,"name":"cdnFromUS_car"},{"node":22,"name":"cdnFromUS_bus"},{"node":23,"name":"cdnFromUS_train"},{"node":24,"name":"cdnFromUS_other"}]}