{"Canada":[{"target":1,"source":0,"value":2912046},{"target":2,"source":0,"value":797242},{"target":3,"source":0,"value":3260986},{"target":4,"source":0,"value":796986},{"target":5,"source":1,"value":728064},{"target":6,"source":1,"value":203405},{"target":7,"source":1,"value":1980577},{"target":8,"source":2,"value":670614},{"target":9,"source":2,"value":41307},{"target":10,"source":2,"value":85321},{"target":11,"source":3,"value":607941},{"target":12,"source":3,"value":16278},{"target":13,"source":3,"value":2636767},{"target":14,"source":4,"value":796357},{"target":15,"source":4,"value":385},{"target":16,"source":4,"value":244},{"target":17,"source":7,"value":1786193},{"target":18,"source":7,"value":113473},{"target":19,"source":7,"value":24572},{"target":20,"source":7,"value":56339},{"target":21,"source":13,"value":2525161},{"target":22,"source":13,"value":67250},{"target":23,"source":13,"value":2298},{"target":24,"source":13,"value":42058}],"Newfoundland and Labrador":[{"target":1,"source":0,"value":2772},{"target":2,"source":0,"value":4429},{"target":3,"source":0,"value":987},{"target":4,"source":0,"value":6242},{"target":5,"source":1,"value":2423},{"target":6,"source":1,"value":349},{"target":7,"source":1,"value":0},{"target":8,"source":2,"value":4121},{"target":9,"source":2,"value":308},{"target":10,"source":2,"value":0},{"target":11,"source":3,"value":981},{"target":12,"source":3,"value":6},{"target":13,"source":3,"value":0},{"target":14,"source":4,"value":5994},{"target":15,"source":4,"value":248},{"target":16,"source":4,"value":0},{"target":17,"source":7,"value":0},{"target":18,"source":7,"value":0},{"target":19,"source":7,"value":0},{"target":20,"source":7,"value":0},{"target":21,"source":13,"value":0},{"target":22,"source":13,"value":0},{"target":23,"source":13,"value":0},{"target":24,"source":13,"value":0}],"Prince Edward Island":[{"target":1,"source":0,"value":38},{"target":2,"source":0,"value":0},{"target":3,"source":0,"value":5},{"target":4,"source":0,"value":0},{"target":5,"source":1,"value":38},{"target":6,"source":1,"value":0},{"target":7,"source":1,"value":0},{"target":8,"source":2,"value":0},{"target":9,"source":2,"value":0},{"target":10,"source":2,"value":0},{"target":11,"source":3,"value":5},{"target":12,"source":3,"value":0},{"target":13,"source":3,"value":0},{"target":14,"source":4,"value":0},{"target":15,"source":4,"value":0},{"target":16,"source":4,"value":0},{"target":17,"source":7,"value":0},{"target":18,"source":7,"value":0},{"target":19,"source":7,"value":0},{"target":20,"source":7,"value":0},{"target":21,"source":13,"value":0},{"target":22,"source":13,"value":0},{"target":23,"source":13,"value":0},{"target":24,"source":13,"value":0}],"Nova Scotia":[{"target":1,"source":0,"value":23829},{"target":2,"source":0,"value":9856},{"target":3,"source":0,"value":5366},{"target":4,"source":0,"value":5580},{"target":5,"source":1,"value":6458},{"target":6,"source":1,"value":13596},{"target":7,"source":1,"value":3775},{"target":8,"source":2,"value":6053},{"target":9,"source":2,"value":3679},{"target":10,"source":2,"value":124},{"target":11,"source":3,"value":4067},{"target":12,"source":3,"value":738},{"target":13,"source":3,"value":561},{"target":14,"source":4,"value":5444},{"target":15,"source":4,"value":136},{"target":16,"source":4,"value":0},{"target":17,"source":7,"value":2994},{"target":18,"source":7,"value":12},{"target":19,"source":7,"value":0},{"target":20,"source":7,"value":769},{"target":21,"source":13,"value":452},{"target":22,"source":13,"value":0},{"target":23,"source":13,"value":0},{"target":24,"source":13,"value":109}],"New Brunswick":[{"target":1,"source":0,"value":91782},{"target":2,"source":0,"value":854},{"target":3,"source":0,"value":187688},{"target":4,"source":0,"value":43},{"target":5,"source":1,"value":278},{"target":6,"source":1,"value":3979},{"target":7,"source":1,"value":87525},{"target":8,"source":2,"value":10},{"target":9,"source":2,"value":347},{"target":10,"source":2,"value":497},{"target":11,"source":3,"value":202},{"target":12,"source":3,"value":102},{"target":13,"source":3,"value":187384},{"target":14,"source":4,"value":43},{"target":15,"source":4,"value":0},{"target":16,"source":4,"value":0},{"target":17,"source":7,"value":85081},{"target":18,"source":7,"value":1652},{"target":19,"source":7,"value":0},{"target":20,"source":7,"value":792},{"target":21,"source":13,"value":184988},{"target":22,"source":13,"value":621},{"target":23,"source":13,"value":0},{"target":24,"source":13,"value":1775}],"Quebec":[{"target":1,"source":0,"value":279274},{"target":2,"source":0,"value":127163},{"target":3,"source":0,"value":397490},{"target":4,"source":0,"value":176909},{"target":5,"source":1,"value":104052},{"target":6,"source":1,"value":170},{"target":7,"source":1,"value":175052},{"target":8,"source":2,"value":118381},{"target":9,"source":2,"value":44},{"target":10,"source":2,"value":8738},{"target":11,"source":3,"value":83554},{"target":12,"source":3,"value":675},{"target":13,"source":3,"value":313261},{"target":14,"source":4,"value":176908},{"target":15,"source":4,"value":1},{"target":16,"source":4,"value":0},{"target":17,"source":7,"value":161648},{"target":18,"source":7,"value":10236},{"target":19,"source":7,"value":1619},{"target":20,"source":7,"value":1549},{"target":21,"source":13,"value":287019},{"target":22,"source":13,"value":15827},{"target":23,"source":13,"value":605},{"target":24,"source":13,"value":9810}],"Ontario":[{"target":1,"source":0,"value":1541501},{"target":2,"source":0,"value":344205},{"target":3,"source":0,"value":1542238},{"target":4,"source":0,"value":449294},{"target":5,"source":1,"value":348522},{"target":6,"source":1,"value":19894},{"target":7,"source":1,"value":1173085},{"target":8,"source":2,"value":306842},{"target":9,"source":2,"value":35},{"target":10,"source":2,"value":37328},{"target":11,"source":3,"value":304730},{"target":12,"source":3,"value":3636},{"target":13,"source":3,"value":1233872},{"target":14,"source":4,"value":449294},{"target":15,"source":4,"value":0},{"target":16,"source":4,"value":0},{"target":17,"source":7,"value":1083986},{"target":18,"source":7,"value":59540},{"target":19,"source":7,"value":899},{"target":20,"source":7,"value":28660},{"target":21,"source":13,"value":1183037},{"target":22,"source":13,"value":37854},{"target":23,"source":13,"value":297},{"target":24,"source":13,"value":12684}],"Manitoba":[{"target":1,"source":0,"value":49431},{"target":2,"source":0,"value":991},{"target":3,"source":0,"value":80953},{"target":4,"source":0,"value":820},{"target":5,"source":1,"value":8736},{"target":6,"source":1,"value":2},{"target":7,"source":1,"value":40693},{"target":8,"source":2,"value":803},{"target":9,"source":2,"value":0},{"target":10,"source":2,"value":188},{"target":11,"source":3,"value":6526},{"target":12,"source":3,"value":73},{"target":13,"source":3,"value":74354},{"target":14,"source":4,"value":820},{"target":15,"source":4,"value":0},{"target":16,"source":4,"value":0},{"target":17,"source":7,"value":39673},{"target":18,"source":7,"value":783},{"target":19,"source":7,"value":0},{"target":20,"source":7,"value":237},{"target":21,"source":13,"value":71489},{"target":22,"source":13,"value":1962},{"target":23,"source":13,"value":0},{"target":24,"source":13,"value":903}],"Saskatchewan":[{"target":1,"source":0,"value":14546},{"target":2,"source":0,"value":241},{"target":3,"source":0,"value":22248},{"target":4,"source":0,"value":111},{"target":5,"source":1,"value":2232},{"target":6,"source":1,"value":0},{"target":7,"source":1,"value":12314},{"target":8,"source":2,"value":88},{"target":9,"source":2,"value":0},{"target":10,"source":2,"value":153},{"target":11,"source":3,"value":1715},{"target":12,"source":3,"value":0},{"target":13,"source":3,"value":20533},{"target":14,"source":4,"value":111},{"target":15,"source":4,"value":0},{"target":16,"source":4,"value":0},{"target":17,"source":7,"value":12003},{"target":18,"source":7,"value":184},{"target":19,"source":7,"value":0},{"target":20,"source":7,"value":127},{"target":21,"source":13,"value":19693},{"target":22,"source":13,"value":428},{"target":23,"source":13,"value":0},{"target":24,"source":13,"value":412}],"Alberta":[{"target":1,"source":0,"value":118682},{"target":2,"source":0,"value":39806},{"target":3,"source":0,"value":129341},{"target":4,"source":0,"value":45129},{"target":5,"source":1,"value":80676},{"target":6,"source":1,"value":0},{"target":7,"source":1,"value":38006},{"target":8,"source":2,"value":38240},{"target":9,"source":2,"value":0},{"target":10,"source":2,"value":1566},{"target":11,"source":3,"value":92029},{"target":12,"source":3,"value":0},{"target":13,"source":3,"value":37312},{"target":14,"source":4,"value":45129},{"target":15,"source":4,"value":0},{"target":16,"source":4,"value":0},{"target":17,"source":7,"value":35160},{"target":18,"source":7,"value":2041},{"target":19,"source":7,"value":0},{"target":20,"source":7,"value":805},{"target":21,"source":13,"value":36117},{"target":22,"source":13,"value":356},{"target":23,"source":13,"value":0},{"target":24,"source":13,"value":839}],"British Columbia":[{"target":1,"source":0,"value":723856},{"target":2,"source":0,"value":259592},{"target":3,"source":0,"value":882062},{"target":4,"source":0,"value":112787},{"target":5,"source":1,"value":172806},{"target":6,"source":1,"value":165415},{"target":7,"source":1,"value":385635},{"target":8,"source":2,"value":194947},{"target":9,"source":2,"value":36894},{"target":10,"source":2,"value":27751},{"target":11,"source":3,"value":113781},{"target":12,"source":3,"value":11048},{"target":13,"source":3,"value":757233},{"target":14,"source":4,"value":112543},{"target":15,"source":4,"value":0},{"target":16,"source":4,"value":244},{"target":17,"source":7,"value":344150},{"target":18,"source":7,"value":12134},{"target":19,"source":7,"value":6605},{"target":20,"source":7,"value":22746},{"target":21,"source":13,"value":732573},{"target":22,"source":13,"value":7920},{"target":23,"source":13,"value":1396},{"target":24,"source":13,"value":15344}],"Yukon":[{"target":1,"source":0,"value":66282},{"target":2,"source":0,"value":10038},{"target":3,"source":0,"value":12601},{"target":4,"source":0,"value":46},{"target":5,"source":1,"value":1790},{"target":6,"source":1,"value":0},{"target":7,"source":1,"value":64492},{"target":8,"source":2,"value":1062},{"target":9,"source":2,"value":0},{"target":10,"source":2,"value":8976},{"target":11,"source":3,"value":344},{"target":12,"source":3,"value":0},{"target":13,"source":3,"value":12257},{"target":14,"source":4,"value":46},{"target":15,"source":4,"value":0},{"target":16,"source":4,"value":0},{"target":17,"source":7,"value":21498},{"target":18,"source":7,"value":26891},{"target":19,"source":7,"value":15449},{"target":20,"source":7,"value":654},{"target":21,"source":13,"value":9793},{"target":22,"source":13,"value":2282},{"target":23,"source":13,"value":0},{"target":24,"source":13,"value":182}],"Nunavut":[{"target":1,"source":0,"value":53},{"target":2,"source":0,"value":67},{"target":3,"source":0,"value":7},{"target":4,"source":0,"value":25},{"target":5,"source":1,"value":53},{"target":6,"source":1,"value":0},{"target":7,"source":1,"value":0},{"target":8,"source":2,"value":67},{"target":9,"source":2,"value":0},{"target":10,"source":2,"value":".."},{"target":11,"source":3,"value":7},{"target":12,"source":3,"value":0},{"target":13,"source":3,"value":0},{"target":14,"source":4,"value":25},{"target":15,"source":4,"value":0},{"target":16,"source":4,"value":".."},{"target":17,"source":7,"value":".."},{"target":18,"source":7,"value":".."},{"target":19,"source":7,"value":".."},{"target":20,"source":7,"value":0},{"target":21,"source":13,"value":".."},{"target":22,"source":13,"value":".."},{"target":23,"source":13,"value":".."},{"target":24,"source":13,"value":0}],"nodes":[{"node":0,"name":"intl"},{"node":1,"name":"USres"},{"node":2,"name":"nonUSres"},{"node":3,"name":"cdnFromUS"},{"node":4,"name":"cdnFromOther"},{"node":5,"name":"USres_air"},{"node":6,"name":"USres_marine"},{"node":7,"name":"USres_land"},{"node":8,"name":"nonUSres_air"},{"node":9,"name":"nonUSres_marine"},{"node":10,"name":"nonUSres_land"},{"node":11,"name":"cdnFromUS_air"},{"node":12,"name":"cdnFromUS_marine"},{"node":13,"name":"cdnFromUS_land"},{"node":14,"name":"cdnFromOther_air"},{"node":15,"name":"cdnFromOther_marine"},{"node":16,"name":"cdnFromOther_land"},{"node":17,"name":"USres_car"},{"node":18,"name":"USres_bus"},{"node":19,"name":"USres_train"},{"node":20,"name":"USres_other"},{"node":21,"name":"cdnFromUS_car"},{"node":22,"name":"cdnFromUS_bus"},{"node":23,"name":"cdnFromUS_train"},{"node":24,"name":"cdnFromUS_other"}]}