{"Canada":[{"target":1,"source":0,"value":1825062},{"target":2,"source":0,"value":528808},{"target":3,"source":0,"value":3576607},{"target":4,"source":0,"value":801129},{"target":5,"source":1,"value":450784},{"target":6,"source":1,"value":74074},{"target":7,"source":1,"value":1300204},{"target":8,"source":2,"value":449714},{"target":9,"source":2,"value":18813},{"target":10,"source":2,"value":60281},{"target":11,"source":3,"value":737245},{"target":12,"source":3,"value":12924},{"target":13,"source":3,"value":2826438},{"target":14,"source":4,"value":800711},{"target":15,"source":4,"value":225},{"target":16,"source":4,"value":193},{"target":17,"source":7,"value":1194638},{"target":18,"source":7,"value":67510},{"target":19,"source":7,"value":6177},{"target":20,"source":7,"value":31879},{"target":21,"source":13,"value":2718056},{"target":22,"source":13,"value":78307},{"target":23,"source":13,"value":2446},{"target":24,"source":13,"value":27629}],"Newfoundland and Labrador":[{"target":1,"source":0,"value":2034},{"target":2,"source":0,"value":5558},{"target":3,"source":0,"value":1133},{"target":4,"source":0,"value":6375},{"target":5,"source":1,"value":1344},{"target":6,"source":1,"value":690},{"target":7,"source":1,"value":0},{"target":8,"source":2,"value":2610},{"target":9,"source":2,"value":2948},{"target":10,"source":2,"value":0},{"target":11,"source":3,"value":1129},{"target":12,"source":3,"value":4},{"target":13,"source":3,"value":0},{"target":14,"source":4,"value":6150},{"target":15,"source":4,"value":225},{"target":16,"source":4,"value":0},{"target":17,"source":7,"value":0},{"target":18,"source":7,"value":0},{"target":19,"source":7,"value":0},{"target":20,"source":7,"value":0},{"target":21,"source":13,"value":0},{"target":22,"source":13,"value":0},{"target":23,"source":13,"value":0},{"target":24,"source":13,"value":0}],"Prince Edward Island":[{"target":1,"source":0,"value":1815},{"target":2,"source":0,"value":213},{"target":3,"source":0,"value":104},{"target":4,"source":0,"value":0},{"target":5,"source":1,"value":33},{"target":6,"source":1,"value":1782},{"target":7,"source":1,"value":0},{"target":8,"source":2,"value":3},{"target":9,"source":2,"value":210},{"target":10,"source":2,"value":0},{"target":11,"source":3,"value":4},{"target":12,"source":3,"value":100},{"target":13,"source":3,"value":0},{"target":14,"source":4,"value":0},{"target":15,"source":4,"value":0},{"target":16,"source":4,"value":0},{"target":17,"source":7,"value":0},{"target":18,"source":7,"value":0},{"target":19,"source":7,"value":0},{"target":20,"source":7,"value":0},{"target":21,"source":13,"value":0},{"target":22,"source":13,"value":0},{"target":23,"source":13,"value":0},{"target":24,"source":13,"value":0}],"Nova Scotia":[{"target":1,"source":0,"value":40532},{"target":2,"source":0,"value":12184},{"target":3,"source":0,"value":8069},{"target":4,"source":0,"value":4392},{"target":5,"source":1,"value":5323},{"target":6,"source":1,"value":34548},{"target":7,"source":1,"value":661},{"target":8,"source":2,"value":3110},{"target":9,"source":2,"value":9048},{"target":10,"source":2,"value":26},{"target":11,"source":3,"value":5463},{"target":12,"source":3,"value":2329},{"target":13,"source":3,"value":277},{"target":14,"source":4,"value":4392},{"target":15,"source":4,"value":0},{"target":16,"source":4,"value":0},{"target":17,"source":7,"value":627},{"target":18,"source":7,"value":0},{"target":19,"source":7,"value":0},{"target":20,"source":7,"value":34},{"target":21,"source":13,"value":162},{"target":22,"source":13,"value":0},{"target":23,"source":13,"value":0},{"target":24,"source":13,"value":115}],"New Brunswick":[{"target":1,"source":0,"value":91725},{"target":2,"source":0,"value":4591},{"target":3,"source":0,"value":194248},{"target":4,"source":0,"value":0},{"target":5,"source":1,"value":149},{"target":6,"source":1,"value":25407},{"target":7,"source":1,"value":66169},{"target":8,"source":2,"value":12},{"target":9,"source":2,"value":4228},{"target":10,"source":2,"value":351},{"target":11,"source":3,"value":187},{"target":12,"source":3,"value":990},{"target":13,"source":3,"value":193071},{"target":14,"source":4,"value":0},{"target":15,"source":4,"value":0},{"target":16,"source":4,"value":0},{"target":17,"source":7,"value":65243},{"target":18,"source":7,"value":609},{"target":19,"source":7,"value":0},{"target":20,"source":7,"value":317},{"target":21,"source":13,"value":190091},{"target":22,"source":13,"value":1820},{"target":23,"source":13,"value":0},{"target":24,"source":13,"value":1160}],"Quebec":[{"target":1,"source":0,"value":217518},{"target":2,"source":0,"value":101968},{"target":3,"source":0,"value":406253},{"target":4,"source":0,"value":180438},{"target":5,"source":1,"value":81684},{"target":6,"source":1,"value":28},{"target":7,"source":1,"value":135806},{"target":8,"source":2,"value":92704},{"target":9,"source":2,"value":28},{"target":10,"source":2,"value":9236},{"target":11,"source":3,"value":96433},{"target":12,"source":3,"value":481},{"target":13,"source":3,"value":309339},{"target":14,"source":4,"value":180438},{"target":15,"source":4,"value":0},{"target":16,"source":4,"value":0},{"target":17,"source":7,"value":125654},{"target":18,"source":7,"value":7156},{"target":19,"source":7,"value":2173},{"target":20,"source":7,"value":823},{"target":21,"source":13,"value":285614},{"target":22,"source":13,"value":18434},{"target":23,"source":13,"value":777},{"target":24,"source":13,"value":4514}],"Ontario":[{"target":1,"source":0,"value":1021685},{"target":2,"source":0,"value":251932},{"target":3,"source":0,"value":1795868},{"target":4,"source":0,"value":436170},{"target":5,"source":1,"value":231527},{"target":6,"source":1,"value":1522},{"target":7,"source":1,"value":788636},{"target":8,"source":2,"value":224008},{"target":9,"source":2,"value":11},{"target":10,"source":2,"value":27913},{"target":11,"source":3,"value":363147},{"target":12,"source":3,"value":1182},{"target":13,"source":3,"value":1431539},{"target":14,"source":4,"value":436170},{"target":15,"source":4,"value":0},{"target":16,"source":4,"value":0},{"target":17,"source":7,"value":717273},{"target":18,"source":7,"value":53023},{"target":19,"source":7,"value":609},{"target":20,"source":7,"value":17731},{"target":21,"source":13,"value":1378322},{"target":22,"source":13,"value":44074},{"target":23,"source":13,"value":255},{"target":24,"source":13,"value":8888}],"Manitoba":[{"target":1,"source":0,"value":28849},{"target":2,"source":0,"value":602},{"target":3,"source":0,"value":89308},{"target":4,"source":0,"value":889},{"target":5,"source":1,"value":6629},{"target":6,"source":1,"value":3},{"target":7,"source":1,"value":22217},{"target":8,"source":2,"value":466},{"target":9,"source":2,"value":0},{"target":10,"source":2,"value":136},{"target":11,"source":3,"value":9539},{"target":12,"source":3,"value":18},{"target":13,"source":3,"value":79751},{"target":14,"source":4,"value":889},{"target":15,"source":4,"value":0},{"target":16,"source":4,"value":0},{"target":17,"source":7,"value":21835},{"target":18,"source":7,"value":293},{"target":19,"source":7,"value":0},{"target":20,"source":7,"value":89},{"target":21,"source":13,"value":76252},{"target":22,"source":13,"value":3252},{"target":23,"source":13,"value":0},{"target":24,"source":13,"value":247}],"Saskatchewan":[{"target":1,"source":0,"value":11125},{"target":2,"source":0,"value":198},{"target":3,"source":0,"value":25524},{"target":4,"source":0,"value":168},{"target":5,"source":1,"value":2477},{"target":6,"source":1,"value":0},{"target":7,"source":1,"value":8648},{"target":8,"source":2,"value":96},{"target":9,"source":2,"value":0},{"target":10,"source":2,"value":102},{"target":11,"source":3,"value":4554},{"target":12,"source":3,"value":0},{"target":13,"source":3,"value":20970},{"target":14,"source":4,"value":168},{"target":15,"source":4,"value":0},{"target":16,"source":4,"value":0},{"target":17,"source":7,"value":8564},{"target":18,"source":7,"value":48},{"target":19,"source":7,"value":0},{"target":20,"source":7,"value":36},{"target":21,"source":13,"value":20011},{"target":22,"source":13,"value":876},{"target":23,"source":13,"value":0},{"target":24,"source":13,"value":83}],"Alberta":[{"target":1,"source":0,"value":51843},{"target":2,"source":0,"value":19750},{"target":3,"source":0,"value":143351},{"target":4,"source":0,"value":58059},{"target":5,"source":1,"value":42527},{"target":6,"source":1,"value":0},{"target":7,"source":1,"value":9316},{"target":8,"source":2,"value":19439},{"target":9,"source":2,"value":0},{"target":10,"source":2,"value":311},{"target":11,"source":3,"value":110072},{"target":12,"source":3,"value":0},{"target":13,"source":3,"value":33279},{"target":14,"source":4,"value":58059},{"target":15,"source":4,"value":0},{"target":16,"source":4,"value":0},{"target":17,"source":7,"value":8994},{"target":18,"source":7,"value":182},{"target":19,"source":7,"value":0},{"target":20,"source":7,"value":140},{"target":21,"source":13,"value":32519},{"target":22,"source":13,"value":517},{"target":23,"source":13,"value":0},{"target":24,"source":13,"value":243}],"British Columbia":[{"target":1,"source":0,"value":351119},{"target":2,"source":0,"value":131509},{"target":3,"source":0,"value":909628},{"target":4,"source":0,"value":114590},{"target":5,"source":1,"value":78981},{"target":6,"source":1,"value":10094},{"target":7,"source":1,"value":262044},{"target":8,"source":2,"value":107233},{"target":9,"source":2,"value":2340},{"target":10,"source":2,"value":21936},{"target":11,"source":3,"value":146686},{"target":12,"source":3,"value":7820},{"target":13,"source":3,"value":755122},{"target":14,"source":4,"value":114397},{"target":15,"source":4,"value":0},{"target":16,"source":4,"value":193},{"target":17,"source":7,"value":239788},{"target":18,"source":7,"value":6153},{"target":19,"source":7,"value":3395},{"target":20,"source":7,"value":12708},{"target":21,"source":13,"value":732016},{"target":22,"source":13,"value":9314},{"target":23,"source":13,"value":1414},{"target":24,"source":13,"value":12378}],"Yukon":[{"target":1,"source":0,"value":6754},{"target":2,"source":0,"value":270},{"target":3,"source":0,"value":3109},{"target":4,"source":0,"value":0},{"target":5,"source":1,"value":47},{"target":6,"source":1,"value":0},{"target":7,"source":1,"value":6707},{"target":8,"source":2,"value":0},{"target":9,"source":2,"value":0},{"target":10,"source":2,"value":270},{"target":11,"source":3,"value":19},{"target":12,"source":3,"value":0},{"target":13,"source":3,"value":3090},{"target":14,"source":4,"value":0},{"target":15,"source":4,"value":0},{"target":16,"source":4,"value":0},{"target":17,"source":7,"value":6660},{"target":18,"source":7,"value":46},{"target":19,"source":7,"value":0},{"target":20,"source":7,"value":1},{"target":21,"source":13,"value":3069},{"target":22,"source":13,"value":20},{"target":23,"source":13,"value":0},{"target":24,"source":13,"value":1}],"Nunavut":[{"target":1,"source":0,"value":63},{"target":2,"source":0,"value":33},{"target":3,"source":0,"value":12},{"target":4,"source":0,"value":48},{"target":5,"source":1,"value":63},{"target":6,"source":1,"value":0},{"target":7,"source":1,"value":0},{"target":8,"source":2,"value":33},{"target":9,"source":2,"value":0},{"target":10,"source":2,"value":".."},{"target":11,"source":3,"value":12},{"target":12,"source":3,"value":0},{"target":13,"source":3,"value":0},{"target":14,"source":4,"value":48},{"target":15,"source":4,"value":0},{"target":16,"source":4,"value":".."},{"target":17,"source":7,"value":".."},{"target":18,"source":7,"value":".."},{"target":19,"source":7,"value":".."},{"target":20,"source":7,"value":0},{"target":21,"source":13,"value":".."},{"target":22,"source":13,"value":".."},{"target":23,"source":13,"value":".."},{"target":24,"source":13,"value":0}],"nodes":[{"node":0,"name":"intl"},{"node":1,"name":"USres"},{"node":2,"name":"nonUSres"},{"node":3,"name":"cdnFromUS"},{"node":4,"name":"cdnFromOther"},{"node":5,"name":"USres_air"},{"node":6,"name":"USres_marine"},{"node":7,"name":"USres_land"},{"node":8,"name":"nonUSres_air"},{"node":9,"name":"nonUSres_marine"},{"node":10,"name":"nonUSres_land"},{"node":11,"name":"cdnFromUS_air"},{"node":12,"name":"cdnFromUS_marine"},{"node":13,"name":"cdnFromUS_land"},{"node":14,"name":"cdnFromOther_air"},{"node":15,"name":"cdnFromOther_marine"},{"node":16,"name":"cdnFromOther_land"},{"node":17,"name":"USres_car"},{"node":18,"name":"USres_bus"},{"node":19,"name":"USres_train"},{"node":20,"name":"USres_other"},{"node":21,"name":"cdnFromUS_car"},{"node":22,"name":"cdnFromUS_bus"},{"node":23,"name":"cdnFromUS_train"},{"node":24,"name":"cdnFromUS_other"}]}