{"Canada":[{"target":1,"source":0,"value":2396044},{"target":2,"source":0,"value":782991},{"target":3,"source":0,"value":3699710},{"target":4,"source":0,"value":879533},{"target":5,"source":1,"value":522363},{"target":6,"source":1,"value":210095},{"target":7,"source":1,"value":1663586},{"target":8,"source":2,"value":626617},{"target":9,"source":2,"value":65085},{"target":10,"source":2,"value":91289},{"target":11,"source":3,"value":648057},{"target":12,"source":3,"value":32912},{"target":13,"source":3,"value":3018741},{"target":14,"source":4,"value":876873},{"target":15,"source":4,"value":2277},{"target":16,"source":4,"value":383},{"target":17,"source":7,"value":1498781},{"target":18,"source":7,"value":100977},{"target":19,"source":7,"value":15243},{"target":20,"source":7,"value":48585},{"target":21,"source":13,"value":2896853},{"target":22,"source":13,"value":73919},{"target":23,"source":13,"value":2442},{"target":24,"source":13,"value":45527}],"Newfoundland and Labrador":[{"target":1,"source":0,"value":8570},{"target":2,"source":0,"value":14596},{"target":3,"source":0,"value":948},{"target":4,"source":0,"value":7936},{"target":5,"source":1,"value":1565},{"target":6,"source":1,"value":7005},{"target":7,"source":1,"value":0},{"target":8,"source":2,"value":3574},{"target":9,"source":2,"value":11022},{"target":10,"source":2,"value":0},{"target":11,"source":3,"value":936},{"target":12,"source":3,"value":12},{"target":13,"source":3,"value":0},{"target":14,"source":4,"value":5934},{"target":15,"source":4,"value":2002},{"target":16,"source":4,"value":0},{"target":17,"source":7,"value":0},{"target":18,"source":7,"value":0},{"target":19,"source":7,"value":0},{"target":20,"source":7,"value":0},{"target":21,"source":13,"value":0},{"target":22,"source":13,"value":0},{"target":23,"source":13,"value":0},{"target":24,"source":13,"value":0}],"Prince Edward Island":[{"target":1,"source":0,"value":1737},{"target":2,"source":0,"value":323},{"target":3,"source":0,"value":104},{"target":4,"source":0,"value":0},{"target":5,"source":1,"value":86},{"target":6,"source":1,"value":1651},{"target":7,"source":1,"value":0},{"target":8,"source":2,"value":20},{"target":9,"source":2,"value":303},{"target":10,"source":2,"value":0},{"target":11,"source":3,"value":17},{"target":12,"source":3,"value":87},{"target":13,"source":3,"value":0},{"target":14,"source":4,"value":0},{"target":15,"source":4,"value":0},{"target":16,"source":4,"value":0},{"target":17,"source":7,"value":0},{"target":18,"source":7,"value":0},{"target":19,"source":7,"value":0},{"target":20,"source":7,"value":0},{"target":21,"source":13,"value":0},{"target":22,"source":13,"value":0},{"target":23,"source":13,"value":0},{"target":24,"source":13,"value":0}],"Nova Scotia":[{"target":1,"source":0,"value":41327},{"target":2,"source":0,"value":19246},{"target":3,"source":0,"value":7071},{"target":4,"source":0,"value":5459},{"target":5,"source":1,"value":6720},{"target":6,"source":1,"value":32006},{"target":7,"source":1,"value":2601},{"target":8,"source":2,"value":6165},{"target":9,"source":2,"value":13017},{"target":10,"source":2,"value":64},{"target":11,"source":3,"value":4281},{"target":12,"source":3,"value":2431},{"target":13,"source":3,"value":359},{"target":14,"source":4,"value":5271},{"target":15,"source":4,"value":188},{"target":16,"source":4,"value":0},{"target":17,"source":7,"value":2271},{"target":18,"source":7,"value":16},{"target":19,"source":7,"value":0},{"target":20,"source":7,"value":314},{"target":21,"source":13,"value":271},{"target":22,"source":13,"value":4},{"target":23,"source":13,"value":0},{"target":24,"source":13,"value":84}],"New Brunswick":[{"target":1,"source":0,"value":119860},{"target":2,"source":0,"value":4930},{"target":3,"source":0,"value":203456},{"target":4,"source":0,"value":0},{"target":5,"source":1,"value":234},{"target":6,"source":1,"value":33927},{"target":7,"source":1,"value":85699},{"target":8,"source":2,"value":22},{"target":9,"source":2,"value":4180},{"target":10,"source":2,"value":728},{"target":11,"source":3,"value":187},{"target":12,"source":3,"value":1988},{"target":13,"source":3,"value":201281},{"target":14,"source":4,"value":0},{"target":15,"source":4,"value":0},{"target":16,"source":4,"value":0},{"target":17,"source":7,"value":83222},{"target":18,"source":7,"value":1660},{"target":19,"source":7,"value":0},{"target":20,"source":7,"value":817},{"target":21,"source":13,"value":198386},{"target":22,"source":13,"value":924},{"target":23,"source":13,"value":0},{"target":24,"source":13,"value":1971}],"Quebec":[{"target":1,"source":0,"value":240193},{"target":2,"source":0,"value":131919},{"target":3,"source":0,"value":463909},{"target":4,"source":0,"value":203523},{"target":5,"source":1,"value":89025},{"target":6,"source":1,"value":436},{"target":7,"source":1,"value":150732},{"target":8,"source":2,"value":121060},{"target":9,"source":2,"value":119},{"target":10,"source":2,"value":10740},{"target":11,"source":3,"value":92320},{"target":12,"source":3,"value":2181},{"target":13,"source":3,"value":369408},{"target":14,"source":4,"value":203505},{"target":15,"source":4,"value":18},{"target":16,"source":4,"value":0},{"target":17,"source":7,"value":139508},{"target":18,"source":7,"value":8325},{"target":19,"source":7,"value":1378},{"target":20,"source":7,"value":1521},{"target":21,"source":13,"value":343846},{"target":22,"source":13,"value":12972},{"target":23,"source":13,"value":679},{"target":24,"source":13,"value":11911}],"Ontario":[{"target":1,"source":0,"value":1243241},{"target":2,"source":0,"value":320465},{"target":3,"source":0,"value":1762006},{"target":4,"source":0,"value":484529},{"target":5,"source":1,"value":247954},{"target":6,"source":1,"value":7153},{"target":7,"source":1,"value":988134},{"target":8,"source":2,"value":279920},{"target":9,"source":2,"value":60},{"target":10,"source":2,"value":40485},{"target":11,"source":3,"value":325866},{"target":12,"source":3,"value":5758},{"target":13,"source":3,"value":1430382},{"target":14,"source":4,"value":484529},{"target":15,"source":4,"value":0},{"target":16,"source":4,"value":0},{"target":17,"source":7,"value":894587},{"target":18,"source":7,"value":68352},{"target":19,"source":7,"value":678},{"target":20,"source":7,"value":24517},{"target":21,"source":13,"value":1372742},{"target":22,"source":13,"value":43998},{"target":23,"source":13,"value":286},{"target":24,"source":13,"value":13356}],"Manitoba":[{"target":1,"source":0,"value":32660},{"target":2,"source":0,"value":926},{"target":3,"source":0,"value":107846},{"target":4,"source":0,"value":1260},{"target":5,"source":1,"value":6377},{"target":6,"source":1,"value":0},{"target":7,"source":1,"value":26283},{"target":8,"source":2,"value":716},{"target":9,"source":2,"value":0},{"target":10,"source":2,"value":210},{"target":11,"source":3,"value":8304},{"target":12,"source":3,"value":78},{"target":13,"source":3,"value":99464},{"target":14,"source":4,"value":1260},{"target":15,"source":4,"value":0},{"target":16,"source":4,"value":0},{"target":17,"source":7,"value":25825},{"target":18,"source":7,"value":335},{"target":19,"source":7,"value":0},{"target":20,"source":7,"value":123},{"target":21,"source":13,"value":94573},{"target":22,"source":13,"value":4232},{"target":23,"source":13,"value":0},{"target":24,"source":13,"value":659}],"Saskatchewan":[{"target":1,"source":0,"value":11141},{"target":2,"source":0,"value":196},{"target":3,"source":0,"value":25892},{"target":4,"source":0,"value":158},{"target":5,"source":1,"value":2187},{"target":6,"source":1,"value":0},{"target":7,"source":1,"value":8954},{"target":8,"source":2,"value":73},{"target":9,"source":2,"value":0},{"target":10,"source":2,"value":123},{"target":11,"source":3,"value":1790},{"target":12,"source":3,"value":0},{"target":13,"source":3,"value":24102},{"target":14,"source":4,"value":158},{"target":15,"source":4,"value":0},{"target":16,"source":4,"value":0},{"target":17,"source":7,"value":8812},{"target":18,"source":7,"value":95},{"target":19,"source":7,"value":0},{"target":20,"source":7,"value":47},{"target":21,"source":13,"value":23141},{"target":22,"source":13,"value":663},{"target":23,"source":13,"value":0},{"target":24,"source":13,"value":298}],"Alberta":[{"target":1,"source":0,"value":77597},{"target":2,"source":0,"value":33162},{"target":3,"source":0,"value":132395},{"target":4,"source":0,"value":50631},{"target":5,"source":1,"value":57198},{"target":6,"source":1,"value":0},{"target":7,"source":1,"value":20399},{"target":8,"source":2,"value":31932},{"target":9,"source":2,"value":0},{"target":10,"source":2,"value":1230},{"target":11,"source":3,"value":88394},{"target":12,"source":3,"value":0},{"target":13,"source":3,"value":44001},{"target":14,"source":4,"value":50631},{"target":15,"source":4,"value":0},{"target":16,"source":4,"value":0},{"target":17,"source":7,"value":18668},{"target":18,"source":7,"value":1463},{"target":19,"source":7,"value":0},{"target":20,"source":7,"value":268},{"target":21,"source":13,"value":42687},{"target":22,"source":13,"value":415},{"target":23,"source":13,"value":0},{"target":24,"source":13,"value":899}],"British Columbia":[{"target":1,"source":0,"value":581383},{"target":2,"source":0,"value":248886},{"target":3,"source":0,"value":986482},{"target":4,"source":0,"value":125824},{"target":5,"source":1,"value":110548},{"target":6,"source":1,"value":127839},{"target":7,"source":1,"value":342996},{"target":8,"source":2,"value":182704},{"target":9,"source":2,"value":36085},{"target":10,"source":2,"value":30097},{"target":11,"source":3,"value":125829},{"target":12,"source":3,"value":20377},{"target":13,"source":3,"value":840276},{"target":14,"source":4,"value":125441},{"target":15,"source":4,"value":0},{"target":16,"source":4,"value":383},{"target":17,"source":7,"value":308327},{"target":18,"source":7,"value":8447},{"target":19,"source":7,"value":5292},{"target":20,"source":7,"value":20930},{"target":21,"source":13,"value":813466},{"target":22,"source":13,"value":8998},{"target":23,"source":13,"value":1477},{"target":24,"source":13,"value":16335}],"Yukon":[{"target":1,"source":0,"value":38160},{"target":2,"source":0,"value":8001},{"target":3,"source":0,"value":9544},{"target":4,"source":0,"value":113},{"target":5,"source":1,"value":372},{"target":6,"source":1,"value":0},{"target":7,"source":1,"value":37788},{"target":8,"source":2,"value":389},{"target":9,"source":2,"value":0},{"target":10,"source":2,"value":7612},{"target":11,"source":3,"value":76},{"target":12,"source":3,"value":0},{"target":13,"source":3,"value":9468},{"target":14,"source":4,"value":113},{"target":15,"source":4,"value":0},{"target":16,"source":4,"value":0},{"target":17,"source":7,"value":17561},{"target":18,"source":7,"value":12284},{"target":19,"source":7,"value":7895},{"target":20,"source":7,"value":48},{"target":21,"source":13,"value":7741},{"target":22,"source":13,"value":1713},{"target":23,"source":13,"value":0},{"target":24,"source":13,"value":14}],"Nunavut":[{"target":1,"source":0,"value":175},{"target":2,"source":0,"value":341},{"target":3,"source":0,"value":57},{"target":4,"source":0,"value":100},{"target":5,"source":1,"value":97},{"target":6,"source":1,"value":78},{"target":7,"source":1,"value":0},{"target":8,"source":2,"value":42},{"target":9,"source":2,"value":299},{"target":10,"source":2,"value":".."},{"target":11,"source":3,"value":57},{"target":12,"source":3,"value":0},{"target":13,"source":3,"value":0},{"target":14,"source":4,"value":31},{"target":15,"source":4,"value":69},{"target":16,"source":4,"value":".."},{"target":17,"source":7,"value":".."},{"target":18,"source":7,"value":".."},{"target":19,"source":7,"value":".."},{"target":20,"source":7,"value":0},{"target":21,"source":13,"value":".."},{"target":22,"source":13,"value":".."},{"target":23,"source":13,"value":".."},{"target":24,"source":13,"value":0}],"nodes":[{"node":0,"name":"intl"},{"node":1,"name":"USres"},{"node":2,"name":"nonUSres"},{"node":3,"name":"cdnFromUS"},{"node":4,"name":"cdnFromOther"},{"node":5,"name":"USres_air"},{"node":6,"name":"USres_marine"},{"node":7,"name":"USres_land"},{"node":8,"name":"nonUSres_air"},{"node":9,"name":"nonUSres_marine"},{"node":10,"name":"nonUSres_land"},{"node":11,"name":"cdnFromUS_air"},{"node":12,"name":"cdnFromUS_marine"},{"node":13,"name":"cdnFromUS_land"},{"node":14,"name":"cdnFromOther_air"},{"node":15,"name":"cdnFromOther_marine"},{"node":16,"name":"cdnFromOther_land"},{"node":17,"name":"USres_car"},{"node":18,"name":"USres_bus"},{"node":19,"name":"USres_train"},{"node":20,"name":"USres_other"},{"node":21,"name":"cdnFromUS_car"},{"node":22,"name":"cdnFromUS_bus"},{"node":23,"name":"cdnFromUS_train"},{"node":24,"name":"cdnFromUS_other"}]}