{"Canada":[{"target":1,"source":0,"value":1614905},{"target":2,"source":0,"value":459402},{"target":3,"source":0,"value":3313254},{"target":4,"source":0,"value":910002},{"target":5,"source":1,"value":399640},{"target":6,"source":1,"value":51},{"target":7,"source":1,"value":1215214},{"target":8,"source":2,"value":425964},{"target":9,"source":2,"value":133},{"target":10,"source":2,"value":33305},{"target":11,"source":3,"value":746789},{"target":12,"source":3,"value":34},{"target":13,"source":3,"value":2566431},{"target":14,"source":4,"value":909725},{"target":15,"source":4,"value":11},{"target":16,"source":4,"value":266},{"target":17,"source":7,"value":1140152},{"target":18,"source":7,"value":48972},{"target":19,"source":7,"value":4575},{"target":20,"source":7,"value":21515},{"target":21,"source":13,"value":2488349},{"target":22,"source":13,"value":59158},{"target":23,"source":13,"value":2301},{"target":24,"source":13,"value":16623}],"Newfoundland and Labrador":[{"target":1,"source":0,"value":616},{"target":2,"source":0,"value":1771},{"target":3,"source":0,"value":648},{"target":4,"source":0,"value":956},{"target":5,"source":1,"value":615},{"target":6,"source":1,"value":1},{"target":7,"source":1,"value":0},{"target":8,"source":2,"value":1685},{"target":9,"source":2,"value":86},{"target":10,"source":2,"value":0},{"target":11,"source":3,"value":648},{"target":12,"source":3,"value":0},{"target":13,"source":3,"value":0},{"target":14,"source":4,"value":945},{"target":15,"source":4,"value":11},{"target":16,"source":4,"value":0},{"target":17,"source":7,"value":0},{"target":18,"source":7,"value":0},{"target":19,"source":7,"value":0},{"target":20,"source":7,"value":0},{"target":21,"source":13,"value":0},{"target":22,"source":13,"value":0},{"target":23,"source":13,"value":0},{"target":24,"source":13,"value":0}],"Prince Edward Island":[{"target":1,"source":0,"value":0},{"target":2,"source":0,"value":0},{"target":3,"source":0,"value":0},{"target":4,"source":0,"value":0},{"target":5,"source":1,"value":0},{"target":6,"source":1,"value":0},{"target":7,"source":1,"value":0},{"target":8,"source":2,"value":0},{"target":9,"source":2,"value":0},{"target":10,"source":2,"value":0},{"target":11,"source":3,"value":0},{"target":12,"source":3,"value":0},{"target":13,"source":3,"value":0},{"target":14,"source":4,"value":0},{"target":15,"source":4,"value":0},{"target":16,"source":4,"value":0},{"target":17,"source":7,"value":0},{"target":18,"source":7,"value":0},{"target":19,"source":7,"value":0},{"target":20,"source":7,"value":0},{"target":21,"source":13,"value":0},{"target":22,"source":13,"value":0},{"target":23,"source":13,"value":0},{"target":24,"source":13,"value":0}],"Nova Scotia":[{"target":1,"source":0,"value":2872},{"target":2,"source":0,"value":1534},{"target":3,"source":0,"value":6704},{"target":4,"source":0,"value":1738},{"target":5,"source":1,"value":2864},{"target":6,"source":1,"value":8},{"target":7,"source":1,"value":0},{"target":8,"source":2,"value":1528},{"target":9,"source":2,"value":6},{"target":10,"source":2,"value":0},{"target":11,"source":3,"value":6704},{"target":12,"source":3,"value":0},{"target":13,"source":3,"value":0},{"target":14,"source":4,"value":1738},{"target":15,"source":4,"value":0},{"target":16,"source":4,"value":0},{"target":17,"source":7,"value":0},{"target":18,"source":7,"value":0},{"target":19,"source":7,"value":0},{"target":20,"source":7,"value":0},{"target":21,"source":13,"value":0},{"target":22,"source":13,"value":0},{"target":23,"source":13,"value":0},{"target":24,"source":13,"value":0}],"New Brunswick":[{"target":1,"source":0,"value":49018},{"target":2,"source":0,"value":79},{"target":3,"source":0,"value":182434},{"target":4,"source":0,"value":0},{"target":5,"source":1,"value":17},{"target":6,"source":1,"value":0},{"target":7,"source":1,"value":49001},{"target":8,"source":2,"value":0},{"target":9,"source":2,"value":7},{"target":10,"source":2,"value":72},{"target":11,"source":3,"value":103},{"target":12,"source":3,"value":0},{"target":13,"source":3,"value":182331},{"target":14,"source":4,"value":0},{"target":15,"source":4,"value":0},{"target":16,"source":4,"value":0},{"target":17,"source":7,"value":48723},{"target":18,"source":7,"value":163},{"target":19,"source":7,"value":0},{"target":20,"source":7,"value":115},{"target":21,"source":13,"value":181147},{"target":22,"source":13,"value":774},{"target":23,"source":13,"value":0},{"target":24,"source":13,"value":410}],"Quebec":[{"target":1,"source":0,"value":195314},{"target":2,"source":0,"value":84642},{"target":3,"source":0,"value":291886},{"target":4,"source":0,"value":189698},{"target":5,"source":1,"value":61014},{"target":6,"source":1,"value":0},{"target":7,"source":1,"value":134300},{"target":8,"source":2,"value":81644},{"target":9,"source":2,"value":25},{"target":10,"source":2,"value":2973},{"target":11,"source":3,"value":98108},{"target":12,"source":3,"value":0},{"target":13,"source":3,"value":193778},{"target":14,"source":4,"value":189698},{"target":15,"source":4,"value":0},{"target":16,"source":4,"value":0},{"target":17,"source":7,"value":126376},{"target":18,"source":7,"value":6378},{"target":19,"source":7,"value":1192},{"target":20,"source":7,"value":354},{"target":21,"source":13,"value":183515},{"target":22,"source":13,"value":9082},{"target":23,"source":13,"value":841},{"target":24,"source":13,"value":340}],"Ontario":[{"target":1,"source":0,"value":876137},{"target":2,"source":0,"value":200370},{"target":3,"source":0,"value":1692579},{"target":4,"source":0,"value":450010},{"target":5,"source":1,"value":202020},{"target":6,"source":1,"value":0},{"target":7,"source":1,"value":674117},{"target":8,"source":2,"value":190033},{"target":9,"source":2,"value":3},{"target":10,"source":2,"value":10334},{"target":11,"source":3,"value":348098},{"target":12,"source":3,"value":2},{"target":13,"source":3,"value":1344479},{"target":14,"source":4,"value":450010},{"target":15,"source":4,"value":0},{"target":16,"source":4,"value":0},{"target":17,"source":7,"value":630928},{"target":18,"source":7,"value":36640},{"target":19,"source":7,"value":433},{"target":20,"source":7,"value":6116},{"target":21,"source":13,"value":1299668},{"target":22,"source":13,"value":39347},{"target":23,"source":13,"value":308},{"target":24,"source":13,"value":5156}],"Manitoba":[{"target":1,"source":0,"value":21843},{"target":2,"source":0,"value":579},{"target":3,"source":0,"value":78570},{"target":4,"source":0,"value":10407},{"target":5,"source":1,"value":4451},{"target":6,"source":1,"value":0},{"target":7,"source":1,"value":17392},{"target":8,"source":2,"value":527},{"target":9,"source":2,"value":0},{"target":10,"source":2,"value":52},{"target":11,"source":3,"value":13280},{"target":12,"source":3,"value":0},{"target":13,"source":3,"value":65290},{"target":14,"source":4,"value":10407},{"target":15,"source":4,"value":0},{"target":16,"source":4,"value":0},{"target":17,"source":7,"value":17188},{"target":18,"source":7,"value":188},{"target":19,"source":7,"value":0},{"target":20,"source":7,"value":16},{"target":21,"source":13,"value":63682},{"target":22,"source":13,"value":1562},{"target":23,"source":13,"value":0},{"target":24,"source":13,"value":46}],"Saskatchewan":[{"target":1,"source":0,"value":6650},{"target":2,"source":0,"value":192},{"target":3,"source":0,"value":27610},{"target":4,"source":0,"value":10107},{"target":5,"source":1,"value":1422},{"target":6,"source":1,"value":0},{"target":7,"source":1,"value":5228},{"target":8,"source":2,"value":143},{"target":9,"source":2,"value":0},{"target":10,"source":2,"value":49},{"target":11,"source":3,"value":8609},{"target":12,"source":3,"value":0},{"target":13,"source":3,"value":19001},{"target":14,"source":4,"value":10107},{"target":15,"source":4,"value":0},{"target":16,"source":4,"value":0},{"target":17,"source":7,"value":5183},{"target":18,"source":7,"value":25},{"target":19,"source":7,"value":0},{"target":20,"source":7,"value":20},{"target":21,"source":13,"value":18848},{"target":22,"source":13,"value":111},{"target":23,"source":13,"value":0},{"target":24,"source":13,"value":42}],"Alberta":[{"target":1,"source":0,"value":52172},{"target":2,"source":0,"value":25667},{"target":3,"source":0,"value":146575},{"target":4,"source":0,"value":97452},{"target":5,"source":1,"value":43504},{"target":6,"source":1,"value":0},{"target":7,"source":1,"value":8668},{"target":8,"source":2,"value":25600},{"target":9,"source":2,"value":0},{"target":10,"source":2,"value":67},{"target":11,"source":3,"value":118165},{"target":12,"source":3,"value":0},{"target":13,"source":3,"value":28410},{"target":14,"source":4,"value":97452},{"target":15,"source":4,"value":0},{"target":16,"source":4,"value":0},{"target":17,"source":7,"value":8564},{"target":18,"source":7,"value":29},{"target":19,"source":7,"value":0},{"target":20,"source":7,"value":75},{"target":21,"source":13,"value":28086},{"target":22,"source":13,"value":193},{"target":23,"source":13,"value":0},{"target":24,"source":13,"value":131}],"British Columbia":[{"target":1,"source":0,"value":407854},{"target":2,"source":0,"value":144533},{"target":3,"source":0,"value":884888},{"target":4,"source":0,"value":149579},{"target":5,"source":1,"value":83702},{"target":6,"source":1,"value":42},{"target":7,"source":1,"value":324110},{"target":8,"source":2,"value":124802},{"target":9,"source":2,"value":6},{"target":10,"source":2,"value":19725},{"target":11,"source":3,"value":153074},{"target":12,"source":3,"value":32},{"target":13,"source":3,"value":731782},{"target":14,"source":4,"value":149313},{"target":15,"source":4,"value":0},{"target":16,"source":4,"value":266},{"target":17,"source":7,"value":300806},{"target":18,"source":7,"value":5536},{"target":19,"source":7,"value":2950},{"target":20,"source":7,"value":14818},{"target":21,"source":13,"value":712043},{"target":22,"source":13,"value":8089},{"target":23,"source":13,"value":1152},{"target":24,"source":13,"value":10498}],"Yukon":[{"target":1,"source":0,"value":2427},{"target":2,"source":0,"value":33},{"target":3,"source":0,"value":1360},{"target":4,"source":0,"value":0},{"target":5,"source":1,"value":29},{"target":6,"source":1,"value":0},{"target":7,"source":1,"value":2398},{"target":8,"source":2,"value":0},{"target":9,"source":2,"value":0},{"target":10,"source":2,"value":33},{"target":11,"source":3,"value":0},{"target":12,"source":3,"value":0},{"target":13,"source":3,"value":1360},{"target":14,"source":4,"value":0},{"target":15,"source":4,"value":0},{"target":16,"source":4,"value":0},{"target":17,"source":7,"value":2384},{"target":18,"source":7,"value":13},{"target":19,"source":7,"value":0},{"target":20,"source":7,"value":1},{"target":21,"source":13,"value":1360},{"target":22,"source":13,"value":0},{"target":23,"source":13,"value":0},{"target":24,"source":13,"value":0}],"Nunavut":[{"target":1,"source":0,"value":2},{"target":2,"source":0,"value":2},{"target":3,"source":0,"value":0},{"target":4,"source":0,"value":55},{"target":5,"source":1,"value":2},{"target":6,"source":1,"value":0},{"target":7,"source":1,"value":0},{"target":8,"source":2,"value":2},{"target":9,"source":2,"value":0},{"target":10,"source":2,"value":".."},{"target":11,"source":3,"value":0},{"target":12,"source":3,"value":0},{"target":13,"source":3,"value":0},{"target":14,"source":4,"value":55},{"target":15,"source":4,"value":0},{"target":16,"source":4,"value":".."},{"target":17,"source":7,"value":".."},{"target":18,"source":7,"value":".."},{"target":19,"source":7,"value":".."},{"target":20,"source":7,"value":0},{"target":21,"source":13,"value":".."},{"target":22,"source":13,"value":".."},{"target":23,"source":13,"value":".."},{"target":24,"source":13,"value":0}],"nodes":[{"node":0,"name":"intl"},{"node":1,"name":"USres"},{"node":2,"name":"nonUSres"},{"node":3,"name":"cdnFromUS"},{"node":4,"name":"cdnFromOther"},{"node":5,"name":"USres_air"},{"node":6,"name":"USres_marine"},{"node":7,"name":"USres_land"},{"node":8,"name":"nonUSres_air"},{"node":9,"name":"nonUSres_marine"},{"node":10,"name":"nonUSres_land"},{"node":11,"name":"cdnFromUS_air"},{"node":12,"name":"cdnFromUS_marine"},{"node":13,"name":"cdnFromUS_land"},{"node":14,"name":"cdnFromOther_air"},{"node":15,"name":"cdnFromOther_marine"},{"node":16,"name":"cdnFromOther_land"},{"node":17,"name":"USres_car"},{"node":18,"name":"USres_bus"},{"node":19,"name":"USres_train"},{"node":20,"name":"USres_other"},{"node":21,"name":"cdnFromUS_car"},{"node":22,"name":"cdnFromUS_bus"},{"node":23,"name":"cdnFromUS_train"},{"node":24,"name":"cdnFromUS_other"}]}