{"Canada":[{"target":1,"source":0,"value":1422079},{"target":2,"source":0,"value":312464},{"target":3,"source":0,"value":3342409},{"target":4,"source":0,"value":804064},{"target":5,"source":1,"value":361803},{"target":6,"source":1,"value":265},{"target":7,"source":1,"value":1060011},{"target":8,"source":2,"value":271845},{"target":9,"source":2,"value":398},{"target":10,"source":2,"value":40221},{"target":11,"source":3,"value":791885},{"target":12,"source":3,"value":272},{"target":13,"source":3,"value":2550252},{"target":14,"source":4,"value":803848},{"target":15,"source":4,"value":23},{"target":16,"source":4,"value":193},{"target":17,"source":7,"value":988250},{"target":18,"source":7,"value":50277},{"target":19,"source":7,"value":3619},{"target":20,"source":7,"value":17865},{"target":21,"source":13,"value":2463301},{"target":22,"source":13,"value":68117},{"target":23,"source":13,"value":2174},{"target":24,"source":13,"value":16660}],"Newfoundland and Labrador":[{"target":1,"source":0,"value":1155},{"target":2,"source":0,"value":2067},{"target":3,"source":0,"value":568},{"target":4,"source":0,"value":958},{"target":5,"source":1,"value":1150},{"target":6,"source":1,"value":5},{"target":7,"source":1,"value":0},{"target":8,"source":2,"value":1751},{"target":9,"source":2,"value":316},{"target":10,"source":2,"value":0},{"target":11,"source":3,"value":568},{"target":12,"source":3,"value":0},{"target":13,"source":3,"value":0},{"target":14,"source":4,"value":938},{"target":15,"source":4,"value":20},{"target":16,"source":4,"value":0},{"target":17,"source":7,"value":0},{"target":18,"source":7,"value":0},{"target":19,"source":7,"value":0},{"target":20,"source":7,"value":0},{"target":21,"source":13,"value":0},{"target":22,"source":13,"value":0},{"target":23,"source":13,"value":0},{"target":24,"source":13,"value":0}],"Prince Edward Island":[{"target":1,"source":0,"value":3},{"target":2,"source":0,"value":2},{"target":3,"source":0,"value":2},{"target":4,"source":0,"value":0},{"target":5,"source":1,"value":3},{"target":6,"source":1,"value":0},{"target":7,"source":1,"value":0},{"target":8,"source":2,"value":2},{"target":9,"source":2,"value":0},{"target":10,"source":2,"value":0},{"target":11,"source":3,"value":2},{"target":12,"source":3,"value":0},{"target":13,"source":3,"value":0},{"target":14,"source":4,"value":0},{"target":15,"source":4,"value":0},{"target":16,"source":4,"value":0},{"target":17,"source":7,"value":0},{"target":18,"source":7,"value":0},{"target":19,"source":7,"value":0},{"target":20,"source":7,"value":0},{"target":21,"source":13,"value":0},{"target":22,"source":13,"value":0},{"target":23,"source":13,"value":0},{"target":24,"source":13,"value":0}],"Nova Scotia":[{"target":1,"source":0,"value":2822},{"target":2,"source":0,"value":997},{"target":3,"source":0,"value":6868},{"target":4,"source":0,"value":1569},{"target":5,"source":1,"value":2819},{"target":6,"source":1,"value":3},{"target":7,"source":1,"value":0},{"target":8,"source":2,"value":981},{"target":9,"source":2,"value":16},{"target":10,"source":2,"value":0},{"target":11,"source":3,"value":6868},{"target":12,"source":3,"value":0},{"target":13,"source":3,"value":0},{"target":14,"source":4,"value":1569},{"target":15,"source":4,"value":0},{"target":16,"source":4,"value":0},{"target":17,"source":7,"value":0},{"target":18,"source":7,"value":0},{"target":19,"source":7,"value":0},{"target":20,"source":7,"value":0},{"target":21,"source":13,"value":0},{"target":22,"source":13,"value":0},{"target":23,"source":13,"value":0},{"target":24,"source":13,"value":0}],"New Brunswick":[{"target":1,"source":0,"value":46069},{"target":2,"source":0,"value":133},{"target":3,"source":0,"value":189818},{"target":4,"source":0,"value":0},{"target":5,"source":1,"value":78},{"target":6,"source":1,"value":2},{"target":7,"source":1,"value":45989},{"target":8,"source":2,"value":7},{"target":9,"source":2,"value":5},{"target":10,"source":2,"value":121},{"target":11,"source":3,"value":191},{"target":12,"source":3,"value":2},{"target":13,"source":3,"value":189625},{"target":14,"source":4,"value":0},{"target":15,"source":4,"value":0},{"target":16,"source":4,"value":0},{"target":17,"source":7,"value":45645},{"target":18,"source":7,"value":187},{"target":19,"source":7,"value":0},{"target":20,"source":7,"value":157},{"target":21,"source":13,"value":186779},{"target":22,"source":13,"value":2363},{"target":23,"source":13,"value":0},{"target":24,"source":13,"value":483}],"Quebec":[{"target":1,"source":0,"value":166306},{"target":2,"source":0,"value":51839},{"target":3,"source":0,"value":305860},{"target":4,"source":0,"value":153385},{"target":5,"source":1,"value":59748},{"target":6,"source":1,"value":0},{"target":7,"source":1,"value":106558},{"target":8,"source":2,"value":48732},{"target":9,"source":2,"value":44},{"target":10,"source":2,"value":3063},{"target":11,"source":3,"value":106027},{"target":12,"source":3,"value":0},{"target":13,"source":3,"value":199833},{"target":14,"source":4,"value":153382},{"target":15,"source":4,"value":3},{"target":16,"source":4,"value":0},{"target":17,"source":7,"value":100072},{"target":18,"source":7,"value":5270},{"target":19,"source":7,"value":775},{"target":20,"source":7,"value":441},{"target":21,"source":13,"value":190519},{"target":22,"source":13,"value":8147},{"target":23,"source":13,"value":590},{"target":24,"source":13,"value":577}],"Ontario":[{"target":1,"source":0,"value":829316},{"target":2,"source":0,"value":160508},{"target":3,"source":0,"value":1707289},{"target":4,"source":0,"value":416355},{"target":5,"source":1,"value":193428},{"target":6,"source":1,"value":138},{"target":7,"source":1,"value":635750},{"target":8,"source":2,"value":141525},{"target":9,"source":2,"value":0},{"target":10,"source":2,"value":18983},{"target":11,"source":3,"value":372346},{"target":12,"source":3,"value":109},{"target":13,"source":3,"value":1334834},{"target":14,"source":4,"value":416355},{"target":15,"source":4,"value":0},{"target":16,"source":4,"value":0},{"target":17,"source":7,"value":586785},{"target":18,"source":7,"value":40278},{"target":19,"source":7,"value":272},{"target":20,"source":7,"value":8415},{"target":21,"source":13,"value":1283537},{"target":22,"source":13,"value":45019},{"target":23,"source":13,"value":211},{"target":24,"source":13,"value":6067}],"Manitoba":[{"target":1,"source":0,"value":18583},{"target":2,"source":0,"value":464},{"target":3,"source":0,"value":83718},{"target":4,"source":0,"value":4419},{"target":5,"source":1,"value":4728},{"target":6,"source":1,"value":0},{"target":7,"source":1,"value":13855},{"target":8,"source":2,"value":300},{"target":9,"source":2,"value":0},{"target":10,"source":2,"value":164},{"target":11,"source":3,"value":14100},{"target":12,"source":3,"value":0},{"target":13,"source":3,"value":69618},{"target":14,"source":4,"value":4419},{"target":15,"source":4,"value":0},{"target":16,"source":4,"value":0},{"target":17,"source":7,"value":13522},{"target":18,"source":7,"value":312},{"target":19,"source":7,"value":0},{"target":20,"source":7,"value":21},{"target":21,"source":13,"value":67004},{"target":22,"source":13,"value":2528},{"target":23,"source":13,"value":0},{"target":24,"source":13,"value":86}],"Saskatchewan":[{"target":1,"source":0,"value":6789},{"target":2,"source":0,"value":185},{"target":3,"source":0,"value":28991},{"target":4,"source":0,"value":3426},{"target":5,"source":1,"value":1913},{"target":6,"source":1,"value":0},{"target":7,"source":1,"value":4876},{"target":8,"source":2,"value":96},{"target":9,"source":2,"value":0},{"target":10,"source":2,"value":89},{"target":11,"source":3,"value":9027},{"target":12,"source":3,"value":0},{"target":13,"source":3,"value":19964},{"target":14,"source":4,"value":3426},{"target":15,"source":4,"value":0},{"target":16,"source":4,"value":0},{"target":17,"source":7,"value":4815},{"target":18,"source":7,"value":43},{"target":19,"source":7,"value":0},{"target":20,"source":7,"value":18},{"target":21,"source":13,"value":18720},{"target":22,"source":13,"value":1191},{"target":23,"source":13,"value":0},{"target":24,"source":13,"value":53}],"Alberta":[{"target":1,"source":0,"value":41898},{"target":2,"source":0,"value":12141},{"target":3,"source":0,"value":149102},{"target":4,"source":0,"value":89454},{"target":5,"source":1,"value":34909},{"target":6,"source":1,"value":0},{"target":7,"source":1,"value":6989},{"target":8,"source":2,"value":12037},{"target":9,"source":2,"value":0},{"target":10,"source":2,"value":104},{"target":11,"source":3,"value":121433},{"target":12,"source":3,"value":0},{"target":13,"source":3,"value":27669},{"target":14,"source":4,"value":89454},{"target":15,"source":4,"value":0},{"target":16,"source":4,"value":0},{"target":17,"source":7,"value":6821},{"target":18,"source":7,"value":74},{"target":19,"source":7,"value":0},{"target":20,"source":7,"value":94},{"target":21,"source":13,"value":27173},{"target":22,"source":13,"value":331},{"target":23,"source":13,"value":0},{"target":24,"source":13,"value":165}],"British Columbia":[{"target":1,"source":0,"value":305954},{"target":2,"source":0,"value":84032},{"target":3,"source":0,"value":868877},{"target":4,"source":0,"value":134486},{"target":5,"source":1,"value":62986},{"target":6,"source":1,"value":117},{"target":7,"source":1,"value":242851},{"target":8,"source":2,"value":66390},{"target":9,"source":2,"value":17},{"target":10,"source":2,"value":17625},{"target":11,"source":3,"value":161285},{"target":12,"source":3,"value":161},{"target":13,"source":3,"value":707431},{"target":14,"source":4,"value":134293},{"target":15,"source":4,"value":0},{"target":16,"source":4,"value":193},{"target":17,"source":7,"value":227519},{"target":18,"source":7,"value":4041},{"target":19,"source":7,"value":2572},{"target":20,"source":7,"value":8719},{"target":21,"source":13,"value":688348},{"target":22,"source":13,"value":8482},{"target":23,"source":13,"value":1373},{"target":24,"source":13,"value":9228}],"Yukon":[{"target":1,"source":0,"value":3153},{"target":2,"source":0,"value":72},{"target":3,"source":0,"value":1278},{"target":4,"source":0,"value":0},{"target":5,"source":1,"value":10},{"target":6,"source":1,"value":0},{"target":7,"source":1,"value":3143},{"target":8,"source":2,"value":0},{"target":9,"source":2,"value":0},{"target":10,"source":2,"value":72},{"target":11,"source":3,"value":0},{"target":12,"source":3,"value":0},{"target":13,"source":3,"value":1278},{"target":14,"source":4,"value":0},{"target":15,"source":4,"value":0},{"target":16,"source":4,"value":0},{"target":17,"source":7,"value":3071},{"target":18,"source":7,"value":72},{"target":19,"source":7,"value":0},{"target":20,"source":7,"value":0},{"target":21,"source":13,"value":1221},{"target":22,"source":13,"value":56},{"target":23,"source":13,"value":0},{"target":24,"source":13,"value":1}],"Nunavut":[{"target":1,"source":0,"value":31},{"target":2,"source":0,"value":24},{"target":3,"source":0,"value":38},{"target":4,"source":0,"value":12},{"target":5,"source":1,"value":31},{"target":6,"source":1,"value":0},{"target":7,"source":1,"value":0},{"target":8,"source":2,"value":24},{"target":9,"source":2,"value":0},{"target":10,"source":2,"value":".."},{"target":11,"source":3,"value":38},{"target":12,"source":3,"value":0},{"target":13,"source":3,"value":0},{"target":14,"source":4,"value":12},{"target":15,"source":4,"value":0},{"target":16,"source":4,"value":".."},{"target":17,"source":7,"value":".."},{"target":18,"source":7,"value":".."},{"target":19,"source":7,"value":".."},{"target":20,"source":7,"value":0},{"target":21,"source":13,"value":".."},{"target":22,"source":13,"value":".."},{"target":23,"source":13,"value":".."},{"target":24,"source":13,"value":0}],"nodes":[{"node":0,"name":"intl"},{"node":1,"name":"USres"},{"node":2,"name":"nonUSres"},{"node":3,"name":"cdnFromUS"},{"node":4,"name":"cdnFromOther"},{"node":5,"name":"USres_air"},{"node":6,"name":"USres_marine"},{"node":7,"name":"USres_land"},{"node":8,"name":"nonUSres_air"},{"node":9,"name":"nonUSres_marine"},{"node":10,"name":"nonUSres_land"},{"node":11,"name":"cdnFromUS_air"},{"node":12,"name":"cdnFromUS_marine"},{"node":13,"name":"cdnFromUS_land"},{"node":14,"name":"cdnFromOther_air"},{"node":15,"name":"cdnFromOther_marine"},{"node":16,"name":"cdnFromOther_land"},{"node":17,"name":"USres_car"},{"node":18,"name":"USres_bus"},{"node":19,"name":"USres_train"},{"node":20,"name":"USres_other"},{"node":21,"name":"cdnFromUS_car"},{"node":22,"name":"cdnFromUS_bus"},{"node":23,"name":"cdnFromUS_train"},{"node":24,"name":"cdnFromUS_other"}]}