{"Canada":[{"target":1,"source":0,"value":1164610},{"target":2,"source":0,"value":314308},{"target":3,"source":0,"value":3050181},{"target":4,"source":0,"value":1360836},{"target":5,"source":1,"value":271319},{"target":6,"source":1,"value":182},{"target":7,"source":1,"value":893109},{"target":8,"source":2,"value":285516},{"target":9,"source":2,"value":96},{"target":10,"source":2,"value":28696},{"target":11,"source":3,"value":783361},{"target":12,"source":3,"value":98},{"target":13,"source":3,"value":2266722},{"target":14,"source":4,"value":1360588},{"target":15,"source":4,"value":0},{"target":16,"source":4,"value":248},{"target":17,"source":7,"value":833558},{"target":18,"source":7,"value":47216},{"target":19,"source":7,"value":3067},{"target":20,"source":7,"value":9268},{"target":21,"source":13,"value":2198865},{"target":22,"source":13,"value":53485},{"target":23,"source":13,"value":3189},{"target":24,"source":13,"value":11183}],"Newfoundland and Labrador":[{"target":1,"source":0,"value":779},{"target":2,"source":0,"value":1136},{"target":3,"source":0,"value":518},{"target":4,"source":0,"value":827},{"target":5,"source":1,"value":779},{"target":6,"source":1,"value":0},{"target":7,"source":1,"value":0},{"target":8,"source":2,"value":1112},{"target":9,"source":2,"value":24},{"target":10,"source":2,"value":0},{"target":11,"source":3,"value":518},{"target":12,"source":3,"value":0},{"target":13,"source":3,"value":0},{"target":14,"source":4,"value":827},{"target":15,"source":4,"value":0},{"target":16,"source":4,"value":0},{"target":17,"source":7,"value":0},{"target":18,"source":7,"value":0},{"target":19,"source":7,"value":0},{"target":20,"source":7,"value":0},{"target":21,"source":13,"value":0},{"target":22,"source":13,"value":0},{"target":23,"source":13,"value":0},{"target":24,"source":13,"value":0}],"Prince Edward Island":[{"target":1,"source":0,"value":17},{"target":2,"source":0,"value":3},{"target":3,"source":0,"value":8},{"target":4,"source":0,"value":234},{"target":5,"source":1,"value":17},{"target":6,"source":1,"value":0},{"target":7,"source":1,"value":0},{"target":8,"source":2,"value":0},{"target":9,"source":2,"value":3},{"target":10,"source":2,"value":0},{"target":11,"source":3,"value":8},{"target":12,"source":3,"value":0},{"target":13,"source":3,"value":0},{"target":14,"source":4,"value":234},{"target":15,"source":4,"value":0},{"target":16,"source":4,"value":0},{"target":17,"source":7,"value":0},{"target":18,"source":7,"value":0},{"target":19,"source":7,"value":0},{"target":20,"source":7,"value":0},{"target":21,"source":13,"value":0},{"target":22,"source":13,"value":0},{"target":23,"source":13,"value":0},{"target":24,"source":13,"value":0}],"Nova Scotia":[{"target":1,"source":0,"value":1897},{"target":2,"source":0,"value":1185},{"target":3,"source":0,"value":7360},{"target":4,"source":0,"value":6180},{"target":5,"source":1,"value":1897},{"target":6,"source":1,"value":0},{"target":7,"source":1,"value":0},{"target":8,"source":2,"value":1147},{"target":9,"source":2,"value":38},{"target":10,"source":2,"value":0},{"target":11,"source":3,"value":7360},{"target":12,"source":3,"value":0},{"target":13,"source":3,"value":0},{"target":14,"source":4,"value":6180},{"target":15,"source":4,"value":0},{"target":16,"source":4,"value":0},{"target":17,"source":7,"value":0},{"target":18,"source":7,"value":0},{"target":19,"source":7,"value":0},{"target":20,"source":7,"value":0},{"target":21,"source":13,"value":0},{"target":22,"source":13,"value":0},{"target":23,"source":13,"value":0},{"target":24,"source":13,"value":0}],"New Brunswick":[{"target":1,"source":0,"value":40778},{"target":2,"source":0,"value":75},{"target":3,"source":0,"value":156259},{"target":4,"source":0,"value":784},{"target":5,"source":1,"value":46},{"target":6,"source":1,"value":0},{"target":7,"source":1,"value":40732},{"target":8,"source":2,"value":5},{"target":9,"source":2,"value":3},{"target":10,"source":2,"value":67},{"target":11,"source":3,"value":178},{"target":12,"source":3,"value":0},{"target":13,"source":3,"value":156081},{"target":14,"source":4,"value":784},{"target":15,"source":4,"value":0},{"target":16,"source":4,"value":0},{"target":17,"source":7,"value":40343},{"target":18,"source":7,"value":96},{"target":19,"source":7,"value":0},{"target":20,"source":7,"value":293},{"target":21,"source":13,"value":155288},{"target":22,"source":13,"value":332},{"target":23,"source":13,"value":0},{"target":24,"source":13,"value":461}],"Quebec":[{"target":1,"source":0,"value":121001},{"target":2,"source":0,"value":41281},{"target":3,"source":0,"value":345050},{"target":4,"source":0,"value":303091},{"target":5,"source":1,"value":36112},{"target":6,"source":1,"value":0},{"target":7,"source":1,"value":84889},{"target":8,"source":2,"value":38736},{"target":9,"source":2,"value":19},{"target":10,"source":2,"value":2526},{"target":11,"source":3,"value":126165},{"target":12,"source":3,"value":0},{"target":13,"source":3,"value":218885},{"target":14,"source":4,"value":303091},{"target":15,"source":4,"value":0},{"target":16,"source":4,"value":0},{"target":17,"source":7,"value":78462},{"target":18,"source":7,"value":5468},{"target":19,"source":7,"value":793},{"target":20,"source":7,"value":166},{"target":21,"source":13,"value":205574},{"target":22,"source":13,"value":11711},{"target":23,"source":13,"value":1452},{"target":24,"source":13,"value":148}],"Ontario":[{"target":1,"source":0,"value":660209},{"target":2,"source":0,"value":135896},{"target":3,"source":0,"value":1543774},{"target":4,"source":0,"value":683809},{"target":5,"source":1,"value":138356},{"target":6,"source":1,"value":50},{"target":7,"source":1,"value":521803},{"target":8,"source":2,"value":126992},{"target":9,"source":2,"value":0},{"target":10,"source":2,"value":8904},{"target":11,"source":3,"value":370402},{"target":12,"source":3,"value":12},{"target":13,"source":3,"value":1173360},{"target":14,"source":4,"value":683809},{"target":15,"source":4,"value":0},{"target":16,"source":4,"value":0},{"target":17,"source":7,"value":478475},{"target":18,"source":7,"value":38602},{"target":19,"source":7,"value":268},{"target":20,"source":7,"value":4458},{"target":21,"source":13,"value":1136319},{"target":22,"source":13,"value":33251},{"target":23,"source":13,"value":431},{"target":24,"source":13,"value":3359}],"Manitoba":[{"target":1,"source":0,"value":16968},{"target":2,"source":0,"value":308},{"target":3,"source":0,"value":73396},{"target":4,"source":0,"value":25811},{"target":5,"source":1,"value":3121},{"target":6,"source":1,"value":0},{"target":7,"source":1,"value":13847},{"target":8,"source":2,"value":296},{"target":9,"source":2,"value":0},{"target":10,"source":2,"value":12},{"target":11,"source":3,"value":15509},{"target":12,"source":3,"value":0},{"target":13,"source":3,"value":57887},{"target":14,"source":4,"value":25811},{"target":15,"source":4,"value":0},{"target":16,"source":4,"value":0},{"target":17,"source":7,"value":13578},{"target":18,"source":7,"value":267},{"target":19,"source":7,"value":0},{"target":20,"source":7,"value":2},{"target":21,"source":13,"value":55911},{"target":22,"source":13,"value":1968},{"target":23,"source":13,"value":0},{"target":24,"source":13,"value":8}],"Saskatchewan":[{"target":1,"source":0,"value":4451},{"target":2,"source":0,"value":155},{"target":3,"source":0,"value":26491},{"target":4,"source":0,"value":20489},{"target":5,"source":1,"value":837},{"target":6,"source":1,"value":0},{"target":7,"source":1,"value":3614},{"target":8,"source":2,"value":109},{"target":9,"source":2,"value":0},{"target":10,"source":2,"value":46},{"target":11,"source":3,"value":9536},{"target":12,"source":3,"value":0},{"target":13,"source":3,"value":16955},{"target":14,"source":4,"value":20489},{"target":15,"source":4,"value":0},{"target":16,"source":4,"value":0},{"target":17,"source":7,"value":3543},{"target":18,"source":7,"value":53},{"target":19,"source":7,"value":0},{"target":20,"source":7,"value":18},{"target":21,"source":13,"value":16696},{"target":22,"source":13,"value":213},{"target":23,"source":13,"value":0},{"target":24,"source":13,"value":46}],"Alberta":[{"target":1,"source":0,"value":32544},{"target":2,"source":0,"value":16284},{"target":3,"source":0,"value":151946},{"target":4,"source":0,"value":116851},{"target":5,"source":1,"value":27695},{"target":6,"source":1,"value":0},{"target":7,"source":1,"value":4849},{"target":8,"source":2,"value":16232},{"target":9,"source":2,"value":0},{"target":10,"source":2,"value":52},{"target":11,"source":3,"value":119600},{"target":12,"source":3,"value":0},{"target":13,"source":3,"value":32346},{"target":14,"source":4,"value":116851},{"target":15,"source":4,"value":0},{"target":16,"source":4,"value":0},{"target":17,"source":7,"value":4817},{"target":18,"source":7,"value":22},{"target":19,"source":7,"value":0},{"target":20,"source":7,"value":10},{"target":21,"source":13,"value":32126},{"target":22,"source":13,"value":216},{"target":23,"source":13,"value":0},{"target":24,"source":13,"value":4}],"British Columbia":[{"target":1,"source":0,"value":283856},{"target":2,"source":0,"value":117865},{"target":3,"source":0,"value":744113},{"target":4,"source":0,"value":202755},{"target":5,"source":1,"value":62450},{"target":6,"source":1,"value":132},{"target":7,"source":1,"value":221274},{"target":8,"source":2,"value":100818},{"target":9,"source":2,"value":9},{"target":10,"source":2,"value":17038},{"target":11,"source":3,"value":134058},{"target":12,"source":3,"value":86},{"target":13,"source":3,"value":609969},{"target":14,"source":4,"value":202507},{"target":15,"source":4,"value":0},{"target":16,"source":4,"value":248},{"target":17,"source":7,"value":212240},{"target":18,"source":7,"value":2708},{"target":19,"source":7,"value":2006},{"target":20,"source":7,"value":4320},{"target":21,"source":13,"value":595753},{"target":22,"source":13,"value":5753},{"target":23,"source":13,"value":1306},{"target":24,"source":13,"value":7157}],"Yukon":[{"target":1,"source":0,"value":2102},{"target":2,"source":0,"value":54},{"target":3,"source":0,"value":1251},{"target":4,"source":0,"value":0},{"target":5,"source":1,"value":1},{"target":6,"source":1,"value":0},{"target":7,"source":1,"value":2101},{"target":8,"source":2,"value":3},{"target":9,"source":2,"value":0},{"target":10,"source":2,"value":51},{"target":11,"source":3,"value":12},{"target":12,"source":3,"value":0},{"target":13,"source":3,"value":1239},{"target":14,"source":4,"value":0},{"target":15,"source":4,"value":0},{"target":16,"source":4,"value":0},{"target":17,"source":7,"value":2100},{"target":18,"source":7,"value":0},{"target":19,"source":7,"value":0},{"target":20,"source":7,"value":1},{"target":21,"source":13,"value":1198},{"target":22,"source":13,"value":41},{"target":23,"source":13,"value":0},{"target":24,"source":13,"value":0}],"Nunavut":[{"target":1,"source":0,"value":8},{"target":2,"source":0,"value":66},{"target":3,"source":0,"value":15},{"target":4,"source":0,"value":5},{"target":5,"source":1,"value":8},{"target":6,"source":1,"value":0},{"target":7,"source":1,"value":0},{"target":8,"source":2,"value":66},{"target":9,"source":2,"value":0},{"target":10,"source":2,"value":".."},{"target":11,"source":3,"value":15},{"target":12,"source":3,"value":0},{"target":13,"source":3,"value":0},{"target":14,"source":4,"value":5},{"target":15,"source":4,"value":0},{"target":16,"source":4,"value":".."},{"target":17,"source":7,"value":".."},{"target":18,"source":7,"value":".."},{"target":19,"source":7,"value":".."},{"target":20,"source":7,"value":0},{"target":21,"source":13,"value":".."},{"target":22,"source":13,"value":".."},{"target":23,"source":13,"value":".."},{"target":24,"source":13,"value":0}],"nodes":[{"node":0,"name":"intl"},{"node":1,"name":"USres"},{"node":2,"name":"nonUSres"},{"node":3,"name":"cdnFromUS"},{"node":4,"name":"cdnFromOther"},{"node":5,"name":"USres_air"},{"node":6,"name":"USres_marine"},{"node":7,"name":"USres_land"},{"node":8,"name":"nonUSres_air"},{"node":9,"name":"nonUSres_marine"},{"node":10,"name":"nonUSres_land"},{"node":11,"name":"cdnFromUS_air"},{"node":12,"name":"cdnFromUS_marine"},{"node":13,"name":"cdnFromUS_land"},{"node":14,"name":"cdnFromOther_air"},{"node":15,"name":"cdnFromOther_marine"},{"node":16,"name":"cdnFromOther_land"},{"node":17,"name":"USres_car"},{"node":18,"name":"USres_bus"},{"node":19,"name":"USres_train"},{"node":20,"name":"USres_other"},{"node":21,"name":"cdnFromUS_car"},{"node":22,"name":"cdnFromUS_bus"},{"node":23,"name":"cdnFromUS_train"},{"node":24,"name":"cdnFromUS_other"}]}