{"Canada":[{"target":1,"source":0,"value":2023086},{"target":2,"source":0,"value":573409},{"target":3,"source":0,"value":3368380},{"target":4,"source":0,"value":951933},{"target":5,"source":1,"value":476739},{"target":6,"source":1,"value":103930},{"target":7,"source":1,"value":1442417},{"target":8,"source":2,"value":476400},{"target":9,"source":2,"value":30641},{"target":10,"source":2,"value":66368},{"target":11,"source":3,"value":668912},{"target":12,"source":3,"value":27083},{"target":13,"source":3,"value":2672385},{"target":14,"source":4,"value":951030},{"target":15,"source":4,"value":511},{"target":16,"source":4,"value":392},{"target":17,"source":7,"value":1306841},{"target":18,"source":7,"value":86800},{"target":19,"source":7,"value":14695},{"target":20,"source":7,"value":34081},{"target":21,"source":13,"value":2553797},{"target":22,"source":13,"value":88314},{"target":23,"source":13,"value":3551},{"target":24,"source":13,"value":26723}],"Newfoundland and Labrador":[{"target":1,"source":0,"value":1369},{"target":2,"source":0,"value":3057},{"target":3,"source":0,"value":1985},{"target":4,"source":0,"value":7953},{"target":5,"source":1,"value":1369},{"target":6,"source":1,"value":0},{"target":7,"source":1,"value":0},{"target":8,"source":2,"value":2882},{"target":9,"source":2,"value":175},{"target":10,"source":2,"value":0},{"target":11,"source":3,"value":1985},{"target":12,"source":3,"value":0},{"target":13,"source":3,"value":0},{"target":14,"source":4,"value":7952},{"target":15,"source":4,"value":1},{"target":16,"source":4,"value":0},{"target":17,"source":7,"value":0},{"target":18,"source":7,"value":0},{"target":19,"source":7,"value":0},{"target":20,"source":7,"value":0},{"target":21,"source":13,"value":0},{"target":22,"source":13,"value":0},{"target":23,"source":13,"value":0},{"target":24,"source":13,"value":0}],"Prince Edward Island":[{"target":1,"source":0,"value":34},{"target":2,"source":0,"value":0},{"target":3,"source":0,"value":2},{"target":4,"source":0,"value":445},{"target":5,"source":1,"value":34},{"target":6,"source":1,"value":0},{"target":7,"source":1,"value":0},{"target":8,"source":2,"value":0},{"target":9,"source":2,"value":0},{"target":10,"source":2,"value":0},{"target":11,"source":3,"value":2},{"target":12,"source":3,"value":0},{"target":13,"source":3,"value":0},{"target":14,"source":4,"value":445},{"target":15,"source":4,"value":0},{"target":16,"source":4,"value":0},{"target":17,"source":7,"value":0},{"target":18,"source":7,"value":0},{"target":19,"source":7,"value":0},{"target":20,"source":7,"value":0},{"target":21,"source":13,"value":0},{"target":22,"source":13,"value":0},{"target":23,"source":13,"value":0},{"target":24,"source":13,"value":0}],"Nova Scotia":[{"target":1,"source":0,"value":6264},{"target":2,"source":0,"value":4584},{"target":3,"source":0,"value":7503},{"target":4,"source":0,"value":15885},{"target":5,"source":1,"value":3380},{"target":6,"source":1,"value":2733},{"target":7,"source":1,"value":151},{"target":8,"source":2,"value":3965},{"target":9,"source":2,"value":617},{"target":10,"source":2,"value":2},{"target":11,"source":3,"value":6948},{"target":12,"source":3,"value":510},{"target":13,"source":3,"value":45},{"target":14,"source":4,"value":15885},{"target":15,"source":4,"value":0},{"target":16,"source":4,"value":0},{"target":17,"source":7,"value":117},{"target":18,"source":7,"value":0},{"target":19,"source":7,"value":0},{"target":20,"source":7,"value":34},{"target":21,"source":13,"value":42},{"target":22,"source":13,"value":0},{"target":23,"source":13,"value":0},{"target":24,"source":13,"value":3}],"New Brunswick":[{"target":1,"source":0,"value":58800},{"target":2,"source":0,"value":298},{"target":3,"source":0,"value":187600},{"target":4,"source":0,"value":4637},{"target":5,"source":1,"value":77},{"target":6,"source":1,"value":10},{"target":7,"source":1,"value":58713},{"target":8,"source":2,"value":14},{"target":9,"source":2,"value":6},{"target":10,"source":2,"value":278},{"target":11,"source":3,"value":861},{"target":12,"source":3,"value":16},{"target":13,"source":3,"value":186723},{"target":14,"source":4,"value":4637},{"target":15,"source":4,"value":0},{"target":16,"source":4,"value":0},{"target":17,"source":7,"value":57877},{"target":18,"source":7,"value":460},{"target":19,"source":7,"value":0},{"target":20,"source":7,"value":376},{"target":21,"source":13,"value":184509},{"target":22,"source":13,"value":1214},{"target":23,"source":13,"value":0},{"target":24,"source":13,"value":1000}],"Quebec":[{"target":1,"source":0,"value":205396},{"target":2,"source":0,"value":88178},{"target":3,"source":0,"value":365029},{"target":4,"source":0,"value":185718},{"target":5,"source":1,"value":69561},{"target":6,"source":1,"value":167},{"target":7,"source":1,"value":135668},{"target":8,"source":2,"value":80939},{"target":9,"source":2,"value":13},{"target":10,"source":2,"value":7226},{"target":11,"source":3,"value":89850},{"target":12,"source":3,"value":281},{"target":13,"source":3,"value":274898},{"target":14,"source":4,"value":185718},{"target":15,"source":4,"value":0},{"target":16,"source":4,"value":0},{"target":17,"source":7,"value":119959},{"target":18,"source":7,"value":13753},{"target":19,"source":7,"value":1274},{"target":20,"source":7,"value":682},{"target":21,"source":13,"value":242523},{"target":22,"source":13,"value":27998},{"target":23,"source":13,"value":772},{"target":24,"source":13,"value":3605}],"Ontario":[{"target":1,"source":0,"value":1103483},{"target":2,"source":0,"value":246558},{"target":3,"source":0,"value":1628325},{"target":4,"source":0,"value":525461},{"target":5,"source":1,"value":240121},{"target":6,"source":1,"value":9561},{"target":7,"source":1,"value":853801},{"target":8,"source":2,"value":217701},{"target":9,"source":2,"value":12},{"target":10,"source":2,"value":28845},{"target":11,"source":3,"value":307584},{"target":12,"source":3,"value":1344},{"target":13,"source":3,"value":1319397},{"target":14,"source":4,"value":525461},{"target":15,"source":4,"value":0},{"target":16,"source":4,"value":0},{"target":17,"source":7,"value":788466},{"target":18,"source":7,"value":49109},{"target":19,"source":7,"value":577},{"target":20,"source":7,"value":15649},{"target":21,"source":13,"value":1265691},{"target":22,"source":13,"value":45312},{"target":23,"source":13,"value":268},{"target":24,"source":13,"value":8126}],"Manitoba":[{"target":1,"source":0,"value":28911},{"target":2,"source":0,"value":565},{"target":3,"source":0,"value":86484},{"target":4,"source":0,"value":1459},{"target":5,"source":1,"value":4984},{"target":6,"source":1,"value":0},{"target":7,"source":1,"value":23927},{"target":8,"source":2,"value":498},{"target":9,"source":2,"value":0},{"target":10,"source":2,"value":67},{"target":11,"source":3,"value":8081},{"target":12,"source":3,"value":21},{"target":13,"source":3,"value":78382},{"target":14,"source":4,"value":1459},{"target":15,"source":4,"value":0},{"target":16,"source":4,"value":0},{"target":17,"source":7,"value":23415},{"target":18,"source":7,"value":450},{"target":19,"source":7,"value":0},{"target":20,"source":7,"value":62},{"target":21,"source":13,"value":74860},{"target":22,"source":13,"value":3212},{"target":23,"source":13,"value":0},{"target":24,"source":13,"value":310}],"Saskatchewan":[{"target":1,"source":0,"value":9716},{"target":2,"source":0,"value":196},{"target":3,"source":0,"value":22827},{"target":4,"source":0,"value":693},{"target":5,"source":1,"value":1513},{"target":6,"source":1,"value":0},{"target":7,"source":1,"value":8203},{"target":8,"source":2,"value":117},{"target":9,"source":2,"value":0},{"target":10,"source":2,"value":79},{"target":11,"source":3,"value":2404},{"target":12,"source":3,"value":0},{"target":13,"source":3,"value":20423},{"target":14,"source":4,"value":693},{"target":15,"source":4,"value":0},{"target":16,"source":4,"value":0},{"target":17,"source":7,"value":7888},{"target":18,"source":7,"value":249},{"target":19,"source":7,"value":0},{"target":20,"source":7,"value":66},{"target":21,"source":13,"value":19701},{"target":22,"source":13,"value":518},{"target":23,"source":13,"value":0},{"target":24,"source":13,"value":204}],"Alberta":[{"target":1,"source":0,"value":59665},{"target":2,"source":0,"value":28964},{"target":3,"source":0,"value":136197},{"target":4,"source":0,"value":63890},{"target":5,"source":1,"value":44079},{"target":6,"source":1,"value":0},{"target":7,"source":1,"value":15586},{"target":8,"source":2,"value":28284},{"target":9,"source":2,"value":0},{"target":10,"source":2,"value":680},{"target":11,"source":3,"value":96790},{"target":12,"source":3,"value":0},{"target":13,"source":3,"value":39407},{"target":14,"source":4,"value":63890},{"target":15,"source":4,"value":0},{"target":16,"source":4,"value":0},{"target":17,"source":7,"value":14869},{"target":18,"source":7,"value":381},{"target":19,"source":7,"value":0},{"target":20,"source":7,"value":336},{"target":21,"source":13,"value":38663},{"target":22,"source":13,"value":144},{"target":23,"source":13,"value":0},{"target":24,"source":13,"value":600}],"British Columbia":[{"target":1,"source":0,"value":518257},{"target":2,"source":0,"value":194880},{"target":3,"source":0,"value":922869},{"target":4,"source":0,"value":145783},{"target":5,"source":1,"value":111316},{"target":6,"source":1,"value":91459},{"target":7,"source":1,"value":315482},{"target":8,"source":2,"value":141741},{"target":9,"source":2,"value":29818},{"target":10,"source":2,"value":23321},{"target":11,"source":3,"value":154309},{"target":12,"source":3,"value":24911},{"target":13,"source":3,"value":743649},{"target":14,"source":4,"value":144881},{"target":15,"source":4,"value":510},{"target":16,"source":4,"value":392},{"target":17,"source":7,"value":282692},{"target":18,"source":7,"value":11076},{"target":19,"source":7,"value":4950},{"target":20,"source":7,"value":16764},{"target":21,"source":13,"value":720157},{"target":22,"source":13,"value":8472},{"target":23,"source":13,"value":2179},{"target":24,"source":13,"value":12841}],"Yukon":[{"target":1,"source":0,"value":31145},{"target":2,"source":0,"value":6100},{"target":3,"source":0,"value":9535},{"target":4,"source":0,"value":0},{"target":5,"source":1,"value":259},{"target":6,"source":1,"value":0},{"target":7,"source":1,"value":30886},{"target":8,"source":2,"value":230},{"target":9,"source":2,"value":0},{"target":10,"source":2,"value":5870},{"target":11,"source":3,"value":74},{"target":12,"source":3,"value":0},{"target":13,"source":3,"value":9461},{"target":14,"source":4,"value":0},{"target":15,"source":4,"value":0},{"target":16,"source":4,"value":0},{"target":17,"source":7,"value":11558},{"target":18,"source":7,"value":11322},{"target":19,"source":7,"value":7894},{"target":20,"source":7,"value":112},{"target":21,"source":13,"value":7651},{"target":22,"source":13,"value":1444},{"target":23,"source":13,"value":332},{"target":24,"source":13,"value":34}],"Nunavut":[{"target":1,"source":0,"value":46},{"target":2,"source":0,"value":29},{"target":3,"source":0,"value":24},{"target":4,"source":0,"value":9},{"target":5,"source":1,"value":46},{"target":6,"source":1,"value":0},{"target":7,"source":1,"value":0},{"target":8,"source":2,"value":29},{"target":9,"source":2,"value":0},{"target":10,"source":2,"value":".."},{"target":11,"source":3,"value":24},{"target":12,"source":3,"value":0},{"target":13,"source":3,"value":0},{"target":14,"source":4,"value":9},{"target":15,"source":4,"value":0},{"target":16,"source":4,"value":".."},{"target":17,"source":7,"value":".."},{"target":18,"source":7,"value":".."},{"target":19,"source":7,"value":".."},{"target":20,"source":7,"value":0},{"target":21,"source":13,"value":".."},{"target":22,"source":13,"value":".."},{"target":23,"source":13,"value":".."},{"target":24,"source":13,"value":0}],"nodes":[{"node":0,"name":"intl"},{"node":1,"name":"USres"},{"node":2,"name":"nonUSres"},{"node":3,"name":"cdnFromUS"},{"node":4,"name":"cdnFromOther"},{"node":5,"name":"USres_air"},{"node":6,"name":"USres_marine"},{"node":7,"name":"USres_land"},{"node":8,"name":"nonUSres_air"},{"node":9,"name":"nonUSres_marine"},{"node":10,"name":"nonUSres_land"},{"node":11,"name":"cdnFromUS_air"},{"node":12,"name":"cdnFromUS_marine"},{"node":13,"name":"cdnFromUS_land"},{"node":14,"name":"cdnFromOther_air"},{"node":15,"name":"cdnFromOther_marine"},{"node":16,"name":"cdnFromOther_land"},{"node":17,"name":"USres_car"},{"node":18,"name":"USres_bus"},{"node":19,"name":"USres_train"},{"node":20,"name":"USres_other"},{"node":21,"name":"cdnFromUS_car"},{"node":22,"name":"cdnFromUS_bus"},{"node":23,"name":"cdnFromUS_train"},{"node":24,"name":"cdnFromUS_other"}]}