{"Canada":[{"target":1,"source":0,"value":1170713},{"target":2,"source":0,"value":296406},{"target":3,"source":0,"value":2715331},{"target":4,"source":0,"value":1163494},{"target":5,"source":1,"value":272021},{"target":6,"source":1,"value":359},{"target":7,"source":1,"value":898333},{"target":8,"source":2,"value":270805},{"target":9,"source":2,"value":75},{"target":10,"source":2,"value":25526},{"target":11,"source":3,"value":740680},{"target":12,"source":3,"value":190},{"target":13,"source":3,"value":1974461},{"target":14,"source":4,"value":1163291},{"target":15,"source":4,"value":37},{"target":16,"source":4,"value":166},{"target":17,"source":7,"value":839772},{"target":18,"source":7,"value":44485},{"target":19,"source":7,"value":2896},{"target":20,"source":7,"value":11180},{"target":21,"source":13,"value":1910843},{"target":22,"source":13,"value":50902},{"target":23,"source":13,"value":1748},{"target":24,"source":13,"value":10968}],"Newfoundland and Labrador":[{"target":1,"source":0,"value":1046},{"target":2,"source":0,"value":1467},{"target":3,"source":0,"value":445},{"target":4,"source":0,"value":586},{"target":5,"source":1,"value":1045},{"target":6,"source":1,"value":1},{"target":7,"source":1,"value":0},{"target":8,"source":2,"value":1428},{"target":9,"source":2,"value":39},{"target":10,"source":2,"value":0},{"target":11,"source":3,"value":445},{"target":12,"source":3,"value":0},{"target":13,"source":3,"value":0},{"target":14,"source":4,"value":549},{"target":15,"source":4,"value":37},{"target":16,"source":4,"value":0},{"target":17,"source":7,"value":0},{"target":18,"source":7,"value":0},{"target":19,"source":7,"value":0},{"target":20,"source":7,"value":0},{"target":21,"source":13,"value":0},{"target":22,"source":13,"value":0},{"target":23,"source":13,"value":0},{"target":24,"source":13,"value":0}],"Prince Edward Island":[{"target":1,"source":0,"value":3},{"target":2,"source":0,"value":0},{"target":3,"source":0,"value":339},{"target":4,"source":0,"value":148},{"target":5,"source":1,"value":3},{"target":6,"source":1,"value":0},{"target":7,"source":1,"value":0},{"target":8,"source":2,"value":0},{"target":9,"source":2,"value":0},{"target":10,"source":2,"value":0},{"target":11,"source":3,"value":339},{"target":12,"source":3,"value":0},{"target":13,"source":3,"value":0},{"target":14,"source":4,"value":148},{"target":15,"source":4,"value":0},{"target":16,"source":4,"value":0},{"target":17,"source":7,"value":0},{"target":18,"source":7,"value":0},{"target":19,"source":7,"value":0},{"target":20,"source":7,"value":0},{"target":21,"source":13,"value":0},{"target":22,"source":13,"value":0},{"target":23,"source":13,"value":0},{"target":24,"source":13,"value":0}],"Nova Scotia":[{"target":1,"source":0,"value":1731},{"target":2,"source":0,"value":1007},{"target":3,"source":0,"value":8436},{"target":4,"source":0,"value":11585},{"target":5,"source":1,"value":1731},{"target":6,"source":1,"value":0},{"target":7,"source":1,"value":0},{"target":8,"source":2,"value":1000},{"target":9,"source":2,"value":7},{"target":10,"source":2,"value":0},{"target":11,"source":3,"value":8436},{"target":12,"source":3,"value":0},{"target":13,"source":3,"value":0},{"target":14,"source":4,"value":11585},{"target":15,"source":4,"value":0},{"target":16,"source":4,"value":0},{"target":17,"source":7,"value":0},{"target":18,"source":7,"value":0},{"target":19,"source":7,"value":0},{"target":20,"source":7,"value":0},{"target":21,"source":13,"value":0},{"target":22,"source":13,"value":0},{"target":23,"source":13,"value":0},{"target":24,"source":13,"value":0}],"New Brunswick":[{"target":1,"source":0,"value":38009},{"target":2,"source":0,"value":72},{"target":3,"source":0,"value":136927},{"target":4,"source":0,"value":3048},{"target":5,"source":1,"value":71},{"target":6,"source":1,"value":1},{"target":7,"source":1,"value":37937},{"target":8,"source":2,"value":15},{"target":9,"source":2,"value":7},{"target":10,"source":2,"value":50},{"target":11,"source":3,"value":380},{"target":12,"source":3,"value":4},{"target":13,"source":3,"value":136543},{"target":14,"source":4,"value":3048},{"target":15,"source":4,"value":0},{"target":16,"source":4,"value":0},{"target":17,"source":7,"value":37580},{"target":18,"source":7,"value":179},{"target":19,"source":7,"value":0},{"target":20,"source":7,"value":178},{"target":21,"source":13,"value":135684},{"target":22,"source":13,"value":584},{"target":23,"source":13,"value":0},{"target":24,"source":13,"value":275}],"Quebec":[{"target":1,"source":0,"value":144923},{"target":2,"source":0,"value":51928},{"target":3,"source":0,"value":261627},{"target":4,"source":0,"value":237819},{"target":5,"source":1,"value":41387},{"target":6,"source":1,"value":0},{"target":7,"source":1,"value":103536},{"target":8,"source":2,"value":50201},{"target":9,"source":2,"value":12},{"target":10,"source":2,"value":1715},{"target":11,"source":3,"value":107728},{"target":12,"source":3,"value":0},{"target":13,"source":3,"value":153899},{"target":14,"source":4,"value":237819},{"target":15,"source":4,"value":0},{"target":16,"source":4,"value":0},{"target":17,"source":7,"value":94986},{"target":18,"source":7,"value":7667},{"target":19,"source":7,"value":684},{"target":20,"source":7,"value":199},{"target":21,"source":13,"value":143059},{"target":22,"source":13,"value":10169},{"target":23,"source":13,"value":522},{"target":24,"source":13,"value":149}],"Ontario":[{"target":1,"source":0,"value":632910},{"target":2,"source":0,"value":126790},{"target":3,"source":0,"value":1373872},{"target":4,"source":0,"value":579922},{"target":5,"source":1,"value":130862},{"target":6,"source":1,"value":49},{"target":7,"source":1,"value":501999},{"target":8,"source":2,"value":119532},{"target":9,"source":2,"value":0},{"target":10,"source":2,"value":7258},{"target":11,"source":3,"value":332157},{"target":12,"source":3,"value":18},{"target":13,"source":3,"value":1041697},{"target":14,"source":4,"value":579922},{"target":15,"source":4,"value":0},{"target":16,"source":4,"value":0},{"target":17,"source":7,"value":465021},{"target":18,"source":7,"value":32084},{"target":19,"source":7,"value":264},{"target":20,"source":7,"value":4630},{"target":21,"source":13,"value":1006542},{"target":22,"source":13,"value":31778},{"target":23,"source":13,"value":123},{"target":24,"source":13,"value":3254}],"Manitoba":[{"target":1,"source":0,"value":19152},{"target":2,"source":0,"value":333},{"target":3,"source":0,"value":74189},{"target":4,"source":0,"value":24366},{"target":5,"source":1,"value":3207},{"target":6,"source":1,"value":0},{"target":7,"source":1,"value":15945},{"target":8,"source":2,"value":317},{"target":9,"source":2,"value":0},{"target":10,"source":2,"value":16},{"target":11,"source":3,"value":15840},{"target":12,"source":3,"value":0},{"target":13,"source":3,"value":58349},{"target":14,"source":4,"value":24366},{"target":15,"source":4,"value":0},{"target":16,"source":4,"value":0},{"target":17,"source":7,"value":15170},{"target":18,"source":7,"value":763},{"target":19,"source":7,"value":0},{"target":20,"source":7,"value":12},{"target":21,"source":13,"value":56067},{"target":22,"source":13,"value":2279},{"target":23,"source":13,"value":0},{"target":24,"source":13,"value":3}],"Saskatchewan":[{"target":1,"source":0,"value":4176},{"target":2,"source":0,"value":105},{"target":3,"source":0,"value":27305},{"target":4,"source":0,"value":22254},{"target":5,"source":1,"value":754},{"target":6,"source":1,"value":0},{"target":7,"source":1,"value":3422},{"target":8,"source":2,"value":40},{"target":9,"source":2,"value":0},{"target":10,"source":2,"value":65},{"target":11,"source":3,"value":9470},{"target":12,"source":3,"value":0},{"target":13,"source":3,"value":17835},{"target":14,"source":4,"value":22254},{"target":15,"source":4,"value":0},{"target":16,"source":4,"value":0},{"target":17,"source":7,"value":3415},{"target":18,"source":7,"value":0},{"target":19,"source":7,"value":0},{"target":20,"source":7,"value":7},{"target":21,"source":13,"value":17485},{"target":22,"source":13,"value":285},{"target":23,"source":13,"value":0},{"target":24,"source":13,"value":65}],"Alberta":[{"target":1,"source":0,"value":32903},{"target":2,"source":0,"value":17475},{"target":3,"source":0,"value":153857},{"target":4,"source":0,"value":109885},{"target":5,"source":1,"value":27864},{"target":6,"source":1,"value":0},{"target":7,"source":1,"value":5039},{"target":8,"source":2,"value":17380},{"target":9,"source":2,"value":0},{"target":10,"source":2,"value":95},{"target":11,"source":3,"value":123268},{"target":12,"source":3,"value":0},{"target":13,"source":3,"value":30589},{"target":14,"source":4,"value":109885},{"target":15,"source":4,"value":0},{"target":16,"source":4,"value":0},{"target":17,"source":7,"value":5036},{"target":18,"source":7,"value":1},{"target":19,"source":7,"value":0},{"target":20,"source":7,"value":2},{"target":21,"source":13,"value":30164},{"target":22,"source":13,"value":424},{"target":23,"source":13,"value":0},{"target":24,"source":13,"value":1}],"British Columbia":[{"target":1,"source":0,"value":293877},{"target":2,"source":0,"value":97071},{"target":3,"source":0,"value":676965},{"target":4,"source":0,"value":173880},{"target":5,"source":1,"value":65066},{"target":6,"source":1,"value":308},{"target":7,"source":1,"value":228503},{"target":8,"source":2,"value":80820},{"target":9,"source":2,"value":10},{"target":10,"source":2,"value":16241},{"target":11,"source":3,"value":142565},{"target":12,"source":3,"value":168},{"target":13,"source":3,"value":534232},{"target":14,"source":4,"value":173714},{"target":15,"source":4,"value":0},{"target":16,"source":4,"value":166},{"target":17,"source":7,"value":216629},{"target":18,"source":7,"value":3775},{"target":19,"source":7,"value":1948},{"target":20,"source":7,"value":6151},{"target":21,"source":13,"value":520546},{"target":22,"source":13,"value":5363},{"target":23,"source":13,"value":1103},{"target":24,"source":13,"value":7220}],"Yukon":[{"target":1,"source":0,"value":1964},{"target":2,"source":0,"value":98},{"target":3,"source":0,"value":1351},{"target":4,"source":0,"value":0},{"target":5,"source":1,"value":12},{"target":6,"source":1,"value":0},{"target":7,"source":1,"value":1952},{"target":8,"source":2,"value":12},{"target":9,"source":2,"value":0},{"target":10,"source":2,"value":86},{"target":11,"source":3,"value":34},{"target":12,"source":3,"value":0},{"target":13,"source":3,"value":1317},{"target":14,"source":4,"value":0},{"target":15,"source":4,"value":0},{"target":16,"source":4,"value":0},{"target":17,"source":7,"value":1935},{"target":18,"source":7,"value":16},{"target":19,"source":7,"value":0},{"target":20,"source":7,"value":1},{"target":21,"source":13,"value":1296},{"target":22,"source":13,"value":20},{"target":23,"source":13,"value":0},{"target":24,"source":13,"value":1}],"Nunavut":[{"target":1,"source":0,"value":19},{"target":2,"source":0,"value":60},{"target":3,"source":0,"value":18},{"target":4,"source":0,"value":1},{"target":5,"source":1,"value":19},{"target":6,"source":1,"value":0},{"target":7,"source":1,"value":0},{"target":8,"source":2,"value":60},{"target":9,"source":2,"value":0},{"target":10,"source":2,"value":".."},{"target":11,"source":3,"value":18},{"target":12,"source":3,"value":0},{"target":13,"source":3,"value":0},{"target":14,"source":4,"value":1},{"target":15,"source":4,"value":0},{"target":16,"source":4,"value":".."},{"target":17,"source":7,"value":".."},{"target":18,"source":7,"value":".."},{"target":19,"source":7,"value":".."},{"target":20,"source":7,"value":0},{"target":21,"source":13,"value":".."},{"target":22,"source":13,"value":".."},{"target":23,"source":13,"value":".."},{"target":24,"source":13,"value":0}],"nodes":[{"node":0,"name":"intl"},{"node":1,"name":"USres"},{"node":2,"name":"nonUSres"},{"node":3,"name":"cdnFromUS"},{"node":4,"name":"cdnFromOther"},{"node":5,"name":"USres_air"},{"node":6,"name":"USres_marine"},{"node":7,"name":"USres_land"},{"node":8,"name":"nonUSres_air"},{"node":9,"name":"nonUSres_marine"},{"node":10,"name":"nonUSres_land"},{"node":11,"name":"cdnFromUS_air"},{"node":12,"name":"cdnFromUS_marine"},{"node":13,"name":"cdnFromUS_land"},{"node":14,"name":"cdnFromOther_air"},{"node":15,"name":"cdnFromOther_marine"},{"node":16,"name":"cdnFromOther_land"},{"node":17,"name":"USres_car"},{"node":18,"name":"USres_bus"},{"node":19,"name":"USres_train"},{"node":20,"name":"USres_other"},{"node":21,"name":"cdnFromUS_car"},{"node":22,"name":"cdnFromUS_bus"},{"node":23,"name":"cdnFromUS_train"},{"node":24,"name":"cdnFromUS_other"}]}