{"Canada":[{"target":1,"source":0,"value":3249568},{"target":2,"source":0,"value":942837},{"target":3,"source":0,"value":4720186},{"target":4,"source":0,"value":1082928},{"target":5,"source":1,"value":668893},{"target":6,"source":1,"value":199362},{"target":7,"source":1,"value":2381313},{"target":8,"source":2,"value":795519},{"target":9,"source":2,"value":38187},{"target":10,"source":2,"value":109131},{"target":11,"source":3,"value":701956},{"target":12,"source":3,"value":30990},{"target":13,"source":3,"value":3987240},{"target":14,"source":4,"value":1079822},{"target":15,"source":4,"value":2733},{"target":16,"source":4,"value":373},{"target":17,"source":7,"value":2167088},{"target":18,"source":7,"value":114863},{"target":19,"source":7,"value":26746},{"target":20,"source":7,"value":72616},{"target":21,"source":13,"value":3850483},{"target":22,"source":13,"value":73819},{"target":23,"source":13,"value":3304},{"target":24,"source":13,"value":59634}],"Newfoundland and Labrador":[{"target":1,"source":0,"value":2261},{"target":2,"source":0,"value":10493},{"target":3,"source":0,"value":924},{"target":4,"source":0,"value":7604},{"target":5,"source":1,"value":1778},{"target":6,"source":1,"value":483},{"target":7,"source":1,"value":0},{"target":8,"source":2,"value":5757},{"target":9,"source":2,"value":4736},{"target":10,"source":2,"value":0},{"target":11,"source":3,"value":900},{"target":12,"source":3,"value":24},{"target":13,"source":3,"value":0},{"target":14,"source":4,"value":5409},{"target":15,"source":4,"value":2195},{"target":16,"source":4,"value":0},{"target":17,"source":7,"value":0},{"target":18,"source":7,"value":0},{"target":19,"source":7,"value":0},{"target":20,"source":7,"value":0},{"target":21,"source":13,"value":0},{"target":22,"source":13,"value":0},{"target":23,"source":13,"value":0},{"target":24,"source":13,"value":0}],"Prince Edward Island":[{"target":1,"source":0,"value":102},{"target":2,"source":0,"value":3},{"target":3,"source":0,"value":5},{"target":4,"source":0,"value":0},{"target":5,"source":1,"value":102},{"target":6,"source":1,"value":0},{"target":7,"source":1,"value":0},{"target":8,"source":2,"value":3},{"target":9,"source":2,"value":0},{"target":10,"source":2,"value":0},{"target":11,"source":3,"value":5},{"target":12,"source":3,"value":0},{"target":13,"source":3,"value":0},{"target":14,"source":4,"value":0},{"target":15,"source":4,"value":0},{"target":16,"source":4,"value":0},{"target":17,"source":7,"value":0},{"target":18,"source":7,"value":0},{"target":19,"source":7,"value":0},{"target":20,"source":7,"value":0},{"target":21,"source":13,"value":0},{"target":22,"source":13,"value":0},{"target":23,"source":13,"value":0},{"target":24,"source":13,"value":0}],"Nova Scotia":[{"target":1,"source":0,"value":22657},{"target":2,"source":0,"value":13784},{"target":3,"source":0,"value":5161},{"target":4,"source":0,"value":7687},{"target":5,"source":1,"value":8933},{"target":6,"source":1,"value":8314},{"target":7,"source":1,"value":5410},{"target":8,"source":2,"value":10669},{"target":9,"source":2,"value":3024},{"target":10,"source":2,"value":91},{"target":11,"source":3,"value":3315},{"target":12,"source":3,"value":1024},{"target":13,"source":3,"value":822},{"target":14,"source":4,"value":7400},{"target":15,"source":4,"value":287},{"target":16,"source":4,"value":0},{"target":17,"source":7,"value":4245},{"target":18,"source":7,"value":15},{"target":19,"source":7,"value":0},{"target":20,"source":7,"value":1150},{"target":21,"source":13,"value":701},{"target":22,"source":13,"value":0},{"target":23,"source":13,"value":0},{"target":24,"source":13,"value":121}],"New Brunswick":[{"target":1,"source":0,"value":131002},{"target":2,"source":0,"value":1762},{"target":3,"source":0,"value":235035},{"target":4,"source":0,"value":13},{"target":5,"source":1,"value":343},{"target":6,"source":1,"value":8887},{"target":7,"source":1,"value":121772},{"target":8,"source":2,"value":48},{"target":9,"source":2,"value":621},{"target":10,"source":2,"value":1093},{"target":11,"source":3,"value":176},{"target":12,"source":3,"value":527},{"target":13,"source":3,"value":234332},{"target":14,"source":4,"value":13},{"target":15,"source":4,"value":0},{"target":16,"source":4,"value":0},{"target":17,"source":7,"value":118713},{"target":18,"source":7,"value":1563},{"target":19,"source":7,"value":0},{"target":20,"source":7,"value":1496},{"target":21,"source":13,"value":231531},{"target":22,"source":13,"value":334},{"target":23,"source":13,"value":0},{"target":24,"source":13,"value":2467}],"Quebec":[{"target":1,"source":0,"value":345406},{"target":2,"source":0,"value":172677},{"target":3,"source":0,"value":705475},{"target":4,"source":0,"value":293654},{"target":5,"source":1,"value":101691},{"target":6,"source":1,"value":204},{"target":7,"source":1,"value":243511},{"target":8,"source":2,"value":157585},{"target":9,"source":2,"value":54},{"target":10,"source":2,"value":15038},{"target":11,"source":3,"value":110816},{"target":12,"source":3,"value":1817},{"target":13,"source":3,"value":592842},{"target":14,"source":4,"value":293654},{"target":15,"source":4,"value":0},{"target":16,"source":4,"value":0},{"target":17,"source":7,"value":228976},{"target":18,"source":7,"value":10344},{"target":19,"source":7,"value":2293},{"target":20,"source":7,"value":1898},{"target":21,"source":13,"value":563890},{"target":22,"source":13,"value":14934},{"target":23,"source":13,"value":1169},{"target":24,"source":13,"value":12849}],"Ontario":[{"target":1,"source":0,"value":1712571},{"target":2,"source":0,"value":395335},{"target":3,"source":0,"value":2163835},{"target":4,"source":0,"value":557792},{"target":5,"source":1,"value":310774},{"target":6,"source":1,"value":12491},{"target":7,"source":1,"value":1389306},{"target":8,"source":2,"value":352605},{"target":9,"source":2,"value":80},{"target":10,"source":2,"value":42650},{"target":11,"source":3,"value":357651},{"target":12,"source":3,"value":10119},{"target":13,"source":3,"value":1796065},{"target":14,"source":4,"value":557792},{"target":15,"source":4,"value":0},{"target":16,"source":4,"value":0},{"target":17,"source":7,"value":1295054},{"target":18,"source":7,"value":56420},{"target":19,"source":7,"value":1195},{"target":20,"source":7,"value":36637},{"target":21,"source":13,"value":1735518},{"target":22,"source":13,"value":41566},{"target":23,"source":13,"value":466},{"target":24,"source":13,"value":18515}],"Manitoba":[{"target":1,"source":0,"value":43176},{"target":2,"source":0,"value":2145},{"target":3,"source":0,"value":145009},{"target":4,"source":0,"value":2062},{"target":5,"source":1,"value":8138},{"target":6,"source":1,"value":5},{"target":7,"source":1,"value":35033},{"target":8,"source":2,"value":1444},{"target":9,"source":2,"value":0},{"target":10,"source":2,"value":701},{"target":11,"source":3,"value":9148},{"target":12,"source":3,"value":236},{"target":13,"source":3,"value":135625},{"target":14,"source":4,"value":2062},{"target":15,"source":4,"value":0},{"target":16,"source":4,"value":0},{"target":17,"source":7,"value":33915},{"target":18,"source":7,"value":875},{"target":19,"source":7,"value":0},{"target":20,"source":7,"value":243},{"target":21,"source":13,"value":132035},{"target":22,"source":13,"value":2115},{"target":23,"source":13,"value":0},{"target":24,"source":13,"value":1475}],"Saskatchewan":[{"target":1,"source":0,"value":13065},{"target":2,"source":0,"value":417},{"target":3,"source":0,"value":39006},{"target":4,"source":0,"value":340},{"target":5,"source":1,"value":1876},{"target":6,"source":1,"value":0},{"target":7,"source":1,"value":11189},{"target":8,"source":2,"value":152},{"target":9,"source":2,"value":0},{"target":10,"source":2,"value":265},{"target":11,"source":3,"value":2183},{"target":12,"source":3,"value":0},{"target":13,"source":3,"value":36823},{"target":14,"source":4,"value":340},{"target":15,"source":4,"value":0},{"target":16,"source":4,"value":0},{"target":17,"source":7,"value":10909},{"target":18,"source":7,"value":142},{"target":19,"source":7,"value":0},{"target":20,"source":7,"value":138},{"target":21,"source":13,"value":35372},{"target":22,"source":13,"value":256},{"target":23,"source":13,"value":0},{"target":24,"source":13,"value":1195}],"Alberta":[{"target":1,"source":0,"value":117252},{"target":2,"source":0,"value":50666},{"target":3,"source":0,"value":170707},{"target":4,"source":0,"value":62595},{"target":5,"source":1,"value":71210},{"target":6,"source":1,"value":0},{"target":7,"source":1,"value":46042},{"target":8,"source":2,"value":48389},{"target":9,"source":2,"value":0},{"target":10,"source":2,"value":2277},{"target":11,"source":3,"value":85518},{"target":12,"source":3,"value":0},{"target":13,"source":3,"value":85189},{"target":14,"source":4,"value":62595},{"target":15,"source":4,"value":0},{"target":16,"source":4,"value":0},{"target":17,"source":7,"value":42102},{"target":18,"source":7,"value":3009},{"target":19,"source":7,"value":0},{"target":20,"source":7,"value":931},{"target":21,"source":13,"value":82335},{"target":22,"source":13,"value":513},{"target":23,"source":13,"value":0},{"target":24,"source":13,"value":2341}],"British Columbia":[{"target":1,"source":0,"value":788190},{"target":2,"source":0,"value":283957},{"target":3,"source":0,"value":1237878},{"target":4,"source":0,"value":150809},{"target":5,"source":1,"value":161866},{"target":6,"source":1,"value":168803},{"target":7,"source":1,"value":457521},{"target":8,"source":2,"value":217811},{"target":9,"source":2,"value":29156},{"target":10,"source":2,"value":36990},{"target":11,"source":3,"value":131781},{"target":12,"source":3,"value":17243},{"target":13,"source":3,"value":1088854},{"target":14,"source":4,"value":150436},{"target":15,"source":4,"value":0},{"target":16,"source":4,"value":373},{"target":17,"source":7,"value":408096},{"target":18,"source":7,"value":13086},{"target":19,"source":7,"value":6488},{"target":20,"source":7,"value":29851},{"target":21,"source":13,"value":1055608},{"target":22,"source":13,"value":10981},{"target":23,"source":13,"value":1669},{"target":24,"source":13,"value":20596}],"Yukon":[{"target":1,"source":0,"value":73652},{"target":2,"source":0,"value":11042},{"target":3,"source":0,"value":17108},{"target":4,"source":0,"value":34},{"target":5,"source":1,"value":2123},{"target":6,"source":1,"value":0},{"target":7,"source":1,"value":71529},{"target":8,"source":2,"value":1016},{"target":9,"source":2,"value":0},{"target":10,"source":2,"value":10026},{"target":11,"source":3,"value":420},{"target":12,"source":3,"value":0},{"target":13,"source":3,"value":16688},{"target":14,"source":4,"value":34},{"target":15,"source":4,"value":0},{"target":16,"source":4,"value":0},{"target":17,"source":7,"value":25078},{"target":18,"source":7,"value":29409},{"target":19,"source":7,"value":16770},{"target":20,"source":7,"value":272},{"target":21,"source":13,"value":13493},{"target":22,"source":13,"value":3120},{"target":23,"source":13,"value":0},{"target":24,"source":13,"value":75}],"Nunavut":[{"target":1,"source":0,"value":234},{"target":2,"source":0,"value":556},{"target":3,"source":0,"value":43},{"target":4,"source":0,"value":338},{"target":5,"source":1,"value":59},{"target":6,"source":1,"value":175},{"target":7,"source":1,"value":0},{"target":8,"source":2,"value":40},{"target":9,"source":2,"value":516},{"target":10,"source":2,"value":".."},{"target":11,"source":3,"value":43},{"target":12,"source":3,"value":0},{"target":13,"source":3,"value":0},{"target":14,"source":4,"value":87},{"target":15,"source":4,"value":251},{"target":16,"source":4,"value":".."},{"target":17,"source":7,"value":".."},{"target":18,"source":7,"value":".."},{"target":19,"source":7,"value":".."},{"target":20,"source":7,"value":0},{"target":21,"source":13,"value":".."},{"target":22,"source":13,"value":".."},{"target":23,"source":13,"value":".."},{"target":24,"source":13,"value":0}],"nodes":[{"node":0,"name":"intl"},{"node":1,"name":"USres"},{"node":2,"name":"nonUSres"},{"node":3,"name":"cdnFromUS"},{"node":4,"name":"cdnFromOther"},{"node":5,"name":"USres_air"},{"node":6,"name":"USres_marine"},{"node":7,"name":"USres_land"},{"node":8,"name":"nonUSres_air"},{"node":9,"name":"nonUSres_marine"},{"node":10,"name":"nonUSres_land"},{"node":11,"name":"cdnFromUS_air"},{"node":12,"name":"cdnFromUS_marine"},{"node":13,"name":"cdnFromUS_land"},{"node":14,"name":"cdnFromOther_air"},{"node":15,"name":"cdnFromOther_marine"},{"node":16,"name":"cdnFromOther_land"},{"node":17,"name":"USres_car"},{"node":18,"name":"USres_bus"},{"node":19,"name":"USres_train"},{"node":20,"name":"USres_other"},{"node":21,"name":"cdnFromUS_car"},{"node":22,"name":"cdnFromUS_bus"},{"node":23,"name":"cdnFromUS_train"},{"node":24,"name":"cdnFromUS_other"}]}