{"Canada":[{"target":1,"source":0,"value":3558512},{"target":2,"source":0,"value":1011298},{"target":3,"source":0,"value":4250935},{"target":4,"source":0,"value":875761},{"target":5,"source":1,"value":739458},{"target":6,"source":1,"value":212980},{"target":7,"source":1,"value":2606074},{"target":8,"source":2,"value":870296},{"target":9,"source":2,"value":37188},{"target":10,"source":2,"value":103814},{"target":11,"source":3,"value":643064},{"target":12,"source":3,"value":26984},{"target":13,"source":3,"value":3580887},{"target":14,"source":4,"value":875076},{"target":15,"source":4,"value":492},{"target":16,"source":4,"value":193},{"target":17,"source":7,"value":2369955},{"target":18,"source":7,"value":122111},{"target":19,"source":7,"value":29082},{"target":20,"source":7,"value":84926},{"target":21,"source":13,"value":3443487},{"target":22,"source":13,"value":77493},{"target":23,"source":13,"value":2781},{"target":24,"source":13,"value":57126}],"Newfoundland and Labrador":[{"target":1,"source":0,"value":3798},{"target":2,"source":0,"value":6882},{"target":3,"source":0,"value":1129},{"target":4,"source":0,"value":6111},{"target":5,"source":1,"value":2827},{"target":6,"source":1,"value":971},{"target":7,"source":1,"value":0},{"target":8,"source":2,"value":6227},{"target":9,"source":2,"value":655},{"target":10,"source":2,"value":0},{"target":11,"source":3,"value":1098},{"target":12,"source":3,"value":31},{"target":13,"source":3,"value":0},{"target":14,"source":4,"value":5707},{"target":15,"source":4,"value":404},{"target":16,"source":4,"value":0},{"target":17,"source":7,"value":0},{"target":18,"source":7,"value":0},{"target":19,"source":7,"value":0},{"target":20,"source":7,"value":0},{"target":21,"source":13,"value":0},{"target":22,"source":13,"value":0},{"target":23,"source":13,"value":0},{"target":24,"source":13,"value":0}],"Prince Edward Island":[{"target":1,"source":0,"value":154},{"target":2,"source":0,"value":2},{"target":3,"source":0,"value":16},{"target":4,"source":0,"value":0},{"target":5,"source":1,"value":154},{"target":6,"source":1,"value":0},{"target":7,"source":1,"value":0},{"target":8,"source":2,"value":2},{"target":9,"source":2,"value":0},{"target":10,"source":2,"value":0},{"target":11,"source":3,"value":16},{"target":12,"source":3,"value":0},{"target":13,"source":3,"value":0},{"target":14,"source":4,"value":0},{"target":15,"source":4,"value":0},{"target":16,"source":4,"value":0},{"target":17,"source":7,"value":0},{"target":18,"source":7,"value":0},{"target":19,"source":7,"value":0},{"target":20,"source":7,"value":0},{"target":21,"source":13,"value":0},{"target":22,"source":13,"value":0},{"target":23,"source":13,"value":0},{"target":24,"source":13,"value":0}],"Nova Scotia":[{"target":1,"source":0,"value":20352},{"target":2,"source":0,"value":13461},{"target":3,"source":0,"value":4919},{"target":4,"source":0,"value":6173},{"target":5,"source":1,"value":8380},{"target":6,"source":1,"value":6787},{"target":7,"source":1,"value":5185},{"target":8,"source":2,"value":10210},{"target":9,"source":2,"value":3170},{"target":10,"source":2,"value":81},{"target":11,"source":3,"value":3401},{"target":12,"source":3,"value":744},{"target":13,"source":3,"value":774},{"target":14,"source":4,"value":6092},{"target":15,"source":4,"value":81},{"target":16,"source":4,"value":0},{"target":17,"source":7,"value":4223},{"target":18,"source":7,"value":90},{"target":19,"source":7,"value":0},{"target":20,"source":7,"value":872},{"target":21,"source":13,"value":637},{"target":22,"source":13,"value":0},{"target":23,"source":13,"value":0},{"target":24,"source":13,"value":137}],"New Brunswick":[{"target":1,"source":0,"value":129182},{"target":2,"source":0,"value":984},{"target":3,"source":0,"value":225563},{"target":4,"source":0,"value":0},{"target":5,"source":1,"value":412},{"target":6,"source":1,"value":2763},{"target":7,"source":1,"value":126007},{"target":8,"source":2,"value":27},{"target":9,"source":2,"value":305},{"target":10,"source":2,"value":652},{"target":11,"source":3,"value":174},{"target":12,"source":3,"value":121},{"target":13,"source":3,"value":225268},{"target":14,"source":4,"value":0},{"target":15,"source":4,"value":0},{"target":16,"source":4,"value":0},{"target":17,"source":7,"value":122660},{"target":18,"source":7,"value":1844},{"target":19,"source":7,"value":0},{"target":20,"source":7,"value":1503},{"target":21,"source":13,"value":222099},{"target":22,"source":13,"value":848},{"target":23,"source":13,"value":0},{"target":24,"source":13,"value":2321}],"Quebec":[{"target":1,"source":0,"value":350749},{"target":2,"source":0,"value":196795},{"target":3,"source":0,"value":611614},{"target":4,"source":0,"value":242869},{"target":5,"source":1,"value":111681},{"target":6,"source":1,"value":426},{"target":7,"source":1,"value":238642},{"target":8,"source":2,"value":182960},{"target":9,"source":2,"value":37},{"target":10,"source":2,"value":13798},{"target":11,"source":3,"value":99886},{"target":12,"source":3,"value":2766},{"target":13,"source":3,"value":508962},{"target":14,"source":4,"value":242869},{"target":15,"source":4,"value":0},{"target":16,"source":4,"value":0},{"target":17,"source":7,"value":222228},{"target":18,"source":7,"value":12347},{"target":19,"source":7,"value":2084},{"target":20,"source":7,"value":1983},{"target":21,"source":13,"value":477938},{"target":22,"source":13,"value":17186},{"target":23,"source":13,"value":1029},{"target":24,"source":13,"value":12809}],"Ontario":[{"target":1,"source":0,"value":1882273},{"target":2,"source":0,"value":425391},{"target":3,"source":0,"value":1964171},{"target":4,"source":0,"value":463019},{"target":5,"source":1,"value":333250},{"target":6,"source":1,"value":16858},{"target":7,"source":1,"value":1532165},{"target":8,"source":2,"value":383773},{"target":9,"source":2,"value":53},{"target":10,"source":2,"value":41565},{"target":11,"source":3,"value":327185},{"target":12,"source":3,"value":8633},{"target":13,"source":3,"value":1628353},{"target":14,"source":4,"value":463019},{"target":15,"source":4,"value":0},{"target":16,"source":4,"value":0},{"target":17,"source":7,"value":1422362},{"target":18,"source":7,"value":63362},{"target":19,"source":7,"value":1256},{"target":20,"source":7,"value":45185},{"target":21,"source":13,"value":1564052},{"target":22,"source":13,"value":45362},{"target":23,"source":13,"value":411},{"target":24,"source":13,"value":18528}],"Manitoba":[{"target":1,"source":0,"value":51444},{"target":2,"source":0,"value":2085},{"target":3,"source":0,"value":127970},{"target":4,"source":0,"value":1677},{"target":5,"source":1,"value":8638},{"target":6,"source":1,"value":7},{"target":7,"source":1,"value":42799},{"target":8,"source":2,"value":1424},{"target":9,"source":2,"value":0},{"target":10,"source":2,"value":661},{"target":11,"source":3,"value":7713},{"target":12,"source":3,"value":376},{"target":13,"source":3,"value":119881},{"target":14,"source":4,"value":1677},{"target":15,"source":4,"value":0},{"target":16,"source":4,"value":0},{"target":17,"source":7,"value":41979},{"target":18,"source":7,"value":597},{"target":19,"source":7,"value":0},{"target":20,"source":7,"value":223},{"target":21,"source":13,"value":116668},{"target":22,"source":13,"value":2191},{"target":23,"source":13,"value":0},{"target":24,"source":13,"value":1022}],"Saskatchewan":[{"target":1,"source":0,"value":16751},{"target":2,"source":0,"value":404},{"target":3,"source":0,"value":34740},{"target":4,"source":0,"value":144},{"target":5,"source":1,"value":2078},{"target":6,"source":1,"value":0},{"target":7,"source":1,"value":14673},{"target":8,"source":2,"value":138},{"target":9,"source":2,"value":0},{"target":10,"source":2,"value":266},{"target":11,"source":3,"value":1914},{"target":12,"source":3,"value":0},{"target":13,"source":3,"value":32826},{"target":14,"source":4,"value":144},{"target":15,"source":4,"value":0},{"target":16,"source":4,"value":0},{"target":17,"source":7,"value":14030},{"target":18,"source":7,"value":498},{"target":19,"source":7,"value":0},{"target":20,"source":7,"value":145},{"target":21,"source":13,"value":31672},{"target":22,"source":13,"value":426},{"target":23,"source":13,"value":0},{"target":24,"source":13,"value":728}],"Alberta":[{"target":1,"source":0,"value":150227},{"target":2,"source":0,"value":48364},{"target":3,"source":0,"value":157950},{"target":4,"source":0,"value":52890},{"target":5,"source":1,"value":89992},{"target":6,"source":1,"value":0},{"target":7,"source":1,"value":60235},{"target":8,"source":2,"value":45400},{"target":9,"source":2,"value":0},{"target":10,"source":2,"value":2964},{"target":11,"source":3,"value":85866},{"target":12,"source":3,"value":0},{"target":13,"source":3,"value":72084},{"target":14,"source":4,"value":52890},{"target":15,"source":4,"value":0},{"target":16,"source":4,"value":0},{"target":17,"source":7,"value":55436},{"target":18,"source":7,"value":3556},{"target":19,"source":7,"value":0},{"target":20,"source":7,"value":1243},{"target":21,"source":13,"value":69196},{"target":22,"source":13,"value":1024},{"target":23,"source":13,"value":0},{"target":24,"source":13,"value":1864}],"British Columbia":[{"target":1,"source":0,"value":878789},{"target":2,"source":0,"value":306344},{"target":3,"source":0,"value":1105026},{"target":4,"source":0,"value":102799},{"target":5,"source":1,"value":180147},{"target":6,"source":1,"value":185040},{"target":7,"source":1,"value":513602},{"target":8,"source":2,"value":238869},{"target":9,"source":2,"value":32959},{"target":10,"source":2,"value":34516},{"target":11,"source":3,"value":115354},{"target":12,"source":3,"value":14313},{"target":13,"source":3,"value":975359},{"target":14,"source":4,"value":102606},{"target":15,"source":4,"value":0},{"target":16,"source":4,"value":193},{"target":17,"source":7,"value":459766},{"target":18,"source":7,"value":13361},{"target":19,"source":7,"value":7391},{"target":20,"source":7,"value":33084},{"target":21,"source":13,"value":946446},{"target":22,"source":13,"value":8086},{"target":23,"source":13,"value":1341},{"target":24,"source":13,"value":19486}],"Yukon":[{"target":1,"source":0,"value":74591},{"target":2,"source":0,"value":10508},{"target":3,"source":0,"value":17823},{"target":4,"source":0,"value":55},{"target":5,"source":1,"value":1825},{"target":6,"source":1,"value":0},{"target":7,"source":1,"value":72766},{"target":8,"source":2,"value":1197},{"target":9,"source":2,"value":0},{"target":10,"source":2,"value":9311},{"target":11,"source":3,"value":443},{"target":12,"source":3,"value":0},{"target":13,"source":3,"value":17380},{"target":14,"source":4,"value":55},{"target":15,"source":4,"value":0},{"target":16,"source":4,"value":0},{"target":17,"source":7,"value":27271},{"target":18,"source":7,"value":26456},{"target":19,"source":7,"value":18351},{"target":20,"source":7,"value":688},{"target":21,"source":13,"value":14779},{"target":22,"source":13,"value":2370},{"target":23,"source":13,"value":0},{"target":24,"source":13,"value":231}],"Nunavut":[{"target":1,"source":0,"value":202},{"target":2,"source":0,"value":78},{"target":3,"source":0,"value":14},{"target":4,"source":0,"value":24},{"target":5,"source":1,"value":74},{"target":6,"source":1,"value":128},{"target":7,"source":1,"value":0},{"target":8,"source":2,"value":69},{"target":9,"source":2,"value":9},{"target":10,"source":2,"value":".."},{"target":11,"source":3,"value":14},{"target":12,"source":3,"value":0},{"target":13,"source":3,"value":0},{"target":14,"source":4,"value":17},{"target":15,"source":4,"value":7},{"target":16,"source":4,"value":".."},{"target":17,"source":7,"value":".."},{"target":18,"source":7,"value":".."},{"target":19,"source":7,"value":".."},{"target":20,"source":7,"value":0},{"target":21,"source":13,"value":".."},{"target":22,"source":13,"value":".."},{"target":23,"source":13,"value":".."},{"target":24,"source":13,"value":0}],"nodes":[{"node":0,"name":"intl"},{"node":1,"name":"USres"},{"node":2,"name":"nonUSres"},{"node":3,"name":"cdnFromUS"},{"node":4,"name":"cdnFromOther"},{"node":5,"name":"USres_air"},{"node":6,"name":"USres_marine"},{"node":7,"name":"USres_land"},{"node":8,"name":"nonUSres_air"},{"node":9,"name":"nonUSres_marine"},{"node":10,"name":"nonUSres_land"},{"node":11,"name":"cdnFromUS_air"},{"node":12,"name":"cdnFromUS_marine"},{"node":13,"name":"cdnFromUS_land"},{"node":14,"name":"cdnFromOther_air"},{"node":15,"name":"cdnFromOther_marine"},{"node":16,"name":"cdnFromOther_land"},{"node":17,"name":"USres_car"},{"node":18,"name":"USres_bus"},{"node":19,"name":"USres_train"},{"node":20,"name":"USres_other"},{"node":21,"name":"cdnFromUS_car"},{"node":22,"name":"cdnFromUS_bus"},{"node":23,"name":"cdnFromUS_train"},{"node":24,"name":"cdnFromUS_other"}]}