{"Canada":[{"target":1,"source":0,"value":1495019},{"target":2,"source":0,"value":366484},{"target":3,"source":0,"value":4066474},{"target":4,"source":0,"value":1387678},{"target":5,"source":1,"value":367360},{"target":6,"source":1,"value":388},{"target":7,"source":1,"value":1127271},{"target":8,"source":2,"value":334015},{"target":9,"source":2,"value":208},{"target":10,"source":2,"value":32261},{"target":11,"source":3,"value":1039645},{"target":12,"source":3,"value":305},{"target":13,"source":3,"value":3026524},{"target":14,"source":4,"value":1387211},{"target":15,"source":4,"value":4},{"target":16,"source":4,"value":463},{"target":17,"source":7,"value":1050517},{"target":18,"source":7,"value":55052},{"target":19,"source":7,"value":4454},{"target":20,"source":7,"value":17248},{"target":21,"source":13,"value":2944385},{"target":22,"source":13,"value":61248},{"target":23,"source":13,"value":2602},{"target":24,"source":13,"value":18289}],"Newfoundland and Labrador":[{"target":1,"source":0,"value":930},{"target":2,"source":0,"value":1865},{"target":3,"source":0,"value":910},{"target":4,"source":0,"value":3018},{"target":5,"source":1,"value":930},{"target":6,"source":1,"value":0},{"target":7,"source":1,"value":0},{"target":8,"source":2,"value":1724},{"target":9,"source":2,"value":141},{"target":10,"source":2,"value":0},{"target":11,"source":3,"value":909},{"target":12,"source":3,"value":1},{"target":13,"source":3,"value":0},{"target":14,"source":4,"value":3014},{"target":15,"source":4,"value":4},{"target":16,"source":4,"value":0},{"target":17,"source":7,"value":0},{"target":18,"source":7,"value":0},{"target":19,"source":7,"value":0},{"target":20,"source":7,"value":0},{"target":21,"source":13,"value":0},{"target":22,"source":13,"value":0},{"target":23,"source":13,"value":0},{"target":24,"source":13,"value":0}],"Prince Edward Island":[{"target":1,"source":0,"value":5},{"target":2,"source":0,"value":0},{"target":3,"source":0,"value":756},{"target":4,"source":0,"value":0},{"target":5,"source":1,"value":5},{"target":6,"source":1,"value":0},{"target":7,"source":1,"value":0},{"target":8,"source":2,"value":0},{"target":9,"source":2,"value":0},{"target":10,"source":2,"value":0},{"target":11,"source":3,"value":756},{"target":12,"source":3,"value":0},{"target":13,"source":3,"value":0},{"target":14,"source":4,"value":0},{"target":15,"source":4,"value":0},{"target":16,"source":4,"value":0},{"target":17,"source":7,"value":0},{"target":18,"source":7,"value":0},{"target":19,"source":7,"value":0},{"target":20,"source":7,"value":0},{"target":21,"source":13,"value":0},{"target":22,"source":13,"value":0},{"target":23,"source":13,"value":0},{"target":24,"source":13,"value":0}],"Nova Scotia":[{"target":1,"source":0,"value":1823},{"target":2,"source":0,"value":1640},{"target":3,"source":0,"value":15895},{"target":4,"source":0,"value":21765},{"target":5,"source":1,"value":1823},{"target":6,"source":1,"value":0},{"target":7,"source":1,"value":0},{"target":8,"source":2,"value":1619},{"target":9,"source":2,"value":21},{"target":10,"source":2,"value":0},{"target":11,"source":3,"value":15892},{"target":12,"source":3,"value":3},{"target":13,"source":3,"value":0},{"target":14,"source":4,"value":21765},{"target":15,"source":4,"value":0},{"target":16,"source":4,"value":0},{"target":17,"source":7,"value":0},{"target":18,"source":7,"value":0},{"target":19,"source":7,"value":0},{"target":20,"source":7,"value":0},{"target":21,"source":13,"value":0},{"target":22,"source":13,"value":0},{"target":23,"source":13,"value":0},{"target":24,"source":13,"value":0}],"New Brunswick":[{"target":1,"source":0,"value":42918},{"target":2,"source":0,"value":93},{"target":3,"source":0,"value":186851},{"target":4,"source":0,"value":10095},{"target":5,"source":1,"value":90},{"target":6,"source":1,"value":0},{"target":7,"source":1,"value":42828},{"target":8,"source":2,"value":20},{"target":9,"source":2,"value":2},{"target":10,"source":2,"value":71},{"target":11,"source":3,"value":2606},{"target":12,"source":3,"value":0},{"target":13,"source":3,"value":184245},{"target":14,"source":4,"value":10095},{"target":15,"source":4,"value":0},{"target":16,"source":4,"value":0},{"target":17,"source":7,"value":42199},{"target":18,"source":7,"value":374},{"target":19,"source":7,"value":0},{"target":20,"source":7,"value":255},{"target":21,"source":13,"value":183196},{"target":22,"source":13,"value":473},{"target":23,"source":13,"value":0},{"target":24,"source":13,"value":576}],"Quebec":[{"target":1,"source":0,"value":169666},{"target":2,"source":0,"value":60353},{"target":3,"source":0,"value":421162},{"target":4,"source":0,"value":314237},{"target":5,"source":1,"value":57165},{"target":6,"source":1,"value":0},{"target":7,"source":1,"value":112501},{"target":8,"source":2,"value":57791},{"target":9,"source":2,"value":34},{"target":10,"source":2,"value":2528},{"target":11,"source":3,"value":156363},{"target":12,"source":3,"value":0},{"target":13,"source":3,"value":264799},{"target":14,"source":4,"value":314237},{"target":15,"source":4,"value":0},{"target":16,"source":4,"value":0},{"target":17,"source":7,"value":102523},{"target":18,"source":7,"value":8229},{"target":19,"source":7,"value":1028},{"target":20,"source":7,"value":721},{"target":21,"source":13,"value":251981},{"target":22,"source":13,"value":10663},{"target":23,"source":13,"value":1031},{"target":24,"source":13,"value":1124}],"Ontario":[{"target":1,"source":0,"value":824747},{"target":2,"source":0,"value":164378},{"target":3,"source":0,"value":2043162},{"target":4,"source":0,"value":676282},{"target":5,"source":1,"value":181363},{"target":6,"source":1,"value":75},{"target":7,"source":1,"value":643309},{"target":8,"source":2,"value":152027},{"target":9,"source":2,"value":0},{"target":10,"source":2,"value":12351},{"target":11,"source":3,"value":487904},{"target":12,"source":3,"value":25},{"target":13,"source":3,"value":1555233},{"target":14,"source":4,"value":676282},{"target":15,"source":4,"value":0},{"target":16,"source":4,"value":0},{"target":17,"source":7,"value":597013},{"target":18,"source":7,"value":40342},{"target":19,"source":7,"value":393},{"target":20,"source":7,"value":5561},{"target":21,"source":13,"value":1511202},{"target":22,"source":13,"value":40186},{"target":23,"source":13,"value":248},{"target":24,"source":13,"value":3597}],"Manitoba":[{"target":1,"source":0,"value":24814},{"target":2,"source":0,"value":369},{"target":3,"source":0,"value":102015},{"target":4,"source":0,"value":23668},{"target":5,"source":1,"value":3982},{"target":6,"source":1,"value":0},{"target":7,"source":1,"value":20832},{"target":8,"source":2,"value":293},{"target":9,"source":2,"value":0},{"target":10,"source":2,"value":76},{"target":11,"source":3,"value":18482},{"target":12,"source":3,"value":0},{"target":13,"source":3,"value":83533},{"target":14,"source":4,"value":23668},{"target":15,"source":4,"value":0},{"target":16,"source":4,"value":0},{"target":17,"source":7,"value":20600},{"target":18,"source":7,"value":175},{"target":19,"source":7,"value":0},{"target":20,"source":7,"value":57},{"target":21,"source":13,"value":81746},{"target":22,"source":13,"value":1689},{"target":23,"source":13,"value":0},{"target":24,"source":13,"value":98}],"Saskatchewan":[{"target":1,"source":0,"value":5545},{"target":2,"source":0,"value":237},{"target":3,"source":0,"value":29254},{"target":4,"source":0,"value":13050},{"target":5,"source":1,"value":962},{"target":6,"source":1,"value":0},{"target":7,"source":1,"value":4583},{"target":8,"source":2,"value":69},{"target":9,"source":2,"value":0},{"target":10,"source":2,"value":168},{"target":11,"source":3,"value":10301},{"target":12,"source":3,"value":0},{"target":13,"source":3,"value":18953},{"target":14,"source":4,"value":13050},{"target":15,"source":4,"value":0},{"target":16,"source":4,"value":0},{"target":17,"source":7,"value":4486},{"target":18,"source":7,"value":72},{"target":19,"source":7,"value":0},{"target":20,"source":7,"value":25},{"target":21,"source":13,"value":18313},{"target":22,"source":13,"value":568},{"target":23,"source":13,"value":0},{"target":24,"source":13,"value":72}],"Alberta":[{"target":1,"source":0,"value":46216},{"target":2,"source":0,"value":20176},{"target":3,"source":0,"value":194077},{"target":4,"source":0,"value":127406},{"target":5,"source":1,"value":37984},{"target":6,"source":1,"value":0},{"target":7,"source":1,"value":8232},{"target":8,"source":2,"value":20066},{"target":9,"source":2,"value":0},{"target":10,"source":2,"value":110},{"target":11,"source":3,"value":151118},{"target":12,"source":3,"value":0},{"target":13,"source":3,"value":42959},{"target":14,"source":4,"value":127406},{"target":15,"source":4,"value":0},{"target":16,"source":4,"value":0},{"target":17,"source":7,"value":7854},{"target":18,"source":7,"value":231},{"target":19,"source":7,"value":0},{"target":20,"source":7,"value":147},{"target":21,"source":13,"value":42140},{"target":22,"source":13,"value":145},{"target":23,"source":13,"value":0},{"target":24,"source":13,"value":674}],"British Columbia":[{"target":1,"source":0,"value":374522},{"target":2,"source":0,"value":117179},{"target":3,"source":0,"value":1069831},{"target":4,"source":0,"value":198157},{"target":5,"source":1,"value":82995},{"target":6,"source":1,"value":313},{"target":7,"source":1,"value":291214},{"target":8,"source":2,"value":100365},{"target":9,"source":2,"value":10},{"target":10,"source":2,"value":16804},{"target":11,"source":3,"value":195294},{"target":12,"source":3,"value":276},{"target":13,"source":3,"value":874261},{"target":14,"source":4,"value":197694},{"target":15,"source":4,"value":0},{"target":16,"source":4,"value":463},{"target":17,"source":7,"value":272109},{"target":18,"source":7,"value":5592},{"target":19,"source":7,"value":3033},{"target":20,"source":7,"value":10480},{"target":21,"source":13,"value":853291},{"target":22,"source":13,"value":7500},{"target":23,"source":13,"value":1323},{"target":24,"source":13,"value":12147}],"Yukon":[{"target":1,"source":0,"value":3799},{"target":2,"source":0,"value":157},{"target":3,"source":0,"value":2548},{"target":4,"source":0,"value":0},{"target":5,"source":1,"value":27},{"target":6,"source":1,"value":0},{"target":7,"source":1,"value":3772},{"target":8,"source":2,"value":4},{"target":9,"source":2,"value":0},{"target":10,"source":2,"value":153},{"target":11,"source":3,"value":7},{"target":12,"source":3,"value":0},{"target":13,"source":3,"value":2541},{"target":14,"source":4,"value":0},{"target":15,"source":4,"value":0},{"target":16,"source":4,"value":0},{"target":17,"source":7,"value":3733},{"target":18,"source":7,"value":37},{"target":19,"source":7,"value":0},{"target":20,"source":7,"value":2},{"target":21,"source":13,"value":2516},{"target":22,"source":13,"value":24},{"target":23,"source":13,"value":0},{"target":24,"source":13,"value":1}],"Nunavut":[{"target":1,"source":0,"value":34},{"target":2,"source":0,"value":37},{"target":3,"source":0,"value":13},{"target":4,"source":0,"value":0},{"target":5,"source":1,"value":34},{"target":6,"source":1,"value":0},{"target":7,"source":1,"value":0},{"target":8,"source":2,"value":37},{"target":9,"source":2,"value":0},{"target":10,"source":2,"value":".."},{"target":11,"source":3,"value":13},{"target":12,"source":3,"value":0},{"target":13,"source":3,"value":0},{"target":14,"source":4,"value":0},{"target":15,"source":4,"value":0},{"target":16,"source":4,"value":".."},{"target":17,"source":7,"value":".."},{"target":18,"source":7,"value":".."},{"target":19,"source":7,"value":".."},{"target":20,"source":7,"value":0},{"target":21,"source":13,"value":".."},{"target":22,"source":13,"value":".."},{"target":23,"source":13,"value":".."},{"target":24,"source":13,"value":0}],"nodes":[{"node":0,"name":"intl"},{"node":1,"name":"USres"},{"node":2,"name":"nonUSres"},{"node":3,"name":"cdnFromUS"},{"node":4,"name":"cdnFromOther"},{"node":5,"name":"USres_air"},{"node":6,"name":"USres_marine"},{"node":7,"name":"USres_land"},{"node":8,"name":"nonUSres_air"},{"node":9,"name":"nonUSres_marine"},{"node":10,"name":"nonUSres_land"},{"node":11,"name":"cdnFromUS_air"},{"node":12,"name":"cdnFromUS_marine"},{"node":13,"name":"cdnFromUS_land"},{"node":14,"name":"cdnFromOther_air"},{"node":15,"name":"cdnFromOther_marine"},{"node":16,"name":"cdnFromOther_land"},{"node":17,"name":"USres_car"},{"node":18,"name":"USres_bus"},{"node":19,"name":"USres_train"},{"node":20,"name":"USres_other"},{"node":21,"name":"cdnFromUS_car"},{"node":22,"name":"cdnFromUS_bus"},{"node":23,"name":"cdnFromUS_train"},{"node":24,"name":"cdnFromUS_other"}]}