{"Canada":[{"target":1,"source":0,"value":1795847},{"target":2,"source":0,"value":534244},{"target":3,"source":0,"value":3551483},{"target":4,"source":0,"value":772180},{"target":5,"source":1,"value":435419},{"target":6,"source":1,"value":69098},{"target":7,"source":1,"value":1291330},{"target":8,"source":2,"value":431362},{"target":9,"source":2,"value":12996},{"target":10,"source":2,"value":89886},{"target":11,"source":3,"value":798215},{"target":12,"source":3,"value":11053},{"target":13,"source":3,"value":2742215},{"target":14,"source":4,"value":771706},{"target":15,"source":4,"value":474},{"target":16,"source":4,"value":0},{"target":17,"source":7,"value":1181921},{"target":18,"source":7,"value":69362},{"target":19,"source":7,"value":10106},{"target":20,"source":7,"value":29941},{"target":21,"source":13,"value":2637649},{"target":22,"source":13,"value":77994},{"target":23,"source":13,"value":5993},{"target":24,"source":13,"value":20579}],"Newfoundland and Labrador":[{"target":1,"source":0,"value":4414},{"target":2,"source":0,"value":4030},{"target":3,"source":0,"value":1078},{"target":4,"source":0,"value":4368},{"target":5,"source":1,"value":2317},{"target":6,"source":1,"value":2097},{"target":7,"source":1,"value":0},{"target":8,"source":2,"value":2679},{"target":9,"source":2,"value":1351},{"target":10,"source":2,"value":0},{"target":11,"source":3,"value":1074},{"target":12,"source":3,"value":4},{"target":13,"source":3,"value":0},{"target":14,"source":4,"value":3908},{"target":15,"source":4,"value":460},{"target":16,"source":4,"value":0},{"target":17,"source":7,"value":0},{"target":18,"source":7,"value":0},{"target":19,"source":7,"value":0},{"target":20,"source":7,"value":0},{"target":21,"source":13,"value":0},{"target":22,"source":13,"value":0},{"target":23,"source":13,"value":0},{"target":24,"source":13,"value":0}],"Prince Edward Island":[{"target":1,"source":0,"value":68},{"target":2,"source":0,"value":2},{"target":3,"source":0,"value":2},{"target":4,"source":0,"value":0},{"target":5,"source":1,"value":68},{"target":6,"source":1,"value":0},{"target":7,"source":1,"value":0},{"target":8,"source":2,"value":2},{"target":9,"source":2,"value":0},{"target":10,"source":2,"value":0},{"target":11,"source":3,"value":2},{"target":12,"source":3,"value":0},{"target":13,"source":3,"value":0},{"target":14,"source":4,"value":0},{"target":15,"source":4,"value":0},{"target":16,"source":4,"value":0},{"target":17,"source":7,"value":0},{"target":18,"source":7,"value":0},{"target":19,"source":7,"value":0},{"target":20,"source":7,"value":0},{"target":21,"source":13,"value":0},{"target":22,"source":13,"value":0},{"target":23,"source":13,"value":0},{"target":24,"source":13,"value":0}],"Nova Scotia":[{"target":1,"source":0,"value":35631},{"target":2,"source":0,"value":9966},{"target":3,"source":0,"value":7492},{"target":4,"source":0,"value":10656},{"target":5,"source":1,"value":4793},{"target":6,"source":1,"value":30286},{"target":7,"source":1,"value":552},{"target":8,"source":2,"value":4648},{"target":9,"source":2,"value":5291},{"target":10,"source":2,"value":27},{"target":11,"source":3,"value":5346},{"target":12,"source":3,"value":1946},{"target":13,"source":3,"value":200},{"target":14,"source":4,"value":10654},{"target":15,"source":4,"value":2},{"target":16,"source":4,"value":0},{"target":17,"source":7,"value":477},{"target":18,"source":7,"value":0},{"target":19,"source":7,"value":0},{"target":20,"source":7,"value":75},{"target":21,"source":13,"value":178},{"target":22,"source":13,"value":0},{"target":23,"source":13,"value":0},{"target":24,"source":13,"value":22}],"New Brunswick":[{"target":1,"source":0,"value":88114},{"target":2,"source":0,"value":5597},{"target":3,"source":0,"value":183967},{"target":4,"source":0,"value":0},{"target":5,"source":1,"value":98},{"target":6,"source":1,"value":24823},{"target":7,"source":1,"value":63193},{"target":8,"source":2,"value":6},{"target":9,"source":2,"value":4822},{"target":10,"source":2,"value":769},{"target":11,"source":3,"value":237},{"target":12,"source":3,"value":1130},{"target":13,"source":3,"value":182600},{"target":14,"source":4,"value":0},{"target":15,"source":4,"value":0},{"target":16,"source":4,"value":0},{"target":17,"source":7,"value":61844},{"target":18,"source":7,"value":1117},{"target":19,"source":7,"value":0},{"target":20,"source":7,"value":232},{"target":21,"source":13,"value":180143},{"target":22,"source":13,"value":1926},{"target":23,"source":13,"value":0},{"target":24,"source":13,"value":531}],"Quebec":[{"target":1,"source":0,"value":215738},{"target":2,"source":0,"value":115871},{"target":3,"source":0,"value":378456},{"target":4,"source":0,"value":181467},{"target":5,"source":1,"value":83534},{"target":6,"source":1,"value":21},{"target":7,"source":1,"value":132183},{"target":8,"source":2,"value":99832},{"target":9,"source":2,"value":52},{"target":10,"source":2,"value":15987},{"target":11,"source":3,"value":95605},{"target":12,"source":3,"value":325},{"target":13,"source":3,"value":282526},{"target":14,"source":4,"value":181455},{"target":15,"source":4,"value":12},{"target":16,"source":4,"value":0},{"target":17,"source":7,"value":120637},{"target":18,"source":7,"value":8312},{"target":19,"source":7,"value":2591},{"target":20,"source":7,"value":643},{"target":21,"source":13,"value":261906},{"target":22,"source":13,"value":17613},{"target":23,"source":13,"value":792},{"target":24,"source":13,"value":2215}],"Ontario":[{"target":1,"source":0,"value":985687},{"target":2,"source":0,"value":242372},{"target":3,"source":0,"value":1783122},{"target":4,"source":0,"value":393951},{"target":5,"source":1,"value":207450},{"target":6,"source":1,"value":1181},{"target":7,"source":1,"value":777056},{"target":8,"source":2,"value":200317},{"target":9,"source":2,"value":15},{"target":10,"source":2,"value":42040},{"target":11,"source":3,"value":399886},{"target":12,"source":3,"value":820},{"target":13,"source":3,"value":1382416},{"target":14,"source":4,"value":393951},{"target":15,"source":4,"value":0},{"target":16,"source":4,"value":0},{"target":17,"source":7,"value":707744},{"target":18,"source":7,"value":53129},{"target":19,"source":7,"value":644},{"target":20,"source":7,"value":15539},{"target":21,"source":13,"value":1330836},{"target":22,"source":13,"value":45670},{"target":23,"source":13,"value":314},{"target":24,"source":13,"value":5596}],"Manitoba":[{"target":1,"source":0,"value":27317},{"target":2,"source":0,"value":1515},{"target":3,"source":0,"value":81739},{"target":4,"source":0,"value":647},{"target":5,"source":1,"value":6636},{"target":6,"source":1,"value":0},{"target":7,"source":1,"value":20681},{"target":8,"source":2,"value":736},{"target":9,"source":2,"value":0},{"target":10,"source":2,"value":779},{"target":11,"source":3,"value":9911},{"target":12,"source":3,"value":5},{"target":13,"source":3,"value":71823},{"target":14,"source":4,"value":647},{"target":15,"source":4,"value":0},{"target":16,"source":4,"value":0},{"target":17,"source":7,"value":20412},{"target":18,"source":7,"value":215},{"target":19,"source":7,"value":0},{"target":20,"source":7,"value":54},{"target":21,"source":13,"value":69789},{"target":22,"source":13,"value":1905},{"target":23,"source":13,"value":0},{"target":24,"source":13,"value":129}],"Saskatchewan":[{"target":1,"source":0,"value":11069},{"target":2,"source":0,"value":283},{"target":3,"source":0,"value":22822},{"target":4,"source":0,"value":172},{"target":5,"source":1,"value":2756},{"target":6,"source":1,"value":0},{"target":7,"source":1,"value":8313},{"target":8,"source":2,"value":104},{"target":9,"source":2,"value":0},{"target":10,"source":2,"value":179},{"target":11,"source":3,"value":3695},{"target":12,"source":3,"value":0},{"target":13,"source":3,"value":19127},{"target":14,"source":4,"value":172},{"target":15,"source":4,"value":0},{"target":16,"source":4,"value":0},{"target":17,"source":7,"value":8246},{"target":18,"source":7,"value":30},{"target":19,"source":7,"value":0},{"target":20,"source":7,"value":37},{"target":21,"source":13,"value":17944},{"target":22,"source":13,"value":1125},{"target":23,"source":13,"value":0},{"target":24,"source":13,"value":58}],"Alberta":[{"target":1,"source":0,"value":52889},{"target":2,"source":0,"value":18253},{"target":3,"source":0,"value":155779},{"target":4,"source":0,"value":53406},{"target":5,"source":1,"value":42685},{"target":6,"source":1,"value":0},{"target":7,"source":1,"value":10204},{"target":8,"source":2,"value":17057},{"target":9,"source":2,"value":0},{"target":10,"source":2,"value":1196},{"target":11,"source":3,"value":124031},{"target":12,"source":3,"value":0},{"target":13,"source":3,"value":31748},{"target":14,"source":4,"value":53406},{"target":15,"source":4,"value":0},{"target":16,"source":4,"value":0},{"target":17,"source":7,"value":9890},{"target":18,"source":7,"value":161},{"target":19,"source":7,"value":0},{"target":20,"source":7,"value":153},{"target":21,"source":13,"value":30933},{"target":22,"source":13,"value":434},{"target":23,"source":13,"value":0},{"target":24,"source":13,"value":381}],"British Columbia":[{"target":1,"source":0,"value":367841},{"target":2,"source":0,"value":135989},{"target":3,"source":0,"value":934075},{"target":4,"source":0,"value":127442},{"target":5,"source":1,"value":84987},{"target":6,"source":1,"value":10690},{"target":7,"source":1,"value":272164},{"target":8,"source":2,"value":105905},{"target":9,"source":2,"value":1465},{"target":10,"source":2,"value":28619},{"target":11,"source":3,"value":158355},{"target":12,"source":3,"value":6823},{"target":13,"source":3,"value":768897},{"target":14,"source":4,"value":127442},{"target":15,"source":4,"value":0},{"target":16,"source":4,"value":0},{"target":17,"source":7,"value":246051},{"target":18,"source":7,"value":6176},{"target":19,"source":7,"value":6735},{"target":20,"source":7,"value":13202},{"target":21,"source":13,"value":743053},{"target":22,"source":13,"value":9313},{"target":23,"source":13,"value":4887},{"target":24,"source":13,"value":11644}],"Yukon":[{"target":1,"source":0,"value":7034},{"target":2,"source":0,"value":299},{"target":3,"source":0,"value":2883},{"target":4,"source":0,"value":1},{"target":5,"source":1,"value":50},{"target":6,"source":1,"value":0},{"target":7,"source":1,"value":6984},{"target":8,"source":2,"value":9},{"target":9,"source":2,"value":0},{"target":10,"source":2,"value":290},{"target":11,"source":3,"value":5},{"target":12,"source":3,"value":0},{"target":13,"source":3,"value":2878},{"target":14,"source":4,"value":1},{"target":15,"source":4,"value":0},{"target":16,"source":4,"value":0},{"target":17,"source":7,"value":6620},{"target":18,"source":7,"value":222},{"target":19,"source":7,"value":136},{"target":20,"source":7,"value":6},{"target":21,"source":13,"value":2867},{"target":22,"source":13,"value":8},{"target":23,"source":13,"value":0},{"target":24,"source":13,"value":3}],"Nunavut":[{"target":1,"source":0,"value":45},{"target":2,"source":0,"value":67},{"target":3,"source":0,"value":68},{"target":4,"source":0,"value":70},{"target":5,"source":1,"value":45},{"target":6,"source":1,"value":0},{"target":7,"source":1,"value":0},{"target":8,"source":2,"value":67},{"target":9,"source":2,"value":0},{"target":10,"source":2,"value":".."},{"target":11,"source":3,"value":68},{"target":12,"source":3,"value":0},{"target":13,"source":3,"value":0},{"target":14,"source":4,"value":70},{"target":15,"source":4,"value":0},{"target":16,"source":4,"value":".."},{"target":17,"source":7,"value":".."},{"target":18,"source":7,"value":".."},{"target":19,"source":7,"value":".."},{"target":20,"source":7,"value":0},{"target":21,"source":13,"value":".."},{"target":22,"source":13,"value":".."},{"target":23,"source":13,"value":".."},{"target":24,"source":13,"value":0}],"nodes":[{"node":0,"name":"intl"},{"node":1,"name":"USres"},{"node":2,"name":"nonUSres"},{"node":3,"name":"cdnFromUS"},{"node":4,"name":"cdnFromOther"},{"node":5,"name":"USres_air"},{"node":6,"name":"USres_marine"},{"node":7,"name":"USres_land"},{"node":8,"name":"nonUSres_air"},{"node":9,"name":"nonUSres_marine"},{"node":10,"name":"nonUSres_land"},{"node":11,"name":"cdnFromUS_air"},{"node":12,"name":"cdnFromUS_marine"},{"node":13,"name":"cdnFromUS_land"},{"node":14,"name":"cdnFromOther_air"},{"node":15,"name":"cdnFromOther_marine"},{"node":16,"name":"cdnFromOther_land"},{"node":17,"name":"USres_car"},{"node":18,"name":"USres_bus"},{"node":19,"name":"USres_train"},{"node":20,"name":"USres_other"},{"node":21,"name":"cdnFromUS_car"},{"node":22,"name":"cdnFromUS_bus"},{"node":23,"name":"cdnFromUS_train"},{"node":24,"name":"cdnFromUS_other"}]}