{"Canada":[{"target":1,"source":0,"value":1437650},{"target":2,"source":0,"value":377816},{"target":3,"source":0,"value":3893105},{"target":4,"source":0,"value":1189782},{"target":5,"source":1,"value":354384},{"target":6,"source":1,"value":12833},{"target":7,"source":1,"value":1070433},{"target":8,"source":2,"value":336315},{"target":9,"source":2,"value":4447},{"target":10,"source":2,"value":37054},{"target":11,"source":3,"value":956969},{"target":12,"source":3,"value":6531},{"target":13,"source":3,"value":2929605},{"target":14,"source":4,"value":1189529},{"target":15,"source":4,"value":253},{"target":16,"source":4,"value":0},{"target":17,"source":7,"value":985885},{"target":18,"source":7,"value":55050},{"target":19,"source":7,"value":4678},{"target":20,"source":7,"value":24820},{"target":21,"source":13,"value":2828798},{"target":22,"source":13,"value":77297},{"target":23,"source":13,"value":2327},{"target":24,"source":13,"value":21183}],"Newfoundland and Labrador":[{"target":1,"source":0,"value":1115},{"target":2,"source":0,"value":1569},{"target":3,"source":0,"value":1960},{"target":4,"source":0,"value":5583},{"target":5,"source":1,"value":766},{"target":6,"source":1,"value":349},{"target":7,"source":1,"value":0},{"target":8,"source":2,"value":1173},{"target":9,"source":2,"value":396},{"target":10,"source":2,"value":0},{"target":11,"source":3,"value":1945},{"target":12,"source":3,"value":15},{"target":13,"source":3,"value":0},{"target":14,"source":4,"value":5472},{"target":15,"source":4,"value":111},{"target":16,"source":4,"value":0},{"target":17,"source":7,"value":0},{"target":18,"source":7,"value":0},{"target":19,"source":7,"value":0},{"target":20,"source":7,"value":0},{"target":21,"source":13,"value":0},{"target":22,"source":13,"value":0},{"target":23,"source":13,"value":0},{"target":24,"source":13,"value":0}],"Prince Edward Island":[{"target":1,"source":0,"value":8},{"target":2,"source":0,"value":0},{"target":3,"source":0,"value":4},{"target":4,"source":0,"value":1094},{"target":5,"source":1,"value":8},{"target":6,"source":1,"value":0},{"target":7,"source":1,"value":0},{"target":8,"source":2,"value":0},{"target":9,"source":2,"value":0},{"target":10,"source":2,"value":0},{"target":11,"source":3,"value":4},{"target":12,"source":3,"value":0},{"target":13,"source":3,"value":0},{"target":14,"source":4,"value":1094},{"target":15,"source":4,"value":0},{"target":16,"source":4,"value":0},{"target":17,"source":7,"value":0},{"target":18,"source":7,"value":0},{"target":19,"source":7,"value":0},{"target":20,"source":7,"value":0},{"target":21,"source":13,"value":0},{"target":22,"source":13,"value":0},{"target":23,"source":13,"value":0},{"target":24,"source":13,"value":0}],"Nova Scotia":[{"target":1,"source":0,"value":4665},{"target":2,"source":0,"value":4482},{"target":3,"source":0,"value":16740},{"target":4,"source":0,"value":26407},{"target":5,"source":1,"value":2904},{"target":6,"source":1,"value":1761},{"target":7,"source":1,"value":0},{"target":8,"source":2,"value":2201},{"target":9,"source":2,"value":2281},{"target":10,"source":2,"value":0},{"target":11,"source":3,"value":16557},{"target":12,"source":3,"value":183},{"target":13,"source":3,"value":0},{"target":14,"source":4,"value":26265},{"target":15,"source":4,"value":142},{"target":16,"source":4,"value":0},{"target":17,"source":7,"value":0},{"target":18,"source":7,"value":0},{"target":19,"source":7,"value":0},{"target":20,"source":7,"value":0},{"target":21,"source":13,"value":0},{"target":22,"source":13,"value":0},{"target":23,"source":13,"value":0},{"target":24,"source":13,"value":0}],"New Brunswick":[{"target":1,"source":0,"value":45062},{"target":2,"source":0,"value":120},{"target":3,"source":0,"value":189488},{"target":4,"source":0,"value":11057},{"target":5,"source":1,"value":48},{"target":6,"source":1,"value":0},{"target":7,"source":1,"value":45014},{"target":8,"source":2,"value":21},{"target":9,"source":2,"value":7},{"target":10,"source":2,"value":92},{"target":11,"source":3,"value":2246},{"target":12,"source":3,"value":2},{"target":13,"source":3,"value":187240},{"target":14,"source":4,"value":11057},{"target":15,"source":4,"value":0},{"target":16,"source":4,"value":0},{"target":17,"source":7,"value":44812},{"target":18,"source":7,"value":70},{"target":19,"source":7,"value":0},{"target":20,"source":7,"value":132},{"target":21,"source":13,"value":185854},{"target":22,"source":13,"value":877},{"target":23,"source":13,"value":0},{"target":24,"source":13,"value":509}],"Quebec":[{"target":1,"source":0,"value":160712},{"target":2,"source":0,"value":67461},{"target":3,"source":0,"value":402345},{"target":4,"source":0,"value":257506},{"target":5,"source":1,"value":57624},{"target":6,"source":1,"value":0},{"target":7,"source":1,"value":103088},{"target":8,"source":2,"value":64388},{"target":9,"source":2,"value":30},{"target":10,"source":2,"value":3043},{"target":11,"source":3,"value":131043},{"target":12,"source":3,"value":0},{"target":13,"source":3,"value":271302},{"target":14,"source":4,"value":257506},{"target":15,"source":4,"value":0},{"target":16,"source":4,"value":0},{"target":17,"source":7,"value":94406},{"target":18,"source":7,"value":7546},{"target":19,"source":7,"value":668},{"target":20,"source":7,"value":468},{"target":21,"source":13,"value":246873},{"target":22,"source":13,"value":22007},{"target":23,"source":13,"value":714},{"target":24,"source":13,"value":1708}],"Ontario":[{"target":1,"source":0,"value":794286},{"target":2,"source":0,"value":170216},{"target":3,"source":0,"value":1831386},{"target":4,"source":0,"value":558136},{"target":5,"source":1,"value":183841},{"target":6,"source":1,"value":176},{"target":7,"source":1,"value":610269},{"target":8,"source":2,"value":155823},{"target":9,"source":2,"value":4},{"target":10,"source":2,"value":14389},{"target":11,"source":3,"value":431743},{"target":12,"source":3,"value":93},{"target":13,"source":3,"value":1399550},{"target":14,"source":4,"value":558136},{"target":15,"source":4,"value":0},{"target":16,"source":4,"value":0},{"target":17,"source":7,"value":557998},{"target":18,"source":7,"value":40207},{"target":19,"source":7,"value":438},{"target":20,"source":7,"value":11626},{"target":21,"source":13,"value":1353443},{"target":22,"source":13,"value":40012},{"target":23,"source":13,"value":330},{"target":24,"source":13,"value":5765}],"Manitoba":[{"target":1,"source":0,"value":18746},{"target":2,"source":0,"value":932},{"target":3,"source":0,"value":100884},{"target":4,"source":0,"value":7764},{"target":5,"source":1,"value":3732},{"target":6,"source":1,"value":0},{"target":7,"source":1,"value":15014},{"target":8,"source":2,"value":382},{"target":9,"source":2,"value":0},{"target":10,"source":2,"value":550},{"target":11,"source":3,"value":15677},{"target":12,"source":3,"value":0},{"target":13,"source":3,"value":85207},{"target":14,"source":4,"value":7764},{"target":15,"source":4,"value":0},{"target":16,"source":4,"value":0},{"target":17,"source":7,"value":14834},{"target":18,"source":7,"value":130},{"target":19,"source":7,"value":0},{"target":20,"source":7,"value":50},{"target":21,"source":13,"value":83808},{"target":22,"source":13,"value":1224},{"target":23,"source":13,"value":0},{"target":24,"source":13,"value":175}],"Saskatchewan":[{"target":1,"source":0,"value":5936},{"target":2,"source":0,"value":152},{"target":3,"source":0,"value":36354},{"target":4,"source":0,"value":5280},{"target":5,"source":1,"value":1010},{"target":6,"source":1,"value":0},{"target":7,"source":1,"value":4926},{"target":8,"source":2,"value":83},{"target":9,"source":2,"value":0},{"target":10,"source":2,"value":69},{"target":11,"source":3,"value":10144},{"target":12,"source":3,"value":0},{"target":13,"source":3,"value":26210},{"target":14,"source":4,"value":5280},{"target":15,"source":4,"value":0},{"target":16,"source":4,"value":0},{"target":17,"source":7,"value":4895},{"target":18,"source":7,"value":8},{"target":19,"source":7,"value":0},{"target":20,"source":7,"value":23},{"target":21,"source":13,"value":25626},{"target":22,"source":13,"value":516},{"target":23,"source":13,"value":0},{"target":24,"source":13,"value":68}],"Alberta":[{"target":1,"source":0,"value":39219},{"target":2,"source":0,"value":15954},{"target":3,"source":0,"value":221690},{"target":4,"source":0,"value":122772},{"target":5,"source":1,"value":30566},{"target":6,"source":1,"value":0},{"target":7,"source":1,"value":8653},{"target":8,"source":2,"value":15724},{"target":9,"source":2,"value":0},{"target":10,"source":2,"value":230},{"target":11,"source":3,"value":155972},{"target":12,"source":3,"value":0},{"target":13,"source":3,"value":65718},{"target":14,"source":4,"value":122772},{"target":15,"source":4,"value":0},{"target":16,"source":4,"value":0},{"target":17,"source":7,"value":8304},{"target":18,"source":7,"value":165},{"target":19,"source":7,"value":0},{"target":20,"source":7,"value":184},{"target":21,"source":13,"value":64218},{"target":22,"source":13,"value":523},{"target":23,"source":13,"value":0},{"target":24,"source":13,"value":977}],"British Columbia":[{"target":1,"source":0,"value":363087},{"target":2,"source":0,"value":116653},{"target":3,"source":0,"value":1088281},{"target":4,"source":0,"value":194181},{"target":5,"source":1,"value":73829},{"target":6,"source":1,"value":10547},{"target":7,"source":1,"value":278711},{"target":8,"source":2,"value":96483},{"target":9,"source":2,"value":1729},{"target":10,"source":2,"value":18441},{"target":11,"source":3,"value":191617},{"target":12,"source":3,"value":6238},{"target":13,"source":3,"value":890426},{"target":14,"source":4,"value":194181},{"target":15,"source":4,"value":0},{"target":16,"source":4,"value":0},{"target":17,"source":7,"value":255959},{"target":18,"source":7,"value":6845},{"target":19,"source":7,"value":3572},{"target":20,"source":7,"value":12335},{"target":21,"source":13,"value":865054},{"target":22,"source":13,"value":12116},{"target":23,"source":13,"value":1283},{"target":24,"source":13,"value":11973}],"Yukon":[{"target":1,"source":0,"value":4779},{"target":2,"source":0,"value":247},{"target":3,"source":0,"value":3954},{"target":4,"source":0,"value":0},{"target":5,"source":1,"value":21},{"target":6,"source":1,"value":0},{"target":7,"source":1,"value":4758},{"target":8,"source":2,"value":7},{"target":9,"source":2,"value":0},{"target":10,"source":2,"value":240},{"target":11,"source":3,"value":2},{"target":12,"source":3,"value":0},{"target":13,"source":3,"value":3952},{"target":14,"source":4,"value":0},{"target":15,"source":4,"value":0},{"target":16,"source":4,"value":0},{"target":17,"source":7,"value":4677},{"target":18,"source":7,"value":79},{"target":19,"source":7,"value":0},{"target":20,"source":7,"value":2},{"target":21,"source":13,"value":3922},{"target":22,"source":13,"value":22},{"target":23,"source":13,"value":0},{"target":24,"source":13,"value":8}],"Nunavut":[{"target":1,"source":0,"value":35},{"target":2,"source":0,"value":30},{"target":3,"source":0,"value":19},{"target":4,"source":0,"value":2},{"target":5,"source":1,"value":35},{"target":6,"source":1,"value":0},{"target":7,"source":1,"value":0},{"target":8,"source":2,"value":30},{"target":9,"source":2,"value":0},{"target":10,"source":2,"value":".."},{"target":11,"source":3,"value":19},{"target":12,"source":3,"value":0},{"target":13,"source":3,"value":0},{"target":14,"source":4,"value":2},{"target":15,"source":4,"value":0},{"target":16,"source":4,"value":".."},{"target":17,"source":7,"value":".."},{"target":18,"source":7,"value":".."},{"target":19,"source":7,"value":".."},{"target":20,"source":7,"value":0},{"target":21,"source":13,"value":".."},{"target":22,"source":13,"value":".."},{"target":23,"source":13,"value":".."},{"target":24,"source":13,"value":0}],"nodes":[{"node":0,"name":"intl"},{"node":1,"name":"USres"},{"node":2,"name":"nonUSres"},{"node":3,"name":"cdnFromUS"},{"node":4,"name":"cdnFromOther"},{"node":5,"name":"USres_air"},{"node":6,"name":"USres_marine"},{"node":7,"name":"USres_land"},{"node":8,"name":"nonUSres_air"},{"node":9,"name":"nonUSres_marine"},{"node":10,"name":"nonUSres_land"},{"node":11,"name":"cdnFromUS_air"},{"node":12,"name":"cdnFromUS_marine"},{"node":13,"name":"cdnFromUS_land"},{"node":14,"name":"cdnFromOther_air"},{"node":15,"name":"cdnFromOther_marine"},{"node":16,"name":"cdnFromOther_land"},{"node":17,"name":"USres_car"},{"node":18,"name":"USres_bus"},{"node":19,"name":"USres_train"},{"node":20,"name":"USres_other"},{"node":21,"name":"cdnFromUS_car"},{"node":22,"name":"cdnFromUS_bus"},{"node":23,"name":"cdnFromUS_train"},{"node":24,"name":"cdnFromUS_other"}]}