{"Canada":[{"target":1,"source":0,"value":1146690},{"target":2,"source":0,"value":319435},{"target":3,"source":0,"value":3206391},{"target":4,"source":0,"value":1272965},{"target":5,"source":1,"value":289486},{"target":6,"source":1,"value":112},{"target":7,"source":1,"value":857092},{"target":8,"source":2,"value":293447},{"target":9,"source":2,"value":49},{"target":10,"source":2,"value":25939},{"target":11,"source":3,"value":872392},{"target":12,"source":3,"value":87},{"target":13,"source":3,"value":2333912},{"target":14,"source":4,"value":1272541},{"target":15,"source":4,"value":4},{"target":16,"source":4,"value":420},{"target":17,"source":7,"value":793099},{"target":18,"source":7,"value":51692},{"target":19,"source":7,"value":2499},{"target":20,"source":7,"value":9802},{"target":21,"source":13,"value":2264844},{"target":22,"source":13,"value":54285},{"target":23,"source":13,"value":2483},{"target":24,"source":13,"value":12300}],"Newfoundland and Labrador":[{"target":1,"source":0,"value":651},{"target":2,"source":0,"value":1187},{"target":3,"source":0,"value":460},{"target":4,"source":0,"value":1509},{"target":5,"source":1,"value":650},{"target":6,"source":1,"value":1},{"target":7,"source":1,"value":0},{"target":8,"source":2,"value":1169},{"target":9,"source":2,"value":18},{"target":10,"source":2,"value":0},{"target":11,"source":3,"value":460},{"target":12,"source":3,"value":0},{"target":13,"source":3,"value":0},{"target":14,"source":4,"value":1506},{"target":15,"source":4,"value":3},{"target":16,"source":4,"value":0},{"target":17,"source":7,"value":0},{"target":18,"source":7,"value":0},{"target":19,"source":7,"value":0},{"target":20,"source":7,"value":0},{"target":21,"source":13,"value":0},{"target":22,"source":13,"value":0},{"target":23,"source":13,"value":0},{"target":24,"source":13,"value":0}],"Prince Edward Island":[{"target":1,"source":0,"value":0},{"target":2,"source":0,"value":0},{"target":3,"source":0,"value":0},{"target":4,"source":0,"value":0},{"target":5,"source":1,"value":0},{"target":6,"source":1,"value":0},{"target":7,"source":1,"value":0},{"target":8,"source":2,"value":0},{"target":9,"source":2,"value":0},{"target":10,"source":2,"value":0},{"target":11,"source":3,"value":0},{"target":12,"source":3,"value":0},{"target":13,"source":3,"value":0},{"target":14,"source":4,"value":0},{"target":15,"source":4,"value":0},{"target":16,"source":4,"value":0},{"target":17,"source":7,"value":0},{"target":18,"source":7,"value":0},{"target":19,"source":7,"value":0},{"target":20,"source":7,"value":0},{"target":21,"source":13,"value":0},{"target":22,"source":13,"value":0},{"target":23,"source":13,"value":0},{"target":24,"source":13,"value":0}],"Nova Scotia":[{"target":1,"source":0,"value":1730},{"target":2,"source":0,"value":1009},{"target":3,"source":0,"value":7946},{"target":4,"source":0,"value":4361},{"target":5,"source":1,"value":1730},{"target":6,"source":1,"value":0},{"target":7,"source":1,"value":0},{"target":8,"source":2,"value":1004},{"target":9,"source":2,"value":5},{"target":10,"source":2,"value":0},{"target":11,"source":3,"value":7946},{"target":12,"source":3,"value":0},{"target":13,"source":3,"value":0},{"target":14,"source":4,"value":4360},{"target":15,"source":4,"value":1},{"target":16,"source":4,"value":0},{"target":17,"source":7,"value":0},{"target":18,"source":7,"value":0},{"target":19,"source":7,"value":0},{"target":20,"source":7,"value":0},{"target":21,"source":13,"value":0},{"target":22,"source":13,"value":0},{"target":23,"source":13,"value":0},{"target":24,"source":13,"value":0}],"New Brunswick":[{"target":1,"source":0,"value":36068},{"target":2,"source":0,"value":76},{"target":3,"source":0,"value":148768},{"target":4,"source":0,"value":0},{"target":5,"source":1,"value":50},{"target":6,"source":1,"value":1},{"target":7,"source":1,"value":36017},{"target":8,"source":2,"value":2},{"target":9,"source":2,"value":1},{"target":10,"source":2,"value":73},{"target":11,"source":3,"value":621},{"target":12,"source":3,"value":0},{"target":13,"source":3,"value":148147},{"target":14,"source":4,"value":0},{"target":15,"source":4,"value":0},{"target":16,"source":4,"value":0},{"target":17,"source":7,"value":35671},{"target":18,"source":7,"value":166},{"target":19,"source":7,"value":0},{"target":20,"source":7,"value":180},{"target":21,"source":13,"value":147310},{"target":22,"source":13,"value":404},{"target":23,"source":13,"value":0},{"target":24,"source":13,"value":433}],"Quebec":[{"target":1,"source":0,"value":119364},{"target":2,"source":0,"value":48996},{"target":3,"source":0,"value":329056},{"target":4,"source":0,"value":308106},{"target":5,"source":1,"value":38787},{"target":6,"source":1,"value":0},{"target":7,"source":1,"value":80577},{"target":8,"source":2,"value":46698},{"target":9,"source":2,"value":18},{"target":10,"source":2,"value":2280},{"target":11,"source":3,"value":125247},{"target":12,"source":3,"value":0},{"target":13,"source":3,"value":203809},{"target":14,"source":4,"value":308106},{"target":15,"source":4,"value":0},{"target":16,"source":4,"value":0},{"target":17,"source":7,"value":72139},{"target":18,"source":7,"value":7282},{"target":19,"source":7,"value":587},{"target":20,"source":7,"value":569},{"target":21,"source":13,"value":192815},{"target":22,"source":13,"value":9471},{"target":23,"source":13,"value":1110},{"target":24,"source":13,"value":413}],"Ontario":[{"target":1,"source":0,"value":639431},{"target":2,"source":0,"value":145069},{"target":3,"source":0,"value":1602773},{"target":4,"source":0,"value":607639},{"target":5,"source":1,"value":148725},{"target":6,"source":1,"value":3},{"target":7,"source":1,"value":490703},{"target":8,"source":2,"value":136633},{"target":9,"source":2,"value":0},{"target":10,"source":2,"value":8436},{"target":11,"source":3,"value":406244},{"target":12,"source":3,"value":2},{"target":13,"source":3,"value":1196527},{"target":14,"source":4,"value":607639},{"target":15,"source":4,"value":0},{"target":16,"source":4,"value":0},{"target":17,"source":7,"value":446689},{"target":18,"source":7,"value":39604},{"target":19,"source":7,"value":225},{"target":20,"source":7,"value":4185},{"target":21,"source":13,"value":1158197},{"target":22,"source":13,"value":35012},{"target":23,"source":13,"value":405},{"target":24,"source":13,"value":2913}],"Manitoba":[{"target":1,"source":0,"value":17123},{"target":2,"source":0,"value":354},{"target":3,"source":0,"value":78938},{"target":4,"source":0,"value":23815},{"target":5,"source":1,"value":2858},{"target":6,"source":1,"value":0},{"target":7,"source":1,"value":14265},{"target":8,"source":2,"value":324},{"target":9,"source":2,"value":0},{"target":10,"source":2,"value":30},{"target":11,"source":3,"value":16583},{"target":12,"source":3,"value":0},{"target":13,"source":3,"value":62355},{"target":14,"source":4,"value":23815},{"target":15,"source":4,"value":0},{"target":16,"source":4,"value":0},{"target":17,"source":7,"value":14037},{"target":18,"source":7,"value":203},{"target":19,"source":7,"value":0},{"target":20,"source":7,"value":25},{"target":21,"source":13,"value":60616},{"target":22,"source":13,"value":1703},{"target":23,"source":13,"value":0},{"target":24,"source":13,"value":36}],"Saskatchewan":[{"target":1,"source":0,"value":4848},{"target":2,"source":0,"value":139},{"target":3,"source":0,"value":28272},{"target":4,"source":0,"value":19184},{"target":5,"source":1,"value":865},{"target":6,"source":1,"value":0},{"target":7,"source":1,"value":3983},{"target":8,"source":2,"value":81},{"target":9,"source":2,"value":0},{"target":10,"source":2,"value":58},{"target":11,"source":3,"value":9317},{"target":12,"source":3,"value":0},{"target":13,"source":3,"value":18955},{"target":14,"source":4,"value":19184},{"target":15,"source":4,"value":0},{"target":16,"source":4,"value":0},{"target":17,"source":7,"value":3968},{"target":18,"source":7,"value":5},{"target":19,"source":7,"value":0},{"target":20,"source":7,"value":10},{"target":21,"source":13,"value":18258},{"target":22,"source":13,"value":652},{"target":23,"source":13,"value":0},{"target":24,"source":13,"value":45}],"Alberta":[{"target":1,"source":0,"value":32927},{"target":2,"source":0,"value":13745},{"target":3,"source":0,"value":167329},{"target":4,"source":0,"value":113409},{"target":5,"source":1,"value":27798},{"target":6,"source":1,"value":0},{"target":7,"source":1,"value":5129},{"target":8,"source":2,"value":13597},{"target":9,"source":2,"value":0},{"target":10,"source":2,"value":148},{"target":11,"source":3,"value":135864},{"target":12,"source":3,"value":0},{"target":13,"source":3,"value":31465},{"target":14,"source":4,"value":113409},{"target":15,"source":4,"value":0},{"target":16,"source":4,"value":0},{"target":17,"source":7,"value":5034},{"target":18,"source":7,"value":28},{"target":19,"source":7,"value":0},{"target":20,"source":7,"value":67},{"target":21,"source":13,"value":31163},{"target":22,"source":13,"value":158},{"target":23,"source":13,"value":0},{"target":24,"source":13,"value":144}],"British Columbia":[{"target":1,"source":0,"value":292089},{"target":2,"source":0,"value":108792},{"target":3,"source":0,"value":841606},{"target":4,"source":0,"value":194940},{"target":5,"source":1,"value":67998},{"target":6,"source":1,"value":107},{"target":7,"source":1,"value":223984},{"target":8,"source":2,"value":93921},{"target":9,"source":2,"value":7},{"target":10,"source":2,"value":14864},{"target":11,"source":3,"value":170076},{"target":12,"source":3,"value":85},{"target":13,"source":3,"value":671445},{"target":14,"source":4,"value":194520},{"target":15,"source":4,"value":0},{"target":16,"source":4,"value":420},{"target":17,"source":7,"value":213154},{"target":18,"source":7,"value":4378},{"target":19,"source":7,"value":1687},{"target":20,"source":7,"value":4765},{"target":21,"source":13,"value":655336},{"target":22,"source":13,"value":6827},{"target":23,"source":13,"value":968},{"target":24,"source":13,"value":8314}],"Yukon":[{"target":1,"source":0,"value":2454},{"target":2,"source":0,"value":50},{"target":3,"source":0,"value":1239},{"target":4,"source":0,"value":0},{"target":5,"source":1,"value":20},{"target":6,"source":1,"value":0},{"target":7,"source":1,"value":2434},{"target":8,"source":2,"value":0},{"target":9,"source":2,"value":0},{"target":10,"source":2,"value":50},{"target":11,"source":3,"value":30},{"target":12,"source":3,"value":0},{"target":13,"source":3,"value":1209},{"target":14,"source":4,"value":0},{"target":15,"source":4,"value":0},{"target":16,"source":4,"value":0},{"target":17,"source":7,"value":2407},{"target":18,"source":7,"value":26},{"target":19,"source":7,"value":0},{"target":20,"source":7,"value":1},{"target":21,"source":13,"value":1149},{"target":22,"source":13,"value":58},{"target":23,"source":13,"value":0},{"target":24,"source":13,"value":2}],"Nunavut":[{"target":1,"source":0,"value":5},{"target":2,"source":0,"value":18},{"target":3,"source":0,"value":4},{"target":4,"source":0,"value":2},{"target":5,"source":1,"value":5},{"target":6,"source":1,"value":0},{"target":7,"source":1,"value":0},{"target":8,"source":2,"value":18},{"target":9,"source":2,"value":0},{"target":10,"source":2,"value":".."},{"target":11,"source":3,"value":4},{"target":12,"source":3,"value":0},{"target":13,"source":3,"value":0},{"target":14,"source":4,"value":2},{"target":15,"source":4,"value":0},{"target":16,"source":4,"value":".."},{"target":17,"source":7,"value":".."},{"target":18,"source":7,"value":".."},{"target":19,"source":7,"value":".."},{"target":20,"source":7,"value":0},{"target":21,"source":13,"value":".."},{"target":22,"source":13,"value":".."},{"target":23,"source":13,"value":".."},{"target":24,"source":13,"value":0}],"nodes":[{"node":0,"name":"intl"},{"node":1,"name":"USres"},{"node":2,"name":"nonUSres"},{"node":3,"name":"cdnFromUS"},{"node":4,"name":"cdnFromOther"},{"node":5,"name":"USres_air"},{"node":6,"name":"USres_marine"},{"node":7,"name":"USres_land"},{"node":8,"name":"nonUSres_air"},{"node":9,"name":"nonUSres_marine"},{"node":10,"name":"nonUSres_land"},{"node":11,"name":"cdnFromUS_air"},{"node":12,"name":"cdnFromUS_marine"},{"node":13,"name":"cdnFromUS_land"},{"node":14,"name":"cdnFromOther_air"},{"node":15,"name":"cdnFromOther_marine"},{"node":16,"name":"cdnFromOther_land"},{"node":17,"name":"USres_car"},{"node":18,"name":"USres_bus"},{"node":19,"name":"USres_train"},{"node":20,"name":"USres_other"},{"node":21,"name":"cdnFromUS_car"},{"node":22,"name":"cdnFromUS_bus"},{"node":23,"name":"cdnFromUS_train"},{"node":24,"name":"cdnFromUS_other"}]}