{"Canada":[{"target":1,"source":0,"value":1672242},{"target":2,"source":0,"value":472977},{"target":3,"source":0,"value":3329676},{"target":4,"source":0,"value":954607},{"target":5,"source":1,"value":389275},{"target":6,"source":1,"value":47},{"target":7,"source":1,"value":1282920},{"target":8,"source":2,"value":412237},{"target":9,"source":2,"value":147},{"target":10,"source":2,"value":60593},{"target":11,"source":3,"value":808470},{"target":12,"source":3,"value":37},{"target":13,"source":3,"value":2521169},{"target":14,"source":4,"value":954587},{"target":15,"source":4,"value":20},{"target":16,"source":4,"value":0},{"target":17,"source":7,"value":1217977},{"target":18,"source":7,"value":36802},{"target":19,"source":7,"value":5734},{"target":20,"source":7,"value":22407},{"target":21,"source":13,"value":2452095},{"target":22,"source":13,"value":51824},{"target":23,"source":13,"value":2958},{"target":24,"source":13,"value":14292}],"Newfoundland and Labrador":[{"target":1,"source":0,"value":337},{"target":2,"source":0,"value":1198},{"target":3,"source":0,"value":537},{"target":4,"source":0,"value":638},{"target":5,"source":1,"value":337},{"target":6,"source":1,"value":0},{"target":7,"source":1,"value":0},{"target":8,"source":2,"value":1102},{"target":9,"source":2,"value":96},{"target":10,"source":2,"value":0},{"target":11,"source":3,"value":537},{"target":12,"source":3,"value":0},{"target":13,"source":3,"value":0},{"target":14,"source":4,"value":619},{"target":15,"source":4,"value":19},{"target":16,"source":4,"value":0},{"target":17,"source":7,"value":0},{"target":18,"source":7,"value":0},{"target":19,"source":7,"value":0},{"target":20,"source":7,"value":0},{"target":21,"source":13,"value":0},{"target":22,"source":13,"value":0},{"target":23,"source":13,"value":0},{"target":24,"source":13,"value":0}],"Prince Edward Island":[{"target":1,"source":0,"value":0},{"target":2,"source":0,"value":0},{"target":3,"source":0,"value":0},{"target":4,"source":0,"value":0},{"target":5,"source":1,"value":0},{"target":6,"source":1,"value":0},{"target":7,"source":1,"value":0},{"target":8,"source":2,"value":0},{"target":9,"source":2,"value":0},{"target":10,"source":2,"value":0},{"target":11,"source":3,"value":0},{"target":12,"source":3,"value":0},{"target":13,"source":3,"value":0},{"target":14,"source":4,"value":0},{"target":15,"source":4,"value":0},{"target":16,"source":4,"value":0},{"target":17,"source":7,"value":0},{"target":18,"source":7,"value":0},{"target":19,"source":7,"value":0},{"target":20,"source":7,"value":0},{"target":21,"source":13,"value":0},{"target":22,"source":13,"value":0},{"target":23,"source":13,"value":0},{"target":24,"source":13,"value":0}],"Nova Scotia":[{"target":1,"source":0,"value":2973},{"target":2,"source":0,"value":2218},{"target":3,"source":0,"value":7204},{"target":4,"source":0,"value":2166},{"target":5,"source":1,"value":2973},{"target":6,"source":1,"value":0},{"target":7,"source":1,"value":0},{"target":8,"source":2,"value":2204},{"target":9,"source":2,"value":14},{"target":10,"source":2,"value":0},{"target":11,"source":3,"value":7204},{"target":12,"source":3,"value":0},{"target":13,"source":3,"value":0},{"target":14,"source":4,"value":2166},{"target":15,"source":4,"value":0},{"target":16,"source":4,"value":0},{"target":17,"source":7,"value":0},{"target":18,"source":7,"value":0},{"target":19,"source":7,"value":0},{"target":20,"source":7,"value":0},{"target":21,"source":13,"value":0},{"target":22,"source":13,"value":0},{"target":23,"source":13,"value":0},{"target":24,"source":13,"value":0}],"New Brunswick":[{"target":1,"source":0,"value":49823},{"target":2,"source":0,"value":382},{"target":3,"source":0,"value":170077},{"target":4,"source":0,"value":0},{"target":5,"source":1,"value":5},{"target":6,"source":1,"value":1},{"target":7,"source":1,"value":49817},{"target":8,"source":2,"value":3},{"target":9,"source":2,"value":3},{"target":10,"source":2,"value":376},{"target":11,"source":3,"value":30},{"target":12,"source":3,"value":3},{"target":13,"source":3,"value":170044},{"target":14,"source":4,"value":0},{"target":15,"source":4,"value":0},{"target":16,"source":4,"value":0},{"target":17,"source":7,"value":49537},{"target":18,"source":7,"value":182},{"target":19,"source":7,"value":0},{"target":20,"source":7,"value":98},{"target":21,"source":13,"value":168691},{"target":22,"source":13,"value":1105},{"target":23,"source":13,"value":0},{"target":24,"source":13,"value":248}],"Quebec":[{"target":1,"source":0,"value":207452},{"target":2,"source":0,"value":88965},{"target":3,"source":0,"value":291726},{"target":4,"source":0,"value":203353},{"target":5,"source":1,"value":64275},{"target":6,"source":1,"value":0},{"target":7,"source":1,"value":143177},{"target":8,"source":2,"value":83021},{"target":9,"source":2,"value":30},{"target":10,"source":2,"value":5914},{"target":11,"source":3,"value":96012},{"target":12,"source":3,"value":0},{"target":13,"source":3,"value":195714},{"target":14,"source":4,"value":203352},{"target":15,"source":4,"value":1},{"target":16,"source":4,"value":0},{"target":17,"source":7,"value":136006},{"target":18,"source":7,"value":5466},{"target":19,"source":7,"value":1344},{"target":20,"source":7,"value":361},{"target":21,"source":13,"value":185217},{"target":22,"source":13,"value":9196},{"target":23,"source":13,"value":804},{"target":24,"source":13,"value":497}],"Ontario":[{"target":1,"source":0,"value":898705},{"target":2,"source":0,"value":214588},{"target":3,"source":0,"value":1715217},{"target":4,"source":0,"value":466769},{"target":5,"source":1,"value":184620},{"target":6,"source":1,"value":0},{"target":7,"source":1,"value":714085},{"target":8,"source":2,"value":182960},{"target":9,"source":2,"value":0},{"target":10,"source":2,"value":31628},{"target":11,"source":3,"value":396944},{"target":12,"source":3,"value":2},{"target":13,"source":3,"value":1318271},{"target":14,"source":4,"value":466769},{"target":15,"source":4,"value":0},{"target":16,"source":4,"value":0},{"target":17,"source":7,"value":681822},{"target":18,"source":7,"value":24520},{"target":19,"source":7,"value":452},{"target":20,"source":7,"value":7291},{"target":21,"source":13,"value":1284132},{"target":22,"source":13,"value":30787},{"target":23,"source":13,"value":277},{"target":24,"source":13,"value":3075}],"Manitoba":[{"target":1,"source":0,"value":23524},{"target":2,"source":0,"value":1605},{"target":3,"source":0,"value":77189},{"target":4,"source":0,"value":11292},{"target":5,"source":1,"value":5319},{"target":6,"source":1,"value":0},{"target":7,"source":1,"value":18205},{"target":8,"source":2,"value":938},{"target":9,"source":2,"value":0},{"target":10,"source":2,"value":667},{"target":11,"source":3,"value":13546},{"target":12,"source":3,"value":0},{"target":13,"source":3,"value":63643},{"target":14,"source":4,"value":11292},{"target":15,"source":4,"value":0},{"target":16,"source":4,"value":0},{"target":17,"source":7,"value":18121},{"target":18,"source":7,"value":61},{"target":19,"source":7,"value":0},{"target":20,"source":7,"value":23},{"target":21,"source":13,"value":61746},{"target":22,"source":13,"value":1858},{"target":23,"source":13,"value":0},{"target":24,"source":13,"value":39}],"Saskatchewan":[{"target":1,"source":0,"value":6737},{"target":2,"source":0,"value":323},{"target":3,"source":0,"value":27023},{"target":4,"source":0,"value":10538},{"target":5,"source":1,"value":1392},{"target":6,"source":1,"value":0},{"target":7,"source":1,"value":5345},{"target":8,"source":2,"value":156},{"target":9,"source":2,"value":0},{"target":10,"source":2,"value":167},{"target":11,"source":3,"value":8419},{"target":12,"source":3,"value":0},{"target":13,"source":3,"value":18604},{"target":14,"source":4,"value":10538},{"target":15,"source":4,"value":0},{"target":16,"source":4,"value":0},{"target":17,"source":7,"value":5312},{"target":18,"source":7,"value":15},{"target":19,"source":7,"value":0},{"target":20,"source":7,"value":18},{"target":21,"source":13,"value":18317},{"target":22,"source":13,"value":261},{"target":23,"source":13,"value":0},{"target":24,"source":13,"value":26}],"Alberta":[{"target":1,"source":0,"value":53928},{"target":2,"source":0,"value":22075},{"target":3,"source":0,"value":154752},{"target":4,"source":0,"value":104504},{"target":5,"source":1,"value":44473},{"target":6,"source":1,"value":0},{"target":7,"source":1,"value":9455},{"target":8,"source":2,"value":21374},{"target":9,"source":2,"value":0},{"target":10,"source":2,"value":701},{"target":11,"source":3,"value":125984},{"target":12,"source":3,"value":0},{"target":13,"source":3,"value":28768},{"target":14,"source":4,"value":104504},{"target":15,"source":4,"value":0},{"target":16,"source":4,"value":0},{"target":17,"source":7,"value":9235},{"target":18,"source":7,"value":117},{"target":19,"source":7,"value":0},{"target":20,"source":7,"value":103},{"target":21,"source":13,"value":28424},{"target":22,"source":13,"value":191},{"target":23,"source":13,"value":0},{"target":24,"source":13,"value":153}],"British Columbia":[{"target":1,"source":0,"value":426075},{"target":2,"source":0,"value":141560},{"target":3,"source":0,"value":884646},{"target":4,"source":0,"value":155347},{"target":5,"source":1,"value":85879},{"target":6,"source":1,"value":46},{"target":7,"source":1,"value":340150},{"target":8,"source":2,"value":120479},{"target":9,"source":2,"value":4},{"target":10,"source":2,"value":21077},{"target":11,"source":3,"value":159794},{"target":12,"source":3,"value":32},{"target":13,"source":3,"value":724820},{"target":14,"source":4,"value":155347},{"target":15,"source":4,"value":0},{"target":16,"source":4,"value":0},{"target":17,"source":7,"value":315287},{"target":18,"source":7,"value":6418},{"target":19,"source":7,"value":3935},{"target":20,"source":7,"value":14510},{"target":21,"source":13,"value":704275},{"target":22,"source":13,"value":8415},{"target":23,"source":13,"value":1877},{"target":24,"source":13,"value":10253}],"Yukon":[{"target":1,"source":0,"value":2686},{"target":2,"source":0,"value":63},{"target":3,"source":0,"value":1305},{"target":4,"source":0,"value":0},{"target":5,"source":1,"value":0},{"target":6,"source":1,"value":0},{"target":7,"source":1,"value":2686},{"target":8,"source":2,"value":0},{"target":9,"source":2,"value":0},{"target":10,"source":2,"value":63},{"target":11,"source":3,"value":0},{"target":12,"source":3,"value":0},{"target":13,"source":3,"value":1305},{"target":14,"source":4,"value":0},{"target":15,"source":4,"value":0},{"target":16,"source":4,"value":0},{"target":17,"source":7,"value":2657},{"target":18,"source":7,"value":23},{"target":19,"source":7,"value":3},{"target":20,"source":7,"value":3},{"target":21,"source":13,"value":1293},{"target":22,"source":13,"value":11},{"target":23,"source":13,"value":0},{"target":24,"source":13,"value":1}],"Nunavut":[{"target":1,"source":0,"value":2},{"target":2,"source":0,"value":0},{"target":3,"source":0,"value":0},{"target":4,"source":0,"value":0},{"target":5,"source":1,"value":2},{"target":6,"source":1,"value":0},{"target":7,"source":1,"value":0},{"target":8,"source":2,"value":0},{"target":9,"source":2,"value":0},{"target":10,"source":2,"value":".."},{"target":11,"source":3,"value":0},{"target":12,"source":3,"value":0},{"target":13,"source":3,"value":0},{"target":14,"source":4,"value":0},{"target":15,"source":4,"value":0},{"target":16,"source":4,"value":".."},{"target":17,"source":7,"value":".."},{"target":18,"source":7,"value":".."},{"target":19,"source":7,"value":".."},{"target":20,"source":7,"value":0},{"target":21,"source":13,"value":".."},{"target":22,"source":13,"value":".."},{"target":23,"source":13,"value":".."},{"target":24,"source":13,"value":0}],"nodes":[{"node":0,"name":"intl"},{"node":1,"name":"USres"},{"node":2,"name":"nonUSres"},{"node":3,"name":"cdnFromUS"},{"node":4,"name":"cdnFromOther"},{"node":5,"name":"USres_air"},{"node":6,"name":"USres_marine"},{"node":7,"name":"USres_land"},{"node":8,"name":"nonUSres_air"},{"node":9,"name":"nonUSres_marine"},{"node":10,"name":"nonUSres_land"},{"node":11,"name":"cdnFromUS_air"},{"node":12,"name":"cdnFromUS_marine"},{"node":13,"name":"cdnFromUS_land"},{"node":14,"name":"cdnFromOther_air"},{"node":15,"name":"cdnFromOther_marine"},{"node":16,"name":"cdnFromOther_land"},{"node":17,"name":"USres_car"},{"node":18,"name":"USres_bus"},{"node":19,"name":"USres_train"},{"node":20,"name":"USres_other"},{"node":21,"name":"cdnFromUS_car"},{"node":22,"name":"cdnFromUS_bus"},{"node":23,"name":"cdnFromUS_train"},{"node":24,"name":"cdnFromUS_other"}]}