{"Canada":[{"target":1,"source":0,"value":3522169},{"target":2,"source":0,"value":993208},{"target":3,"source":0,"value":4298575},{"target":4,"source":0,"value":877397},{"target":5,"source":1,"value":707609},{"target":6,"source":1,"value":219707},{"target":7,"source":1,"value":2594853},{"target":8,"source":2,"value":831780},{"target":9,"source":2,"value":35780},{"target":10,"source":2,"value":125648},{"target":11,"source":3,"value":652977},{"target":12,"source":3,"value":28617},{"target":13,"source":3,"value":3616981},{"target":14,"source":4,"value":875141},{"target":15,"source":4,"value":2256},{"target":16,"source":4,"value":0},{"target":17,"source":7,"value":2339529},{"target":18,"source":7,"value":133303},{"target":19,"source":7,"value":33906},{"target":20,"source":7,"value":88115},{"target":21,"source":13,"value":3489818},{"target":22,"source":13,"value":74340},{"target":23,"source":13,"value":2938},{"target":24,"source":13,"value":49885}],"Newfoundland and Labrador":[{"target":1,"source":0,"value":3715},{"target":2,"source":0,"value":6113},{"target":3,"source":0,"value":1084},{"target":4,"source":0,"value":7225},{"target":5,"source":1,"value":2737},{"target":6,"source":1,"value":978},{"target":7,"source":1,"value":0},{"target":8,"source":2,"value":4561},{"target":9,"source":2,"value":1552},{"target":10,"source":2,"value":0},{"target":11,"source":3,"value":1062},{"target":12,"source":3,"value":22},{"target":13,"source":3,"value":0},{"target":14,"source":4,"value":5301},{"target":15,"source":4,"value":1924},{"target":16,"source":4,"value":0},{"target":17,"source":7,"value":0},{"target":18,"source":7,"value":0},{"target":19,"source":7,"value":0},{"target":20,"source":7,"value":0},{"target":21,"source":13,"value":0},{"target":22,"source":13,"value":0},{"target":23,"source":13,"value":0},{"target":24,"source":13,"value":0}],"Prince Edward Island":[{"target":1,"source":0,"value":115},{"target":2,"source":0,"value":4},{"target":3,"source":0,"value":11},{"target":4,"source":0,"value":0},{"target":5,"source":1,"value":115},{"target":6,"source":1,"value":0},{"target":7,"source":1,"value":0},{"target":8,"source":2,"value":0},{"target":9,"source":2,"value":4},{"target":10,"source":2,"value":0},{"target":11,"source":3,"value":11},{"target":12,"source":3,"value":0},{"target":13,"source":3,"value":0},{"target":14,"source":4,"value":0},{"target":15,"source":4,"value":0},{"target":16,"source":4,"value":0},{"target":17,"source":7,"value":0},{"target":18,"source":7,"value":0},{"target":19,"source":7,"value":0},{"target":20,"source":7,"value":0},{"target":21,"source":13,"value":0},{"target":22,"source":13,"value":0},{"target":23,"source":13,"value":0},{"target":24,"source":13,"value":0}],"Nova Scotia":[{"target":1,"source":0,"value":24130},{"target":2,"source":0,"value":15749},{"target":3,"source":0,"value":6014},{"target":4,"source":0,"value":13234},{"target":5,"source":1,"value":8648},{"target":6,"source":1,"value":9881},{"target":7,"source":1,"value":5601},{"target":8,"source":2,"value":12918},{"target":9,"source":2,"value":2692},{"target":10,"source":2,"value":139},{"target":11,"source":3,"value":3968},{"target":12,"source":3,"value":809},{"target":13,"source":3,"value":1237},{"target":14,"source":4,"value":13073},{"target":15,"source":4,"value":161},{"target":16,"source":4,"value":0},{"target":17,"source":7,"value":4684},{"target":18,"source":7,"value":12},{"target":19,"source":7,"value":0},{"target":20,"source":7,"value":905},{"target":21,"source":13,"value":954},{"target":22,"source":13,"value":0},{"target":23,"source":13,"value":0},{"target":24,"source":13,"value":283}],"New Brunswick":[{"target":1,"source":0,"value":131633},{"target":2,"source":0,"value":2209},{"target":3,"source":0,"value":215510},{"target":4,"source":0,"value":0},{"target":5,"source":1,"value":425},{"target":6,"source":1,"value":8810},{"target":7,"source":1,"value":122398},{"target":8,"source":2,"value":26},{"target":9,"source":2,"value":1439},{"target":10,"source":2,"value":744},{"target":11,"source":3,"value":200},{"target":12,"source":3,"value":381},{"target":13,"source":3,"value":214929},{"target":14,"source":4,"value":0},{"target":15,"source":4,"value":0},{"target":16,"source":4,"value":0},{"target":17,"source":7,"value":119604},{"target":18,"source":7,"value":1277},{"target":19,"source":7,"value":0},{"target":20,"source":7,"value":1517},{"target":21,"source":13,"value":211989},{"target":22,"source":13,"value":808},{"target":23,"source":13,"value":0},{"target":24,"source":13,"value":2132}],"Quebec":[{"target":1,"source":0,"value":339051},{"target":2,"source":0,"value":187932},{"target":3,"source":0,"value":626658},{"target":4,"source":0,"value":245626},{"target":5,"source":1,"value":107786},{"target":6,"source":1,"value":516},{"target":7,"source":1,"value":230749},{"target":8,"source":2,"value":167906},{"target":9,"source":2,"value":62},{"target":10,"source":2,"value":19964},{"target":11,"source":3,"value":87128},{"target":12,"source":3,"value":2936},{"target":13,"source":3,"value":536594},{"target":14,"source":4,"value":245626},{"target":15,"source":4,"value":0},{"target":16,"source":4,"value":0},{"target":17,"source":7,"value":213664},{"target":18,"source":7,"value":13144},{"target":19,"source":7,"value":2139},{"target":20,"source":7,"value":1802},{"target":21,"source":13,"value":504138},{"target":22,"source":13,"value":18890},{"target":23,"source":13,"value":956},{"target":24,"source":13,"value":12610}],"Ontario":[{"target":1,"source":0,"value":1831751},{"target":2,"source":0,"value":387108},{"target":3,"source":0,"value":1939804},{"target":4,"source":0,"value":439746},{"target":5,"source":1,"value":296035},{"target":6,"source":1,"value":14366},{"target":7,"source":1,"value":1521350},{"target":8,"source":2,"value":340294},{"target":9,"source":2,"value":97},{"target":10,"source":2,"value":46717},{"target":11,"source":3,"value":342168},{"target":12,"source":3,"value":9779},{"target":13,"source":3,"value":1587857},{"target":14,"source":4,"value":439746},{"target":15,"source":4,"value":0},{"target":16,"source":4,"value":0},{"target":17,"source":7,"value":1410016},{"target":18,"source":7,"value":62643},{"target":19,"source":7,"value":1245},{"target":20,"source":7,"value":47446},{"target":21,"source":13,"value":1535213},{"target":22,"source":13,"value":40038},{"target":23,"source":13,"value":417},{"target":24,"source":13,"value":12189}],"Manitoba":[{"target":1,"source":0,"value":51260},{"target":2,"source":0,"value":3329},{"target":3,"source":0,"value":128030},{"target":4,"source":0,"value":1172},{"target":5,"source":1,"value":8926},{"target":6,"source":1,"value":8},{"target":7,"source":1,"value":42326},{"target":8,"source":2,"value":1512},{"target":9,"source":2,"value":0},{"target":10,"source":2,"value":1817},{"target":11,"source":3,"value":6881},{"target":12,"source":3,"value":244},{"target":13,"source":3,"value":120905},{"target":14,"source":4,"value":1172},{"target":15,"source":4,"value":0},{"target":16,"source":4,"value":0},{"target":17,"source":7,"value":41607},{"target":18,"source":7,"value":488},{"target":19,"source":7,"value":0},{"target":20,"source":7,"value":231},{"target":21,"source":13,"value":118221},{"target":22,"source":13,"value":1625},{"target":23,"source":13,"value":0},{"target":24,"source":13,"value":1059}],"Saskatchewan":[{"target":1,"source":0,"value":16671},{"target":2,"source":0,"value":350},{"target":3,"source":0,"value":34720},{"target":4,"source":0,"value":180},{"target":5,"source":1,"value":2169},{"target":6,"source":1,"value":0},{"target":7,"source":1,"value":14502},{"target":8,"source":2,"value":145},{"target":9,"source":2,"value":0},{"target":10,"source":2,"value":205},{"target":11,"source":3,"value":1869},{"target":12,"source":3,"value":0},{"target":13,"source":3,"value":32851},{"target":14,"source":4,"value":180},{"target":15,"source":4,"value":0},{"target":16,"source":4,"value":0},{"target":17,"source":7,"value":13945},{"target":18,"source":7,"value":455},{"target":19,"source":7,"value":0},{"target":20,"source":7,"value":102},{"target":21,"source":13,"value":31645},{"target":22,"source":13,"value":602},{"target":23,"source":13,"value":0},{"target":24,"source":13,"value":604}],"Alberta":[{"target":1,"source":0,"value":149343},{"target":2,"source":0,"value":52935},{"target":3,"source":0,"value":158149},{"target":4,"source":0,"value":48017},{"target":5,"source":1,"value":89839},{"target":6,"source":1,"value":0},{"target":7,"source":1,"value":59504},{"target":8,"source":2,"value":49699},{"target":9,"source":2,"value":0},{"target":10,"source":2,"value":3236},{"target":11,"source":3,"value":87495},{"target":12,"source":3,"value":0},{"target":13,"source":3,"value":70654},{"target":14,"source":4,"value":48017},{"target":15,"source":4,"value":0},{"target":16,"source":4,"value":0},{"target":17,"source":7,"value":55075},{"target":18,"source":7,"value":3258},{"target":19,"source":7,"value":0},{"target":20,"source":7,"value":1171},{"target":21,"source":13,"value":68279},{"target":22,"source":13,"value":702},{"target":23,"source":13,"value":0},{"target":24,"source":13,"value":1673}],"British Columbia":[{"target":1,"source":0,"value":885254},{"target":2,"source":0,"value":326306},{"target":3,"source":0,"value":1169728},{"target":4,"source":0,"value":121949},{"target":5,"source":1,"value":188780},{"target":6,"source":1,"value":185124},{"target":7,"source":1,"value":511350},{"target":8,"source":2,"value":253247},{"target":9,"source":2,"value":29934},{"target":10,"source":2,"value":43125},{"target":11,"source":3,"value":121768},{"target":12,"source":3,"value":14446},{"target":13,"source":3,"value":1033514},{"target":14,"source":4,"value":121949},{"target":15,"source":4,"value":0},{"target":16,"source":4,"value":0},{"target":17,"source":7,"value":452571},{"target":18,"source":7,"value":16341},{"target":19,"source":7,"value":8004},{"target":20,"source":7,"value":34434},{"target":21,"source":13,"value":1003850},{"target":22,"source":13,"value":8984},{"target":23,"source":13,"value":1565},{"target":24,"source":13,"value":19115}],"Yukon":[{"target":1,"source":0,"value":89123},{"target":2,"source":0,"value":11055},{"target":3,"source":0,"value":18849},{"target":4,"source":0,"value":39},{"target":5,"source":1,"value":2050},{"target":6,"source":1,"value":0},{"target":7,"source":1,"value":87073},{"target":8,"source":2,"value":1354},{"target":9,"source":2,"value":0},{"target":10,"source":2,"value":9701},{"target":11,"source":3,"value":409},{"target":12,"source":3,"value":0},{"target":13,"source":3,"value":18440},{"target":14,"source":4,"value":39},{"target":15,"source":4,"value":0},{"target":16,"source":4,"value":0},{"target":17,"source":7,"value":28363},{"target":18,"source":7,"value":35685},{"target":19,"source":7,"value":22518},{"target":20,"source":7,"value":507},{"target":21,"source":13,"value":15529},{"target":22,"source":13,"value":2691},{"target":23,"source":13,"value":0},{"target":24,"source":13,"value":220}],"Nunavut":[{"target":1,"source":0,"value":123},{"target":2,"source":0,"value":118},{"target":3,"source":0,"value":18},{"target":4,"source":0,"value":209},{"target":5,"source":1,"value":99},{"target":6,"source":1,"value":24},{"target":7,"source":1,"value":0},{"target":8,"source":2,"value":118},{"target":9,"source":2,"value":0},{"target":10,"source":2,"value":".."},{"target":11,"source":3,"value":18},{"target":12,"source":3,"value":0},{"target":13,"source":3,"value":0},{"target":14,"source":4,"value":38},{"target":15,"source":4,"value":171},{"target":16,"source":4,"value":".."},{"target":17,"source":7,"value":".."},{"target":18,"source":7,"value":".."},{"target":19,"source":7,"value":".."},{"target":20,"source":7,"value":0},{"target":21,"source":13,"value":".."},{"target":22,"source":13,"value":".."},{"target":23,"source":13,"value":".."},{"target":24,"source":13,"value":0}],"nodes":[{"node":0,"name":"intl"},{"node":1,"name":"USres"},{"node":2,"name":"nonUSres"},{"node":3,"name":"cdnFromUS"},{"node":4,"name":"cdnFromOther"},{"node":5,"name":"USres_air"},{"node":6,"name":"USres_marine"},{"node":7,"name":"USres_land"},{"node":8,"name":"nonUSres_air"},{"node":9,"name":"nonUSres_marine"},{"node":10,"name":"nonUSres_land"},{"node":11,"name":"cdnFromUS_air"},{"node":12,"name":"cdnFromUS_marine"},{"node":13,"name":"cdnFromUS_land"},{"node":14,"name":"cdnFromOther_air"},{"node":15,"name":"cdnFromOther_marine"},{"node":16,"name":"cdnFromOther_land"},{"node":17,"name":"USres_car"},{"node":18,"name":"USres_bus"},{"node":19,"name":"USres_train"},{"node":20,"name":"USres_other"},{"node":21,"name":"cdnFromUS_car"},{"node":22,"name":"cdnFromUS_bus"},{"node":23,"name":"cdnFromUS_train"},{"node":24,"name":"cdnFromUS_other"}]}