{"Canada":[{"target":1,"source":0,"value":2015515},{"target":2,"source":0,"value":596192},{"target":3,"source":0,"value":3929861},{"target":4,"source":0,"value":921126},{"target":5,"source":1,"value":442218},{"target":6,"source":1,"value":105850},{"target":7,"source":1,"value":1467447},{"target":8,"source":2,"value":484560},{"target":9,"source":2,"value":35085},{"target":10,"source":2,"value":76547},{"target":11,"source":3,"value":774033},{"target":12,"source":3,"value":28658},{"target":13,"source":3,"value":3127170},{"target":14,"source":4,"value":919877},{"target":15,"source":4,"value":1249},{"target":16,"source":4,"value":0},{"target":17,"source":7,"value":1323120},{"target":18,"source":7,"value":88177},{"target":19,"source":7,"value":17474},{"target":20,"source":7,"value":38676},{"target":21,"source":13,"value":3007984},{"target":22,"source":13,"value":87455},{"target":23,"source":13,"value":3173},{"target":24,"source":13,"value":28558}],"Newfoundland and Labrador":[{"target":1,"source":0,"value":1860},{"target":2,"source":0,"value":2871},{"target":3,"source":0,"value":1734},{"target":4,"source":0,"value":6177},{"target":5,"source":1,"value":1229},{"target":6,"source":1,"value":631},{"target":7,"source":1,"value":0},{"target":8,"source":2,"value":2109},{"target":9,"source":2,"value":762},{"target":10,"source":2,"value":0},{"target":11,"source":3,"value":1734},{"target":12,"source":3,"value":0},{"target":13,"source":3,"value":0},{"target":14,"source":4,"value":5701},{"target":15,"source":4,"value":476},{"target":16,"source":4,"value":0},{"target":17,"source":7,"value":0},{"target":18,"source":7,"value":0},{"target":19,"source":7,"value":0},{"target":20,"source":7,"value":0},{"target":21,"source":13,"value":0},{"target":22,"source":13,"value":0},{"target":23,"source":13,"value":0},{"target":24,"source":13,"value":0}],"Prince Edward Island":[{"target":1,"source":0,"value":4},{"target":2,"source":0,"value":0},{"target":3,"source":0,"value":5},{"target":4,"source":0,"value":353},{"target":5,"source":1,"value":4},{"target":6,"source":1,"value":0},{"target":7,"source":1,"value":0},{"target":8,"source":2,"value":0},{"target":9,"source":2,"value":0},{"target":10,"source":2,"value":0},{"target":11,"source":3,"value":5},{"target":12,"source":3,"value":0},{"target":13,"source":3,"value":0},{"target":14,"source":4,"value":353},{"target":15,"source":4,"value":0},{"target":16,"source":4,"value":0},{"target":17,"source":7,"value":0},{"target":18,"source":7,"value":0},{"target":19,"source":7,"value":0},{"target":20,"source":7,"value":0},{"target":21,"source":13,"value":0},{"target":22,"source":13,"value":0},{"target":23,"source":13,"value":0},{"target":24,"source":13,"value":0}],"Nova Scotia":[{"target":1,"source":0,"value":10403},{"target":2,"source":0,"value":6021},{"target":3,"source":0,"value":9579},{"target":4,"source":0,"value":15871},{"target":5,"source":1,"value":4230},{"target":6,"source":1,"value":6171},{"target":7,"source":1,"value":2},{"target":8,"source":2,"value":4480},{"target":9,"source":2,"value":1541},{"target":10,"source":2,"value":0},{"target":11,"source":3,"value":9271},{"target":12,"source":3,"value":300},{"target":13,"source":3,"value":8},{"target":14,"source":4,"value":15516},{"target":15,"source":4,"value":355},{"target":16,"source":4,"value":0},{"target":17,"source":7,"value":2},{"target":18,"source":7,"value":0},{"target":19,"source":7,"value":0},{"target":20,"source":7,"value":0},{"target":21,"source":13,"value":8},{"target":22,"source":13,"value":0},{"target":23,"source":13,"value":0},{"target":24,"source":13,"value":0}],"New Brunswick":[{"target":1,"source":0,"value":63577},{"target":2,"source":0,"value":737},{"target":3,"source":0,"value":212407},{"target":4,"source":0,"value":4913},{"target":5,"source":1,"value":78},{"target":6,"source":1,"value":3761},{"target":7,"source":1,"value":59738},{"target":8,"source":2,"value":18},{"target":9,"source":2,"value":491},{"target":10,"source":2,"value":228},{"target":11,"source":3,"value":830},{"target":12,"source":3,"value":224},{"target":13,"source":3,"value":211353},{"target":14,"source":4,"value":4913},{"target":15,"source":4,"value":0},{"target":16,"source":4,"value":0},{"target":17,"source":7,"value":58999},{"target":18,"source":7,"value":277},{"target":19,"source":7,"value":0},{"target":20,"source":7,"value":462},{"target":21,"source":13,"value":208930},{"target":22,"source":13,"value":1306},{"target":23,"source":13,"value":0},{"target":24,"source":13,"value":1117}],"Quebec":[{"target":1,"source":0,"value":216994},{"target":2,"source":0,"value":98299},{"target":3,"source":0,"value":412685},{"target":4,"source":0,"value":190957},{"target":5,"source":1,"value":73508},{"target":6,"source":1,"value":92},{"target":7,"source":1,"value":143394},{"target":8,"source":2,"value":88118},{"target":9,"source":2,"value":58},{"target":10,"source":2,"value":10123},{"target":11,"source":3,"value":103495},{"target":12,"source":3,"value":186},{"target":13,"source":3,"value":309004},{"target":14,"source":4,"value":190957},{"target":15,"source":4,"value":0},{"target":16,"source":4,"value":0},{"target":17,"source":7,"value":128062},{"target":18,"source":7,"value":13180},{"target":19,"source":7,"value":1170},{"target":20,"source":7,"value":982},{"target":21,"source":13,"value":278046},{"target":22,"source":13,"value":25634},{"target":23,"source":13,"value":955},{"target":24,"source":13,"value":4369}],"Ontario":[{"target":1,"source":0,"value":1057570},{"target":2,"source":0,"value":234987},{"target":3,"source":0,"value":1855207},{"target":4,"source":0,"value":477072},{"target":5,"source":1,"value":206721},{"target":6,"source":1,"value":3139},{"target":7,"source":1,"value":847710},{"target":8,"source":2,"value":204832},{"target":9,"source":2,"value":31},{"target":10,"source":2,"value":30124},{"target":11,"source":3,"value":378855},{"target":12,"source":3,"value":1750},{"target":13,"source":3,"value":1474602},{"target":14,"source":4,"value":477072},{"target":15,"source":4,"value":0},{"target":16,"source":4,"value":0},{"target":17,"source":7,"value":779979},{"target":18,"source":7,"value":47551},{"target":19,"source":7,"value":611},{"target":20,"source":7,"value":19569},{"target":21,"source":13,"value":1422468},{"target":22,"source":13,"value":44232},{"target":23,"source":13,"value":286},{"target":24,"source":13,"value":7616}],"Manitoba":[{"target":1,"source":0,"value":31110},{"target":2,"source":0,"value":920},{"target":3,"source":0,"value":97050},{"target":4,"source":0,"value":1350},{"target":5,"source":1,"value":5372},{"target":6,"source":1,"value":0},{"target":7,"source":1,"value":25738},{"target":8,"source":2,"value":419},{"target":9,"source":2,"value":0},{"target":10,"source":2,"value":501},{"target":11,"source":3,"value":9066},{"target":12,"source":3,"value":37},{"target":13,"source":3,"value":87947},{"target":14,"source":4,"value":1350},{"target":15,"source":4,"value":0},{"target":16,"source":4,"value":0},{"target":17,"source":7,"value":25036},{"target":18,"source":7,"value":628},{"target":19,"source":7,"value":0},{"target":20,"source":7,"value":74},{"target":21,"source":13,"value":84064},{"target":22,"source":13,"value":3398},{"target":23,"source":13,"value":0},{"target":24,"source":13,"value":485}],"Saskatchewan":[{"target":1,"source":0,"value":10098},{"target":2,"source":0,"value":171},{"target":3,"source":0,"value":25367},{"target":4,"source":0,"value":256},{"target":5,"source":1,"value":1487},{"target":6,"source":1,"value":0},{"target":7,"source":1,"value":8611},{"target":8,"source":2,"value":89},{"target":9,"source":2,"value":0},{"target":10,"source":2,"value":82},{"target":11,"source":3,"value":2251},{"target":12,"source":3,"value":0},{"target":13,"source":3,"value":23116},{"target":14,"source":4,"value":256},{"target":15,"source":4,"value":0},{"target":16,"source":4,"value":0},{"target":17,"source":7,"value":8348},{"target":18,"source":7,"value":218},{"target":19,"source":7,"value":0},{"target":20,"source":7,"value":45},{"target":21,"source":13,"value":22277},{"target":22,"source":13,"value":622},{"target":23,"source":13,"value":0},{"target":24,"source":13,"value":217}],"Alberta":[{"target":1,"source":0,"value":60819},{"target":2,"source":0,"value":27964},{"target":3,"source":0,"value":161365},{"target":4,"source":0,"value":67373},{"target":5,"source":1,"value":44179},{"target":6,"source":1,"value":0},{"target":7,"source":1,"value":16640},{"target":8,"source":2,"value":27185},{"target":9,"source":2,"value":0},{"target":10,"source":2,"value":779},{"target":11,"source":3,"value":116865},{"target":12,"source":3,"value":0},{"target":13,"source":3,"value":44500},{"target":14,"source":4,"value":67373},{"target":15,"source":4,"value":0},{"target":16,"source":4,"value":0},{"target":17,"source":7,"value":16180},{"target":18,"source":7,"value":238},{"target":19,"source":7,"value":0},{"target":20,"source":7,"value":222},{"target":21,"source":13,"value":43694},{"target":22,"source":13,"value":237},{"target":23,"source":13,"value":0},{"target":24,"source":13,"value":569}],"British Columbia":[{"target":1,"source":0,"value":523137},{"target":2,"source":0,"value":216338},{"target":3,"source":0,"value":1144726},{"target":4,"source":0,"value":156787},{"target":5,"source":1,"value":105047},{"target":6,"source":1,"value":92056},{"target":7,"source":1,"value":326034},{"target":8,"source":2,"value":157039},{"target":9,"source":2,"value":32202},{"target":10,"source":2,"value":27097},{"target":11,"source":3,"value":151576},{"target":12,"source":3,"value":26161},{"target":13,"source":3,"value":966989},{"target":14,"source":4,"value":156369},{"target":15,"source":4,"value":418},{"target":16,"source":4,"value":0},{"target":17,"source":7,"value":294362},{"target":18,"source":7,"value":9623},{"target":19,"source":7,"value":4783},{"target":20,"source":7,"value":17266},{"target":21,"source":13,"value":940792},{"target":22,"source":13,"value":10099},{"target":23,"source":13,"value":1932},{"target":24,"source":13,"value":14166}],"Yukon":[{"target":1,"source":0,"value":39895},{"target":2,"source":0,"value":7832},{"target":3,"source":0,"value":9716},{"target":4,"source":0,"value":13},{"target":5,"source":1,"value":315},{"target":6,"source":1,"value":0},{"target":7,"source":1,"value":39580},{"target":8,"source":2,"value":219},{"target":9,"source":2,"value":0},{"target":10,"source":2,"value":7613},{"target":11,"source":3,"value":65},{"target":12,"source":3,"value":0},{"target":13,"source":3,"value":9651},{"target":14,"source":4,"value":13},{"target":15,"source":4,"value":0},{"target":16,"source":4,"value":0},{"target":17,"source":7,"value":12152},{"target":18,"source":7,"value":16462},{"target":19,"source":7,"value":10910},{"target":20,"source":7,"value":56},{"target":21,"source":13,"value":7705},{"target":22,"source":13,"value":1927},{"target":23,"source":13,"value":0},{"target":24,"source":13,"value":19}],"Nunavut":[{"target":1,"source":0,"value":48},{"target":2,"source":0,"value":52},{"target":3,"source":0,"value":20},{"target":4,"source":0,"value":4},{"target":5,"source":1,"value":48},{"target":6,"source":1,"value":0},{"target":7,"source":1,"value":0},{"target":8,"source":2,"value":52},{"target":9,"source":2,"value":0},{"target":10,"source":2,"value":".."},{"target":11,"source":3,"value":20},{"target":12,"source":3,"value":0},{"target":13,"source":3,"value":0},{"target":14,"source":4,"value":4},{"target":15,"source":4,"value":0},{"target":16,"source":4,"value":".."},{"target":17,"source":7,"value":".."},{"target":18,"source":7,"value":".."},{"target":19,"source":7,"value":".."},{"target":20,"source":7,"value":0},{"target":21,"source":13,"value":".."},{"target":22,"source":13,"value":".."},{"target":23,"source":13,"value":".."},{"target":24,"source":13,"value":0}],"nodes":[{"node":0,"name":"intl"},{"node":1,"name":"USres"},{"node":2,"name":"nonUSres"},{"node":3,"name":"cdnFromUS"},{"node":4,"name":"cdnFromOther"},{"node":5,"name":"USres_air"},{"node":6,"name":"USres_marine"},{"node":7,"name":"USres_land"},{"node":8,"name":"nonUSres_air"},{"node":9,"name":"nonUSres_marine"},{"node":10,"name":"nonUSres_land"},{"node":11,"name":"cdnFromUS_air"},{"node":12,"name":"cdnFromUS_marine"},{"node":13,"name":"cdnFromUS_land"},{"node":14,"name":"cdnFromOther_air"},{"node":15,"name":"cdnFromOther_marine"},{"node":16,"name":"cdnFromOther_land"},{"node":17,"name":"USres_car"},{"node":18,"name":"USres_bus"},{"node":19,"name":"USres_train"},{"node":20,"name":"USres_other"},{"node":21,"name":"cdnFromUS_car"},{"node":22,"name":"cdnFromUS_bus"},{"node":23,"name":"cdnFromUS_train"},{"node":24,"name":"cdnFromUS_other"}]}