{"Canada":[{"target":1,"source":0,"value":1435666},{"target":2,"source":0,"value":314647},{"target":3,"source":0,"value":3241304},{"target":4,"source":0,"value":788356},{"target":5,"source":1,"value":351665},{"target":6,"source":1,"value":367},{"target":7,"source":1,"value":1083634},{"target":8,"source":2,"value":260843},{"target":9,"source":2,"value":289},{"target":10,"source":2,"value":53515},{"target":11,"source":3,"value":838853},{"target":12,"source":3,"value":220},{"target":13,"source":3,"value":2402231},{"target":14,"source":4,"value":788333},{"target":15,"source":4,"value":23},{"target":16,"source":4,"value":0},{"target":17,"source":7,"value":1017262},{"target":18,"source":7,"value":43058},{"target":19,"source":7,"value":5708},{"target":20,"source":7,"value":17606},{"target":21,"source":13,"value":2321280},{"target":22,"source":13,"value":63990},{"target":23,"source":13,"value":2959},{"target":24,"source":13,"value":14002}],"Newfoundland and Labrador":[{"target":1,"source":0,"value":821},{"target":2,"source":0,"value":1248},{"target":3,"source":0,"value":664},{"target":4,"source":0,"value":539},{"target":5,"source":1,"value":805},{"target":6,"source":1,"value":16},{"target":7,"source":1,"value":0},{"target":8,"source":2,"value":1036},{"target":9,"source":2,"value":212},{"target":10,"source":2,"value":0},{"target":11,"source":3,"value":657},{"target":12,"source":3,"value":7},{"target":13,"source":3,"value":0},{"target":14,"source":4,"value":519},{"target":15,"source":4,"value":20},{"target":16,"source":4,"value":0},{"target":17,"source":7,"value":0},{"target":18,"source":7,"value":0},{"target":19,"source":7,"value":0},{"target":20,"source":7,"value":0},{"target":21,"source":13,"value":0},{"target":22,"source":13,"value":0},{"target":23,"source":13,"value":0},{"target":24,"source":13,"value":0}],"Prince Edward Island":[{"target":1,"source":0,"value":7},{"target":2,"source":0,"value":0},{"target":3,"source":0,"value":0},{"target":4,"source":0,"value":0},{"target":5,"source":1,"value":7},{"target":6,"source":1,"value":0},{"target":7,"source":1,"value":0},{"target":8,"source":2,"value":0},{"target":9,"source":2,"value":0},{"target":10,"source":2,"value":0},{"target":11,"source":3,"value":0},{"target":12,"source":3,"value":0},{"target":13,"source":3,"value":0},{"target":14,"source":4,"value":0},{"target":15,"source":4,"value":0},{"target":16,"source":4,"value":0},{"target":17,"source":7,"value":0},{"target":18,"source":7,"value":0},{"target":19,"source":7,"value":0},{"target":20,"source":7,"value":0},{"target":21,"source":13,"value":0},{"target":22,"source":13,"value":0},{"target":23,"source":13,"value":0},{"target":24,"source":13,"value":0}],"Nova Scotia":[{"target":1,"source":0,"value":2489},{"target":2,"source":0,"value":1440},{"target":3,"source":0,"value":6326},{"target":4,"source":0,"value":1893},{"target":5,"source":1,"value":2489},{"target":6,"source":1,"value":0},{"target":7,"source":1,"value":0},{"target":8,"source":2,"value":1411},{"target":9,"source":2,"value":29},{"target":10,"source":2,"value":0},{"target":11,"source":3,"value":6326},{"target":12,"source":3,"value":0},{"target":13,"source":3,"value":0},{"target":14,"source":4,"value":1893},{"target":15,"source":4,"value":0},{"target":16,"source":4,"value":0},{"target":17,"source":7,"value":0},{"target":18,"source":7,"value":0},{"target":19,"source":7,"value":0},{"target":20,"source":7,"value":0},{"target":21,"source":13,"value":0},{"target":22,"source":13,"value":0},{"target":23,"source":13,"value":0},{"target":24,"source":13,"value":0}],"New Brunswick":[{"target":1,"source":0,"value":42966},{"target":2,"source":0,"value":322},{"target":3,"source":0,"value":170494},{"target":4,"source":0,"value":1},{"target":5,"source":1,"value":44},{"target":6,"source":1,"value":1},{"target":7,"source":1,"value":42921},{"target":8,"source":2,"value":5},{"target":9,"source":2,"value":2},{"target":10,"source":2,"value":315},{"target":11,"source":3,"value":177},{"target":12,"source":3,"value":0},{"target":13,"source":3,"value":170317},{"target":14,"source":4,"value":0},{"target":15,"source":4,"value":1},{"target":16,"source":4,"value":0},{"target":17,"source":7,"value":42640},{"target":18,"source":7,"value":170},{"target":19,"source":7,"value":0},{"target":20,"source":7,"value":111},{"target":21,"source":13,"value":167758},{"target":22,"source":13,"value":2249},{"target":23,"source":13,"value":0},{"target":24,"source":13,"value":310}],"Quebec":[{"target":1,"source":0,"value":165333},{"target":2,"source":0,"value":54376},{"target":3,"source":0,"value":286246},{"target":4,"source":0,"value":163006},{"target":5,"source":1,"value":58903},{"target":6,"source":1,"value":0},{"target":7,"source":1,"value":106430},{"target":8,"source":2,"value":49363},{"target":9,"source":2,"value":33},{"target":10,"source":2,"value":4980},{"target":11,"source":3,"value":100773},{"target":12,"source":3,"value":0},{"target":13,"source":3,"value":185473},{"target":14,"source":4,"value":163004},{"target":15,"source":4,"value":2},{"target":16,"source":4,"value":0},{"target":17,"source":7,"value":99429},{"target":18,"source":7,"value":5752},{"target":19,"source":7,"value":903},{"target":20,"source":7,"value":346},{"target":21,"source":13,"value":174378},{"target":22,"source":13,"value":9822},{"target":23,"source":13,"value":573},{"target":24,"source":13,"value":700}],"Ontario":[{"target":1,"source":0,"value":819217},{"target":2,"source":0,"value":158147},{"target":3,"source":0,"value":1649604},{"target":4,"source":0,"value":392759},{"target":5,"source":1,"value":178101},{"target":6,"source":1,"value":140},{"target":7,"source":1,"value":640976},{"target":8,"source":2,"value":126233},{"target":9,"source":2,"value":4},{"target":10,"source":2,"value":31910},{"target":11,"source":3,"value":396815},{"target":12,"source":3,"value":47},{"target":13,"source":3,"value":1252742},{"target":14,"source":4,"value":392759},{"target":15,"source":4,"value":0},{"target":16,"source":4,"value":0},{"target":17,"source":7,"value":601613},{"target":18,"source":7,"value":31588},{"target":19,"source":7,"value":323},{"target":20,"source":7,"value":7452},{"target":21,"source":13,"value":1209071},{"target":22,"source":13,"value":40286},{"target":23,"source":13,"value":212},{"target":24,"source":13,"value":3173}],"Manitoba":[{"target":1,"source":0,"value":19247},{"target":2,"source":0,"value":1030},{"target":3,"source":0,"value":79115},{"target":4,"source":0,"value":4727},{"target":5,"source":1,"value":5126},{"target":6,"source":1,"value":0},{"target":7,"source":1,"value":14121},{"target":8,"source":2,"value":562},{"target":9,"source":2,"value":0},{"target":10,"source":2,"value":468},{"target":11,"source":3,"value":13010},{"target":12,"source":3,"value":0},{"target":13,"source":3,"value":66105},{"target":14,"source":4,"value":4727},{"target":15,"source":4,"value":0},{"target":16,"source":4,"value":0},{"target":17,"source":7,"value":13911},{"target":18,"source":7,"value":180},{"target":19,"source":7,"value":0},{"target":20,"source":7,"value":30},{"target":21,"source":13,"value":64614},{"target":22,"source":13,"value":1442},{"target":23,"source":13,"value":0},{"target":24,"source":13,"value":49}],"Saskatchewan":[{"target":1,"source":0,"value":7027},{"target":2,"source":0,"value":227},{"target":3,"source":0,"value":27282},{"target":4,"source":0,"value":3944},{"target":5,"source":1,"value":1792},{"target":6,"source":1,"value":0},{"target":7,"source":1,"value":5235},{"target":8,"source":2,"value":69},{"target":9,"source":2,"value":0},{"target":10,"source":2,"value":158},{"target":11,"source":3,"value":8052},{"target":12,"source":3,"value":0},{"target":13,"source":3,"value":19230},{"target":14,"source":4,"value":3944},{"target":15,"source":4,"value":0},{"target":16,"source":4,"value":0},{"target":17,"source":7,"value":5156},{"target":18,"source":7,"value":54},{"target":19,"source":7,"value":0},{"target":20,"source":7,"value":25},{"target":21,"source":13,"value":18056},{"target":22,"source":13,"value":1097},{"target":23,"source":13,"value":0},{"target":24,"source":13,"value":77}],"Alberta":[{"target":1,"source":0,"value":41281},{"target":2,"source":0,"value":11189},{"target":3,"source":0,"value":168005},{"target":4,"source":0,"value":77377},{"target":5,"source":1,"value":33517},{"target":6,"source":1,"value":0},{"target":7,"source":1,"value":7764},{"target":8,"source":2,"value":10569},{"target":9,"source":2,"value":0},{"target":10,"source":2,"value":620},{"target":11,"source":3,"value":141412},{"target":12,"source":3,"value":0},{"target":13,"source":3,"value":26593},{"target":14,"source":4,"value":77377},{"target":15,"source":4,"value":0},{"target":16,"source":4,"value":0},{"target":17,"source":7,"value":7550},{"target":18,"source":7,"value":111},{"target":19,"source":7,"value":0},{"target":20,"source":7,"value":103},{"target":21,"source":13,"value":26286},{"target":22,"source":13,"value":158},{"target":23,"source":13,"value":0},{"target":24,"source":13,"value":149}],"British Columbia":[{"target":1,"source":0,"value":334159},{"target":2,"source":0,"value":86574},{"target":3,"source":0,"value":852264},{"target":4,"source":0,"value":144110},{"target":5,"source":1,"value":70850},{"target":6,"source":1,"value":210},{"target":7,"source":1,"value":263099},{"target":8,"source":2,"value":71564},{"target":9,"source":2,"value":9},{"target":10,"source":2,"value":15001},{"target":11,"source":3,"value":171590},{"target":12,"source":3,"value":166},{"target":13,"source":3,"value":680508},{"target":14,"source":4,"value":144110},{"target":15,"source":4,"value":0},{"target":16,"source":4,"value":0},{"target":17,"source":7,"value":243885},{"target":18,"source":7,"value":5203},{"target":19,"source":7,"value":4478},{"target":20,"source":7,"value":9533},{"target":21,"source":13,"value":659897},{"target":22,"source":13,"value":8893},{"target":23,"source":13,"value":2174},{"target":24,"source":13,"value":9544}],"Yukon":[{"target":1,"source":0,"value":3102},{"target":2,"source":0,"value":70},{"target":3,"source":0,"value":1277},{"target":4,"source":0,"value":0},{"target":5,"source":1,"value":14},{"target":6,"source":1,"value":0},{"target":7,"source":1,"value":3088},{"target":8,"source":2,"value":7},{"target":9,"source":2,"value":0},{"target":10,"source":2,"value":63},{"target":11,"source":3,"value":14},{"target":12,"source":3,"value":0},{"target":13,"source":3,"value":1263},{"target":14,"source":4,"value":0},{"target":15,"source":4,"value":0},{"target":16,"source":4,"value":0},{"target":17,"source":7,"value":3078},{"target":18,"source":7,"value":0},{"target":19,"source":7,"value":4},{"target":20,"source":7,"value":6},{"target":21,"source":13,"value":1220},{"target":22,"source":13,"value":43},{"target":23,"source":13,"value":0},{"target":24,"source":13,"value":0}],"Nunavut":[{"target":1,"source":0,"value":17},{"target":2,"source":0,"value":24},{"target":3,"source":0,"value":27},{"target":4,"source":0,"value":0},{"target":5,"source":1,"value":17},{"target":6,"source":1,"value":0},{"target":7,"source":1,"value":0},{"target":8,"source":2,"value":24},{"target":9,"source":2,"value":0},{"target":10,"source":2,"value":".."},{"target":11,"source":3,"value":27},{"target":12,"source":3,"value":0},{"target":13,"source":3,"value":0},{"target":14,"source":4,"value":0},{"target":15,"source":4,"value":0},{"target":16,"source":4,"value":".."},{"target":17,"source":7,"value":".."},{"target":18,"source":7,"value":".."},{"target":19,"source":7,"value":".."},{"target":20,"source":7,"value":0},{"target":21,"source":13,"value":".."},{"target":22,"source":13,"value":".."},{"target":23,"source":13,"value":".."},{"target":24,"source":13,"value":0}],"nodes":[{"node":0,"name":"intl"},{"node":1,"name":"USres"},{"node":2,"name":"nonUSres"},{"node":3,"name":"cdnFromUS"},{"node":4,"name":"cdnFromOther"},{"node":5,"name":"USres_air"},{"node":6,"name":"USres_marine"},{"node":7,"name":"USres_land"},{"node":8,"name":"nonUSres_air"},{"node":9,"name":"nonUSres_marine"},{"node":10,"name":"nonUSres_land"},{"node":11,"name":"cdnFromUS_air"},{"node":12,"name":"cdnFromUS_marine"},{"node":13,"name":"cdnFromUS_land"},{"node":14,"name":"cdnFromOther_air"},{"node":15,"name":"cdnFromOther_marine"},{"node":16,"name":"cdnFromOther_land"},{"node":17,"name":"USres_car"},{"node":18,"name":"USres_bus"},{"node":19,"name":"USres_train"},{"node":20,"name":"USres_other"},{"node":21,"name":"cdnFromUS_car"},{"node":22,"name":"cdnFromUS_bus"},{"node":23,"name":"cdnFromUS_train"},{"node":24,"name":"cdnFromUS_other"}]}