{"Canada":[{"target":1,"source":0,"value":2319196},{"target":2,"source":0,"value":781814},{"target":3,"source":0,"value":3629642},{"target":4,"source":0,"value":867885},{"target":5,"source":1,"value":512183},{"target":6,"source":1,"value":197082},{"target":7,"source":1,"value":1609931},{"target":8,"source":2,"value":629486},{"target":9,"source":2,"value":65124},{"target":10,"source":2,"value":87204},{"target":11,"source":3,"value":687699},{"target":12,"source":3,"value":32677},{"target":13,"source":3,"value":2909266},{"target":14,"source":4,"value":866247},{"target":15,"source":4,"value":1638},{"target":16,"source":4,"value":0},{"target":17,"source":7,"value":1462467},{"target":18,"source":7,"value":91681},{"target":19,"source":7,"value":18885},{"target":20,"source":7,"value":36898},{"target":21,"source":13,"value":2802604},{"target":22,"source":13,"value":69755},{"target":23,"source":13,"value":2258},{"target":24,"source":13,"value":34649}],"Newfoundland and Labrador":[{"target":1,"source":0,"value":4140},{"target":2,"source":0,"value":9911},{"target":3,"source":0,"value":2042},{"target":4,"source":0,"value":7563},{"target":5,"source":1,"value":1884},{"target":6,"source":1,"value":2256},{"target":7,"source":1,"value":0},{"target":8,"source":2,"value":3291},{"target":9,"source":2,"value":6620},{"target":10,"source":2,"value":0},{"target":11,"source":3,"value":1788},{"target":12,"source":3,"value":254},{"target":13,"source":3,"value":0},{"target":14,"source":4,"value":6784},{"target":15,"source":4,"value":779},{"target":16,"source":4,"value":0},{"target":17,"source":7,"value":0},{"target":18,"source":7,"value":0},{"target":19,"source":7,"value":0},{"target":20,"source":7,"value":0},{"target":21,"source":13,"value":0},{"target":22,"source":13,"value":0},{"target":23,"source":13,"value":0},{"target":24,"source":13,"value":0}],"Prince Edward Island":[{"target":1,"source":0,"value":92},{"target":2,"source":0,"value":0},{"target":3,"source":0,"value":3},{"target":4,"source":0,"value":0},{"target":5,"source":1,"value":92},{"target":6,"source":1,"value":0},{"target":7,"source":1,"value":0},{"target":8,"source":2,"value":0},{"target":9,"source":2,"value":0},{"target":10,"source":2,"value":0},{"target":11,"source":3,"value":3},{"target":12,"source":3,"value":0},{"target":13,"source":3,"value":0},{"target":14,"source":4,"value":0},{"target":15,"source":4,"value":0},{"target":16,"source":4,"value":0},{"target":17,"source":7,"value":0},{"target":18,"source":7,"value":0},{"target":19,"source":7,"value":0},{"target":20,"source":7,"value":0},{"target":21,"source":13,"value":0},{"target":22,"source":13,"value":0},{"target":23,"source":13,"value":0},{"target":24,"source":13,"value":0}],"Nova Scotia":[{"target":1,"source":0,"value":43413},{"target":2,"source":0,"value":25018},{"target":3,"source":0,"value":7267},{"target":4,"source":0,"value":11844},{"target":5,"source":1,"value":5710},{"target":6,"source":1,"value":34141},{"target":7,"source":1,"value":3562},{"target":8,"source":2,"value":8351},{"target":9,"source":2,"value":16592},{"target":10,"source":2,"value":75},{"target":11,"source":3,"value":4125},{"target":12,"source":3,"value":2481},{"target":13,"source":3,"value":661},{"target":14,"source":4,"value":11066},{"target":15,"source":4,"value":778},{"target":16,"source":4,"value":0},{"target":17,"source":7,"value":3121},{"target":18,"source":7,"value":4},{"target":19,"source":7,"value":0},{"target":20,"source":7,"value":437},{"target":21,"source":13,"value":479},{"target":22,"source":13,"value":0},{"target":23,"source":13,"value":0},{"target":24,"source":13,"value":182}],"New Brunswick":[{"target":1,"source":0,"value":100978},{"target":2,"source":0,"value":6950},{"target":3,"source":0,"value":190217},{"target":4,"source":0,"value":0},{"target":5,"source":1,"value":253},{"target":6,"source":1,"value":15955},{"target":7,"source":1,"value":84770},{"target":8,"source":2,"value":19},{"target":9,"source":2,"value":6429},{"target":10,"source":2,"value":502},{"target":11,"source":3,"value":194},{"target":12,"source":3,"value":1170},{"target":13,"source":3,"value":188853},{"target":14,"source":4,"value":0},{"target":15,"source":4,"value":0},{"target":16,"source":4,"value":0},{"target":17,"source":7,"value":81736},{"target":18,"source":7,"value":2056},{"target":19,"source":7,"value":0},{"target":20,"source":7,"value":978},{"target":21,"source":13,"value":186142},{"target":22,"source":13,"value":1131},{"target":23,"source":13,"value":0},{"target":24,"source":13,"value":1580}],"Quebec":[{"target":1,"source":0,"value":234138},{"target":2,"source":0,"value":140601},{"target":3,"source":0,"value":447327},{"target":4,"source":0,"value":217186},{"target":5,"source":1,"value":91123},{"target":6,"source":1,"value":501},{"target":7,"source":1,"value":142514},{"target":8,"source":2,"value":125486},{"target":9,"source":2,"value":90},{"target":10,"source":2,"value":15025},{"target":11,"source":3,"value":82723},{"target":12,"source":3,"value":3226},{"target":13,"source":3,"value":361378},{"target":14,"source":4,"value":217114},{"target":15,"source":4,"value":72},{"target":16,"source":4,"value":0},{"target":17,"source":7,"value":131627},{"target":18,"source":7,"value":8213},{"target":19,"source":7,"value":1323},{"target":20,"source":7,"value":1351},{"target":21,"source":13,"value":339029},{"target":22,"source":13,"value":12375},{"target":23,"source":13,"value":590},{"target":24,"source":13,"value":9384}],"Ontario":[{"target":1,"source":0,"value":1164066},{"target":2,"source":0,"value":294677},{"target":3,"source":0,"value":1724434},{"target":4,"source":0,"value":445550},{"target":5,"source":1,"value":223515},{"target":6,"source":1,"value":6629},{"target":7,"source":1,"value":933922},{"target":8,"source":2,"value":264184},{"target":9,"source":2,"value":27},{"target":10,"source":2,"value":30466},{"target":11,"source":3,"value":353978},{"target":12,"source":3,"value":5090},{"target":13,"source":3,"value":1365366},{"target":14,"source":4,"value":445550},{"target":15,"source":4,"value":0},{"target":16,"source":4,"value":0},{"target":17,"source":7,"value":865221},{"target":18,"source":7,"value":55714},{"target":19,"source":7,"value":659},{"target":20,"source":7,"value":12328},{"target":21,"source":13,"value":1316063},{"target":22,"source":13,"value":42392},{"target":23,"source":13,"value":293},{"target":24,"source":13,"value":6618}],"Manitoba":[{"target":1,"source":0,"value":31862},{"target":2,"source":0,"value":2222},{"target":3,"source":0,"value":98754},{"target":4,"source":0,"value":1143},{"target":5,"source":1,"value":6715},{"target":6,"source":1,"value":1},{"target":7,"source":1,"value":25146},{"target":8,"source":2,"value":1009},{"target":9,"source":2,"value":0},{"target":10,"source":2,"value":1213},{"target":11,"source":3,"value":9154},{"target":12,"source":3,"value":35},{"target":13,"source":3,"value":89565},{"target":14,"source":4,"value":1143},{"target":15,"source":4,"value":0},{"target":16,"source":4,"value":0},{"target":17,"source":7,"value":24834},{"target":18,"source":7,"value":209},{"target":19,"source":7,"value":0},{"target":20,"source":7,"value":103},{"target":21,"source":13,"value":87485},{"target":22,"source":13,"value":1531},{"target":23,"source":13,"value":0},{"target":24,"source":13,"value":549}],"Saskatchewan":[{"target":1,"source":0,"value":12201},{"target":2,"source":0,"value":309},{"target":3,"source":0,"value":25086},{"target":4,"source":0,"value":157},{"target":5,"source":1,"value":3476},{"target":6,"source":1,"value":0},{"target":7,"source":1,"value":8725},{"target":8,"source":2,"value":126},{"target":9,"source":2,"value":0},{"target":10,"source":2,"value":183},{"target":11,"source":3,"value":2322},{"target":12,"source":3,"value":0},{"target":13,"source":3,"value":22764},{"target":14,"source":4,"value":157},{"target":15,"source":4,"value":0},{"target":16,"source":4,"value":0},{"target":17,"source":7,"value":8613},{"target":18,"source":7,"value":71},{"target":19,"source":7,"value":0},{"target":20,"source":7,"value":41},{"target":21,"source":13,"value":21901},{"target":22,"source":13,"value":599},{"target":23,"source":13,"value":0},{"target":24,"source":13,"value":264}],"Alberta":[{"target":1,"source":0,"value":81130},{"target":2,"source":0,"value":33030},{"target":3,"source":0,"value":140661},{"target":4,"source":0,"value":45751},{"target":5,"source":1,"value":58046},{"target":6,"source":1,"value":0},{"target":7,"source":1,"value":23084},{"target":8,"source":2,"value":31165},{"target":9,"source":2,"value":0},{"target":10,"source":2,"value":1865},{"target":11,"source":3,"value":98039},{"target":12,"source":3,"value":0},{"target":13,"source":3,"value":42622},{"target":14,"source":4,"value":45751},{"target":15,"source":4,"value":0},{"target":16,"source":4,"value":0},{"target":17,"source":7,"value":21129},{"target":18,"source":7,"value":1592},{"target":19,"source":7,"value":0},{"target":20,"source":7,"value":363},{"target":21,"source":13,"value":41529},{"target":22,"source":13,"value":225},{"target":23,"source":13,"value":0},{"target":24,"source":13,"value":868}],"British Columbia":[{"target":1,"source":0,"value":602406},{"target":2,"source":0,"value":260177},{"target":3,"source":0,"value":982843},{"target":4,"source":0,"value":138575},{"target":5,"source":1,"value":121194},{"target":6,"source":1,"value":137569},{"target":7,"source":1,"value":343643},{"target":8,"source":2,"value":195475},{"target":9,"source":2,"value":34861},{"target":10,"source":2,"value":29841},{"target":11,"source":3,"value":135261},{"target":12,"source":3,"value":20421},{"target":13,"source":3,"value":827161},{"target":14,"source":4,"value":138575},{"target":15,"source":4,"value":0},{"target":16,"source":4,"value":0},{"target":17,"source":7,"value":307767},{"target":18,"source":7,"value":9258},{"target":19,"source":7,"value":5382},{"target":20,"source":7,"value":21236},{"target":21,"source":13,"value":800959},{"target":22,"source":13,"value":9633},{"target":23,"source":13,"value":1375},{"target":24,"source":13,"value":15194}],"Yukon":[{"target":1,"source":0,"value":44699},{"target":2,"source":0,"value":8360},{"target":3,"source":0,"value":10965},{"target":4,"source":0,"value":56},{"target":5,"source":1,"value":134},{"target":6,"source":1,"value":0},{"target":7,"source":1,"value":44565},{"target":8,"source":2,"value":326},{"target":9,"source":2,"value":0},{"target":10,"source":2,"value":8034},{"target":11,"source":3,"value":69},{"target":12,"source":3,"value":0},{"target":13,"source":3,"value":10896},{"target":14,"source":4,"value":56},{"target":15,"source":4,"value":0},{"target":16,"source":4,"value":0},{"target":17,"source":7,"value":18419},{"target":18,"source":7,"value":14564},{"target":19,"source":7,"value":11521},{"target":20,"source":7,"value":61},{"target":21,"source":13,"value":9017},{"target":22,"source":13,"value":1869},{"target":23,"source":13,"value":0},{"target":24,"source":13,"value":10}],"Nunavut":[{"target":1,"source":0,"value":71},{"target":2,"source":0,"value":559},{"target":3,"source":0,"value":43},{"target":4,"source":0,"value":60},{"target":5,"source":1,"value":41},{"target":6,"source":1,"value":30},{"target":7,"source":1,"value":0},{"target":8,"source":2,"value":54},{"target":9,"source":2,"value":505},{"target":10,"source":2,"value":".."},{"target":11,"source":3,"value":43},{"target":12,"source":3,"value":0},{"target":13,"source":3,"value":0},{"target":14,"source":4,"value":51},{"target":15,"source":4,"value":9},{"target":16,"source":4,"value":".."},{"target":17,"source":7,"value":".."},{"target":18,"source":7,"value":".."},{"target":19,"source":7,"value":".."},{"target":20,"source":7,"value":0},{"target":21,"source":13,"value":".."},{"target":22,"source":13,"value":".."},{"target":23,"source":13,"value":".."},{"target":24,"source":13,"value":0}],"nodes":[{"node":0,"name":"intl"},{"node":1,"name":"USres"},{"node":2,"name":"nonUSres"},{"node":3,"name":"cdnFromUS"},{"node":4,"name":"cdnFromOther"},{"node":5,"name":"USres_air"},{"node":6,"name":"USres_marine"},{"node":7,"name":"USres_land"},{"node":8,"name":"nonUSres_air"},{"node":9,"name":"nonUSres_marine"},{"node":10,"name":"nonUSres_land"},{"node":11,"name":"cdnFromUS_air"},{"node":12,"name":"cdnFromUS_marine"},{"node":13,"name":"cdnFromUS_land"},{"node":14,"name":"cdnFromOther_air"},{"node":15,"name":"cdnFromOther_marine"},{"node":16,"name":"cdnFromOther_land"},{"node":17,"name":"USres_car"},{"node":18,"name":"USres_bus"},{"node":19,"name":"USres_train"},{"node":20,"name":"USres_other"},{"node":21,"name":"cdnFromUS_car"},{"node":22,"name":"cdnFromUS_bus"},{"node":23,"name":"cdnFromUS_train"},{"node":24,"name":"cdnFromUS_other"}]}