{"Canada":[{"target":1,"source":0,"value":2982857},{"target":2,"source":0,"value":810589},{"target":3,"source":0,"value":3568775},{"target":4,"source":0,"value":751538},{"target":5,"source":1,"value":669864},{"target":6,"source":1,"value":214208},{"target":7,"source":1,"value":2098785},{"target":8,"source":2,"value":682862},{"target":9,"source":2,"value":40194},{"target":10,"source":2,"value":87533},{"target":11,"source":3,"value":616354},{"target":12,"source":3,"value":18803},{"target":13,"source":3,"value":2933618},{"target":14,"source":4,"value":750912},{"target":15,"source":4,"value":626},{"target":16,"source":4,"value":0},{"target":17,"source":7,"value":1881649},{"target":18,"source":7,"value":123663},{"target":19,"source":7,"value":30639},{"target":20,"source":7,"value":62834},{"target":21,"source":13,"value":2819997},{"target":22,"source":13,"value":68762},{"target":23,"source":13,"value":2186},{"target":24,"source":13,"value":42673}],"Newfoundland and Labrador":[{"target":1,"source":0,"value":2453},{"target":2,"source":0,"value":6200},{"target":3,"source":0,"value":1515},{"target":4,"source":0,"value":5837},{"target":5,"source":1,"value":2375},{"target":6,"source":1,"value":78},{"target":7,"source":1,"value":0},{"target":8,"source":2,"value":4245},{"target":9,"source":2,"value":1955},{"target":10,"source":2,"value":0},{"target":11,"source":3,"value":1514},{"target":12,"source":3,"value":1},{"target":13,"source":3,"value":0},{"target":14,"source":4,"value":5223},{"target":15,"source":4,"value":614},{"target":16,"source":4,"value":0},{"target":17,"source":7,"value":0},{"target":18,"source":7,"value":0},{"target":19,"source":7,"value":0},{"target":20,"source":7,"value":0},{"target":21,"source":13,"value":0},{"target":22,"source":13,"value":0},{"target":23,"source":13,"value":0},{"target":24,"source":13,"value":0}],"Prince Edward Island":[{"target":1,"source":0,"value":47},{"target":2,"source":0,"value":10},{"target":3,"source":0,"value":8},{"target":4,"source":0,"value":0},{"target":5,"source":1,"value":46},{"target":6,"source":1,"value":1},{"target":7,"source":1,"value":0},{"target":8,"source":2,"value":0},{"target":9,"source":2,"value":10},{"target":10,"source":2,"value":0},{"target":11,"source":3,"value":6},{"target":12,"source":3,"value":2},{"target":13,"source":3,"value":0},{"target":14,"source":4,"value":0},{"target":15,"source":4,"value":0},{"target":16,"source":4,"value":0},{"target":17,"source":7,"value":0},{"target":18,"source":7,"value":0},{"target":19,"source":7,"value":0},{"target":20,"source":7,"value":0},{"target":21,"source":13,"value":0},{"target":22,"source":13,"value":0},{"target":23,"source":13,"value":0},{"target":24,"source":13,"value":0}],"Nova Scotia":[{"target":1,"source":0,"value":21265},{"target":2,"source":0,"value":9389},{"target":3,"source":0,"value":5824},{"target":4,"source":0,"value":10220},{"target":5,"source":1,"value":7816},{"target":6,"source":1,"value":10127},{"target":7,"source":1,"value":3322},{"target":8,"source":2,"value":8329},{"target":9,"source":2,"value":1017},{"target":10,"source":2,"value":43},{"target":11,"source":3,"value":4623},{"target":12,"source":3,"value":638},{"target":13,"source":3,"value":563},{"target":14,"source":4,"value":10208},{"target":15,"source":4,"value":12},{"target":16,"source":4,"value":0},{"target":17,"source":7,"value":2796},{"target":18,"source":7,"value":5},{"target":19,"source":7,"value":0},{"target":20,"source":7,"value":521},{"target":21,"source":13,"value":450},{"target":22,"source":13,"value":0},{"target":23,"source":13,"value":0},{"target":24,"source":13,"value":113}],"New Brunswick":[{"target":1,"source":0,"value":97924},{"target":2,"source":0,"value":2047},{"target":3,"source":0,"value":205349},{"target":4,"source":0,"value":0},{"target":5,"source":1,"value":316},{"target":6,"source":1,"value":7241},{"target":7,"source":1,"value":90367},{"target":8,"source":2,"value":19},{"target":9,"source":2,"value":1701},{"target":10,"source":2,"value":327},{"target":11,"source":3,"value":175},{"target":12,"source":3,"value":226},{"target":13,"source":3,"value":204948},{"target":14,"source":4,"value":0},{"target":15,"source":4,"value":0},{"target":16,"source":4,"value":0},{"target":17,"source":7,"value":88607},{"target":18,"source":7,"value":900},{"target":19,"source":7,"value":0},{"target":20,"source":7,"value":860},{"target":21,"source":13,"value":202243},{"target":22,"source":13,"value":803},{"target":23,"source":13,"value":0},{"target":24,"source":13,"value":1902}],"Quebec":[{"target":1,"source":0,"value":293750},{"target":2,"source":0,"value":131660},{"target":3,"source":0,"value":431673},{"target":4,"source":0,"value":185013},{"target":5,"source":1,"value":111885},{"target":6,"source":1,"value":227},{"target":7,"source":1,"value":181638},{"target":8,"source":2,"value":123985},{"target":9,"source":2,"value":29},{"target":10,"source":2,"value":7646},{"target":11,"source":3,"value":77950},{"target":12,"source":3,"value":727},{"target":13,"source":3,"value":352996},{"target":14,"source":4,"value":185013},{"target":15,"source":4,"value":0},{"target":16,"source":4,"value":0},{"target":17,"source":7,"value":167420},{"target":18,"source":7,"value":10914},{"target":19,"source":7,"value":1725},{"target":20,"source":7,"value":1579},{"target":21,"source":13,"value":322284},{"target":22,"source":13,"value":16888},{"target":23,"source":13,"value":705},{"target":24,"source":13,"value":13119}],"Ontario":[{"target":1,"source":0,"value":1541274},{"target":2,"source":0,"value":324301},{"target":3,"source":0,"value":1679626},{"target":4,"source":0,"value":379220},{"target":5,"source":1,"value":283939},{"target":6,"source":1,"value":9687},{"target":7,"source":1,"value":1247648},{"target":8,"source":2,"value":288764},{"target":9,"source":2,"value":40},{"target":10,"source":2,"value":35497},{"target":11,"source":3,"value":314817},{"target":12,"source":3,"value":4157},{"target":13,"source":3,"value":1360652},{"target":14,"source":4,"value":379220},{"target":15,"source":4,"value":0},{"target":16,"source":4,"value":0},{"target":17,"source":7,"value":1150016},{"target":18,"source":7,"value":62147},{"target":19,"source":7,"value":909},{"target":20,"source":7,"value":34576},{"target":21,"source":13,"value":1314670},{"target":22,"source":13,"value":36737},{"target":23,"source":13,"value":285},{"target":24,"source":13,"value":8960}],"Manitoba":[{"target":1,"source":0,"value":51100},{"target":2,"source":0,"value":2012},{"target":3,"source":0,"value":90059},{"target":4,"source":0,"value":950},{"target":5,"source":1,"value":9422},{"target":6,"source":1,"value":0},{"target":7,"source":1,"value":41678},{"target":8,"source":2,"value":918},{"target":9,"source":2,"value":0},{"target":10,"source":2,"value":1094},{"target":11,"source":3,"value":7694},{"target":12,"source":3,"value":90},{"target":13,"source":3,"value":82275},{"target":14,"source":4,"value":950},{"target":15,"source":4,"value":0},{"target":16,"source":4,"value":0},{"target":17,"source":7,"value":40492},{"target":18,"source":7,"value":978},{"target":19,"source":7,"value":0},{"target":20,"source":7,"value":208},{"target":21,"source":13,"value":78640},{"target":22,"source":13,"value":2393},{"target":23,"source":13,"value":0},{"target":24,"source":13,"value":1242}],"Saskatchewan":[{"target":1,"source":0,"value":15817},{"target":2,"source":0,"value":268},{"target":3,"source":0,"value":23687},{"target":4,"source":0,"value":152},{"target":5,"source":1,"value":2291},{"target":6,"source":1,"value":0},{"target":7,"source":1,"value":13526},{"target":8,"source":2,"value":111},{"target":9,"source":2,"value":0},{"target":10,"source":2,"value":157},{"target":11,"source":3,"value":1710},{"target":12,"source":3,"value":0},{"target":13,"source":3,"value":21977},{"target":14,"source":4,"value":152},{"target":15,"source":4,"value":0},{"target":16,"source":4,"value":0},{"target":17,"source":7,"value":13164},{"target":18,"source":7,"value":246},{"target":19,"source":7,"value":0},{"target":20,"source":7,"value":116},{"target":21,"source":13,"value":21183},{"target":22,"source":13,"value":343},{"target":23,"source":13,"value":0},{"target":24,"source":13,"value":451}],"Alberta":[{"target":1,"source":0,"value":120407},{"target":2,"source":0,"value":44734},{"target":3,"source":0,"value":130477},{"target":4,"source":0,"value":45412},{"target":5,"source":1,"value":81831},{"target":6,"source":1,"value":0},{"target":7,"source":1,"value":38576},{"target":8,"source":2,"value":42678},{"target":9,"source":2,"value":0},{"target":10,"source":2,"value":2056},{"target":11,"source":3,"value":89685},{"target":12,"source":3,"value":0},{"target":13,"source":3,"value":40792},{"target":14,"source":4,"value":45412},{"target":15,"source":4,"value":0},{"target":16,"source":4,"value":0},{"target":17,"source":7,"value":36164},{"target":18,"source":7,"value":1767},{"target":19,"source":7,"value":0},{"target":20,"source":7,"value":645},{"target":21,"source":13,"value":39427},{"target":22,"source":13,"value":388},{"target":23,"source":13,"value":0},{"target":24,"source":13,"value":977}],"British Columbia":[{"target":1,"source":0,"value":760439},{"target":2,"source":0,"value":279453},{"target":3,"source":0,"value":986282},{"target":4,"source":0,"value":124660},{"target":5,"source":1,"value":168035},{"target":6,"source":1,"value":186847},{"target":7,"source":1,"value":405557},{"target":8,"source":2,"value":212683},{"target":9,"source":2,"value":35442},{"target":10,"source":2,"value":31328},{"target":11,"source":3,"value":117718},{"target":12,"source":3,"value":12962},{"target":13,"source":3,"value":855602},{"target":14,"source":4,"value":124660},{"target":15,"source":4,"value":0},{"target":16,"source":4,"value":0},{"target":17,"source":7,"value":361285},{"target":18,"source":7,"value":13794},{"target":19,"source":7,"value":6578},{"target":20,"source":7,"value":23900},{"target":21,"source":13,"value":829961},{"target":22,"source":13,"value":8669},{"target":23,"source":13,"value":1196},{"target":24,"source":13,"value":15776}],"Yukon":[{"target":1,"source":0,"value":78292},{"target":2,"source":0,"value":10459},{"target":3,"source":0,"value":14248},{"target":4,"source":0,"value":40},{"target":5,"source":1,"value":1819},{"target":6,"source":1,"value":0},{"target":7,"source":1,"value":76473},{"target":8,"source":2,"value":1074},{"target":9,"source":2,"value":0},{"target":10,"source":2,"value":9385},{"target":11,"source":3,"value":435},{"target":12,"source":3,"value":0},{"target":13,"source":3,"value":13813},{"target":14,"source":4,"value":40},{"target":15,"source":4,"value":0},{"target":16,"source":4,"value":0},{"target":17,"source":7,"value":21705},{"target":18,"source":7,"value":32912},{"target":19,"source":7,"value":21427},{"target":20,"source":7,"value":429},{"target":21,"source":13,"value":11139},{"target":22,"source":13,"value":2541},{"target":23,"source":13,"value":0},{"target":24,"source":13,"value":133}],"Nunavut":[{"target":1,"source":0,"value":89},{"target":2,"source":0,"value":56},{"target":3,"source":0,"value":27},{"target":4,"source":0,"value":34},{"target":5,"source":1,"value":89},{"target":6,"source":1,"value":0},{"target":7,"source":1,"value":0},{"target":8,"source":2,"value":56},{"target":9,"source":2,"value":0},{"target":10,"source":2,"value":".."},{"target":11,"source":3,"value":27},{"target":12,"source":3,"value":0},{"target":13,"source":3,"value":0},{"target":14,"source":4,"value":34},{"target":15,"source":4,"value":0},{"target":16,"source":4,"value":".."},{"target":17,"source":7,"value":".."},{"target":18,"source":7,"value":".."},{"target":19,"source":7,"value":".."},{"target":20,"source":7,"value":0},{"target":21,"source":13,"value":".."},{"target":22,"source":13,"value":".."},{"target":23,"source":13,"value":".."},{"target":24,"source":13,"value":0}],"nodes":[{"node":0,"name":"intl"},{"node":1,"name":"USres"},{"node":2,"name":"nonUSres"},{"node":3,"name":"cdnFromUS"},{"node":4,"name":"cdnFromOther"},{"node":5,"name":"USres_air"},{"node":6,"name":"USres_marine"},{"node":7,"name":"USres_land"},{"node":8,"name":"nonUSres_air"},{"node":9,"name":"nonUSres_marine"},{"node":10,"name":"nonUSres_land"},{"node":11,"name":"cdnFromUS_air"},{"node":12,"name":"cdnFromUS_marine"},{"node":13,"name":"cdnFromUS_land"},{"node":14,"name":"cdnFromOther_air"},{"node":15,"name":"cdnFromOther_marine"},{"node":16,"name":"cdnFromOther_land"},{"node":17,"name":"USres_car"},{"node":18,"name":"USres_bus"},{"node":19,"name":"USres_train"},{"node":20,"name":"USres_other"},{"node":21,"name":"cdnFromUS_car"},{"node":22,"name":"cdnFromUS_bus"},{"node":23,"name":"cdnFromUS_train"},{"node":24,"name":"cdnFromUS_other"}]}