{"Canada":[{"target":1,"source":0,"value":1139827},{"target":2,"source":0,"value":352034},{"target":3,"source":0,"value":3035434},{"target":4,"source":0,"value":1320940},{"target":5,"source":1,"value":281039},{"target":6,"source":1,"value":126},{"target":7,"source":1,"value":858662},{"target":8,"source":2,"value":308116},{"target":9,"source":2,"value":110},{"target":10,"source":2,"value":43808},{"target":11,"source":3,"value":904756},{"target":12,"source":3,"value":131},{"target":13,"source":3,"value":2130547},{"target":14,"source":4,"value":1320923},{"target":15,"source":4,"value":17},{"target":16,"source":4,"value":0},{"target":17,"source":7,"value":806611},{"target":18,"source":7,"value":39128},{"target":19,"source":7,"value":2923},{"target":20,"source":7,"value":10000},{"target":21,"source":13,"value":2063363},{"target":22,"source":13,"value":52338},{"target":23,"source":13,"value":2675},{"target":24,"source":13,"value":12171}],"Newfoundland and Labrador":[{"target":1,"source":0,"value":540},{"target":2,"source":0,"value":1031},{"target":3,"source":0,"value":463},{"target":4,"source":0,"value":607},{"target":5,"source":1,"value":540},{"target":6,"source":1,"value":0},{"target":7,"source":1,"value":0},{"target":8,"source":2,"value":953},{"target":9,"source":2,"value":78},{"target":10,"source":2,"value":0},{"target":11,"source":3,"value":463},{"target":12,"source":3,"value":0},{"target":13,"source":3,"value":0},{"target":14,"source":4,"value":591},{"target":15,"source":4,"value":16},{"target":16,"source":4,"value":0},{"target":17,"source":7,"value":0},{"target":18,"source":7,"value":0},{"target":19,"source":7,"value":0},{"target":20,"source":7,"value":0},{"target":21,"source":13,"value":0},{"target":22,"source":13,"value":0},{"target":23,"source":13,"value":0},{"target":24,"source":13,"value":0}],"Prince Edward Island":[{"target":1,"source":0,"value":5},{"target":2,"source":0,"value":0},{"target":3,"source":0,"value":0},{"target":4,"source":0,"value":0},{"target":5,"source":1,"value":5},{"target":6,"source":1,"value":0},{"target":7,"source":1,"value":0},{"target":8,"source":2,"value":0},{"target":9,"source":2,"value":0},{"target":10,"source":2,"value":0},{"target":11,"source":3,"value":0},{"target":12,"source":3,"value":0},{"target":13,"source":3,"value":0},{"target":14,"source":4,"value":0},{"target":15,"source":4,"value":0},{"target":16,"source":4,"value":0},{"target":17,"source":7,"value":0},{"target":18,"source":7,"value":0},{"target":19,"source":7,"value":0},{"target":20,"source":7,"value":0},{"target":21,"source":13,"value":0},{"target":22,"source":13,"value":0},{"target":23,"source":13,"value":0},{"target":24,"source":13,"value":0}],"Nova Scotia":[{"target":1,"source":0,"value":1740},{"target":2,"source":0,"value":1497},{"target":3,"source":0,"value":6731},{"target":4,"source":0,"value":5792},{"target":5,"source":1,"value":1733},{"target":6,"source":1,"value":7},{"target":7,"source":1,"value":0},{"target":8,"source":2,"value":1484},{"target":9,"source":2,"value":13},{"target":10,"source":2,"value":0},{"target":11,"source":3,"value":6731},{"target":12,"source":3,"value":0},{"target":13,"source":3,"value":0},{"target":14,"source":4,"value":5791},{"target":15,"source":4,"value":1},{"target":16,"source":4,"value":0},{"target":17,"source":7,"value":0},{"target":18,"source":7,"value":0},{"target":19,"source":7,"value":0},{"target":20,"source":7,"value":0},{"target":21,"source":13,"value":0},{"target":22,"source":13,"value":0},{"target":23,"source":13,"value":0},{"target":24,"source":13,"value":0}],"New Brunswick":[{"target":1,"source":0,"value":35335},{"target":2,"source":0,"value":318},{"target":3,"source":0,"value":132788},{"target":4,"source":0,"value":0},{"target":5,"source":1,"value":44},{"target":6,"source":1,"value":0},{"target":7,"source":1,"value":35291},{"target":8,"source":2,"value":0},{"target":9,"source":2,"value":2},{"target":10,"source":2,"value":316},{"target":11,"source":3,"value":135},{"target":12,"source":3,"value":0},{"target":13,"source":3,"value":132653},{"target":14,"source":4,"value":0},{"target":15,"source":4,"value":0},{"target":16,"source":4,"value":0},{"target":17,"source":7,"value":34994},{"target":18,"source":7,"value":162},{"target":19,"source":7,"value":0},{"target":20,"source":7,"value":135},{"target":21,"source":13,"value":132032},{"target":22,"source":13,"value":293},{"target":23,"source":13,"value":0},{"target":24,"source":13,"value":328}],"Quebec":[{"target":1,"source":0,"value":120740},{"target":2,"source":0,"value":58458},{"target":3,"source":0,"value":320950},{"target":4,"source":0,"value":321027},{"target":5,"source":1,"value":40517},{"target":6,"source":1,"value":0},{"target":7,"source":1,"value":80223},{"target":8,"source":2,"value":54103},{"target":9,"source":2,"value":14},{"target":10,"source":2,"value":4341},{"target":11,"source":3,"value":125386},{"target":12,"source":3,"value":0},{"target":13,"source":3,"value":195564},{"target":14,"source":4,"value":321027},{"target":15,"source":4,"value":0},{"target":16,"source":4,"value":0},{"target":17,"source":7,"value":72789},{"target":18,"source":7,"value":6089},{"target":19,"source":7,"value":608},{"target":20,"source":7,"value":737},{"target":21,"source":13,"value":183009},{"target":22,"source":13,"value":10655},{"target":23,"source":13,"value":1282},{"target":24,"source":13,"value":618}],"Ontario":[{"target":1,"source":0,"value":598490},{"target":2,"source":0,"value":152352},{"target":3,"source":0,"value":1521080},{"target":4,"source":0,"value":620889},{"target":5,"source":1,"value":130896},{"target":6,"source":1,"value":23},{"target":7,"source":1,"value":467571},{"target":8,"source":2,"value":130105},{"target":9,"source":2,"value":0},{"target":10,"source":2,"value":22247},{"target":11,"source":3,"value":445534},{"target":12,"source":3,"value":3},{"target":13,"source":3,"value":1075543},{"target":14,"source":4,"value":620889},{"target":15,"source":4,"value":0},{"target":16,"source":4,"value":0},{"target":17,"source":7,"value":436141},{"target":18,"source":7,"value":27160},{"target":19,"source":7,"value":191},{"target":20,"source":7,"value":4079},{"target":21,"source":13,"value":1042275},{"target":22,"source":13,"value":30614},{"target":23,"source":13,"value":272},{"target":24,"source":13,"value":2382}],"Manitoba":[{"target":1,"source":0,"value":18419},{"target":2,"source":0,"value":1051},{"target":3,"source":0,"value":74614},{"target":4,"source":0,"value":23193},{"target":5,"source":1,"value":4045},{"target":6,"source":1,"value":0},{"target":7,"source":1,"value":14374},{"target":8,"source":2,"value":636},{"target":9,"source":2,"value":0},{"target":10,"source":2,"value":415},{"target":11,"source":3,"value":17294},{"target":12,"source":3,"value":0},{"target":13,"source":3,"value":57320},{"target":14,"source":4,"value":23193},{"target":15,"source":4,"value":0},{"target":16,"source":4,"value":0},{"target":17,"source":7,"value":14169},{"target":18,"source":7,"value":199},{"target":19,"source":7,"value":0},{"target":20,"source":7,"value":6},{"target":21,"source":13,"value":54914},{"target":22,"source":13,"value":2358},{"target":23,"source":13,"value":0},{"target":24,"source":13,"value":48}],"Saskatchewan":[{"target":1,"source":0,"value":4911},{"target":2,"source":0,"value":192},{"target":3,"source":0,"value":25446},{"target":4,"source":0,"value":17045},{"target":5,"source":1,"value":1010},{"target":6,"source":1,"value":0},{"target":7,"source":1,"value":3901},{"target":8,"source":2,"value":53},{"target":9,"source":2,"value":0},{"target":10,"source":2,"value":139},{"target":11,"source":3,"value":8667},{"target":12,"source":3,"value":0},{"target":13,"source":3,"value":16779},{"target":14,"source":4,"value":17045},{"target":15,"source":4,"value":0},{"target":16,"source":4,"value":0},{"target":17,"source":7,"value":3886},{"target":18,"source":7,"value":5},{"target":19,"source":7,"value":0},{"target":20,"source":7,"value":10},{"target":21,"source":13,"value":16317},{"target":22,"source":13,"value":431},{"target":23,"source":13,"value":0},{"target":24,"source":13,"value":31}],"Alberta":[{"target":1,"source":0,"value":36597},{"target":2,"source":0,"value":14603},{"target":3,"source":0,"value":159466},{"target":4,"source":0,"value":132852},{"target":5,"source":1,"value":30696},{"target":6,"source":1,"value":0},{"target":7,"source":1,"value":5901},{"target":8,"source":2,"value":13976},{"target":9,"source":2,"value":0},{"target":10,"source":2,"value":627},{"target":11,"source":3,"value":128615},{"target":12,"source":3,"value":0},{"target":13,"source":3,"value":30851},{"target":14,"source":4,"value":132852},{"target":15,"source":4,"value":0},{"target":16,"source":4,"value":0},{"target":17,"source":7,"value":5773},{"target":18,"source":7,"value":1},{"target":19,"source":7,"value":0},{"target":20,"source":7,"value":127},{"target":21,"source":13,"value":30485},{"target":22,"source":13,"value":154},{"target":23,"source":13,"value":0},{"target":24,"source":13,"value":212}],"British Columbia":[{"target":1,"source":0,"value":320676},{"target":2,"source":0,"value":122423},{"target":3,"source":0,"value":792423},{"target":4,"source":0,"value":199535},{"target":5,"source":1,"value":71525},{"target":6,"source":1,"value":96},{"target":7,"source":1,"value":249055},{"target":8,"source":2,"value":106761},{"target":9,"source":2,"value":3},{"target":10,"source":2,"value":15659},{"target":11,"source":3,"value":171911},{"target":12,"source":3,"value":128},{"target":13,"source":3,"value":620384},{"target":14,"source":4,"value":199535},{"target":15,"source":4,"value":0},{"target":16,"source":4,"value":0},{"target":17,"source":7,"value":236525},{"target":18,"source":7,"value":5501},{"target":19,"source":7,"value":2124},{"target":20,"source":7,"value":4905},{"target":21,"source":13,"value":602935},{"target":22,"source":13,"value":7779},{"target":23,"source":13,"value":1121},{"target":24,"source":13,"value":8549}],"Yukon":[{"target":1,"source":0,"value":2366},{"target":2,"source":0,"value":69},{"target":3,"source":0,"value":1462},{"target":4,"source":0,"value":0},{"target":5,"source":1,"value":20},{"target":6,"source":1,"value":0},{"target":7,"source":1,"value":2346},{"target":8,"source":2,"value":5},{"target":9,"source":2,"value":0},{"target":10,"source":2,"value":64},{"target":11,"source":3,"value":9},{"target":12,"source":3,"value":0},{"target":13,"source":3,"value":1453},{"target":14,"source":4,"value":0},{"target":15,"source":4,"value":0},{"target":16,"source":4,"value":0},{"target":17,"source":7,"value":2334},{"target":18,"source":7,"value":11},{"target":19,"source":7,"value":0},{"target":20,"source":7,"value":1},{"target":21,"source":13,"value":1396},{"target":22,"source":13,"value":54},{"target":23,"source":13,"value":0},{"target":24,"source":13,"value":3}],"Nunavut":[{"target":1,"source":0,"value":8},{"target":2,"source":0,"value":40},{"target":3,"source":0,"value":11},{"target":4,"source":0,"value":0},{"target":5,"source":1,"value":8},{"target":6,"source":1,"value":0},{"target":7,"source":1,"value":0},{"target":8,"source":2,"value":40},{"target":9,"source":2,"value":0},{"target":10,"source":2,"value":".."},{"target":11,"source":3,"value":11},{"target":12,"source":3,"value":0},{"target":13,"source":3,"value":0},{"target":14,"source":4,"value":0},{"target":15,"source":4,"value":0},{"target":16,"source":4,"value":".."},{"target":17,"source":7,"value":".."},{"target":18,"source":7,"value":".."},{"target":19,"source":7,"value":".."},{"target":20,"source":7,"value":0},{"target":21,"source":13,"value":".."},{"target":22,"source":13,"value":".."},{"target":23,"source":13,"value":".."},{"target":24,"source":13,"value":0}],"nodes":[{"node":0,"name":"intl"},{"node":1,"name":"USres"},{"node":2,"name":"nonUSres"},{"node":3,"name":"cdnFromUS"},{"node":4,"name":"cdnFromOther"},{"node":5,"name":"USres_air"},{"node":6,"name":"USres_marine"},{"node":7,"name":"USres_land"},{"node":8,"name":"nonUSres_air"},{"node":9,"name":"nonUSres_marine"},{"node":10,"name":"nonUSres_land"},{"node":11,"name":"cdnFromUS_air"},{"node":12,"name":"cdnFromUS_marine"},{"node":13,"name":"cdnFromUS_land"},{"node":14,"name":"cdnFromOther_air"},{"node":15,"name":"cdnFromOther_marine"},{"node":16,"name":"cdnFromOther_land"},{"node":17,"name":"USres_car"},{"node":18,"name":"USres_bus"},{"node":19,"name":"USres_train"},{"node":20,"name":"USres_other"},{"node":21,"name":"cdnFromUS_car"},{"node":22,"name":"cdnFromUS_bus"},{"node":23,"name":"cdnFromUS_train"},{"node":24,"name":"cdnFromUS_other"}]}